Date,BERY,IWF,IWM,MTUM,SPY,VLUE,VXX
2018-09-24,1.0,-0.2531592949783838,-0.5344196873960758,-0.0,-0.5215330894579315,-0.4622270258286221,0.0
2018-09-25,1.0,-0.2546542553191489,-0.5336879432624113,-0.0,-0.5209718528368794,-0.4610760195035461,0.0
2018-09-26,1.0,-0.25650303427448073,-0.5525513547394513,-0.0,-0.5426080515114391,-0.49742157896236355,0.0
2018-09-27,1.0,-0.26631196544523583,-0.543922881089276,-0.0,-0.5483852512943733,-0.5018736233873966,0.0
2018-09-28,1.0,-0.26674295522815045,-0.5438134744671721,-0.0,-0.5483907881562008,-0.5019024460020026,0.0
2018-10-01,1.0,-0.26746015850762495,-0.5431318131097823,-0.0,-0.5487396641011701,-0.5018454407599211,0.0
2018-10-02,1.0,-0.26798283261802575,-0.5421745350500715,-0.0,-0.5489270386266094,-0.5021459227467812,0.0
2018-10-03,1.0,-0.26732644947226913,-0.5350533451560311,-0.0,-0.5513286233231316,-0.5066216641400418,0.0
2018-10-04,1.0,-0.2746014451198532,-0.5286156669342814,-0.0,-0.5612455556829912,-0.5028673012960202,0.0
2018-10-05,1.0,-0.26616567134325797,-0.5237020316027088,-0.0,-0.5628768180129725,-0.5046432551361545,0.0
2018-10-08,1.0,-0.2643064985451018,-0.5212814514748674,-0.0,-0.5635305528612997,-0.5036229816853997,0.0
2018-10-09,1.0,-0.25873106601886253,-0.5222635038582453,-0.0,-0.5673335238639611,-0.5096313232352101,0.0
2018-10-10,1.0,-0.25910458222598637,-0.5468882334043983,-0.0,-0.5798019917642593,-0.5346806460091703,0.0
2018-10-11,1.0,-0.21247652114519894,-0.5325288861062097,-0.0,-0.5637486481871478,-0.5371677386305423,0.0
2018-10-12,1.0,-0.2113287304494857,-0.5257150908834719,-0.0,-0.5547414400450895,-0.5262787093137946,0.0
2018-10-15,1.0,-0.19849302744039585,-0.5350596041385516,-0.0,-0.5520411605937922,-0.5258940620782726,0.0
2018-10-16,1.0,-0.19390137556612003,-0.5433064221215788,-0.0,-0.5509859630369349,-0.5248248895890181,0.0
2018-10-17,1.0,-0.18137146029983342,-0.5195724597445863,-0.0,-0.5470016657412549,-0.5282620766240977,0.0
2018-10-18,1.0,-0.18047222222222223,-0.5178611111111112,-0.0,-0.55025,-0.5291944444444445,0.0
2018-10-19,1.0,-0.17596780907451087,-0.5178021368114334,-0.0,-0.551630359372832,-0.5296794782850007,0.0
2018-10-22,1.0,-0.17613116209393292,-0.5141898077509917,-0.0,-0.5529170249951452,-0.5308902266485422,0.0
2018-10-23,1.0,-0.1719654788418708,-0.5171213808463251,-0.0,-0.5594376391982182,-0.5354398663697104,0.0
2018-10-24,1.0,-0.17055580307418133,-0.5123635553575406,-0.0,-0.5619013143239029,-0.5397360213856093,0.0
2018-10-25,1.0,-0.15036980639547531,-0.48395692843158583,-0.0,-0.5634653034587774,-0.5213726343267349,0.0
2018-10-26,1.0,-0.13885594134138451,-0.4750107828337287,-0.0,-0.5668266120336425,-0.5150150959672202,0.0
2018-10-29,1.0,-0.11276452352069012,-0.49324706833805093,-0.0,-0.5604798490362582,-0.5292896616794716,0.0
2018-10-30,1.0,-0.10602630444156964,-0.4933969383354895,-0.0,-0.5608020698576973,-0.5349018973695558,0.0
2018-10-31,1.0,-0.10531160322702907,-0.5006226650062267,-0.0,-0.563376468677243,-0.5379284205966754,0.0
2018-11-01,1.0,-0.10475313988739714,-0.501001515807709,-0.0,-0.5632308358596795,-0.5378410567345171,0.0
2018-11-02,1.0,-0.1036482439422815,-0.5136945276340865,-0.0,-0.5631364007623196,-0.5420637081404845,0.0
2018-11-05,1.0,-0.10116487942953568,-0.5205214740623809,-0.0,-0.5636601164879429,-0.5363344401502368,0.0
2018-11-06,1.0,-0.10591501755723114,-0.5244848517843047,-0.0,-0.5603887089310504,-0.5312627596156464,0.0
2018-11-07,1.0,-0.10549510337323179,-0.524455930359086,-0.0,-0.5594940152339499,-0.5309031556039173,0.0
2018-11-08,1.0,-0.09648861575114384,-0.5233234967647616,-0.0,-0.5558653924249398,-0.5316349459891166,0.0
2018-11-09,1.0,-0.09493567822830157,-0.5257015686913098,-0.0,-0.5603321934538349,-0.5330293654670791,0.0
2018-11-12,1.0,-0.094246219601266,-0.5167581897367923,-0.0,-0.5630427137717423,-0.5310682500608651,0.0
2018-11-13,1.0,-0.071177244769144,-0.5144368939861943,-0.0,-0.5691762241143133,-0.5311434020037067,0.0
2018-11-14,1.0,-0.0730841624092498,-0.5141435869857488,-0.0,-0.5704490454423232,-0.5312180693734875,0.0
2018-11-15,1.0,-0.07220759684091764,-0.5140493203674851,-0.0,-0.5712405308117983,-0.5287970773115565,0.0
2018-11-16,1.0,-0.09643679165574105,-0.6109897153512223,-0.0,-0.6407073973720246,-0.565393467936952,0.0
2018-11-19,1.0,-0.09913165102861474,-0.6103502535112769,-0.0,-0.6394020630572878,-0.5650387551722128,0.0
2018-11-20,1.0,-0.061081316132772866,-0.6040005797941731,-0.0,-0.6467893897666329,-0.5870995796492245,0.0
2018-11-21,1.0,-0.06436768385630878,-0.598838045385257,-0.0,-0.6454312749863385,-0.5674595185366275,0.0
2018-11-23,1.0,-0.06472854842420059,-0.5977685760294456,-0.0,-0.6455889118932596,-0.5674315619967794,0.0
2018-11-26,1.0,-0.0633236252487096,-0.6104270596037948,-0.0,-0.6444245797168315,-0.5654142276305546,0.0
2018-11-27,1.0,-0.05002742415057303,-0.6245489448918911,-0.0,-0.6466037354579833,-0.5655437198695188,0.0
2018-11-28,1.0,-0.05354508374555237,-0.6140761954352165,-0.0,-0.6544013422430501,-0.5707715004773063,0.0
2018-11-29,1.0,-0.022628846760547223,-0.6063039550291107,-0.0,-0.6574124530358219,-0.581696159692546,0.0
2018-11-30,1.0,-0.022655577860625182,-0.6067106395182105,-0.0,-0.6586464009176943,-0.5797820476053914,0.0
2018-12-03,1.0,-0.020525169131980277,-0.6076424721935558,-0.0,-0.6588693957115009,-0.5796066964797616,0.0
2018-12-04,1.0,-0.015671471059254174,-0.6091283459162663,-0.0,-0.6566575154426905,-0.5783001601464196,0.0
2018-12-06,1.0,-0.008128718679292718,-0.5664404033632224,-0.0,-0.6589290203636973,-0.5598759741892232,0.0
2018-12-07,1.0,-0.014653653625660672,-0.5666265835174361,-0.0,-0.6599177829357644,-0.5553287284320031,0.0
2018-12-10,1.0,-0.008091517857142856,-0.5668805803571428,-0.0,-0.6615513392857143,-0.5536551339285715,0.0
2018-12-11,1.0,-0.014372226718388078,-0.5649540925962102,-0.0,-0.663327100717216,-0.5480981218429939,0.0
2018-12-12,1.0,-0.015462334980044097,-0.5647659716989031,-0.0,-0.6636523486561166,-0.5471824499706941,0.0
2018-12-13,1.0,-0.014844164178688023,-0.5606183208236837,-0.0,-0.6694662239459807,-0.545355618181311,0.0
2018-12-14,1.0,-0.015625,-0.5599330357142858,-0.0,-0.6693638392857143,-0.5452566964285714,0.0
2018-12-17,1.0,-0.0,-0.5632254464285714,-0.0,-0.6553850446428571,-0.5715680803571429,0.0
2018-12-18,1.0,-0.0,-0.5579494592866476,-0.0,-0.6519418420394206,-0.5701537349531567,0.0
2018-12-19,1.0,-0.0,-0.5590478841870823,-0.0,-0.6530902004454342,-0.5717984409799554,0.0
2018-12-20,1.0,-0.0,-0.549233711165923,-0.0,-0.6550453121968794,-0.5671091649807389,0.0
2018-12-21,1.0,-0.0,-0.5489173907047303,-0.0,-0.6567921665977107,-0.5525031030202731,0.0
2018-12-24,1.0,-0.0,-0.5303146584804298,-0.0,-0.6478730402368161,-0.5627124218835654,0.0
2018-12-26,1.0,-0.0,-0.5315658973869922,-0.0,-0.6373123348137653,-0.555843165036375,0.0
2018-12-27,1.0,-0.0,-0.5075102170797728,-0.0,-0.5934929143888329,-0.5527838225147286,0.0
2018-12-28,1.0,-0.0,-0.5075494228472867,-0.0,-0.5933925965238158,-0.5526336738755473,0.0
2018-12-31,1.0,-0.0,-0.5050459446539545,-0.0,-0.5956870452010411,-0.5550273543315452,0.0
2019-01-02,1.0,-0.0,-0.5048992272763483,-0.0,-0.5955282933694469,-0.5549802172123529,0.0
2019-01-03,1.0,-0.0,-0.5062250598563447,-0.0,-0.6143921255653099,-0.5396382016493748,0.0
2019-01-04,1.0,-0.0,-0.5110304827988029,-0.0,-0.592971212161339,-0.5443735268412829,0.0
2019-01-07,1.0,-0.0,-0.4911447872923133,-0.0,-0.5867393515741152,-0.5304259370353948,0.0
2019-01-08,1.0,-0.0,-0.48903891770716573,-0.0,-0.5877798920835179,-0.5298595000391002,0.0
2019-01-09,1.0,-0.0,-0.48406581962091233,-0.0,-0.587195375963341,-0.5323630493647158,0.0
2019-01-10,1.0,-0.0,-0.4815084714884314,-0.0,-0.5899070869010749,-0.5311922546391484,0.0
2019-01-11,1.0,-0.0,-0.4729369312833386,-0.0,-0.5963811316807865,-0.5454711850224871,0.0
2019-01-14,1.0,-0.0,-0.4725625719970677,-0.0,-0.5944077913917687,-0.5511048277306524,0.0
2019-01-15,1.0,-0.0,-0.46980024117862945,-0.0,-0.5924605463220259,-0.5592460546322026,0.0
2019-01-16,1.0,-0.0,-0.4707530372852954,-0.0,-0.5792312526183494,-0.5683651026392963,0.0
2019-01-17,1.0,-0.0,-0.46963668725787877,-0.0,-0.5797036959480683,-0.5681865773217465,0.0
2019-01-18,1.0,-0.0,-0.4656134807793575,-0.0,-0.5815165876777251,-0.5858609794628752,0.0
2019-01-22,1.0,-0.0,-0.4324624497567167,-0.0,-0.6223556166701926,-0.5895652633805797,0.0
2019-01-23,1.0,-0.0,-0.40796310041352984,-0.0,-0.6341056091612767,-0.6087636517866609,0.0
2019-01-24,1.0,-0.0,-0.4189684993972431,-0.0,-0.5921431940877405,-0.6095707322186698,0.0
2019-01-25,1.0,-0.0,-0.37242825665666723,-0.0,-0.6350580052563115,-0.6472165441078871,0.0
2019-01-28,1.0,-0.0,-0.36721529068224057,-0.0,-0.6418104592513938,-0.6456331298115212,0.0
2019-01-29,1.0,-0.0,-0.3596414226052722,-0.0,-0.6445082861170963,-0.6559199851036097,0.0
2019-01-30,1.0,-0.0,-0.36126560046834666,-0.0,-0.6463184225232178,-0.6534766758029751,0.0
2019-01-31,1.0,-0.0,-0.3732790072168517,-0.0,-0.6172405528481266,-0.672525365502916,0.0
2019-02-01,1.0,-0.0,-0.3731231231231231,-0.0,-0.6154011154011154,-0.6927016302016302,0.0
2019-02-04,1.0,-0.0,-0.3751142903243156,-0.0,-0.6301296186736943,-0.6839401925455816,0.0
2019-02-05,1.0,-0.0,-0.38878691356691675,-0.0,-0.6345354424229336,-0.676024402094693,0.0
2019-02-06,1.0,-0.0,-0.3946871628910464,-0.0,-0.6355447680690399,-0.6666396979503775,0.0
2019-02-07,1.0,-0.0,-0.38664005825085623,-0.0,-0.6291362153124241,-0.6810226261427685,0.0
2019-02-08,1.0,-0.0,-0.38912755667234067,-0.0,-0.6429169706303531,-0.6698549080003242,0.0
2019-02-11,1.0,-0.0,-0.3764147102727643,-0.0,-0.6388112362600081,-0.6988465192020626,0.0
2019-02-12,1.0,-0.0,-0.3844270323212537,-0.0,-0.6418543911198171,-0.6943628251169877,0.0
2019-02-13,1.0,-0.0,-0.3928201775889306,-0.0,-0.6398104265402843,-0.6910987634145013,0.0
2019-02-14,1.0,-0.0,-0.3824211819298485,-0.0,-0.6494063054456122,-0.6978299440425821,0.0
2019-02-15,1.0,-0.0,-0.3995302215060224,-0.0,-0.6411110807636632,-0.6906290115532734,0.0
2019-02-19,1.0,-0.0,-0.38280802292263605,-0.0,-0.6577705007504434,-0.6882794378496384,0.0
2019-02-20,1.0,-0.0,-0.3688120832766363,-0.0,-0.6627568376649884,-0.6898897809225745,0.0
2019-02-21,1.0,-0.0,-0.3647920296167247,-0.0,-0.6633275261324042,-0.6940058797909407,0.0
2019-02-22,1.0,-0.0,-0.3645566864420617,-0.0,-0.6660316769172155,-0.6907962771458118,0.0
2019-02-25,1.0,-0.0,-0.36013766354374366,-0.0,-0.6743874791729262,-0.6968943760072109,0.0
2019-02-26,1.0,-0.0,-0.35874586556597327,-0.0,-0.674657627859935,-0.7001066068939126,0.0
2019-02-27,1.0,-0.0,-0.36138816778248395,-0.0,-0.6832354146741357,-0.6879901625905178,0.0
2019-02-28,1.0,-0.0,-0.36282629492961593,-0.0,-0.684187508541752,-0.6863468634686346,0.0
2019-03-01,1.0,-0.0,-0.36555172979176914,-0.0,-0.6848117177679401,-0.6823249713067716,0.0
2019-03-04,1.0,-0.0,-0.3698304157549234,-0.0,-0.6833698030634574,-0.6820295404814004,0.0
2019-03-05,1.0,-0.0,-0.36381328289888437,-0.0,-0.694021873201217,-0.6831675026724776,0.0
2019-03-06,1.0,-0.0,-0.3586682729164385,-0.0,-0.6981436863432263,-0.6811137881940641,0.0
2019-03-07,1.0,-0.0,-0.353196840062324,-0.0,-0.7048902495694721,-0.6753956755870213,0.0
2019-03-08,1.0,-0.0,-0.3432371406542571,-0.0,-0.7287146161471527,-0.6816554686639498,0.0
2019-03-11,1.0,-0.0,-0.3438055555555556,-0.0,-0.7261111111111112,-0.7078611111111112,0.0
2019-03-12,1.0,-0.0,-0.33494496743551094,-0.0,-0.7549842154659993,-0.7541594380137084,0.0
2019-03-13,1.0,-0.0,-0.34863931008880894,-0.0,-0.7597589879779548,-0.7471943801936092,0.0
2019-03-14,1.0,-0.0,-0.3482507496787091,-0.0,-0.7607596744252463,-0.7469084677995144,0.0
2019-03-15,1.0,-0.0,-0.3466670484480586,-0.0,-0.7614248081548505,-0.7552685832092544,0.0
2019-03-18,1.0,-0.0,-0.355256702548267,-0.0,-0.7670485700268391,-0.7636143257048859,0.0
2019-03-19,1.0,-0.0,-0.3537194857720641,-0.0,-0.7701863354037267,-0.765015166835187,0.0
2019-03-20,1.0,-0.0,-0.36869302676653315,-0.0,-0.7692910642745167,-0.76511060790803,0.0
2019-03-21,1.0,-0.0,-0.37074671931250724,-0.0,-0.7782197189641157,-0.7542968296365113,0.0
2019-03-22,1.0,-0.0,-0.36843641458217796,-0.0,-0.807098450132804,-0.7432065613963399,0.0
2019-03-25,1.0,-0.0,-0.2969048307781313,-0.0,-0.8444605148973099,-0.7513161700896731,0.0
2019-03-26,1.0,-0.0,-0.3072676023595734,-0.0,-0.8448842007380932,-0.7537267892947432,0.0
2019-03-27,1.0,-0.0,-0.3027466937945066,-0.0,-0.8482488010463595,-0.755558785060311,0.0
2019-03-28,1.0,-0.0,-0.29840659500713684,-0.0,-0.8486119607329081,-0.7659704622913572,0.0
2019-03-29,1.0,-0.0,-0.29312705765813013,-0.0,-0.8495760860064681,-0.7707950936689685,0.0
2019-04-01,1.0,-0.0,-0.29988926448304,-0.0,-0.8501282200722694,-0.7640459260986128,0.0
2019-04-02,1.0,-0.0,-0.308517753802309,-0.0,-0.8596271846918893,-0.7399307877977143,0.0
2019-04-03,1.0,-0.0,-0.30858954594374477,-0.0,-0.857732918351319,-0.7424008842607407,0.0
2019-04-04,1.0,-0.0,-0.309939644866898,-0.0,-0.8495203662127884,-0.7562469020614048,0.0
2019-04-05,1.0,-0.0,-0.30417895628303593,-0.0,-0.8519113395438482,-0.7642145840025698,0.0
2019-04-08,1.0,-0.0,-0.3011471438162235,-0.0,-0.8527102367261158,-0.765083627659885,0.0
2019-04-09,1.0,-0.0,-0.295129442738043,-0.0,-0.866227877724148,-0.7639022963287991,0.0
2019-04-10,1.0,-0.0,-0.29000672259082805,-0.0,-0.8716277438400607,-0.7612603396369801,0.0
2019-04-11,1.0,-0.0,-0.29549781774510087,-0.0,-0.8761826649872579,-0.7575207240985383,0.0
2019-04-12,1.0,-0.0,-0.294150466905503,-0.0,-0.8769013919069713,-0.7654607388265696,0.0
2019-04-15,1.0,-0.0,-0.2922571369891148,-0.0,-0.8797347651321773,-0.7619927823254995,0.0
2019-04-16,1.0,-0.0,-0.29284183957972587,-0.0,-0.882604995157456,-0.7593989375752062,0.0
2019-04-17,1.0,-0.0,-0.3085570420679762,-0.0,-0.8830762024649432,-0.7358821979566146,0.0
2019-04-18,1.0,-0.0,-0.30665922099678905,-0.0,-0.8444785704313834,-0.640988412676253,0.0
2019-04-22,1.0,-0.0,-0.3054677667459097,-0.0,-0.8463152006712348,-0.6450006992029087,0.0
2019-04-23,1.0,-0.0,-0.3133159998881713,-0.0,-0.8453129805138528,-0.6371159383823982,0.0
2019-04-24,1.0,-0.0,-0.3140666387843301,-0.0,-0.8353269203959292,-0.6388400947999442,0.0
2019-04-25,1.0,-0.0,-0.31138894315295956,-0.0,-0.8435520330421679,-0.6357826584433344,0.0
2019-04-26,1.0,-0.0,-0.3081648609404669,-0.0,-0.8500223388808221,-0.6342008265385904,0.0
2019-04-29,1.0,-0.0,-0.3089212893134462,-0.0,-0.8510139098374393,-0.6332048488911234,0.0
2019-04-30,1.0,-0.0,-0.3043029067656996,-0.0,-0.8501102951442213,-0.6378689302767152,0.0
2019-05-01,1.0,-0.0,-0.31240092332508274,-0.0,-0.8271268459548906,-0.6415718775203716,0.0
2019-05-02,1.0,-0.0,-0.31423726929063817,-0.0,-0.8123749166110741,-0.6530186791194129,0.0
2019-05-03,1.0,-0.0,-0.2546502254202371,-0.0,-0.9744424208043472,-0.7566357149255067,0.0
2019-05-06,1.0,-0.0,-0.22281364298670792,-0.0,-0.9721371435368283,-0.7787029052306046,0.0
2019-05-07,1.0,-0.0,-0.21761658031088085,-0.0,-0.9757310463939015,-0.7844380918349115,0.0
2019-05-08,1.0,-0.0,-0.23544371174261464,-0.0,-0.9515628234320016,-0.770086051394269,0.0
2019-05-09,1.0,-0.0,-0.2373689510158147,-0.0,-0.9404134336314636,-0.7837765799917076,0.0
2019-05-10,1.0,-0.0,-0.23773283188723388,-0.0,-0.9399153069383163,-0.7836477242441292,0.0
2019-05-13,1.0,-0.0,-0.23601455492116086,-0.0,-0.9345028547762033,-0.7877998994172114,0.0
2019-05-14,1.0,-0.0,-0.24050154186303602,-0.0,-0.9101937510909408,-0.7585093384534823,0.0
2019-05-15,1.0,-0.0,-0.23557832237033588,-0.0,-0.9276151114733104,-0.7473659700797486,0.0
2019-05-16,1.0,-0.0,-0.23722553438999566,-0.0,-0.9188890504580487,-0.7521302893703651,0.0
2019-05-17,1.0,-0.0,-0.22843836413913546,-0.0,-0.9127346819967981,-0.7696114102750692,0.0
2019-05-20,1.0,-0.0,-0.2206220360187367,-0.0,-0.9165575630618834,-0.7722789560967094,0.0
2019-05-21,1.0,-0.0,-0.23310644460535843,-0.0,-0.8969442433019551,-0.7664011585807387,0.0
2019-05-22,1.0,-0.0,-0.22612018061827022,-0.0,-0.9030045154567559,-0.7653988653467639,0.0
2019-05-23,1.0,-0.0,-0.21918402777777776,-0.0,-0.897974537037037,-0.7763888888888889,0.0
2019-05-24,1.0,-0.0,-0.1928204536272869,-0.0,-0.9044554741155422,-0.7883938362093842,0.0
2019-05-28,1.0,-0.0,-0.19018369524468665,-0.0,-0.9061049110361333,-0.7874671972777344,0.0
2019-05-29,1.0,-0.0,-0.1963396736784553,-0.0,-0.9082904089090961,-0.7729849500733793,0.0
2019-05-30,1.0,-0.0,-0.19574784248728355,-0.0,-0.8966394239012403,-0.7652740469794822,0.0
2019-05-31,1.0,-0.0,-0.20011998628728145,-0.0,-0.8956119300651354,-0.7610844474917151,0.0
2019-06-03,1.0,-0.0,-0.20605543710021323,-0.0,-0.906950959488273,-0.7299218194740582,0.0
2019-06-04,1.0,-0.0,-0.20468834457056698,-0.0,-0.8981821285311941,-0.7419988051549031,0.0
2019-06-05,1.0,-0.0,-0.20177890724269376,-0.0,-0.9044755047296342,-0.717407878017789,0.0
2019-06-06,1.0,-0.0,-0.20604589460611364,-0.0,-0.8961302887465071,-0.7203420926359762,0.0
2019-06-07,1.0,-0.0,-0.19884399614665385,-0.0,-0.9076046920156401,-0.7268940896469656,0.0
2019-06-10,1.0,-0.0,-0.19454416961130744,-0.0,-0.9028127208480565,-0.7294982332155477,0.0
2019-06-11,1.0,-0.0,-0.198347575123083,-0.0,-0.9063720219568785,-0.7247750551751456,0.0
2019-06-12,1.0,-0.0,-0.19835342047190632,-0.0,-0.9081932891982121,-0.7226277372262774,0.0
2019-06-13,1.0,-0.0,-0.20957235910506936,-0.0,-0.9052393089776266,-0.7172472387425658,0.0
2019-06-14,1.0,-0.0,-0.20651189127972822,-0.0,-0.9154020385050963,-0.7093431483578708,0.0
2019-06-17,1.0,-0.0,-0.1967910193899535,-0.0,-0.9347148202744076,-0.7033110329969383,0.0
2019-06-18,1.0,-0.0,-0.19872994273402506,-0.0,-0.9333786925214038,-0.7028406191529172,0.0
2019-06-19,1.0,-0.0,-0.18432814710042433,-0.0,-0.9386421499292786,-0.705884016973126,0.0
2019-06-20,1.0,-0.0,-0.18761858910820992,-0.0,-0.9370734332077824,-0.7072866812041574,0.0
2019-06-21,1.0,-0.0,-0.19604398095669917,-0.0,-0.9258954885513488,-0.71188506007708,0.0
2019-06-24,1.0,-0.0,-0.1975326188919526,-0.0,-0.9233349441428125,-0.7217374001535007,0.0
2019-06-25,1.0,-0.0,-0.1915111224750703,-0.0,-0.92869115599875,-0.7207875223727946,0.0
2019-06-26,1.0,-0.0,-0.18654782583933707,-0.0,-0.8903949654013726,-0.7706808668166415,0.0
2019-06-27,1.0,-0.0,-0.18915600730927365,-0.0,-0.9149440383736867,-0.7510849703060759,0.0
2019-06-28,1.0,-0.0,-0.19103625463888094,-0.0,-0.9124750214102197,-0.7512132457893235,0.0
2019-07-01,1.0,-0.0,-0.19286061333561977,-0.0,-0.9087713281316985,-0.7564091571636801,0.0
2019-07-02,1.0,-0.0,-0.18814802085123444,-0.0,-0.9181990032651658,-0.7578335338259724,0.0
2019-07-03,1.0,-0.0,-0.18717251252684322,-0.0,-0.9194559770937724,-0.7566499642090193,0.0
2019-07-05,1.0,-0.0,-0.17455367360952165,-0.0,-0.9250114442664225,-0.761501487754635,0.0
2019-07-08,1.0,-0.0,-0.1764604909309378,-0.0,-0.921039079933627,-0.7633747210619671,0.0
2019-07-09,1.0,-0.0,-0.1715756362596511,-0.0,-0.9211609951386903,-0.7668287103231342,0.0
2019-07-10,1.0,-0.0,-0.160773085182534,-0.0,-0.9286757337151038,-0.7738010021474588,0.0
2019-07-11,1.0,-0.0,-0.15773042332588647,-0.0,-0.9369880277252678,-0.7694621068912184,0.0
2019-07-12,1.0,-0.0,-0.15095636238689727,-0.0,-0.9464551597755125,-0.7659489176497538,0.0
2019-07-15,1.0,-0.0,-0.16547735512458997,-0.0,-0.9794556022328365,-0.732433676699085,0.0
2019-07-16,1.0,-0.0,-0.1761605805782744,-0.0,-0.9839016242368391,-0.7197903467342472,0.0
2019-07-17,1.0,-0.0,-0.18957826439578263,-0.0,-0.9841269841269842,-0.722830494728305,0.0
2019-07-18,1.0,-0.0,-0.190465170099514,-0.0,-0.9838868317519094,-0.7184968757232123,0.0
2019-07-19,1.0,-0.0,-0.19395342109069869,-0.0,-0.976884131346738,-0.7222624041660639,0.0
2019-07-22,1.0,-0.0,-0.18413959015680706,-0.0,-0.9856236051128954,-0.7287035158401207,0.0
2019-07-23,1.0,-0.0,-0.18468181291294772,-0.0,-0.9818592790077664,-0.7313666396197983,0.0
2019-07-24,1.0,-0.0,-0.18414648279058987,-0.0,-0.9822690925947386,-0.7307915169776336,0.0
2019-07-25,1.0,-0.0,-0.16985174889969887,-0.0,-1.0027797081306464,-0.7228978457261988,0.0
2019-07-26,1.0,-0.0,-0.16537871552198202,-0.0,-1.005672773581083,-0.7232207461433823,0.0
2019-07-29,1.0,-0.0,-0.17661297294182057,-0.0,-0.9935452266374665,-0.711437051551739,0.0
2019-07-30,1.0,-0.0,-0.16879265167439317,-0.0,-0.9935788534078148,-0.7170664286331309,0.0
2019-07-31,1.0,-0.0,-0.0,-0.019135340901366326,-1.3767248997348922,-1.002956970974101,0.0
2019-08-01,1.0,-0.0,-0.0,-0.040367160308469256,-1.3643281239336655,-1.007575240565072,0.0
2019-08-02,1.0,-0.0,-0.0,-0.0267067381578498,-1.3592090434069874,-1.0292681260885899,0.0
2019-08-05,1.0,-0.0,-0.0,-0.017472613725557112,-1.365832849878852,-1.0293485308671466,0.0
2019-08-06,1.0,-0.0,-0.0,-0.019211392490092027,-1.3141331362934103,-1.0252905219318869,0.0
2019-08-07,1.0,-0.0,-0.0,-0.0009388412017167381,-1.3108570278969958,-1.0411748927038627,0.0
2019-08-08,1.0,-0.0,-0.0,-0.0018103795091859998,-1.310480085825399,-1.0402641813061553,0.0
2019-08-09,1.0,-0.0,-0.0,-0.0,-1.2842284228422842,-1.0494382771610495,0.0
2019-08-12,1.0,-0.0,-0.0,-0.0,-1.294554290659743,-1.0341189002063778,0.0
2019-08-13,1.0,-0.0,-0.0,-0.0,-1.29432105333156,-1.0305891740922994,0.0
2019-08-14,1.0,-0.0,-0.0,-0.0,-1.2839579812439939,-1.029824038174769,0.0
2019-08-15,1.0,-0.0,-0.0,-0.0033027042935155813,-1.2653935450116083,-1.0012753016578921,0.0
2019-08-16,1.0,-0.0,-0.0,-0.003990318571335121,-1.261431281480997,-1.0053313272715378,0.0
2019-08-19,1.0,-0.0,-0.0,-0.004724204215945004,-1.2611996220636628,-0.9921806275046429,0.0
2019-08-20,1.0,-0.0,-0.0,-0.011045416152296797,-1.2547592749009162,-0.9828471184458449,0.0
2019-08-21,1.0,-0.0,-0.0,-0.04070653054610274,-1.2336736347431534,-0.9665856425214714,0.0
2019-08-22,1.0,-0.0,-0.0,-0.03220585855316394,-1.2306198413982845,-0.9739440038841236,0.0
2019-08-23,1.0,-0.0,-0.0,-0.029655643351868106,-1.2346112574382986,-0.9874483790199329,0.0
2019-08-26,1.0,-0.0,-0.0,-0.025780320807483364,-1.2216078948214344,-0.9671477707415862,0.0
2019-08-27,1.0,-0.0,-0.0,-0.02253394536641736,-1.2164157545019743,-0.9710140275414888,0.0
2019-08-28,1.0,-0.0,-0.0,-0.010176805899971015,-1.2227625519306946,-0.9875366332807317,0.0
2019-08-29,1.0,-0.0,-0.0,-0.014032829095590603,-1.2242034116511105,-0.980302542645639,0.0
2019-08-30,1.0,-0.0,-0.0,-0.0144119907763259,-1.2279976940814756,-0.9602229054573403,0.0
2019-09-03,1.0,-0.0,-0.0,-0.031212984601594267,-1.2179466658129783,-0.9522041169126356,0.0
2019-09-04,1.0,-0.0,-0.0,-0.028127004490057728,-1.226715843489416,-0.9523091725465042,0.0
2019-09-05,1.0,-0.0,-0.0,-0.01684944208204112,-1.2388975924800971,-0.941458579787064,0.0
2019-09-06,1.0,-0.0,-0.0,-0.023923444976076555,-1.245390749601276,-0.9205103668261563,0.0
2019-09-09,1.0,-0.0,-0.0,-0.024715374557515067,-1.2452721880281914,-0.9190611346748732,0.0
2019-09-10,1.0,-0.0,-0.0,-0.0817376850046351,-1.2578397212543555,-0.857046958411917,0.0
2019-09-11,1.0,-0.0,-0.0,-0.05564924114671163,-1.2398421839702185,-0.8862833688631518,0.0
2019-09-12,1.0,-0.0,-0.0,-0.05884781504065041,-1.2390434451219512,-0.8779217479674798,0.0
2019-09-13,1.0,-0.0,-0.0,-0.05156801067581737,-1.2394115591141612,-0.8863470276109681,0.0
2019-09-16,1.0,-0.0,-0.0,-0.03199922970760984,-1.2725872195654266,-0.9049651763648617,0.0
2019-09-17,1.0,-0.0,-0.0,-0.03495851289637872,-1.27233549881006,-0.9087283720331897,0.0
2019-09-18,1.0,-0.0,-0.0,-0.03335048562423619,-1.2722068566282885,-0.9104972020325464,0.0
2019-09-19,1.0,-0.0,-0.0,-0.03811940010918784,-1.2498153441022513,-0.9234721731590609,0.0
2019-09-20,1.0,-0.0,-0.0,-0.04547793644667439,-1.2440820789913805,-0.9267014022899782,0.0
2019-09-23,1.0,-0.0,-0.0,-0.048544939479783666,-1.2374452742724698,-0.9331702292042235,0.0
2019-09-24,1.0,-0.0,-0.0,-0.060076021131297515,-1.2304793196752997,-0.9306790362066745,0.0
2019-09-25,1.0,-0.0,-0.0,-0.06452024226968442,-1.2216448836467964,-0.9015938795027097,0.0
2019-09-26,1.0,-0.0,-0.0,-0.10315149161975021,-1.2544489743091956,-0.8780495696628486,0.0
2019-09-27,1.0,-0.0,-0.0,-0.10119028208054785,-1.269819011902821,-0.8900375020381543,0.0
2019-09-30,1.0,-0.0,-0.0,-0.12400287694520727,-1.259448149601151,-0.8858375833660259,0.0
2019-10-01,1.0,-0.0,-0.0,-0.1360886767158225,-1.2500408723800804,-0.8836608573390445,0.0
2019-10-02,1.0,-0.0,-0.0,-0.16359447004608293,-1.25184331797235,-0.8762014483212639,0.0
2019-10-03,1.0,-0.0,-0.0,-0.1567542797289778,-1.2520048443586134,-0.8644888874341266,0.0
2019-10-04,1.0,-0.0,-0.0,-0.16257899734765383,-1.2431644782081928,-0.8687579815973018,0.0
2019-10-07,1.0,-0.0,-0.0,-0.15558241327497221,-1.2396289279414645,-0.8712680472986215,0.0
2019-10-08,1.0,-0.0,-0.0,-0.16281269364991358,-1.2254329604383418,-0.8732265744757183,0.0
2019-10-09,1.0,-0.0,-0.0,-0.16359087660016894,-1.2225615699525636,-0.8629215673533043,0.0
2019-10-10,1.0,-0.0,-0.0,-0.20948890649762286,-1.1950937665081882,-0.897054939249868,0.0
2019-10-11,1.0,-0.0,-0.0,-0.2602198386079102,-1.152691528575698,-0.9079135257197887,0.0
2019-10-14,1.0,-0.0,-0.0,-0.2938301974602753,-1.157469583139419,-0.8729472774416596,0.0
2019-10-15,1.0,-0.0,-0.0,-0.3068855297329693,-1.1572551108743423,-0.8654191915828727,0.0
2019-10-16,1.0,-0.0,-0.0,-0.3218895542248836,-1.1535595475715237,-0.8512308715901531,0.0
2019-10-17,1.0,-0.0,-0.0,-0.335144867135665,-1.1500350081685728,-0.848964758443637,0.0
2019-10-18,1.0,-0.0,-0.0,-0.32909496388509807,-1.155443863795227,-0.844023566221749,0.0
2019-10-21,1.0,-0.0,-0.0,-0.3287086446104589,-1.139474386339381,-0.8668956776947705,0.0
2019-10-22,1.0,-0.0,-0.0,-0.32983403319336135,-1.1338065720189296,-0.868992868093048,0.0
2019-10-23,1.0,-0.0,-0.0,-0.3054999332532372,-1.1399345881724736,-0.8919036176745427,0.0
2019-10-24,1.0,-0.0,-0.0,-0.33457374830852504,-1.16319350473613,-0.8851826792963465,0.0
2019-10-25,1.0,-0.0,-0.0,-0.3382780293302697,-1.1567209569507333,-0.8840643373656822,0.0
2019-10-28,1.0,-0.0,-0.0,-0.3489971540859195,-1.146666214934273,-0.8923295839544655,0.0
2019-10-29,1.0,-0.0,-0.0,-0.40665188470066516,-1.1095684803001875,-0.8950025584171925,0.0
2019-10-30,1.0,-0.0,-0.0,-0.40606783705471283,-1.1073802624850861,-0.8954491222089654,0.0
2019-10-31,1.0,-0.0,-0.0,-0.40807894557126273,-1.096872225636823,-0.9096496619545176,0.0
2019-11-01,1.0,-0.0,-0.0,-0.3205335750825617,-1.0259340801657708,-0.8912128472447063,0.0
2019-11-04,1.0,-0.0,-0.0,-0.31411003236245955,-1.0320388349514564,-0.8900647249190938,0.0
2019-11-05,1.0,-0.0,-0.0,-0.4487175276692174,-0.9969785543039181,-0.838484022463792,0.0
2019-11-06,1.0,-0.0,-0.0,-0.4493861477878156,-0.9908335815215593,-0.8689566166981038,0.0
2019-11-07,1.0,-0.0,-0.0,-0.4505127356930202,-0.9904399603043335,-0.8670195170360568,0.0
2019-11-08,1.0,-0.0,-0.0,-0.45328182778658216,-0.985109614368727,-0.86324617010037,0.0
2019-11-11,1.0,-0.0,-0.0,-0.4965640280163869,-0.9447271045328399,-0.8625280824633277,0.0
2019-11-12,1.0,-0.0,-0.0,-0.4984983002739365,-0.9391729099970296,-0.8627677481104987,0.0
2019-11-13,1.0,-0.0,-0.0,-0.5886084401709402,-0.8921941773504274,-0.857905982905983,0.0
2019-11-14,1.0,-0.0,-0.0,-0.5920929611326299,-0.885534927207159,-0.8614932549752905,0.0
2019-11-15,1.0,-0.0,-0.0,-0.6040503960164422,-0.8760819436553822,-0.8617785649834575,0.0
2019-11-18,1.0,-0.0,-0.0,-0.6169199288853108,-0.8826943074703968,-0.8548522357519037,0.0
2019-11-19,1.0,-0.0,-0.0,-0.6241638365750747,-0.9126616582621523,-0.893588556138726,0.0
2019-11-20,1.0,-0.0,-0.0,-0.6356010863212899,-0.919282202894565,-0.8828423115266939,0.0
2019-11-21,1.0,-0.0,-0.0,-0.6722829492445868,-0.9135278145234281,-0.8953909350414259,0.0
2019-11-22,1.0,-0.0,-0.0,-0.721825637910085,-1.072714155528554,-1.0025440461725394,0.0
2019-11-25,1.0,-0.0,-0.0,-0.7380423968776306,-1.0884671309405372,-0.9999617356700083,0.0
2019-11-26,1.0,-0.0,-0.0,-0.7392334441514771,-1.0792158661011122,-1.0028277733195767,0.0
2019-11-27,1.0,-0.0,-0.0,-0.7528524389310054,-1.0826250095719427,-0.9932996400949535,0.0
2019-11-29,1.0,-0.0,-0.0,-0.7936892271032707,-1.1040777893078138,-0.9455782312925171,0.0
2019-12-02,1.0,-0.0,-0.0,-0.8363041955320307,-1.108741340390753,-0.9468747567525493,0.0
2019-12-03,1.0,-0.0,-0.0,-0.8154496451700469,-1.1123434288595029,-0.9501299104199791,0.0
2019-12-04,1.0,-0.0,-0.0,-0.8288745027688948,-1.1168785586147727,-0.9540597457296623,0.0
2019-12-05,1.0,-0.0,-0.0,-0.8614979151915664,-1.0859491778774288,-0.9861537251199748,0.0
2019-12-06,1.0,-0.0,-0.0,-0.8835090511239306,-1.1239705589814997,-0.9710364034215238,0.0
2019-12-09,1.0,-0.0,-0.0,-0.933187027554255,-1.151101357392506,-0.9797610338941721,0.0
2019-12-10,1.0,-0.0,-0.0,-1.152982766239505,-1.3099425541316836,-0.9559876270437473,0.0
2019-12-11,1.0,-0.0,-0.0,-1.162751529119759,-1.3108766953284285,-0.9586029607304317,0.0
2019-12-12,1.0,-0.0,-0.0,-1.1631576614511767,-1.3102699348433136,-0.9589557200478701,0.0
2019-12-13,1.0,-0.0,-0.0,-1.1932015107753833,-1.3060653188180404,-0.944190179960009,0.0
2019-12-16,1.0,-0.0,-0.0,-1.1680262457882604,-1.2982355027487142,-0.9671484305727966,0.0
2019-12-17,1.0,-0.0,-0.0,-1.2463225340673225,-1.3389134554643083,-0.9269921487230395,0.0
2019-12-18,1.0,-0.0,-0.0,-1.3330512458862247,-1.3967559943582513,-0.9716502115655853,0.0
2019-12-19,1.0,-0.0,-0.0,-1.3422144676035084,-1.3924832594548713,-0.9809487880788457,0.0
2019-12-20,1.0,-0.0,-0.0,-1.3553515661966498,-1.3991672186997257,-0.9772404656004542,0.0
2019-12-23,1.0,-0.0,-0.0,-1.3532498227369416,-1.3963601985346255,-0.977404868825337,0.0
2019-12-24,1.0,-0.0,-0.0,-1.3479591356339158,-1.3854338307989267,-0.974483310578598,0.0
2019-12-26,1.0,-0.0,-0.0,-1.34704055707161,-1.3892914274960007,-0.9686176719676296,0.0
2019-12-27,1.0,-0.0,-0.0,-1.3623838059736704,-1.3832869343651204,-0.9728683999433775,0.0
2019-12-30,1.0,-0.0,-0.0,-1.393932211424508,-1.4045508414316188,-0.9420241763451055,0.0
2019-12-31,1.0,-0.0,-0.0,-1.3964536317087048,-1.4029489853973072,-0.9417314621657501,0.0
2020-01-02,1.0,-0.0,-0.0,-1.4006933890577509,-1.4055851063829787,-0.9430091185410334,0.0
2020-01-03,1.0,-0.0,-0.0,-1.4069645579268293,-1.3957698170731707,-0.9609375000000001,0.0
2020-01-06,1.0,-0.0,-0.0,-1.398404661826519,-1.4027512418800154,-0.975305693542224,0.0
2020-01-07,1.0,-0.0,-0.0,-1.4077015068165508,-1.3931595312126284,-0.9826357330782108,0.0
2020-01-08,1.0,-0.0,-0.0,-1.4131059589959762,-1.4017532094270932,-0.9753305230887144,0.0
2020-01-09,1.0,-0.0,-0.0,-1.4132782871681628,-1.400460851615381,-0.9867985214344006,0.0
2020-01-10,1.0,-0.0,-0.0,-1.4208930805504763,-1.3991916081224136,-0.9917236069675681,0.0
2020-01-13,1.0,-0.0,-0.0,-1.4281931539165182,-1.396658803138992,-0.9896008858504646,0.0
2020-01-14,1.0,-0.0,-0.0,-1.4826579753855134,-1.4242350537529793,-0.9576300043780708,0.0
2020-01-15,1.0,-0.0,-0.0,-1.4658849642926075,-1.407016020073345,-0.9524705655278903,0.0
2020-01-16,1.0,-0.0,-0.0,-1.4858675170314541,-1.3965308981978066,-0.9492196936754119,0.0
2020-01-17,1.0,-0.0,-0.0,-1.4821583148985282,-1.3766952005386168,-0.9502260267384821,0.0
2020-01-21,1.0,-0.0,-0.0,-1.4925294004241372,-1.3767592057065743,-0.9504530557162135,0.0
2020-01-22,1.0,-0.0,-0.0,-1.4809266929968212,-1.3901839899816972,-0.9453809844908969,0.0
2020-01-23,1.0,-0.0,-0.0,-1.4598360655737703,-1.3986017357762777,-0.9631629701060752,0.0
2020-01-24,1.0,-0.0,-0.0,-1.4675230598348383,-1.4064809001786835,-0.9552808229101271,0.0
2020-01-27,1.0,-0.0,-0.0,-1.468130277442702,-1.4050663449939689,-0.9518938480096503,0.0
2020-01-28,1.0,-0.0,-0.0,-1.5166279969064191,-1.395398298530549,-0.9216937354988398,0.0
2020-01-29,1.0,-0.0,-0.0,-1.5226691130317223,-1.3856404809038676,-0.9200424894983342,0.0
2020-01-30,1.0,-0.0,-0.0,-1.5169532457496138,-1.4150888717156105,-0.8979424265842348,0.0
2020-01-31,1.0,-0.0,-0.0,-1.5152483299448156,-1.4152870558621358,-0.9102042792138638,0.0
2020-02-03,1.0,-0.0,-0.0,-1.5244507097025084,-1.4228563095469573,-0.9136690647482014,0.0
2020-02-04,1.0,-0.0,-0.0,-1.516383906931653,-1.4155113911778963,-0.9153659718856034,0.0
2020-02-05,1.0,-0.0,-0.0,-1.5280681378242353,-1.415602013162989,-0.8956639566395664,0.0
2020-02-06,1.0,-0.0,-0.0,-1.5260320543953374,-1.4244779018941234,-0.9061680427391937,0.0
2020-02-07,1.0,-0.0,-0.012632297712529874,-1.5329463980880849,-1.4248158806028386,-0.9068916743891138,0.0
2020-02-10,1.0,-0.0,-0.012839916027925596,-1.5348337645852657,-1.4266464873309572,-0.9077771810769906,0.0
2020-02-11,1.0,-0.0,-0.006048780487804878,-1.5253658536585366,-1.4187804878048782,-0.9278536585365854,0.0
2020-02-12,1.0,-0.0,-0.011256301081583712,-1.5265012479812068,-1.4129104879361816,-0.9433759115156853,0.0
2020-02-13,1.0,-0.0,-0.01174685526895404,-1.5349224218099946,-1.4098673584259214,-0.9379374479956928,0.0
2020-02-14,1.0,-0.0,-0.013195330128519572,-1.5396840969292651,-1.4036103208083979,-0.9487883841852252,0.0
2020-02-18,1.0,-0.0,-0.017163593566104356,-1.5313358179678305,-1.3961357395056886,-0.9592487249901923,0.0
2020-02-19,1.0,-0.0,-0.05005906674542233,-1.5399684977357748,-1.3825063988974207,-0.949694821815318,0.0
2020-02-20,1.0,-0.0,-0.05500148118890096,-1.5402883381060533,-1.3909844968895033,-0.951022020341661,0.0
2020-02-21,1.0,-0.0,-0.061747879266127445,-1.539011639376603,-1.3825705267311108,-0.9486091931347407,0.0
2020-02-24,1.0,-0.0,-0.06330820310549704,-1.577862099955065,-1.3931299615557442,-0.9584602326626392,0.0
2020-02-25,1.0,-0.0,-0.15502331908278275,-1.5933734939759037,-1.2357170617955693,-0.874028371550719,0.0
2020-02-26,1.0,-0.0,-0.13016170611670963,-1.524490274197328,-1.2003280993672367,-0.8321537379892195,0.0
2020-02-27,1.0,-0.0,-0.14817987152034262,-1.5655484177968118,-1.192291220556745,-0.8524863192957411,0.0
2020-02-28,1.0,-0.0,-0.25895402708481824,-1.3947344975053455,-1.001960085531005,-0.7990912330719886,0.0
2020-03-02,1.0,-0.0,-0.21460107924898542,-1.385898407884761,-1.0470945011818222,-0.8120679659278419,0.0
2020-03-03,1.0,-0.0,-0.3203940970019874,-1.1919320055816314,-0.9469745020931117,-0.7691657152522305,0.0
2020-03-04,1.0,-0.0,-0.3438959306204136,-1.1928368912608407,-0.8904686457638427,-0.7422448298865911,0.0
2020-03-05,1.0,-0.0,-0.46147669329907254,-1.0546834223310715,-0.8025454691452202,-0.6961898261532902,0.0
2020-03-06,1.0,-0.0,-0.55655715019966,-0.9885343771003835,-0.7598149685683786,-0.648756572964852,0.0
2020-03-09,1.0,-0.0,-0.5345410248349577,-0.9911584407419052,-0.7536545111600126,-0.6502279157497642,0.0
2020-03-10,1.0,-0.02682558098653447,-0.37327286151249867,-0.8748022360510495,-0.7101923144534683,-0.5307105438948071,0.0
2020-03-11,1.0,-0.0,-0.4608422418798456,-0.8581577239659824,-0.6272755217049762,-0.4691417056593463,0.0
2020-03-12,1.0,-0.0,-0.39931864787987037,-0.807071508897268,-0.6309452933783158,-0.47019911358073696,0.0
2020-03-13,1.0,-0.13247656486241308,-0.30689446628364075,-0.665043846386453,-0.5600544299969762,-0.3594496522527971,0.0
2020-03-16,1.0,-0.09020930634838263,-0.40572565300121083,-0.610419189298276,-0.5135501355013551,-0.2631032693305656,0.0
2020-03-17,1.0,-0.20294845582696652,-0.31042182287743464,-0.41757236629721295,-0.4728559130528355,-0.28637146239104705,0.0
2020-03-18,1.0,-0.19435869020290775,-0.3338346658223172,-0.3523575819942479,-0.47125253964484554,-0.28678856961925114,0.0
2020-03-19,1.0,-0.23263416675384457,-0.2084423056805105,-0.3404906370959306,-0.48891097395125016,-0.34485824877079196,0.0
2020-03-20,1.0,-0.232751628685801,-0.21980063315978127,-0.3362026111300071,-0.4883702676539075,-0.3392637555270663,0.0
2020-03-23,1.0,-0.25084594601684024,-0.32056763633502083,-0.24691131338037406,-0.49505547832017416,-0.3096818193741311,0.0
2020-03-24,1.0,-0.24997366203118412,-0.31861040876527597,-0.259850400337126,-0.49570691108301723,-0.3096554993678887,0.0
2020-03-25,1.0,-0.25548720285562393,-0.3127262600946812,-0.18657755499860765,-0.4867471709576973,-0.2900686058580796,0.0
2020-03-26,1.0,-0.23913437394838344,-0.31940669410577,-0.23473376304004556,-0.5071315782661593,-0.2881882426030908,0.0
2020-03-27,1.0,-0.23608430479425616,-0.31658045755166114,-0.22823541521912558,-0.5053912864458684,-0.2870892200005147,0.0
2020-03-30,1.0,-0.2300544203717014,-0.31466269637539784,-0.22956669062532084,-0.5080860457952562,-0.28462881199301776,0.0
2020-03-31,1.0,-0.21526248399487835,-0.3331370038412292,-0.22453265044814338,-0.4976696542893726,-0.29021766965428936,0.0
2020-04-01,1.0,-0.22166807335225963,-0.34525179672114376,-0.20309982352489833,-0.501496201948899,-0.2860942735108315,0.0
2020-04-02,1.0,-0.23710739614994936,-0.3041033434650456,-0.1946048632218845,-0.516565349544073,-0.2805471124620061,0.0
2020-04-03,1.0,-0.23646168257424238,-0.30471657510316713,-0.19430871667637153,-0.515456087495886,-0.2807666016861186,0.0
2020-04-06,1.0,-0.23738925135183164,-0.31299027696681986,-0.19654235739128229,-0.5137975679723795,-0.2779315071970755,0.0
2020-04-07,1.0,-0.23059113672396003,-0.30452726677907244,-0.19098069808994136,-0.5121423358582681,-0.278304854417797,0.0
2020-04-08,1.0,-0.2322080406817209,-0.30473529189638243,-0.1944213679732145,-0.512423532965788,-0.2736701658988495,0.0
2020-04-09,1.0,-0.23389243207954602,-0.297042133279767,-0.19698187113945664,-0.5113242605333199,-0.27168181589916135,0.0
2020-04-13,1.0,-0.2291850026403802,-0.31169059773178764,-0.19403022606683934,-0.5112027560540146,-0.26856438755752254,0.0
2020-04-14,1.0,-0.22917662448743428,-0.31760207290382636,-0.18844808935624263,-0.5117607104223794,-0.2686724862267616,0.0
2020-04-15,1.0,-0.21222372575552548,-0.3273693178970581,-0.1755375131559164,-0.5122537964215906,-0.2784794266526337,0.0
2020-04-16,1.0,-0.19102977759168496,-0.34420334474520337,-0.1627299820201473,-0.4870569690401715,-0.27797344892982934,0.0
2020-04-17,1.0,-0.1960039467192896,-0.34267390231869754,-0.16773556980759746,-0.48685249136655157,-0.2734336457819438,0.0
2020-04-20,1.0,-0.19750560745359988,-0.3404648640654655,-0.16999827462966158,-0.48507554657267504,-0.27177047644869484,0.0
2020-04-21,1.0,-0.2008433200177541,-0.3438871627952853,-0.1719682398776939,-0.48229521132317404,-0.26685407111505643,0.0
2020-04-22,1.0,-0.1925871379479627,-0.3527000490918017,-0.1618556701030928,-0.4857388316151203,-0.2616838487972509,0.0
2020-04-23,1.0,-0.1870864984072531,-0.35721636853712324,-0.15839255084538104,-0.48451359960793916,-0.26317079147267824,0.0
2020-04-24,1.0,-0.18660849958335377,-0.35522768491740603,-0.16102151855301208,-0.4853683642958678,-0.2626341845987942,0.0
2020-04-27,1.0,-0.1937898870888562,-0.3565783014236623,-0.15731467844869906,-0.4834315169366716,-0.26350024545900835,0.0
2020-04-28,1.0,-0.19133724786870748,-0.3658698376041078,-0.15170871925902268,-0.4814878510183524,-0.26641770876839543,0.0
2020-04-29,1.0,-0.17502770594754338,-0.38675040019702006,-0.13611624184213766,-0.4775027705947543,-0.28735377416574315,0.0
2020-04-30,1.0,-0.17531446540880505,-0.36799823113207547,-0.14322916666666666,-0.4881584119496855,-0.28206073113207547,0.0
2020-05-01,1.0,-0.1799444812931437,-0.365809320264328,-0.14159726828309627,-0.49045618689660253,-0.27879725845677644,0.0
2020-05-04,1.0,-0.1907962771458118,-0.3510858324715615,-0.15526665681784607,-0.5129019549908899,-0.2521298074555572,0.0
2020-05-05,1.0,-0.1929361890912676,-0.35301801690779583,-0.15838118946097157,-0.5112513247726321,-0.24910654869001553,0.0
2020-05-06,1.0,-0.1913593930884997,-0.35247173575703833,-0.15869849011059387,-0.5117860045813936,-0.24879923150816521,0.0
2020-05-07,1.0,-0.19479975354282195,-0.3577818853974122,-0.1538878619839803,-0.5111768330252618,-0.24695009242144178,0.0
2020-05-08,1.0,-0.19507925942361268,-0.35887385055346005,-0.1528240021694648,-0.5119690358208219,-0.24655474200626187,0.0
2020-05-11,1.0,-0.19371224263346074,-0.35815559117248175,-0.15265688571076316,-0.512883738133399,-0.24840340278633952,0.0
2020-05-12,1.0,-0.18930600148184737,-0.3612002963694739,-0.13899728327982216,-0.5187206717708076,-0.26152136329958015,0.0
2020-05-13,1.0,-0.18748303348880827,-0.35976407294982843,-0.13763233878729547,-0.522420473334814,-0.2605562547814713,0.0
2020-05-14,1.0,-0.1868919356042698,-0.37288810370997033,-0.12082908258478688,-0.5287765308915374,-0.27888228122122966,0.0
2020-05-15,1.0,-0.19634051713348852,-0.35748792270531404,-0.11934619909389002,-0.5365322520087107,-0.2933593652223975,0.0
2020-05-18,1.0,-0.19760539037647473,-0.35623575382611533,-0.11812739523582898,-0.5357563309370539,-0.2971219597725622,0.0
2020-05-19,1.0,-0.19940923200160207,-0.35048062481225595,-0.12486232101732252,-0.5373235205767498,-0.29120356463402425,0.0
2020-05-20,1.0,-0.19694771078308732,-0.35679259444583433,-0.12069051788841631,-0.5372779584688516,-0.29016762571928945,0.0
2020-05-21,1.0,-0.1983690214128477,-0.3469831899139484,-0.12920252151290776,-0.5391735041024615,-0.2877726635981589,0.0
2020-05-22,1.0,-0.19843413877632696,-0.34714092751013054,-0.128345590074541,-0.5394717094401921,-0.2879833908649757,0.0
2020-05-26,1.0,-0.19830928144461396,-0.34657229322462046,-0.12765425305754946,-0.5395543105819973,-0.2890228347047495,0.0
2020-05-27,1.0,-0.18582538886101355,-0.3567235323632715,-0.1054942298043151,-0.5442047165077772,-0.3165328650275966,0.0
2020-05-28,1.0,-0.17924812785847113,-0.36216515052520476,-0.10117103080866462,-0.5429713022063628,-0.32741116751269034,0.0
2020-05-29,1.0,-0.18093898364691402,-0.3621542867190836,-0.10168554849405914,-0.5433193498957523,-0.3238966062950589,0.0
2020-06-01,1.0,-0.18080216992741793,-0.36416605972323374,-0.0987266745360022,-0.5434362207097471,-0.3243589421603837,0.0
2020-06-02,1.0,-0.18151209829392698,-0.36533581245759944,-0.09859544209653508,-0.5431292243523707,-0.32407849443453357,0.0
2020-06-03,1.0,-0.18214285714285713,-0.36579476861167004,-0.10661468812877263,-0.540920523138833,-0.3196177062374245,0.0
2020-06-04,1.0,-0.18361084561597665,-0.36251823532370847,-0.11187685497258414,-0.5420041249559837,-0.31523215453493636,0.0
2020-06-05,1.0,-0.18004272967198692,-0.35902978509488503,-0.10798039462108835,-0.5419881865024506,-0.3244690209878095,0.0
2020-06-08,1.0,-0.18063398840448763,-0.358331450944959,-0.11183896794920062,-0.5380869914414075,-0.3209597670858118,0.0
2020-06-09,1.0,-0.18649137801015536,-0.3593082298526972,-0.11160826504449249,-0.5391634407520989,-0.31710321250816953,0.0
2020-06-10,1.0,-0.18186159917552722,-0.36005328909333134,-0.10210391373199608,-0.5401804790991127,-0.32943719679259986,0.0
2020-06-11,1.0,-0.17305949864089398,-0.3718916742172556,-0.08368569415081044,-0.5448001610792309,-0.3434259538910701,0.0
2020-06-12,1.0,-0.1794134560092007,-0.35727679575968196,-0.10190764307323048,-0.5288896667250044,-0.33267495062129665,0.0
2020-06-15,1.0,-0.17666891436277815,-0.3581329137633925,-0.10114632501685773,-0.5279088933842812,-0.33355810294448196,0.0
2020-06-16,1.0,-0.17669529611505044,-0.3571107560171777,-0.09999500649156098,-0.5284380305602717,-0.33451513033057023,0.0
2020-06-17,1.0,-0.1755738522954092,-0.35551397205588825,-0.10027445109780439,-0.5281187624750499,-0.3355039920159681,0.0
2020-06-18,1.0,-0.17462258265751715,-0.35715533374922026,-0.09921397379912664,-0.5280598877105428,-0.33629444791016844,0.0
2020-06-19,1.0,-0.17540619462400478,-0.358200014974917,-0.09930865799785359,-0.5275912845982978,-0.33531335013851793,0.0
2020-06-22,1.0,-0.1748988663037507,-0.3585127103830595,-0.10735154572241923,-0.5233481496279279,-0.33301703041502273,0.0
2020-06-23,1.0,-0.1705732420410815,-0.35246639012444403,-0.10742665800389825,-0.52578839522215,-0.3426458093857764,0.0
2020-06-24,1.0,-0.16793301674581354,-0.352736815796051,-0.10994751312171958,-0.5245188702824294,-0.34426393401649585,0.0
2020-06-25,1.0,-0.1620544498966299,-0.3493660796572596,-0.11061847709666973,-0.5203377587366429,-0.348444466585299,0.0
2020-06-26,1.0,-0.16262450199203188,-0.3444223107569721,-0.11003486055776893,-0.5210906374501992,-0.35186752988047804,0.0
2020-06-29,1.0,-0.1596861888328906,-0.3398545147595522,-0.10995804265249884,-0.5184339233843939,-0.35472578763127194,0.0
2020-06-30,1.0,-0.15597613043369704,-0.3580684627100447,-0.10509100896357146,-0.5243314773663579,-0.3533245112481586,0.0
2020-07-01,1.0,-0.15631392506111857,-0.35845432320510906,-0.1017312777528314,-0.5258194881005838,-0.35229257097240935,0.0
2020-07-02,1.0,-0.15463249227086864,-0.35850703101625614,-0.10065323626209235,-0.5244090954423057,-0.3550413882517204,0.0
2020-07-06,1.0,-0.15482100536360235,-0.35741549207933143,-0.10240738430834478,-0.5247598852438569,-0.3552949981289759,0.0
2020-07-07,1.0,-0.15148268128582107,-0.3612260154497882,-0.10084724644904061,-0.5241714428108647,-0.35417393471218545,0.0
2020-07-08,1.0,-0.15082824760244115,-0.362984182339021,-0.10100884294432683,-0.5227051936729357,-0.35344376634699215,0.0
2020-07-09,1.0,-0.1466404245247764,-0.3627893071576272,-0.10000249134258452,-0.524053912653529,-0.3578813622661252,0.0
2020-07-10,1.0,-0.14562937498443065,-0.3628777121789602,-0.09931993124579629,-0.5242757143213014,-0.3589666940687044,0.0
2020-07-13,1.0,-0.14983315902186364,-0.36525723392599235,-0.09875989840131481,-0.5232332287464515,-0.35308033268589073,0.0
2020-07-14,1.0,-0.07910726529068254,-0.41707449700924415,-0.055654065300139485,-0.4566990566706859,-0.35569898574366976,0.0
2020-07-15,1.0,-0.07807637906647806,-0.41996699669966997,-0.05042432814710042,-0.4537718057520037,-0.35513908533710514,0.0
2020-07-16,1.0,-0.08016678838135174,-0.416028646140074,-0.05455958915404368,-0.4512709368889727,-0.35371857994299044,0.0
2020-07-17,1.0,-0.07698655977363829,-0.4128507427493516,-0.05597736382928555,-0.4512850742749352,-0.36085828813958976,0.0
2020-07-20,1.0,-0.08471690080885483,-0.4124450120618703,-0.06012014568847265,-0.45000236507260777,-0.3577881840972518,0.0
2020-07-21,1.0,-0.08196527416378861,-0.4121918909968302,-0.061361593414391825,-0.45157780195865066,-0.358423617353456,0.0
2020-07-22,1.0,-0.08548100816471424,-0.41003431546562535,-0.06359010767956455,-0.450621228257011,-0.35683351082712106,0.0
2020-07-23,1.0,-0.08853080568720378,-0.4134834123222749,-0.06502369668246445,-0.45130331753554503,-0.3513270142180095,0.0
2020-07-24,1.0,-0.07894425375784116,-0.4185820807196118,-0.060764587525150904,-0.4496863534146053,-0.3591667652976684,0.0
2020-07-27,1.0,-0.08338854708944629,-0.4197113109323237,-0.059252247988641746,-0.4535967818267866,-0.35037860861334597,0.0
2020-07-28,1.0,-0.08691739295187571,-0.41765346722243274,-0.05904225085259568,-0.4545519136036377,-0.35015630920803337,0.0
2020-07-29,1.0,-0.09174746923970507,-0.41883786538963036,-0.06299044593537374,-0.4502264052535501,-0.3469334534506057,0.0
2020-07-30,1.0,-0.09126241201981183,-0.4159537407872598,-0.06339313221319051,-0.4507429438111714,-0.3485081877858615,0.0
2020-07-31,1.0,-0.09026246532470304,-0.416862270905944,-0.06344690234013799,-0.4510515209711454,-0.3493373165469332,0.0
2020-08-03,1.0,-0.12153467122730643,-0.4012725141722678,-0.05893749850503504,-0.4708302437390867,-0.3393690051905183,0.0
2020-08-04,1.0,-0.1256562073015797,-0.40676462832897864,-0.06254045113502889,-0.46817844044394374,-0.33398854184145554,0.0
2020-08-05,1.0,-0.12585400934915497,-0.4066882416396979,-0.0626393383674937,-0.4680570538175716,-0.33395661033201485,0.0
2020-08-06,1.0,-0.12765753687033135,-0.4090930856157824,-0.06131488220647386,-0.46557172955372533,-0.33054012641256464,0.0
2020-08-07,1.0,-0.13027518533624433,-0.40982701950529016,-0.0654494853770303,-0.46176915141191427,-0.33185384227825626,0.0
2020-08-10,1.0,-0.12739663571137186,-0.41261728217310967,-0.06536606435821755,-0.46200177573008905,-0.3322295011158304,0.0
2020-08-11,1.0,-0.1300146272450423,-0.4083639066733808,-0.07109800254178356,-0.4620770687960099,-0.3263314389852049,0.0
2020-08-12,1.0,-0.1270697050295929,-0.40878920758153026,-0.06670979800158149,-0.46349411736515467,-0.3301464069201831,0.0
2020-08-13,1.0,-0.12595520421607379,-0.41128278835788723,-0.06309737693136902,-0.462762007426039,-0.3323990897113427,0.0
2020-08-14,1.0,-0.12680577849117175,-0.4116336455762919,-0.06379818403967323,-0.46239908004120645,-0.33108933662346374,0.0
2020-08-17,1.0,-0.12589187377292535,-0.40904084662165396,-0.0647177129722741,-0.46188287123497584,-0.3327587032514486,0.0
2020-08-18,1.0,-0.12497006848331019,-0.4063981610076146,-0.062209664288108805,-0.4635793304918347,-0.3373880561275801,0.0
2020-08-19,1.0,-0.12663504384073593,-0.4064730966412725,-0.06104163672080878,-0.4627233960998514,-0.3387954578122754,0.0
2020-08-20,1.0,-0.12611382581201494,-0.40643863179074446,-0.06069751844399732,-0.4628245664462968,-0.3392737376640797,0.0
2020-08-21,1.0,-0.11915625522562769,-0.4094264351066625,-0.04741883853706314,-0.46061966985977404,-0.35221327727479035,0.0
2020-08-24,1.0,-0.11989960559340267,-0.41140193617784154,-0.05863511413887893,-0.45959125134456796,-0.3408151069678499,0.0
2020-08-25,1.0,-0.12014725568942436,-0.42013291260279206,-0.06363549435838592,-0.45434117422069226,-0.3322576018359151,0.0
2020-08-26,1.0,-0.11860315032148576,-0.4201544087769199,-0.06568348590960155,-0.4545498004158998,-0.33121399717953004,0.0
2020-08-27,1.0,-0.11142870754132723,-0.42194273736363197,-0.06638559382592539,-0.44776332714020295,-0.33445286074984515,0.0
2020-08-28,1.0,-0.11041339612768185,-0.42612149755006895,-0.06462585034013606,-0.4455544455544455,-0.3318348318348318,0.0
2020-08-31,1.0,-0.1102676977989292,-0.4258893515764426,-0.06519928613920285,-0.4457584770969661,-0.3324211778703153,0.0
2020-09-01,1.0,-0.10916272097837207,-0.4271574389112279,-0.06024411715720098,-0.44918984510695,-0.33357919531751884,0.0
2020-09-02,1.0,-0.11501894345557225,-0.4294088212166703,-0.06097648152119523,-0.4509733838492149,-0.32644697023852076,0.0
2020-09-03,1.0,-0.11767369800977237,-0.4285782385889644,-0.060636396138720065,-0.4508401859134788,-0.32580145393874393,0.0
2020-09-04,1.0,-0.10739720824233216,-0.4298262273288387,-0.050849871807045866,-0.4539454942550565,-0.33192479346690723,0.0
2020-09-08,1.0,-0.10477592100265856,-0.429215723509305,-0.0498006076718572,-0.4520271553361185,-0.33789878465628564,0.0
2020-09-09,1.0,-0.10522317188983855,-0.4287037037037037,-0.05102089268755935,-0.45173314339981,-0.3374881291547958,0.0
2020-09-10,1.0,-0.10585943994489704,-0.4279267510628696,-0.05270408284445289,-0.4522955608863976,-0.3363893309265373,0.0
2020-09-11,1.0,-0.10479468312366486,-0.4297412769997626,-0.05323997151673392,-0.4503204367434132,-0.3355328744362687,0.0
2020-09-14,1.0,-0.10624154222359393,-0.43026044016049003,-0.05365494646375917,-0.44977564635217593,-0.3341801001875549,0.0
2020-09-15,1.0,-0.10839459331278159,-0.4239032487550391,-0.05013042447237372,-0.4526203462176903,-0.33630543040075883,0.0
2020-09-16,1.0,-0.10813503831463074,-0.4236672914047116,-0.04536072691039359,-0.45377333871082537,-0.34148656022395674,0.0
2020-09-17,1.0,-0.11260983139396817,-0.4213488482545714,-0.047945856091189745,-0.4552837805746854,-0.3375445262407979,0.0
2020-09-18,1.0,-0.11173648712833666,-0.4207514011589246,-0.0486130901491403,-0.454996675216111,-0.33877172983756054,0.0
2020-09-21,1.0,-0.1169047619047619,-0.416,-0.0455952380952381,-0.46285714285714286,-0.3395714285714286,0.0
2020-09-22,1.0,-0.11866263424856523,-0.4142595194437168,-0.047531731479056025,-0.461576929488248,-0.33931845783821113,0.0
2020-09-23,1.0,-0.11545419920015235,-0.4137307179584841,-0.04901447343363169,-0.4602694724814321,-0.3420062845172348,0.0
2020-09-24,1.0,-0.11146746489915188,-0.4094029886204357,-0.045185660323569236,-0.4616444539472121,-0.34799135248141017,0.0
2020-09-25,1.0,-0.11185554763601804,-0.4090520313613685,-0.045402708481824657,-0.4614635305298171,-0.348063673081492,0.0
2020-09-28,1.0,-0.1093976132292581,-0.40570357541104185,-0.039645068684903556,-0.461932667441695,-0.3558803293079314,0.0
2020-09-29,1.0,-0.11054990396243865,-0.4041165730004031,-0.037087097768608766,-0.4617153968366887,-0.357828839723981,0.0
2020-09-30,1.0,-0.11079747616110822,-0.40345841833104035,-0.037027373215048155,-0.4622847383651976,-0.3584610275629774,0.0
2020-10-01,1.0,-0.11082113454648984,-0.4029514341977271,-0.03748606135376878,-0.462668153455598,-0.3585850198106717,0.0
2020-10-02,1.0,-0.11450272964633278,-0.4058865416567767,-0.038143840493709946,-0.46116781390932826,-0.35388084500356043,0.0
2020-10-05,1.0,-0.1091029837294246,-0.40999003842322473,-0.032778331198709744,-0.46179023765476024,-0.35811868507186567,0.0
2020-10-06,1.0,-0.11227754212185123,-0.4040380103793929,-0.03279698571056186,-0.46368397355387575,-0.3569515865304865,0.0
2020-10-07,1.0,-0.10885704828108006,-0.4062278337352816,-0.03336170615217288,-0.4575589918191706,-0.3583959899749373,0.0
2020-10-08,1.0,-0.10873212808696679,-0.40382842963488125,-0.031974477135767454,-0.4605222734254992,-0.358147229114971,0.0
2020-10-09,1.0,-0.11020813154102388,-0.4050650854024428,-0.03281438257459425,-0.46100781969807936,-0.35332750596517754,0.0
2020-10-12,1.0,-0.10615831620721423,-0.40344412160725673,-0.03198450381499067,-0.45900361420168667,-0.36160914652871284,0.0
2020-10-13,1.0,-0.09988906460216679,-0.4070621002195105,-0.032242075200037766,-0.4567705997592466,-0.3643401704156537,0.0
2020-10-14,1.0,-0.10251866553255835,-0.4069794915414422,-0.037661846706360455,-0.45475380398828086,-0.3608354597864096,0.0
2020-10-15,1.0,-0.10156047121036851,-0.4046601666706013,-0.03687528034183998,-0.45473217025897683,-0.3629453008805684,0.0
2020-10-16,1.0,-0.10168771391478815,-0.4040835595420748,-0.03769621149533813,-0.4546913725953027,-0.3622565797238286,0.0
2020-10-19,1.0,-0.10072535443455326,-0.4012293344637558,-0.027153690358438135,-0.4530874664405822,-0.3728274692666384,0.0
2020-10-20,1.0,-0.10036264305562097,-0.40130928272029387,-0.026939198417557576,-0.4536805915320492,-0.3725333207742665,0.0
2020-10-21,1.0,-0.10071112366958651,-0.4019261561646416,-0.02597249693887162,-0.4538005086182538,-0.37232739945370635,0.0
2020-10-22,1.0,-0.10069926777011279,-0.4013844089186071,-0.025168930850187177,-0.45379417512301934,-0.37339015374473195,0.0
2020-10-23,1.0,-0.10270053916605844,-0.39978339180185063,-0.025733995714924778,-0.45428860687966477,-0.3719068584747957,0.0
2020-10-26,1.0,-0.10337925350288472,-0.40122453785470386,-0.02529141646061462,-0.45543388673024837,-0.3695513952666902,0.0
2020-10-27,1.0,-0.10348730282238099,-0.4015467685270331,-0.021480276343401477,-0.46004574284973243,-0.3713187616420269,0.0
2020-10-28,1.0,-0.1003184337775681,-0.4011557966741361,-0.021087392381177027,-0.4601957778039863,-0.3760113220898691,0.0
