Date,BIO,IWF,IWM,MTUM,SPY,VLUE,VXX
2018-09-24,1.0,-0.40693465421985137,-0.5949704705658221,-0.2150885883025338,-0.5064456721915286,-0.45176859084270016,0.0
2018-09-25,1.0,-0.4223907942528366,-0.6023914371122754,-0.22770081321719007,-0.5112339686927453,-0.4505801806435023,0.0
2018-09-26,1.0,-0.42295081967213116,-0.6030536804885889,-0.2289617486338798,-0.5108968177434908,-0.4485695917711347,0.0
2018-09-27,1.0,-0.42324624827275936,-0.6018188245123558,-0.22931328127510525,-0.5107169253510716,-0.44840772518397115,0.0
2018-09-28,1.0,-0.42595631052343724,-0.601100279895763,-0.22912846250361937,-0.5117910111636585,-0.44924878550976416,0.0
2018-10-01,1.0,-0.42609870664693394,-0.6008944083392317,-0.22923235313042917,-0.5118396499581752,-0.4492632391737983,0.0
2018-10-02,1.0,-0.42586262495969046,-0.6159948403740729,-0.22508868107062238,-0.5104159948403741,-0.44743631086746216,0.0
2018-10-03,1.0,-0.4267260866757089,-0.621649551120584,-0.2258606213266163,-0.5096880449525286,-0.445424013434089,0.0
2018-10-04,1.0,-0.42761225346202264,-0.6193873268988669,-0.22621776041834793,-0.5107330772458762,-0.44407501856096065,0.0
2018-10-05,1.0,-0.4234657737136969,-0.616910296863932,-0.2211346512975723,-0.5126215467834374,-0.44565007405499385,0.0
2018-10-08,1.0,-0.4222200790818787,-0.6145562092133603,-0.21908252161892822,-0.5140000642942103,-0.4448516411097181,0.0
2018-10-09,1.0,-0.42864981763016047,-0.6182176172492819,-0.22930183015396538,-0.5119589425777089,-0.43962428585261937,0.0
2018-10-10,1.0,-0.4286175397824473,-0.6184435621832737,-0.2290113295245473,-0.5119912204254221,-0.4397211193957587,0.0
2018-10-11,1.0,-0.39549981091642505,-0.6154355225009454,-0.18501827807891089,-0.5036241018530191,-0.4518152023194252,0.0
2018-10-12,1.0,-0.3993818681318681,-0.6096403596403597,-0.18353521478521478,-0.49175824175824173,-0.43756243756243757,0.0
2018-10-15,1.0,-0.3974171007892192,-0.6127522849923573,-0.17999188944692265,-0.49174907196556134,-0.4375331440870948,0.0
2018-10-16,1.0,-0.3989823312730224,-0.6085721420990198,-0.18364862333770368,-0.49222700880314657,-0.43825310607479545,0.0
2018-10-17,1.0,-0.393913097378045,-0.5960763652141573,-0.18028265046798486,-0.48980350833694913,-0.4391929585322011,0.0
2018-10-18,1.0,-0.3942531229658101,-0.5967576950497504,-0.17987663122655836,-0.4895384520008679,-0.4392920244257773,0.0
2018-10-19,1.0,-0.38661984845684716,-0.5882153637651697,-0.17273455307090493,-0.49297726852707446,-0.43959834904207484,0.0
2018-10-22,1.0,-0.3862081715659087,-0.5897269982128551,-0.17470881863560733,-0.491803783817095,-0.43880569421334814,0.0
2018-10-23,1.0,-0.3855001850252868,-0.5908165782656963,-0.1721968669051437,-0.49457259158751693,-0.4406685580362649,0.0
2018-10-24,1.0,-0.38592382595833846,-0.5894860101072353,-0.16938863552323433,-0.49528534450881306,-0.441421175890546,0.0
2018-10-25,1.0,-0.36551246954062755,-0.5576547035287748,-0.16759423603381368,-0.49839054180078823,-0.4191811317349057,0.0
2018-10-26,1.0,-0.35627518280853604,-0.5505148485300702,-0.15394717206387107,-0.508222653335323,-0.41563945679749287,0.0
2018-10-29,1.0,-0.3448511701210265,-0.5597549733860656,-0.1437747182491302,-0.5032858544708437,-0.4219572392875197,0.0
2018-10-30,1.0,-0.34417650382087955,-0.5598108887633433,-0.143349885522286,-0.5033748624780708,-0.4227349766584401,0.0
2018-10-31,1.0,-0.34661778618732264,-0.5452932828760644,-0.14510406811731316,-0.500946073793756,-0.418519394512772,0.0
2018-11-01,1.0,-0.34166371263145456,-0.5514297530426563,-0.13978494623655915,-0.5018019614793808,-0.4193843790617985,0.0
2018-11-02,1.0,-0.3478478184170293,-0.5308126543572858,-0.13556979889450782,-0.5094084440785606,-0.4165000588027755,0.0
2018-11-05,1.0,-0.35167231471931637,-0.523972299985266,-0.13484602917341978,-0.5107705908354208,-0.4255488433770444,0.0
2018-11-06,1.0,-0.34421233282045216,-0.5213338856669429,-0.1379453189726595,-0.5189667416262279,-0.4364717718073145,0.0
2018-11-07,1.0,-0.34375554635271843,-0.5210909306040348,-0.13864402768739276,-0.5183991007513459,-0.4361651777790924,0.0
2018-11-08,1.0,-0.3307861866274798,-0.5244085231447465,-0.12511388684790595,-0.51565025716385,-0.44308596620132257,0.0
2018-11-09,1.0,-0.3300714096799789,-0.5241999471039408,-0.1257163008022569,-0.5159128978224455,-0.4427987892679774,0.0
2018-11-12,1.0,-0.3299168893718246,-0.5228333969633785,-0.12540013509148043,-0.5162843969340108,-0.4423364952571144,0.0
2018-11-13,1.0,-0.3228971962616823,-0.5209404205607477,-0.1173481308411215,-0.5187792056074767,-0.4405665887850468,0.0
2018-11-14,1.0,-0.3228679906542056,-0.5209696261682244,-0.1173481308411215,-0.5187792056074767,-0.4405665887850468,0.0
2018-11-15,1.0,-0.3232402788716782,-0.5218634228873137,-0.11598261427612962,-0.5215717161109652,-0.434409731338059,0.0
2018-11-16,1.0,-0.32268687163048226,-0.5196269852834038,-0.11575112924377094,-0.5208800815969693,-0.43526154742823836,0.0
2018-11-19,1.0,-0.3226446473900738,-0.5222186560849649,-0.11067020686838036,-0.5246403874770228,-0.437574767309544,0.0
2018-11-20,1.0,-0.31521359562332674,-0.5208066581306018,-0.10193807472936794,-0.528081713421022,-0.4439529740426027,0.0
2018-11-21,1.0,-0.31794412503972497,-0.5149221390806923,-0.10715627076531939,-0.5245428018374599,-0.4245514691012047,0.0
2018-11-23,1.0,-0.31810035842293904,-0.5169094693028096,-0.10657301422129727,-0.5241935483870969,-0.4247311827956989,0.0
2018-11-26,1.0,-0.3184938450398262,-0.5286314265025344,-0.1026212889210717,-0.52362056480811,-0.4231136857349746,0.0
2018-11-27,1.0,-0.3160997601364044,-0.5378146403491026,-0.08762246048030517,-0.5256191659682686,-0.4227668121261162,0.0
2018-11-28,1.0,-0.31543624161073824,-0.5461987965748669,-0.08554154130988197,-0.5236924323073363,-0.42197986577181207,0.0
2018-11-29,1.0,-0.3010218726677766,-0.5410471324415868,-0.07144497387909753,-0.5270681439807107,-0.42984671909983346,0.0
2018-11-30,1.0,-0.3018082663605052,-0.5415614236509759,-0.0703788748564868,-0.5283869115958668,-0.42812858783008034,0.0
2018-12-03,1.0,-0.301926334223294,-0.5441391783653432,-0.06447908592426722,-0.5308184767318348,-0.4294777940458761,0.0
2018-12-04,1.0,-0.2968033913840514,-0.5454857928505958,-0.06645279560036664,-0.5278987167736022,-0.42770394133822187,0.0
2018-12-06,1.0,-0.28629315924247967,-0.5127894870135352,-0.08636069448743562,-0.520133944902496,-0.4083912541857782,0.0
2018-12-07,1.0,-0.28320978607063335,-0.5156007779249697,-0.0819357930043124,-0.5235491417458215,-0.4142450463654556,0.0
2018-12-10,1.0,-0.27348081769812377,-0.5171660599271913,-0.07902548305796696,-0.5243909269112295,-0.40627275273032765,0.0
2018-12-11,1.0,-0.2645645392462693,-0.5261782311778097,-0.06969620324312172,-0.5264592642554029,-0.4234044347019644,0.0
2018-12-12,1.0,-0.2648455723238625,-0.5260096113312537,-0.0700334429362336,-0.5264311609476435,-0.42298288508557463,0.0
2018-12-13,1.0,-0.264225130595967,-0.5241251474470595,-0.0712239510194911,-0.5270740886367467,-0.42186710105038483,0.0
2018-12-14,1.0,-0.2640947051711048,-0.5307482495852431,-0.06813260973483677,-0.5256868093242978,-0.4232770013778365,0.0
2018-12-17,1.0,-0.25698183041722744,-0.5317126514131897,-0.06118214445939883,-0.5192911619560341,-0.43478017048003587,0.0
2018-12-18,1.0,-0.25329351345316514,-0.526292285363403,-0.056854973763536897,-0.5183934353019984,-0.4362509768895836,0.0
2018-12-19,1.0,-0.2464221824686941,-0.5294331395348837,-0.056965563506261176,-0.5233955724508049,-0.438953488372093,0.0
2018-12-20,1.0,-0.24288023184528784,-0.5229894666443738,-0.0638410522209218,-0.5217912277768489,-0.4351000390124282,0.0
2018-12-21,1.0,-0.24171826840307667,-0.523088884569461,-0.06250520645322521,-0.523088884569461,-0.4263738094576958,0.0
2018-12-24,1.0,-0.23270475031797822,-0.5141569429851242,-0.06630536968423381,-0.5197422993972239,-0.43211856439750046,0.0
2018-12-26,1.0,-0.2348153647337018,-0.5172812010228491,-0.063653111166103,-0.5087574582749045,-0.42511479556765375,0.0
2018-12-27,1.0,-0.20505339792832097,-0.498327132571398,-0.06600465726292123,-0.47102593613661303,-0.43620352774283344,0.0
2018-12-28,1.0,-0.20472061657032753,-0.4986619567544423,-0.06585848854634982,-0.47093770070648683,-0.43588096767287515,0.0
2018-12-31,1.0,-0.2050417469492614,-0.49826054378077494,-0.06588524941126096,-0.4709109398415756,-0.43598801113251984,0.0
2019-01-02,1.0,-0.2049114547108234,-0.4982611952276497,-0.06473703921673533,-0.47076132898186296,-0.43641324701728107,0.0
2019-01-03,1.0,-0.20797987636811258,-0.49257405871176646,-0.0843479889748187,-0.4774010543498622,-0.4136851400893789,0.0
2019-01-04,1.0,-0.19164134548749934,-0.49869396023242174,-0.08318673703289088,-0.4725198571352417,-0.4193187270110347,0.0
2019-01-07,1.0,-0.16394991731632413,-0.4767042024306376,-0.10885371551565741,-0.4700632595742447,-0.4053075045279156,0.0
2019-01-08,1.0,-0.16323196120803246,-0.48753491804142723,-0.10520212934169608,-0.46921941706635745,-0.41013545564749904,0.0
2019-01-09,1.0,-0.16207749815731284,-0.48209961040328525,-0.10495419606191429,-0.4695166894808887,-0.41378856480994,0.0
2019-01-10,1.0,-0.16232006105423827,-0.4812758230479749,-0.10513434564067475,-0.469670254480381,-0.4132477170451854,0.0
2019-01-11,1.0,-0.16409607424398215,-0.4799230140525719,-0.10332463286667194,-0.47190803870389414,-0.4172796540905376,0.0
2019-01-14,1.0,-0.16613064796752255,-0.47840986977381766,-0.10602625612906627,-0.47145041387673325,-0.4141403490272578,0.0
2019-01-15,1.0,-0.16556168942655644,-0.4812858237143084,-0.10768905676325313,-0.4712221664597586,-0.41559470667476694,0.0
2019-01-16,1.0,-0.16170763260025872,-0.48216595823322855,-0.1048393484172453,-0.46938775510204084,-0.42199751828286297,0.0
2019-01-17,1.0,-0.1633057065934646,-0.4765348677611783,-0.10861531964313995,-0.46882753523729087,-0.42218761547801303,0.0
2019-01-18,1.0,-0.16113379646815507,-0.4726361563345177,-0.11253115553905711,-0.4700376518003925,-0.43519647876120277,0.0
2019-01-22,1.0,-0.04777412929967163,-0.5295795876621628,-0.041206868708618186,-0.6288690315982128,-0.44409753996877865,0.0
2019-01-23,1.0,-0.04081137869726847,-0.4938580895425893,-0.062254188890684764,-0.6236732934647918,-0.4732234254619902,0.0
2019-01-24,1.0,-0.036000861651139,-0.49439926759653186,-0.06753190801874091,-0.6209542786364372,-0.4738004200549303,0.0
2019-01-25,1.0,-0.0,-0.4919249236141423,-0.02092426887821912,-0.7436163247490178,-0.47160082933216935,0.0
2019-01-28,1.0,-0.0,-0.48362356023800424,-0.029859708499372237,-0.7466564768819259,-0.469266881379988,0.0
2019-01-29,1.0,-0.0,-0.47742993848257004,-0.030922761449077237,-0.7504032809295966,-0.4753793574846206,0.0
2019-01-30,1.0,-0.0,-0.4734670455787518,-0.03257186577768062,-0.7442616679418516,-0.48223849601049296,0.0
2019-01-31,1.0,-0.0,-0.46199766640436324,-0.03299595690988522,-0.7492741432176484,-0.4692155319784006,0.0
2019-02-01,1.0,-0.0,-0.46276045916979486,-0.030221424296828246,-0.767885316359284,-0.45930580490724116,0.0
2019-02-04,1.0,-0.0,-0.4587298134957316,-0.0332499592191833,-0.7647218748300799,-0.46201946604317334,0.0
2019-02-05,1.0,-0.0,-0.45157167718077007,-0.027001305199042855,-0.7577224276702198,-0.4828692625625408,0.0
2019-02-06,1.0,-0.0,-0.4623221785665899,-0.03197398726459829,-0.7421216637312018,-0.47324210811543155,0.0
2019-02-07,1.0,-0.0,-0.4625931445603577,-0.03305785123966942,-0.7333694621325024,-0.48063947974529203,0.0
2019-02-08,1.0,-0.0,-0.4623664660267881,-0.03142454313757388,-0.7351282468412775,-0.4824304538799415,0.0
2019-02-11,1.0,-0.0,-0.4605323854231677,-0.032561799582123574,-0.7378503785309201,-0.48253873497408617,0.0
2019-02-12,1.0,-0.0,-0.47546964334331604,-0.025047644976858154,-0.73912333242581,-0.4829567111353117,0.0
2019-02-13,1.0,-0.0,-0.5113495883637129,-0.05076409163839134,-0.6521213077671691,-0.41605513032957203,0.0
2019-02-14,1.0,-0.0,-0.512850221192332,-0.04758268380029492,-0.6495681483041922,-0.42326732673267325,0.0
2019-02-15,1.0,-0.0,-0.5418049628575944,-0.036194088825667776,-0.6441178020125388,-0.4121226489647542,0.0
2019-02-19,1.0,-0.0,-0.5437635603534953,-0.031539397788008676,-0.6541779118378578,-0.41644176324284277,0.0
2019-02-20,1.0,-0.0,-0.5436651763274161,-0.03248763194793513,-0.6554141643958835,-0.41400566152543716,0.0
2019-02-21,1.0,-0.0,-0.5347126680071965,-0.029368187109747063,-0.659143824743359,-0.4225579426394327,0.0
2019-02-22,1.0,-0.0,-0.5320994182971973,-0.03918561607615019,-0.657297726070862,-0.41549444738233743,0.0
2019-02-25,1.0,-0.0,-0.5279163696840105,-0.039096116786779656,-0.6553945249597424,-0.41743882157282014,0.0
2019-02-26,1.0,-0.0,-0.5279442435122362,-0.03904538134586446,-0.6545315346234061,-0.41849045645344385,0.0
2019-02-27,1.0,-0.0,-0.5308110676945823,-0.037965994297180276,-0.651705565529623,-0.4197380927236245,0.0
2019-02-28,1.0,-0.0,-0.5333474206925698,-0.036794421405742364,-0.6545339285242611,-0.41670408621463856,0.0
2019-03-01,1.0,-0.0,-0.5352231859530358,-0.031097947958536067,-0.6558863972921515,-0.4221757986037656,0.0
2019-03-04,1.0,-0.0,-0.7061456415465684,-0.0,-0.909783505809155,-0.5584724779379087,0.0
2019-03-05,1.0,-0.0,-0.6993124960213889,-0.0,-0.9193137691769049,-0.5642306957794895,0.0
2019-03-06,1.0,-0.0,-0.6979823053911272,-0.0,-0.9218063776971549,-0.5626631022850233,0.0
2019-03-07,1.0,-0.0,-0.6881867259447444,-0.0,-0.9348046999047317,-0.5526198793267704,0.0
2019-03-08,1.0,-0.0,-0.6846901579586876,-0.0,-0.9610539105966617,-0.5518002174330114,0.0
2019-03-11,1.0,-0.0,-0.6841715261445278,-0.0,-0.9598569541544507,-0.5777247978349819,0.0
2019-03-12,1.0,-0.0,-0.6553101656381942,-0.0,-0.9773303020461189,-0.6151672620980838,0.0
2019-03-13,1.0,-0.0,-0.6655463830064933,-0.0,-0.9806180050249617,-0.6167977289783665,0.0
2019-03-14,1.0,-0.0,-0.6689922733348548,-0.0,-0.9752225083950053,-0.6159814820852215,0.0
2019-03-15,1.0,-0.0,-0.6598966509680796,-0.0,-0.9837454212454213,-0.6268969126111983,0.0
2019-03-18,1.0,-0.0,-0.6781237630294235,-0.0,-0.987234463649558,-0.6331969916875577,0.0
2019-03-19,1.0,-0.0,-0.6805849655902594,-0.0,-0.9825304393859184,-0.6454804129168873,0.0
2019-03-20,1.0,-0.0,-0.6825265251989391,-0.0,-0.9800729442970824,-0.6530503978779841,0.0
2019-03-21,1.0,-0.0,-0.6863439330267033,-0.0,-0.9883855597101355,-0.6342278548029516,0.0
2019-03-22,1.0,-0.0,-0.6814671814671815,-0.0,-1.0147117560910666,-0.6322726667554254,0.0
2019-03-25,1.0,-0.0,-0.6346668428528957,-0.0,-1.036206270027419,-0.6326186779425854,0.0
2019-03-26,1.0,-0.0,-0.6436960849369608,-0.0,-1.035965494359655,-0.6381884538818845,0.0
2019-03-27,1.0,-0.0,-0.6409993041980053,-0.0,-1.03962758026573,-0.6327490805473642,0.0
2019-03-28,1.0,-0.0,-0.6382229895743409,-0.0,-1.042167474599907,-0.6398831263696129,0.0
2019-03-29,1.0,-0.0,-0.6321831453218314,-0.0,-1.0434638354346384,-0.6422030524220306,0.0
2019-04-01,1.0,-0.0,-0.6307286407608873,-0.0,-1.0233217159050194,-0.603139962867659,0.0
2019-04-02,1.0,-0.0,-0.6362484980352678,-0.027343876855129415,-1.0165297307829704,-0.5674016822005001,0.0
2019-04-03,1.0,-0.0,-0.6367533859495275,-0.026762804897853133,-1.020851602845172,-0.5635454220663224,0.0
2019-04-04,1.0,-0.0,-0.6330773735927637,-0.02921845513112514,-1.0331554630051407,-0.5582742239864645,0.0
2019-04-05,1.0,-0.0,-0.6266162915675992,-0.03432889294205778,-1.0357294075497507,-0.5603035533986906,0.0
2019-04-08,1.0,-0.0,-0.6243489583333334,-0.036328125,-1.0358723958333333,-0.55869140625,0.0
2019-04-09,1.0,-0.0,-0.6150259236312648,-0.04509733589852284,-1.0471842697361984,-0.5534939837610461,0.0
2019-04-10,1.0,-0.0,-0.6083287171299162,-0.04917071263319105,-1.0469875199582912,-0.5540095799797974,0.0
2019-04-11,1.0,-0.0,-0.59158738433468,-0.06604326860419653,-1.0566271341066074,-0.5438876580216342,0.0
2019-04-12,1.0,-0.0,-0.591990354535975,-0.06742049009384776,-1.0563412408759125,-0.5428832116788321,0.0
2019-04-15,1.0,-0.0,-0.5917065390749602,-0.06825505321745923,-1.0536405949939784,-0.541288285649188,0.0
2019-04-16,1.0,-0.0,-0.5945849197826157,-0.07159360864330111,-1.049106707019428,-0.5389697028865241,0.0
2019-04-17,1.0,-0.0,-0.5870118015257221,-0.09343417878333442,-1.0611918888961336,-0.5184521092782161,0.0
2019-04-18,1.0,-0.0,-0.6054346046816174,-0.10518906531347193,-1.058307415288918,-0.5049271566541169,0.0
2019-04-22,1.0,-0.0,-0.6036595381229263,-0.10052232186853256,-1.0671791334056042,-0.5136822049209947,0.0
2019-04-23,1.0,-0.0,-0.6050064058342367,-0.10157353569199434,-1.0663907230380079,-0.5120725337538188,0.0
2019-04-24,1.0,-0.0,-0.5935132653395861,-0.10969730757878858,-1.056537565998754,-0.5196602498934182,0.0
2019-04-25,1.0,-0.0,-0.6141643414741198,-0.09508731228642192,-0.9636956453584977,-0.4621437752766719,0.0
2019-04-26,1.0,-0.0,-0.5972274613353451,-0.1174399597636112,-0.9867660002514774,-0.44206588708663397,0.0
2019-04-29,1.0,-0.0,-0.5960706899793194,-0.12220342169580749,-0.9776273735664599,-0.43751958388168205,0.0
2019-04-30,1.0,-0.0,-0.5951746827510576,-0.12780824063919788,-0.9801347328842237,-0.43020523264922456,0.0
2019-05-01,1.0,-0.0,-0.5906313645621182,-0.13542221525928247,-0.971048096506345,-0.4362212125959581,0.0
2019-05-02,1.0,-0.0,-0.5827374074883677,-0.1386503450644849,-0.974268494519564,-0.42709927239796397,0.0
2019-05-03,1.0,-0.0,-0.606369704909851,-0.13353921018154596,-0.9597916276748395,-0.4196768357352299,0.0
2019-05-06,1.0,-0.0,-0.5866114776546745,-0.13541018299514504,-0.9549047678326902,-0.43520478028133947,0.0
2019-05-07,1.0,-0.0,-0.5839381950718046,-0.1370985327559889,-0.9562318930874427,-0.4378991308681972,0.0
2019-05-08,1.0,-0.0,-0.5783229813664597,-0.15413043478260868,-0.9263664596273292,-0.44680124223602485,0.0
2019-05-09,1.0,-0.0,-0.5777757078986587,-0.15620342771982118,-0.9277508693492301,-0.44308867362146054,0.0
2019-05-10,1.0,-0.0,-0.5807537435510255,-0.16094123568642255,-0.9598590663143325,-0.44428715238454763,0.0
2019-05-13,1.0,-0.0,-0.5812519660270525,-0.1586033343818811,-0.9612771311733248,-0.4445423089021705,0.0
2019-05-14,1.0,-0.0,-0.5587783387162522,-0.18221441786083847,-0.94512558402057,-0.44956257251262105,0.0
2019-05-15,1.0,-0.0,-0.5512751973332495,-0.20116984810843108,-0.9579232051322368,-0.4343847290795308,0.0
2019-05-16,1.0,-0.0,-0.5516243670786553,-0.2019687391892317,-0.9570085228166181,-0.43434915243576444,0.0
2019-05-17,1.0,-0.0,-0.54673721340388,-0.20827034517510704,-0.9548374905517762,-0.43956286218190976,0.0
2019-05-20,1.0,-0.0,-0.5395146822774053,-0.21395524501935603,-0.9539231422906241,-0.43993327668145904,0.0
2019-05-21,1.0,-0.0,-0.5448141392540412,-0.21718347065853197,-0.9451852317755833,-0.43770048430718916,0.0
2019-05-22,1.0,-0.0,-0.5374094174483169,-0.22530351036797688,-0.9435643253756627,-0.43078081375286253,0.0
2019-05-23,1.0,-0.0,-0.5345703002570049,-0.24080110324076973,-0.9459035918009152,-0.41296307904469376,0.0
2019-05-24,1.0,-0.0,-0.5107214303575894,-0.2567829457364341,-0.9413290822705677,-0.41694798699674923,0.0
2019-05-28,1.0,-0.0,-0.5023915965861132,-0.2596992528214587,-0.9444461812611373,-0.4197330165379685,0.0
2019-05-29,1.0,-0.0,-0.5065255401523667,-0.260147371050331,-0.9445797427251156,-0.4110153615586362,0.0
2019-05-30,1.0,-0.0,-0.5048374009113039,-0.25791149116784223,-0.9444479121153486,-0.41370700954996575,0.0
2019-05-31,1.0,-0.0,-0.5058518772822322,-0.25417433912799225,-0.9429480977497582,-0.4179956930183203,0.0
2019-06-03,1.0,-0.0,-0.5106892051457337,-0.27453234727487413,-0.9399042943260209,-0.3821701572307501,0.0
2019-06-04,1.0,-0.0,-0.5170796844916465,-0.27377181541519163,-0.9318986398360352,-0.3826470405564872,0.0
2019-06-05,1.0,-0.0,-0.5109340879033002,-0.29136037892535294,-0.9378710054439763,-0.33549657060252824,0.0
2019-06-06,1.0,-0.0,-0.5370153846153846,-0.2672307692307692,-0.9144615384615384,-0.3582153846153846,0.0
2019-06-07,1.0,-0.0,-0.5485208736521979,-0.2734003010475225,-0.896015728197094,-0.3540073111541179,0.0
2019-06-10,1.0,-0.0,-0.5493770330816916,-0.2670165101577365,-0.8948628245258702,-0.35754618547842637,0.0
2019-06-11,1.0,-0.0,-0.5491971878549718,-0.2696712000736806,-0.8972461854910508,-0.353882049550241,0.0
2019-06-12,1.0,-0.0,-0.5459273163676648,-0.26411668769424873,-0.9028217989352864,-0.364341323814506,0.0
2019-06-13,1.0,-0.0,-0.550641676668821,-0.2702735973902071,-0.8964392330655833,-0.36023143446280737,0.0
2019-06-14,1.0,-0.0,-0.5465867158671587,-0.2718327183271833,-0.8988314883148832,-0.3578105781057811,0.0
2019-06-17,1.0,-0.0,-0.5427095504581514,-0.2725232150544247,-0.9028965008302072,-0.35668163089600885,0.0
2019-06-18,1.0,-0.0,-0.5530226119058607,-0.2710044608521766,-0.9013074911552069,-0.3510844485463775,0.0
2019-06-19,1.0,-0.0,-0.534977275518978,-0.2847623142120133,-0.8952217172337551,-0.3559145068173443,0.0
2019-06-20,1.0,-0.0,-0.5387949584998464,-0.28038733476790656,-0.8970488779588074,-0.35782354749462036,0.0
2019-06-21,1.0,-0.0,-0.5429511018225406,-0.2795279220579648,-0.890125088360943,-0.36078925530934014,0.0
2019-06-24,1.0,-0.0,-0.5457118247815923,-0.2824535498954104,-0.8866432878060785,-0.3613572043804602,0.0
2019-06-25,1.0,-0.0,-0.5461398812271147,-0.2818855964798917,-0.8868888273485338,-0.36213421951444663,0.0
2019-06-26,1.0,-0.0,-0.5463920699421253,-0.2750277059475434,-0.8723063662110577,-0.38471247383327173,0.0
2019-06-27,1.0,-0.0,-0.5403872240720188,-0.27691453940066596,-0.8710383524478975,-0.39468491799235417,0.0
2019-06-28,1.0,-0.0,-0.5354139067747004,-0.27976832311531474,-0.8718999353029976,-0.3937274715795311,0.0
2019-07-01,1.0,-0.0,-0.5340807589244463,-0.28062340222379645,-0.8694674592663318,-0.39587889241383556,0.0
2019-07-02,1.0,-0.0,-0.5366882117574638,-0.27848568790397044,-0.8674053554939981,-0.39526008002462293,0.0
2019-07-03,1.0,-0.0,-0.5382152861144458,-0.2772801428263613,-0.8664696647889926,-0.39615846338535415,0.0
2019-07-05,1.0,-0.0,-0.524741506646972,-0.28363490891186605,-0.8689069423929098,-0.40004923682914817,0.0
2019-07-08,1.0,-0.0,-0.5175839091806516,-0.28954837117472854,-0.8757712240868706,-0.40202369200394866,0.0
2019-07-09,1.0,-0.0,-0.5176688251618872,-0.28889916743755784,-0.8768115942028986,-0.4002158495220475,0.0
2019-07-10,1.0,-0.0,-0.5161529433566001,-0.28578046821916114,-0.8796713818024585,-0.40691210080919143,0.0
2019-07-11,1.0,-0.0,-0.517143386668314,-0.2862791128683511,-0.8787298449372953,-0.40677704330635694,0.0
2019-07-12,1.0,-0.0,-0.5003098469356138,-0.28856045113713824,-0.8914296337609221,-0.4181384396108322,0.0
2019-07-15,1.0,-0.0,-0.5019673451683861,-0.29547355702202804,-0.896799578647334,-0.4039408866995074,0.0
2019-07-16,1.0,-0.0,-0.4957044939986974,-0.3017399125391558,-0.8979623484167106,-0.40604162143721123,0.0
2019-07-17,1.0,-0.0,-0.49686569016881826,-0.3016385302879841,-0.8993917576961271,-0.405350049652433,0.0
2019-07-18,1.0,-0.0,-0.49687383929676865,-0.2980066856506129,-0.9027175931657795,-0.39761049894762907,0.0
2019-07-19,1.0,-0.0,-0.4987773547528399,-0.3034945986937815,-0.8964930200885256,-0.39653944965487353,0.0
2019-07-22,1.0,-0.0,-0.49026669564407466,-0.2928374056940607,-0.8977925424570772,-0.4238256387966096,0.0
2019-07-23,1.0,-0.0,-0.49313323390504593,-0.2885906040268456,-0.8978685060899826,-0.42757270693512306,0.0
2019-07-24,1.0,-0.0,-0.4920561181826628,-0.29211186472173184,-0.8904270804298677,-0.4224658552448202,0.0
2019-07-25,1.0,-0.0,-0.49911985423550853,-0.284426052314629,-0.8866928136870387,-0.4179920323646583,0.0
2019-07-26,1.0,-0.0,-0.49458149371700266,-0.28376918089474823,-0.8899317669579178,-0.4191855259501683,0.0
2019-07-29,1.0,-0.0,-0.48572576160168074,-0.282858555274053,-0.8928196255329667,-0.4282580485694865,0.0
2019-07-30,1.0,-0.0,-0.49030325489469456,-0.2847260823914521,-0.8856154653820023,-0.42752146254091783,0.0
2019-07-31,1.0,-0.0,-0.491702462993294,-0.2851447819771934,-0.8844525479773788,-0.429030563367224,0.0
2019-08-01,1.0,-0.0,-0.4959377220351549,-0.28559513144481175,-0.8815915479904853,-0.4260603626702913,0.0
2019-08-02,1.0,-0.0,-0.4912941467028896,-0.2860274141763398,-0.8738268708323044,-0.4360335885403804,0.0
2019-08-05,1.0,-0.0,-0.4691293903784977,-0.2595273647990651,-1.02252807894566,-0.4949360514185548,0.0
2019-08-06,1.0,-0.0,-0.4693943298969072,-0.2652061855670103,-0.9904961340206185,-0.49655283505154635,0.0
2019-08-07,1.0,-0.0,-0.47612007456450467,-0.2528765186089863,-0.9837693642733173,-0.5012213151635919,0.0
2019-08-08,1.0,-0.0,-0.4726676736189221,-0.24848153742327345,-0.9864704180994313,-0.5060899186939615,0.0
2019-08-09,1.0,-0.0,-0.46865088264505167,-0.24887066286483195,-0.981578188575273,-0.5046294813058662,0.0
2019-08-12,1.0,-0.0,-0.4680360175601627,-0.2523472297881885,-0.983176851347454,-0.5008491684557951,0.0
2019-08-13,1.0,-0.0,-0.4699111082688495,-0.24844919102129565,-0.9853232717273133,-0.49386071497090234,0.0
2019-08-14,1.0,-0.0,-0.47326271456831087,-0.24708059472911748,-0.9801225193031716,-0.4901410248229214,0.0
2019-08-15,1.0,-0.0,-0.4880592312539382,-0.2595778197857593,-0.9559546313799622,-0.4469754253308128,0.0
2019-08-16,1.0,-0.0,-0.4803405328708813,-0.26466971464606653,-0.9622260759892796,-0.4458458142834621,0.0
2019-08-19,1.0,-0.0,-0.47603170608958234,-0.26660795168595874,-0.9631668344237544,-0.43963890286864626,0.0
2019-08-20,1.0,-0.0,-0.480947897049592,-0.2659447583176397,-0.9618016321406151,-0.4300376647834275,0.0
2019-08-21,1.0,-0.0,-0.496311642653106,-0.23661989515648052,-0.9833631540948613,-0.4227328373669837,0.0
2019-08-22,1.0,-0.0,-0.49888655396292697,-0.22999717717906096,-0.9818084872816234,-0.4257441269642129,0.0
2019-08-23,1.0,-0.0,-0.5022576194656967,-0.2297441364605544,-0.9825348049667629,-0.42104603035243954,0.0
2019-08-26,1.0,-0.0,-0.494682665178433,-0.23445881003317523,-0.9724366725575915,-0.39887762378693453,0.0
2019-08-27,1.0,-0.0,-0.49199566496361663,-0.232296021055891,-0.9695928162254219,-0.4025700572844093,0.0
2019-08-28,1.0,-0.0,-0.47942323163562095,-0.24190853394393216,-0.9746271427687355,-0.39829197351321244,0.0
2019-08-29,1.0,-0.0,-0.4710649222108812,-0.2490179703689957,-0.9809161485880424,-0.3920076706566453,0.0
2019-08-30,1.0,-0.0,-0.46166188404455555,-0.2533555493844303,-0.9868555031009905,-0.38368971581967976,0.0
2019-09-03,1.0,-0.0,-0.44950361563917146,-0.23434244392695186,-0.9878968010785635,-0.3923581321240348,0.0
2019-09-04,1.0,-0.0,-0.44678373325978366,-0.23514449449909597,-0.9901014372835647,-0.3925408354019185,0.0
2019-09-05,1.0,-0.0,-0.4564858418445355,-0.23243226713962448,-0.9937312702586998,-0.37529814690233015,0.0
2019-09-06,1.0,-0.0,-0.4523896722212049,-0.23939449429286452,-1.0010071415491668,-0.3591527803210645,0.0
2019-09-09,1.0,-0.0,-0.458028083028083,-0.24081196581196582,-1.0011294261294261,-0.35250305250305247,0.0
2019-09-10,1.0,-0.0,-0.45234919672628066,-0.23761745983631402,-1.005213701121552,-0.3360412246135192,0.0
2019-09-11,1.0,-0.0,-0.4157519796985354,-0.31185984651603627,-1.0398691411624423,-0.2899379337756443,0.0
2019-09-12,1.0,-0.0,-0.4044614209320092,-0.31578304048892286,-1.0427807486631016,-0.292742551566081,0.0
2019-09-13,1.0,-0.0,-0.4054360482931912,-0.3305754734326163,-1.0492737635594778,-0.2789728504014218,0.0
2019-09-16,1.0,-0.0,-0.404817357195391,-0.33221990683991176,-1.0484493748467762,-0.2790205932826673,0.0
2019-09-17,1.0,-0.0,-0.3837551320546602,-0.3361112813285128,-1.0548134076842943,-0.28926404804215944,0.0
2019-09-18,1.0,-0.0,-0.37166840267140494,-0.3376324980087005,-1.0593407266711599,-0.29489614606948106,0.0
2019-09-19,1.0,-0.0,-0.3703045529750597,-0.338654329309394,-1.0610637906734481,-0.29389055701942524,0.0
2019-09-20,1.0,-0.0,-0.37010359835713846,-0.34411205786795807,-1.0545577147060625,-0.2962974314963526,0.0
2019-09-23,1.0,-0.0,-0.37405189620758483,-0.3483494549362813,-1.0453554429602334,-0.3030554276063258,0.0
2019-09-24,1.0,-0.0,-0.37035561005518086,-0.3286940527283875,-1.056253832004905,-0.31030042918454936,0.0
2019-09-25,1.0,-0.0,-0.3604287901990812,-0.3306891271056661,-1.0653905053598773,-0.3062787136294028,0.0
2019-09-26,1.0,-0.0,-0.34292803970223323,-0.3827233250620347,-1.097487593052109,-0.27859801488833746,0.0
2019-09-27,1.0,-0.0,-0.3355700508723199,-0.3810430386067851,-1.109734402796417,-0.29465372491495273,0.0
2019-09-30,1.0,-0.0,-0.3283194696353743,-0.39183188442053907,-1.1094189755456876,-0.2975483144661955,0.0
2019-10-01,1.0,-0.0,-0.33635454431803974,-0.38698587323415423,-1.1093574196774596,-0.29269283660457557,0.0
2019-10-02,1.0,-0.0,-0.3378602497105485,-0.3966580091998623,-1.1129955878211346,-0.28165973026254026,0.0
2019-10-03,1.0,-0.0,-0.38244718912360387,-0.38745605575086334,-1.1028528762094392,-0.23834116292816476,0.0
2019-10-04,1.0,-0.0,-0.3890693316677077,-0.40646470955652714,-1.0881011867582762,-0.23944409743910058,0.0
2019-10-07,1.0,-0.0,-0.3890100984914599,-0.3974878444084279,-1.0904189003864855,-0.23990150854008227,0.0
2019-10-08,1.0,-0.0,-0.39123528312464956,-0.3995514857036068,-1.0847505139226312,-0.23914533109076186,0.0
2019-10-09,1.0,-0.0,-0.38894652456851836,-0.41205319249269073,-1.0946901820239556,-0.24801156905278382,0.0
2019-10-10,1.0,-0.0,-0.40728466269398683,-0.44998566011280716,-1.060354991874064,-0.26898441732258377,0.0
2019-10-11,1.0,-0.0,-0.4164558178266022,-0.495339973737309,-1.0182237453159528,-0.2727476539730327,0.0
2019-10-14,1.0,-0.0,-0.39922817173178965,-0.5183148416144074,-1.0321595111754303,-0.2662485930213861,0.0
2019-10-15,1.0,-0.0,-0.3991892674452273,-0.5228259820480649,-1.031078081266287,-0.2640671749831097,0.0
2019-10-16,1.0,-0.0,-0.4127449716348633,-0.5332323362558019,-1.0217895822588963,-0.2555440948942754,0.0
2019-10-17,1.0,-0.0,-0.4069203928663737,-0.5440682346859653,-1.0234233652106486,-0.256397001809253,0.0
2019-10-18,1.0,-0.0,-0.4418604651162791,-0.5618967415948695,-0.9868821662240073,-0.24836431949212928,0.0
2019-10-21,1.0,-0.0,-0.45340270147999734,-0.5572933497059394,-0.9814515607832999,-0.23932010599108122,0.0
2019-10-22,1.0,-0.0,-0.4627846307449516,-0.5560243486102612,-0.9757158040516603,-0.226158652452575,0.0
2019-10-23,1.0,-0.0,-0.4626707034269518,-0.5530791033238857,-0.9768745168770937,-0.2281950528214378,0.0
2019-10-24,1.0,-0.0,-0.45348799428144393,-0.5917405855021607,-0.9799850537739221,-0.22396594859797903,0.0
2019-10-25,1.0,-0.0,-0.45687911801161196,-0.5603431404527366,-1.0041750929610542,-0.24039402439819949,0.0
2019-10-28,1.0,-0.0,-0.45892804651010877,-0.563379821667701,-0.9979096580331189,-0.24594179704085967,0.0
2019-10-29,1.0,-0.0,-0.454707102637558,-0.5985709111264776,-0.9934801936184924,-0.24607329842931938,0.0
2019-10-30,1.0,-0.0,-0.4497445195318938,-0.5987143563540465,-0.9983187736937531,-0.24974451953189383,0.0
2019-10-31,1.0,-0.0,-0.4393358031225192,-0.6150105848107966,-0.995269912675311,-0.2581370732998148,0.0
2019-11-01,1.0,-0.0,-0.44503386381076304,-0.6304674206786107,-0.9930270576852501,-0.26784105695125615,0.0
2019-11-04,1.0,-0.0,-0.45973313465185595,-0.6274383635871038,-0.9974600379301003,-0.302018423191547,0.0
2019-11-05,1.0,-0.0,-0.4756301374535284,-0.6944302329547393,-0.9689279989085575,-0.27176915993042056,0.0
2019-11-06,1.0,-0.0,-0.46604376352581506,-0.6980522826423002,-0.9668166672391879,-0.3042149015835939,0.0
2019-11-07,1.0,-0.0,-0.4646426486245149,-0.6968781124429029,-0.9680942404780714,-0.3048047532369406,0.0
2019-11-08,1.0,-0.0,-0.4473024485730966,-0.7025996771867166,-0.972286136199732,-0.3120299460833133,0.0
2019-11-11,1.0,-0.0,-0.43077241951084705,-0.746200082907282,-0.9523628575376536,-0.3251347243332872,0.0
2019-11-12,1.0,-0.0,-0.41658317498704445,-0.7458282950423216,-0.9608567973743306,-0.33159440317844185,0.0
2019-11-13,1.0,-0.0,-0.4254240251792271,-0.8225563909774437,-0.9264207029200909,-0.3227137611470537,0.0
2019-11-14,1.0,-0.0,-0.424388708154056,-0.8209675726728932,-0.9225871899814599,-0.3301850491482142,0.0
2019-11-15,1.0,-0.0,-0.4215003325515455,-0.8334091784226556,-0.914271712115378,-0.3313613610109567,0.0
2019-11-18,1.0,-0.0,-0.41864870553567674,-0.8390865081035572,-0.9202273205640918,-0.33007086227460886,0.0
2019-11-19,1.0,-0.0,-0.45424286890232995,-0.8475716688736982,-0.9364732829891558,-0.3406821516767474,0.0
2019-11-20,1.0,-0.0,-0.46613716861650745,-0.8626524990161354,-0.9275160101606382,-0.32138385030947014,0.0
2019-11-21,1.0,-0.0,-0.4494993469743143,-0.9092294296909013,-0.917247133942824,-0.35194456537512697,0.0
2019-11-22,1.0,-0.0,-0.4467038135899848,-0.9196758086692235,-0.9185541645560459,-0.3332730298863883,0.0
2019-11-25,1.0,-0.0,-0.44666763152181777,-0.9194948983283885,-0.9185179824878789,-0.3335263043635574,0.0
2019-11-26,1.0,-0.0,-0.43874118285404234,-0.9216133116295896,-0.9195514559594864,-0.33734852595406045,0.0
2019-11-27,1.0,-0.0,-0.42723921058338754,-0.9233355020602906,-0.9245644473360803,-0.3394057688137063,0.0
2019-11-29,1.0,-0.0,-0.4247368612739921,-0.9546563717813309,-0.9442036639108424,-0.3184615944932076,0.0
2019-12-02,1.0,-0.0,-0.43498104457285874,-0.9932275755456587,-0.9365453273951931,-0.3159115168022379,0.0
2019-12-03,1.0,-0.0,-0.42687674452769203,-0.9819303657999118,-0.9385926252387248,-0.32532686939914796,0.0
2019-12-04,1.0,-0.0,-0.442711214367371,-0.9905225504296198,-0.9373455765755799,-0.3171442268687539,0.0
2019-12-05,1.0,-0.0,-0.43156798571853616,-1.017108003570366,-0.9245760190419517,-0.3458792026182684,0.0
2019-12-06,1.0,-0.0,-0.46222339106586013,-1.0306570988466017,-0.941653830258857,-0.32242551752639287,0.0
2019-12-09,1.0,-0.0,-0.4252811997857525,-1.067755757900375,-0.9807177289769684,-0.3520544800673349,0.0
2019-12-10,1.0,-0.0,-0.415786640162339,-1.2780883753675405,-1.1272621857787717,-0.3201639955273947,0.0
2019-12-11,1.0,-0.0,-0.4086927643322678,-1.2864793059072606,-1.1299348250238699,-0.3261654697164681,0.0
2019-12-12,1.0,-0.0,-0.412475601146227,-1.2872212301175299,-1.1295319573071971,-0.3237675983221895,0.0
2019-12-13,1.0,-0.0,-0.4066416040100251,-1.2987886382623224,-1.1368838763575606,-0.33483709273182954,0.0
2019-12-16,1.0,-0.0,-0.41084947091053575,-1.2756284244426785,-1.1313731230917228,-0.3646325651428332,0.0
2019-12-17,1.0,-0.0,-0.3794537580928697,-1.35098400720319,-1.1867684260172362,-0.37044977061269996,0.0
2019-12-18,1.0,-0.0,-0.40837557857615164,-1.4040555433105577,-1.2054220850782458,-0.3903460436411726,0.0
2019-12-19,1.0,-0.0,-0.40665311892560524,-1.409613005831419,-1.211565647640926,-0.38986570065382575,0.0
2019-12-20,1.0,-0.0,-0.4288307433479435,-1.4188249878248549,-1.2071988311860806,-0.3724708903351485,0.0
2019-12-23,1.0,-0.0,-0.42194318283017185,-1.4378395226645293,-1.2027339923412592,-0.39023955828657936,0.0
2019-12-24,1.0,-0.0,-0.4200899016422627,-1.4393163914726959,-1.2004094530241667,-0.390760603498153,0.0
2019-12-26,1.0,-0.0,-0.41768713541434743,-1.439105846729305,-1.2030547268112395,-0.39306229683394933,0.0
2019-12-27,1.0,-0.0,-0.42619514805565467,-1.446173742418837,-1.1943899393506958,-0.39270424545130217,0.0
2019-12-30,1.0,-0.0,-0.4283795280526575,-1.4740070747324585,-1.2108986701294049,-0.364393498410424,0.0
2019-12-31,1.0,-0.0,-0.4413500223513634,-1.4673670093875726,-1.205677246312025,-0.3558784085829235,0.0
2020-01-02,1.0,-0.0,-0.4457475380483438,-1.4703222918531782,-1.2061324977618624,-0.35411817367949866,0.0
2020-01-03,1.0,-0.0,-0.4405371418305937,-1.4753884846851704,-1.2053354890864996,-0.36993622563549805,0.0
2020-01-06,1.0,-0.0,-0.4460613729832332,-1.479549871198084,-1.214172730148687,-0.37953631310164054,0.0
2020-01-07,1.0,-0.0,-0.4476957170639048,-1.4782687350187689,-1.2215187010990005,-0.3751074126000633,0.0
2020-01-08,1.0,-0.0,-0.43855027704605326,-1.4883277318557544,-1.216232173676083,-0.398673812335362,0.0
2020-01-09,1.0,-0.0,-0.44616224081484174,-1.4860403783193887,-1.2120316478719535,-0.4029192433612222,0.0
2020-01-10,1.0,-0.0,-0.44550303140812325,-1.4953275288325658,-1.215526279801249,-0.40215161599124766,0.0
2020-01-13,1.0,-0.0,-0.44788102732539575,-1.4996122439669726,-1.2151817891519547,-0.39916062223438714,0.0
2020-01-14,1.0,-0.023281494432686116,-0.43673506947639645,-1.524615809331002,-1.227477684733597,-0.38897579828839607,0.0
2020-01-15,1.0,-0.028853244837758113,-0.4384218289085546,-1.5260877581120946,-1.2265394542772863,-0.38919616519174044,0.0
2020-01-16,1.0,-0.03260466839570211,-0.417145238977399,-1.5112541682104483,-1.2443034457206374,-0.426037421267136,0.0
2020-01-17,1.0,-0.05048965262379897,-0.4193920916481892,-1.4892368810051737,-1.2477365114560237,-0.41250923872875095,0.0
2020-01-21,1.0,-0.05720094256803585,-0.4269278750635309,-1.4780760523032852,-1.2497805295014555,-0.4084461488703045,0.0
2020-01-22,1.0,-0.06217090069284065,-0.4250346420323326,-1.4789838337182448,-1.2521939953810624,-0.4005080831408776,0.0
2020-01-23,1.0,-0.07378604823404157,-0.42244132759338976,-1.4711845577003193,-1.255658936258853,-0.4059621348886729,0.0
2020-01-24,1.0,-0.0727786528305383,-0.4246733994255536,-1.4726211433336422,-1.257620680070416,-0.40489205966830355,0.0
2020-01-27,1.0,-0.061541304749584184,-0.40611716873036413,-1.4817039364257993,-1.2589170208833858,-0.41189244132323044,0.0
2020-01-28,1.0,-0.024653241786092805,-0.4350490760794433,-1.512649186673425,-1.2565319570526703,-0.379291276899682,0.0
2020-01-29,1.0,-0.005467493682517804,-0.44282104295887886,-1.521203767516655,-1.2522398345968297,-0.3728463128876637,0.0
2020-01-30,1.0,-0.026553957826066985,-0.44002388937382275,-1.5088436624247714,-1.265126108329122,-0.3535627325768365,0.0
2020-01-31,1.0,-0.03124568588652156,-0.44664304449864245,-1.5015875937600662,-1.2651511665362847,-0.35709355298881784,0.0
2020-02-03,1.0,-0.023675361265109517,-0.4345633009179315,-1.4842315732073073,-1.250704353358175,-0.3509951831318731,0.0
2020-02-04,1.0,-0.011336840195900599,-0.42145837112280066,-1.4825866134590968,-1.255623072737167,-0.36377652820605844,0.0
2020-02-05,1.0,-0.0,-0.42744885516867637,-1.4871968567944724,-1.2556564151199026,-0.3458429300456126,0.0
2020-02-06,1.0,-0.0,-0.43569139090785963,-1.4959595503589003,-1.2501918649270913,-0.33262606654327115,0.0
2020-02-07,1.0,-0.0,-0.43744358187398447,-1.4965697779382559,-1.2477884094601912,-0.33160317746885715,0.0
2020-02-10,1.0,-0.0,-0.42871309443317557,-1.4969574036511157,-1.2501690331304935,-0.33171061528059503,0.0
2020-02-11,1.0,-0.0,-0.4226785553454021,-1.488291452760515,-1.243222552463298,-0.34909483923263984,0.0
2020-02-12,1.0,-0.0,-0.42260619150467965,-1.4907757379409647,-1.2427555795536358,-0.3435025197984162,0.0
2020-02-13,1.0,-0.0,-0.31936661725895665,-1.1009724883409853,-0.9032211416796211,-0.29167419832977837,0.0
2020-02-14,1.0,-0.0,-0.32393499583770674,-1.1091968583734484,-0.8961236382062326,-0.2901299359368779,0.0
2020-02-18,1.0,-0.0,-0.31647518209807013,-1.2124352331606216,-0.9673725313509047,-0.25831643763610423,0.0
2020-02-19,1.0,-0.0,-0.3365196447388228,-1.217559837422851,-0.9578880024085502,-0.25135480957398765,0.0
2020-02-20,1.0,-0.0,-0.3370723077502164,-1.2182406745210221,-0.9557721985922384,-0.2529830240523958,0.0
2020-02-21,1.0,-0.0,-0.34135881423519676,-1.2184184786697765,-0.9515085396132721,-0.2506207207885035,0.0
2020-02-24,1.0,-0.0,-0.350945390044156,-1.2210816318828548,-0.9570894818281315,-0.24485790844246516,0.0
2020-02-25,1.0,-0.0,-0.3794066830864243,-1.1953461015329192,-0.8644267176414366,-0.2368856376134985,0.0
2020-02-26,1.0,-0.0,-0.3649212400201396,-1.1650363230957348,-0.8555347766669065,-0.21081780910594838,0.0
2020-02-27,1.0,-0.0,-0.3594238298789468,-1.1576565250188584,-0.8719781601350622,-0.2030245339272244,0.0
2020-02-28,1.0,-0.0,-0.4316135437707555,-1.0620014379129719,-0.7416207333356157,-0.1883323633126776,0.0
2020-03-02,1.0,-0.0,-0.43413932461127475,-1.066305911363792,-0.738372491266525,-0.18607438865675732,0.0
2020-03-03,1.0,-0.0,-0.4817243993276425,-0.9639102204937213,-0.6849807191588938,-0.16522197686299067,0.0
2020-03-04,1.0,-0.0,-0.5360525112664097,-0.99800796812749,-0.6225262882894651,-0.10900659656456142,0.0
2020-03-05,1.0,-0.0,-0.5874932477518986,-0.9253598551046995,-0.5782148644784086,-0.08646055098344509,0.0
2020-03-06,1.0,-0.0,-0.6154597284782815,-0.9299461366428324,-0.5369011245157023,-0.06759693829338205,0.0
2020-03-09,1.0,-0.0,-0.6141239383453916,-0.9313306071091538,-0.535608681975464,-0.0645800566215791,0.0
2020-03-10,1.0,-0.1803758918730785,-0.41411914844248504,-0.7818318928012067,-0.46725448111839435,-0.05681884100005801,0.0
2020-03-11,1.0,-0.14386423718695815,-0.46439637283606694,-0.7779641263253645,-0.4279541772079934,-0.02842604963188266,0.0
2020-03-12,1.0,-0.1616231851810647,-0.42334649830338766,-0.7417255381876842,-0.4276019358068643,-0.0270345441397341,0.0
2020-03-13,1.0,-0.2495253452625556,-0.3318681890296236,-0.6264922364690889,-0.38861868969283986,-0.00429139899607272,0.0
2020-03-16,1.0,-0.22307419779329893,-0.36405506630225726,-0.588318655734386,-0.35519789452373723,-0.0,0.0
2020-03-17,1.0,-0.26378092290244076,-0.24275216785199535,-0.3932613472579921,-0.3977506320440422,-0.06526002410037096,0.0
2020-03-18,1.0,-0.26248002256275266,-0.247179655918022,-0.3779026041177023,-0.39273291341543665,-0.06999153896775406,0.0
2020-03-19,1.0,-0.28398007645082823,-0.16506428819645547,-0.36293293177342756,-0.39842464960037066,-0.10628981813969651,0.0
2020-03-20,1.0,-0.28424211407834743,-0.10365683446543222,-0.3917139666883782,-0.40881176142179215,-0.13778263701498092,0.0
2020-03-23,1.0,-0.2843551306446373,-0.11103633916554509,-0.38246623659906254,-0.4058569638464752,-0.13677078015500999,0.0
2020-03-24,1.0,-0.2936969051642323,-0.11897872734427443,-0.36452859887502603,-0.3983241128677577,-0.1392560357399134,0.0
2020-03-25,1.0,-0.30025553662691656,-0.12097641890074419,-0.30211602259481757,-0.3941092082847664,-0.12409217250963865,0.0
2020-03-26,1.0,-0.32457263517307994,-0.12368308735988498,-0.28099377765797334,-0.39512995035604376,-0.12193094772783432,0.0
2020-03-27,1.0,-0.3257901502726185,-0.11622855623032935,-0.26237865153597234,-0.3968261004477149,-0.11518684338844806,0.0
2020-03-30,1.0,-0.33429760341796655,-0.11793764881283517,-0.2543447784774917,-0.4020116157457887,-0.11664701039186452,0.0
2020-03-31,1.0,-0.3499459020827698,-0.1106527815345776,-0.2559958524930124,-0.4203182760797043,-0.1171670724010459,0.0
2020-04-01,1.0,-0.3553080653853063,-0.11595114065026046,-0.23075714029100056,-0.4236123585414047,-0.11972336985809233,0.0
2020-04-02,1.0,-0.35973346451410937,-0.10462412235588747,-0.22706945127677652,-0.4277089575600376,-0.1168999597513528,0.0
2020-04-03,1.0,-0.3727441733925818,-0.09526616486805115,-0.22818989752425864,-0.46445089326199324,-0.10646594722045886,0.0
2020-04-06,1.0,-0.3770659049173638,-0.08458591217211908,-0.22575891541408785,-0.47092430116302797,-0.10875331564986737,0.0
2020-04-07,1.0,-0.3654774678111588,-0.07150840486409156,-0.2191747138769671,-0.47304184549356226,-0.10615611587982833,0.0
2020-04-08,1.0,-0.37029654183838023,-0.07476258734993729,-0.22699784984769755,-0.4736158394552948,-0.09406916323239564,0.0
2020-04-09,1.0,-0.3685321829946645,-0.09674196844136679,-0.22193211488250653,-0.4833692814167329,-0.09982971960494949,0.0
2020-04-13,1.0,-0.389901377084943,-0.046811798391128485,-0.2363541335272463,-0.4892060173612689,-0.11014407126300958,0.0
2020-04-14,1.0,-0.4020773541068744,-0.026354152430413193,-0.2561614505033939,-0.488929889298893,-0.10425493143820326,0.0
2020-04-15,1.0,-0.3821200916453054,-0.03704375836490257,-0.24056892679717806,-0.48998480139736406,-0.11873057641267608,0.0
2020-04-16,1.0,-0.3919304442331205,-0.021487116786668477,-0.2447357695965222,-0.4943621790517593,-0.11164696825612462,0.0
2020-04-17,1.0,-0.3963833306895692,-0.014548256248725328,-0.2525550091776383,-0.4942781390922069,-0.10831879263069637,0.0
2020-04-20,1.0,-0.3957851801495581,-0.015544980738726488,-0.2529345116700657,-0.49360978925900745,-0.10815771583956492,0.0
2020-04-21,1.0,-0.3944242040234437,-0.018646330700821435,-0.2559570953361544,-0.4883573578330429,-0.10549659432916204,0.0
2020-04-22,1.0,-0.3902070458748703,-0.023839595832017682,-0.24818440164193242,-0.4921737561459696,-0.10099688754567189,0.0
2020-04-23,1.0,-0.38103456004303193,-0.026872562642879554,-0.23867049172979515,-0.4862387377291676,-0.10845398718006186,0.0
2020-04-24,1.0,-0.3803205200044828,-0.028174380813627702,-0.2384624005379357,-0.48577832567522133,-0.10866300571556652,0.0
2020-04-27,1.0,-0.37105427881606007,-0.02729589555575427,-0.24718322453724403,-0.478650630421175,-0.11135205222212287,0.0
2020-04-28,1.0,-0.3709464744664208,-0.03278578612135434,-0.2402279584311096,-0.4764554698849033,-0.11447089060230194,0.0
2020-04-29,1.0,-0.3843396437773048,-0.02305365744371009,-0.24859415257085246,-0.4822224711549232,-0.1021619805085695,0.0
2020-04-30,1.0,-0.3840790238233585,-0.009006391632771643,-0.2526929781432977,-0.4891386939614714,-0.09991954588119607,0.0
2020-05-01,1.0,-0.39545434228757875,-0.0,-0.2533410807669959,-0.49528449470343716,-0.09075671568408349,0.0
2020-05-04,1.0,-0.3946646443467981,-0.0,-0.2543215934690964,-0.4982936676109116,-0.08324225458925345,0.0
2020-05-05,1.0,-0.3945660175332932,-0.0,-0.25184590332151063,-0.49898503201052885,-0.08530192509313168,0.0
2020-05-06,1.0,-0.39559066363190076,-0.0,-0.2516177980095506,-0.49897353505600933,-0.08526353371714197,0.0
2020-05-07,1.0,-0.4026850135144191,-0.0,-0.2535126320727321,-0.49661581075345673,-0.0810195009716979,0.0
2020-05-08,1.0,-0.40377265717542404,-0.0,-0.25190532597277787,-0.49817848602015957,-0.08110765929866125,0.0
2020-05-11,1.0,-0.41151757581175,-0.0,-0.2588437730452077,-0.5012402511787973,-0.06308520860801359,0.0
2020-05-12,1.0,-0.4172228443449048,-0.0,-0.2707726763717805,-0.4995296752519596,-0.05211646136618141,0.0
2020-05-13,1.0,-0.41823716370473163,-0.0,-0.2716101884596446,-0.50185773758897,-0.04651058686601907,0.0
2020-05-14,1.0,-0.4199382246295716,-0.0,-0.2687228613635346,-0.50405121088679,-0.04552576212005909,0.0
2020-05-15,1.0,-0.42853945159485174,-0.0,-0.2705987688864018,-0.5043312814773364,-0.034918858421936205,0.0
2020-05-18,1.0,-0.4317366343738787,-0.0,-0.2713715464657338,-0.503318980983136,-0.0361275565123789,0.0
2020-05-19,1.0,-0.43644874465273575,-0.0,-0.29691594436605523,-0.5014446012228717,-0.004882528164124616,0.0
2020-05-20,1.0,-0.4361330225887414,-0.0,-0.2960962710648978,-0.5043922552886339,-0.00432502689135891,0.0
2020-05-21,1.0,-0.4386782936178798,-0.0,-0.29671142594543704,-0.5048308637270507,-0.0014795220695375372,0.0
2020-05-22,1.0,-0.4389954030720933,-0.0,-0.29702881488956157,-0.5053481331987891,-0.0010090817356205853,0.0
2020-05-26,1.0,-0.43900907969958525,-0.0,-0.2993610581773344,-0.5035309942831521,-0.0,0.0
2020-05-27,1.0,-0.4353218210361067,-0.0,-0.29093967257232567,-0.5059430365552814,-0.010450773716079838,0.0
2020-05-28,1.0,-0.4456023717545593,-0.0,-0.2986479202228012,-0.5017294043661845,-0.0,0.0
2020-05-29,1.0,-0.44643137959697166,-0.0,-0.29971019702109497,-0.5003931435760339,-0.0,0.0
2020-06-01,1.0,-0.44448693148589685,-0.0,-0.30784110846191914,-0.49698591929461516,-0.0,0.0
2020-06-02,1.0,-0.4438247728703787,-0.0,-0.30795178555365654,-0.49703157326616887,-0.0,0.0
2020-06-03,1.0,-0.4432426354845964,-0.0,-0.3103215651000675,-0.4951427928940859,-0.0,0.0
2020-06-04,1.0,-0.44279867031500875,-0.0,-0.3398837656317134,-0.47868659686574255,-0.0,0.0
2020-06-05,1.0,-0.44483382319692516,-0.0,-0.3388650237395433,-0.4772326475243047,-0.0,0.0
2020-06-08,1.0,-0.4370420624151967,-0.0,-0.36386250565355044,-0.46049298959746726,-0.0,0.0
2020-06-09,1.0,-0.44051577875805903,-0.0,-0.3639181088112205,-0.45775364777740074,-0.0,0.0
2020-06-10,1.0,-0.44054109077747866,-0.0,-0.3671138055059153,-0.4544076729929649,-0.0,0.0
2020-06-11,1.0,-0.44140209544929965,-0.0,-0.3746464212169899,-0.44685569459844765,-0.0,0.0
2020-06-12,1.0,-0.4425910418034086,-0.0,-0.3770454699771405,-0.44365479935721885,-0.0,0.0
2020-06-15,1.0,-0.4445073740966448,-0.0,-0.37488955846038824,-0.44609320133209485,-0.0,0.0
2020-06-16,1.0,-0.4444972933795384,-0.0,-0.37494054494801926,-0.4455165228420648,-0.0,0.0
2020-06-17,1.0,-0.4424560530304744,-0.0,-0.375217755254406,-0.44469582136150765,-0.0,0.0
2020-06-18,1.0,-0.44188517179023507,-0.0,-0.3735985533453888,-0.44489150090415913,-0.0,0.0
2020-06-19,1.0,-0.4411525423728813,-0.0,-0.37392090395480226,-0.4447909604519774,-0.0,0.0
2020-06-22,1.0,-0.44291102929550735,-0.0,-0.371738983127414,-0.44408556004788474,-0.0,0.0
2020-06-23,1.0,-0.44297136145993316,-0.0,-0.3715556960881742,-0.44403288463275814,-0.0,0.0
2020-06-24,1.0,-0.44087963694655796,-0.0,-0.37384570228714636,-0.44309227608317714,-0.0,0.0
2020-06-25,1.0,-0.4438109459490034,-0.0,-0.37132061811353195,-0.4473630625127265,-0.0,0.0
2020-06-26,1.0,-0.4435598778695013,-0.0,-0.37062083003505597,-0.4474951939387086,-0.0,0.0
2020-06-29,1.0,-0.4410350199823884,-0.0,-0.3715369504843189,-0.4453250242723927,-0.0,0.0
2020-06-30,1.0,-0.441815842344071,-0.0,-0.37398135398090254,-0.4415675297410777,-0.0,0.0
2020-07-01,1.0,-0.4447387485284796,-0.0,-0.3799918500407498,-0.439124332156117,-0.0,0.0
2020-07-02,1.0,-0.4439165648613185,-0.0,-0.38002805302927467,-0.4383964526492014,-0.0,0.0
2020-07-06,1.0,-0.44491180461329716,-0.0,-0.3802125734961556,-0.4362957937584803,-0.0,0.0
2020-07-07,1.0,-0.44312148392490003,-0.0,-0.37981518718510654,-0.43636610108221685,-0.0,0.0
2020-07-08,1.0,-0.441144610940603,-0.0,-0.3830339411446109,-0.43254648853583677,-0.0,0.0
2020-07-09,1.0,-0.43721098102907674,-0.0,-0.383027678148474,-0.4355191626626965,-0.0,0.0
2020-07-10,1.0,-0.44035123360646483,-0.0,-0.3887045439154872,-0.42825218392361347,-0.0,0.0
2020-07-13,1.0,-0.44189719752696416,-0.0,-0.3887359537885283,-0.4257863622004603,-0.0,0.0
2020-07-14,1.0,-0.44237624655927077,-0.0,-0.3885203736293488,-0.4253418167050223,-0.0,0.0
2020-07-15,1.0,-0.4416551599248478,-0.0,-0.39169703691966407,-0.4302691445774951,-0.0,0.0
2020-07-16,1.0,-0.44056514060589597,-0.0,-0.3919530860843183,-0.4316895349363764,-0.0,0.0
2020-07-17,1.0,-0.4376617004193059,-0.0,-0.38627442233919174,-0.40639218485145867,-0.0,0.0
2020-07-20,1.0,-0.4336409433373456,-0.0,-0.3892158173955686,-0.406201239356248,-0.0,0.0
2020-07-21,1.0,-0.4263840599090666,-0.0,-0.3868681465632522,-0.415529999108496,-0.0,0.0
2020-07-22,1.0,-0.4259577028502663,-0.0,-0.38613420096717405,-0.4164196733002028,-0.0,0.0
2020-07-23,1.0,-0.4245547640249332,-0.0,-0.38584149599287626,-0.4157836153161175,-0.0,0.0
2020-07-24,1.0,-0.41578327444051827,-0.0,-0.3850034446740894,-0.42158366113296447,-0.0,0.0
2020-07-27,1.0,-0.4155039104159261,-0.0,-0.38504265908282975,-0.4212806612157839,-0.0,0.0
2020-07-28,1.0,-0.4175785072502447,-0.0,-0.38759896806333954,-0.41882394804732676,-0.0,0.0
2020-07-29,1.0,-0.41905313321159754,-0.0,-0.3888121854540596,-0.4190308644724536,-0.0,0.0
2020-07-30,1.0,-0.4193275439768425,-0.0,-0.38835448675128037,-0.4189935426408372,-0.0,0.0
2020-07-31,1.0,-0.42060754423055524,-0.0,-0.38816067653276953,-0.416668521197285,-0.0,0.0
2020-08-03,1.0,-0.4096672832215363,-0.0,-0.3970761928108216,-0.4217681010852852,-0.0,0.0
2020-08-04,1.0,-0.40742635934858057,-0.0,-0.3944113197472635,-0.42297766307733387,-0.0,0.0
2020-08-05,1.0,-0.4084121508846111,-0.0,-0.394236118838322,-0.4228107266050962,-0.0,0.0
2020-08-06,1.0,-0.40751207138247925,-0.0,-0.3950735408646893,-0.42253176386818275,-0.0,0.0
2020-08-07,1.0,-0.40657504955787693,-0.0,-0.3976657683141413,-0.4230794930618973,-0.0,0.0
2020-08-10,1.0,-0.4055294405952726,-0.0,-0.39777663911600236,-0.4245104373203823,-0.0,0.0
2020-08-11,1.0,-0.41118656182987845,-0.0,-0.40537884203002145,-0.41717298070050035,-0.0,0.0
2020-08-12,1.0,-0.4111627491286084,-0.0,-0.4063589239431585,-0.4168156224863705,-0.0,0.0
2020-08-13,1.0,-0.41098704778919165,-0.0,-0.40098258150960253,-0.4211478338543993,-0.0,0.0
2020-08-14,1.0,-0.412805504669139,-0.0,-0.40252893078950897,-0.41870336446092665,-0.0,0.0
2020-08-17,1.0,-0.4125860066124564,-0.0,-0.40282369761415426,-0.41852828165490125,-0.0,0.0
2020-08-18,1.0,-0.4122089645618269,-0.0,-0.4023774411225812,-0.4198507395986951,-0.0,0.0
2020-08-19,1.0,-0.4143767467859139,-0.0,-0.4026159865846842,-0.4188932364449413,-0.0,0.0
2020-08-20,1.0,-0.41301481597354134,-0.0,-0.40231066616013766,-0.4193613265100896,-0.0,0.0
2020-08-21,1.0,-0.41062445502716477,-0.0,-0.40311221409886644,-0.42204932143895185,-0.0,0.0
2020-08-24,1.0,-0.4105101290365715,-0.0,-0.38940518374896926,-0.42869559403623725,-0.0,0.0
2020-08-25,1.0,-0.4103758862085879,-0.0,-0.3962634324697909,-0.42281624827217196,-0.0,0.0
2020-08-26,1.0,-0.4111113584258909,-0.0,-0.3911901529147283,-0.42355376499654995,-0.0,0.0
2020-08-27,1.0,-0.40631326051653954,-0.0,-0.3894289591350967,-0.4288034169020977,-0.0,0.0
2020-08-28,1.0,-0.41081225746019,-0.0,-0.39245729069093177,-0.4270038806369597,-0.0,0.0
2020-08-31,1.0,-0.4109002519902772,-0.0,-0.3921236313359945,-0.4269562696518966,-0.0,0.0
2020-09-01,1.0,-0.41110193882331947,-0.0,-0.3979161553735972,-0.42207893621293585,-0.0,0.0
2020-09-02,1.0,-0.4083995004014631,-0.0,-0.39829601213310734,-0.423655098581497,-0.0,0.0
2020-09-03,1.0,-0.41169903996427776,-0.0,-0.3945523554364813,-0.4263898191560616,-0.0,0.0
2020-09-04,1.0,-0.4121310889851319,-0.0,-0.3952984774746618,-0.4250346028485958,-0.0,0.0
2020-09-08,1.0,-0.41484013673838727,-0.0,-0.3953571508367406,-0.42409008646692137,-0.0,0.0
2020-09-09,1.0,-0.40927818979532743,-0.0,-0.3835103895236186,-0.43431103984321057,-0.0,0.0
2020-09-10,1.0,-0.4112028565052444,-0.0,-0.38881945994197725,-0.43162240571301047,-0.0,0.0
2020-09-11,1.0,-0.40686766049423984,-0.0,-0.3882389642801435,-0.43320631949551,-0.0,0.0
2020-09-14,1.0,-0.40671583591434746,-0.0,-0.3880879698745515,-0.4334098353350119,-0.0,0.0
2020-09-15,1.0,-0.4072894865743421,-0.0,-0.38442356503540104,-0.43478648083003074,-0.0,0.0
2020-09-16,1.0,-0.40810822858161716,-0.0,-0.38377017027725774,-0.4368815191227601,-0.0,0.0
2020-09-17,1.0,-0.4051230649292794,-0.0,-0.3818910791847644,-0.44040539035527343,-0.0,0.0
2020-09-18,1.0,-0.4035275253874933,-0.0,-0.3821931231070729,-0.441252449670408,-0.0,0.0
2020-09-21,1.0,-0.4016475564956028,-0.0,-0.3853946343092508,-0.4393855059556941,-0.0,0.0
2020-09-22,1.0,-0.40100028769336316,-0.0,-0.3820789165025339,-0.42996879633522916,-0.0,0.0
2020-09-23,1.0,-0.3963884217048774,-0.0,-0.38554483491192354,-0.4310436399043994,-0.0,0.0
2020-09-24,1.0,-0.3932018464120856,-0.0,-0.38246791969432603,-0.4329792168209024,-0.0,0.0
2020-09-25,1.0,-0.3933751079423422,-0.0,-0.386267519872462,-0.4345592631136107,-0.0,0.0
2020-09-28,1.0,-0.3928689994024301,-0.0,-0.38527764867317355,-0.43507513887966714,-0.0,0.0
2020-09-29,1.0,-0.3931385568835768,-0.0,-0.384971226206286,-0.435236830455954,-0.0,0.0
2020-09-30,1.0,-0.39309108612906085,-0.0,-0.3867177126670797,-0.43316809772505976,-0.0,0.0
2020-10-01,1.0,-0.39313990003980714,-0.0,-0.3859524967933124,-0.4324384094829492,-0.0,0.0
2020-10-02,1.0,-0.3936659589525831,-0.0,-0.3855935951875442,-0.4323469568294409,-0.0,0.0
2020-10-05,1.0,-0.393401295858119,-0.0,-0.38524137015988147,-0.43271931182415246,-0.0,0.0
2020-10-06,1.0,-0.39417303644621693,-0.0,-0.38843469591226326,-0.4329677633765371,-0.0,0.0
2020-10-07,1.0,-0.3915189341123874,-0.0,-0.388619613571476,-0.43080362083084345,-0.0022796184405639293,0.0
2020-10-08,1.0,-0.3922881449563584,-0.0,-0.39416639045409346,-0.4232239531543476,-0.0,0.0
2020-10-09,1.0,-0.391919058033446,-0.0,-0.3941723551372965,-0.4230233945258135,-0.0,0.0
2020-10-12,1.0,-0.39645493524289444,-0.0,-0.39249878442293246,-0.4212085046191929,-0.0,0.0
2020-10-13,1.0,-0.39071882726951607,-0.0,-0.39376545390321444,-0.42319410102437305,-0.0,0.0
2020-10-14,1.0,-0.3903305529811554,-0.0,-0.3918972593671389,-0.4242243700075025,-0.0,0.0
2020-10-15,1.0,-0.390284683416201,-0.0,-0.38823865886390635,-0.42150305803669647,-0.0,0.0
2020-10-16,1.0,-0.38414700683092906,-0.0,-0.39300757294690203,-0.4052508675061653,-0.0,0.0
2020-10-19,1.0,-0.3835730028149344,-0.0,-0.3906212494817466,-0.40794727998778013,-0.0,0.0
2020-10-20,1.0,-0.38298336277010964,-0.0,-0.3903098493273151,-0.40723054447133733,-0.0,0.0
2020-10-21,1.0,-0.3832042752753844,-0.0,-0.38898462209619367,-0.4090740538771949,-0.0,0.0
2020-10-22,1.0,-0.3832395410722855,-0.0,-0.3885835187366401,-0.40937050124329283,-0.0,0.0
2020-10-23,1.0,-0.38035187411211885,-0.0,-0.3849415364441045,-0.4198011146322806,-0.0004589662331985575,0.0
2020-10-26,1.0,-0.38015951054299135,-0.0,-0.3852507374631268,-0.4190320113623948,-0.0006555227794165846,0.0
2020-10-27,1.0,-0.3781294335916185,-0.0,-0.38869365928189453,-0.4158681654479974,-0.0,0.0
2020-10-28,1.0,-0.37892347317413894,-0.0,-0.39027371545815687,-0.4135635395294015,-0.0,0.0
2020-10-29,1.0,-0.3808618088804355,-0.0,-0.39052491200454736,-0.41483570538466585,-0.0,0.0
2020-10-30,1.0,-0.3817895565468381,-0.0,-0.3894428408991516,-0.4154202746435756,-0.0,0.0
2020-11-02,1.0,-0.36169467020088064,-0.0,-0.38975662117461496,-0.430611842537624,-0.008565357401038358,0.0
2020-11-03,1.0,-0.3625197057277982,-0.0,-0.38730513224732876,-0.4299789805570152,-0.009721492380451918,0.0
2020-11-04,1.0,-0.3624863208579558,-0.0,-0.3871087765375356,-0.42994090610636904,-0.00912672357189757,0.0
2020-11-05,1.0,-0.35925917827389414,-0.0,-0.38403341132223995,-0.43087048739422296,-0.012419915597052456,0.0
2020-11-06,1.0,-0.3572692517749863,-0.0,-0.38542872747132717,-0.43178590933915895,-0.010092845439650465,0.0
