Date,BKU,IWF,IWM,MTUM,SDY,SPY,USMV,VLUE,XLB,XLC,XLE,XLF,XLI,XLK,XLP,XLRE,XLU,XLV,XLY
2019-01-02,1.0,-0.0,-0.29705134059625543,-0.0,-0.4785047948333224,-0.0,-0.0,-0.0,-0.0,-0.0,-0.0,-0.7522017091786809,-0.0,-0.0,-0.3453910887859612,-0.0,-0.38864244242938223,-0.0,-0.0
2019-01-03,1.0,-0.0,-0.32488900496213113,-0.0,-0.41071428571428575,-0.0,-0.0,-0.0,-0.0,-0.0,-0.0,-0.7899255680334291,-0.0,-0.0,-0.3661530425698616,-0.0,-0.3728780360407417,-0.0,-0.0
2019-01-04,1.0,-0.0,-0.35539779355397794,-0.0,-0.3924274239242742,-0.0,-0.0,-0.0,-0.0,-0.0,-0.0,-0.7434589874345898,-0.0,-0.0,-0.4135253141352531,-0.0,-0.42819051428190513,-0.0,-0.0
2019-01-07,1.0,-0.0,-0.27880406797116375,-0.0,-0.45600540679711643,-0.0,-0.0,-0.0,-0.0,-0.0,-0.0,-0.7145339855818743,-0.0,-0.0,-0.3868756436663234,-0.0,-0.3820803295571576,-0.0,-0.0
2019-01-08,1.0,-0.0,-0.29632613599742186,-0.0,-0.4540122462133419,-0.0,-0.0,-0.0,-0.0,-0.0,-0.0,-0.7049951659684176,-0.0,-0.0,-0.38630357718337094,-0.0,-0.3810505961972285,-0.0,-0.0
2019-01-09,1.0,-0.0,-0.29454194171630976,-0.0,-0.45345355015295447,-0.0,-0.0,-0.0,-0.0,-0.0,-0.0,-0.7067138947029464,-0.0,-0.0,-0.38570278538077607,-0.0,-0.3796812107551119,-0.0,-0.0
2019-01-10,1.0,-0.0,-0.2998937574450275,-0.0,-0.45758346479508066,-0.0,-0.0,-0.0,-0.0,-0.0,-0.0,-0.7101509932069154,-0.0,-0.0,-0.3688870287498793,-0.0,-0.382988313318953,-0.0,-0.0
2019-01-11,1.0,-0.0,-0.28866378476030713,-0.0,-0.4415446157816633,-0.0,-0.0,-0.0,-0.0,-0.0,-0.0,-0.7362087876637203,-0.0,-0.0,-0.39560616813988003,-0.0,-0.364023485386154,-0.0,-0.0
2019-01-14,1.0,-0.0,-0.288843721770551,-0.0,-0.4415085817524842,-0.0,-0.0,-0.0,-0.0,-0.0,-0.0,-0.7360627177700347,-0.0,-0.0,-0.3957284810943347,-0.0,-0.3641114982578397,-0.0,-0.0
2019-01-15,1.0,-0.0,-0.25963787854510495,-0.0,-0.457586925172248,-0.0,-0.0,-0.0,-0.0,-0.0,-0.0,-0.7554879025797148,-0.0,-0.0,-0.4056080756289056,-0.0,-0.32626181701650375,-0.0,-0.0
2019-01-16,1.0,-0.0,-0.24177469184953976,-0.0,-0.4993152211994776,-0.0,-0.0,-0.0,-0.0,-0.0,-0.0,-0.745835589387521,-0.0,-0.0,-0.3942096378634901,-0.0,-0.30385068637130935,-0.0,-0.0
2019-01-17,1.0,-0.0,-0.2406195114162542,-0.0,-0.495162062909149,-0.0,-0.0,-0.0,-0.0,-0.0,-0.0,-0.762637713555804,-0.0,-0.0,-0.3796263771355581,-0.0,-0.3153440843046464,-0.0,-0.0
2019-01-18,1.0,-0.0,-0.23635146763552922,-0.0,-0.4866622047996941,-0.0,-0.0,-0.0,-0.0,-0.0,-0.0,-0.7667718392453071,-0.0,-0.0,-0.3830194091213309,-0.0,-0.3142747872645569,-0.0,-0.0
2019-01-22,1.0,-0.0,-0.2357736521988345,-0.0,-0.4856223927650225,-0.0,-0.0,-0.0,-0.0,-0.0,-0.0,-0.7673470687513932,-0.0,-0.0,-0.38168327866764323,-0.0,-0.31398274050249975,-0.0,-0.0
2019-01-23,1.0,-0.0,-0.23232901093312994,-0.0,-0.4809941520467837,-0.0,-0.0,-0.0,-0.0,-0.0,-0.0,-0.7705631833206205,-0.0,-0.0,-0.37175819984744474,-0.0,-0.3225591151792525,-0.0,-0.0
2019-01-24,1.0,-0.0,-0.2326385584213699,-0.0,-0.48634243837441704,-0.0,-0.0,-0.0,-0.0,-0.0,-0.0,-0.7697090828336665,-0.0,-0.0,-0.3633133466577837,-0.0,-0.3204847561942832,-0.0,-0.0
2019-01-25,1.0,-0.0,-0.25131223158899313,-0.0,-0.4692540162239542,-0.0,-0.0,-0.0,-0.0,-0.0,-0.0,-0.7785271194528391,-0.0,-0.0,-0.3318912040718944,-0.0,-0.3501829171305869,-0.0,-0.0
2019-01-28,1.0,-0.0,-0.24657184769436824,-0.0,-0.4698960392882199,-0.0,-0.0,-0.0,-0.0,-0.0,-0.0,-0.7791632119395369,-0.0,-0.0,-0.3342368773518719,-0.0,-0.359110912685758,-0.0,-0.0
2019-01-29,1.0,-0.0,-0.24303326056247596,-0.0,-0.4655515602927957,-0.0,-0.0,-0.0,-0.0,-0.0,-0.0,-0.7777385385899577,-0.0,-0.0,-0.37578656735584953,-0.0,-0.3483690766662386,-0.0,-0.0
2019-01-30,1.0,-0.0,-0.2523481729284612,-0.0,-0.43939783839423574,-0.0,-0.0,-0.0,-0.0,-0.0,-0.0,-0.788085434894493,-0.0,-0.0,-0.3804683479155944,-0.0,-0.3563754503345342,-0.0,-0.0
2019-01-31,1.0,-0.0,-0.23246865681213325,-0.0,-0.46702151537499603,-0.0,-0.0,-0.0,-0.0,-0.0,-0.0,-0.7897842049571937,-0.0,-0.0,-0.37204604482637,-0.0,-0.34517587456311927,-0.0,-0.0
2019-02-01,1.0,-0.0,-0.19661070636680394,-0.0,-0.5003801076971809,-0.0,-0.0,-0.0,-0.0,-0.0,-0.0,-0.8237567310738043,-0.0,-0.0,-0.32261640798226165,-0.01013620525815648,-0.31406398479569214,-0.0,-0.0
2019-02-04,1.0,-0.0,-0.1922450933460986,-0.0,-0.5227381522259454,-0.0,-0.0,-0.0,-0.0,-0.0,-0.0,-0.8354555608744216,-0.0,-0.0,-0.3172490824956119,-0.0,-0.3235998085208234,-0.0,-0.0
2019-02-05,1.0,-0.0,-0.18382634196098432,-0.0,-0.5250223128904755,-0.0,-0.0,-0.0,-0.0,-0.0,-0.0,-0.841164095371669,-0.0,-0.0,-0.31199795996429935,-0.0,-0.32554507203876065,-0.0,-0.0
2019-02-06,1.0,-0.0,-0.18394211767705743,-0.0,-0.5229170650857398,-0.0,-0.0,-0.0,-0.0,-0.0,-0.0,-0.8421622999936252,-0.0,-0.0,-0.31271116210875244,-0.0,-0.3256199400777714,-0.0,-0.0
2019-02-07,1.0,-0.0,-0.1868461342179127,-0.0,-0.5161393212554223,-0.0,-0.0,-0.0,-0.0,-0.0,-0.0,-0.8429765246236285,-0.0,-0.0,-0.31643914263842815,-0.0,-0.32715616228629746,-0.0,-0.0
2019-02-08,1.0,-0.0,-0.18428866511748,-0.0,-0.5429899302865995,-0.0,-0.0,-0.0,-0.0,-0.0,-0.0,-0.8347534211205783,-0.0,-0.0,-0.3025755228505035,-0.0,-0.36286470436354246,-0.0,-0.0
2019-02-11,1.0,-0.0,-0.1866503051635612,-0.0,-0.5408014983692317,-0.0,-0.0,-0.0,-0.0,-0.0,-0.0,-0.8326605741595893,-0.0,-0.0,-0.3053896082926987,-0.0,-0.36377434042690604,-0.0,-0.0
2019-02-12,1.0,-0.0,-0.19047927042235302,-0.0,-0.5415561735980855,-0.0,-0.0,-0.0,-0.0,-0.0,-0.0,-0.8309294353534701,-0.0,-0.0,-0.3069012353664058,-0.0,-0.3641096953625251,-0.0,-0.0
2019-02-13,1.0,-0.0,-0.19113977379524905,-0.0,-0.5092847652072463,-0.0,-0.0,-0.0,-0.0,-0.0,-0.0,-0.8268788281427228,-0.0,-0.0,-0.2941309913471821,-0.0540882133713582,-0.36526557993324044,-0.0,-0.0
2019-02-14,1.0,-0.0,-0.18817343891990132,-0.0,-0.5172984551473452,-0.0,-0.0,-0.0,-0.0,-0.0,-0.0,-0.826593534986369,-0.0,-0.0,-0.2936842788523952,-0.06039854602103077,-0.35934051668181227,-0.0,-0.0
2019-02-15,1.0,-0.0,-0.20180127644409887,-0.0,-0.510610036608676,-0.0,-0.0,-0.0,-0.0,-0.0,-0.0,-0.8167946350471378,-0.0,-0.0,-0.2778047753264004,-0.07030161661321152,-0.3623934946706839,-0.0,-0.0
2019-02-19,1.0,-0.0,-0.2006324212700052,-0.0,-0.5126484254001032,-0.0,-0.0,-0.0,-0.0,-0.0,-0.0,-0.8068533815178112,-0.0,-0.0,-0.27400619514713476,-0.07208311822405783,-0.36044785751161595,-0.0,-0.0
2019-02-20,1.0,-0.0,-0.20115573347107438,-0.0,-0.5128486570247934,-0.0,-0.0,-0.0,-0.0,-0.0,-0.0,-0.806559917355372,-0.0,-0.0,-0.2749870867768595,-0.07118414256198348,-0.3615702479338843,-0.0,-0.0
2019-02-21,1.0,-0.0,-0.1899088772257462,-0.0,-0.5070354509450365,-0.0,-0.0,-0.0,-0.0,-0.0,-0.0,-0.8170460765688894,-0.0,-0.0,-0.28054866857713234,-0.08268667289177964,-0.34266026982644815,-0.0,-0.0
2019-02-22,1.0,-0.0,-0.1900222229379368,-0.0,-0.5073593352442913,-0.0,-0.0,-0.0,-0.0,-0.0,-0.0,-0.8166446584431061,-0.0,-0.0,-0.28142613288672746,-0.08145189861187156,-0.34377918773551486,-0.0,-0.0
2019-02-25,1.0,-0.0,-0.20647939956297304,-0.0,-0.516103493048738,-0.0,-0.0,-0.0,-0.0,-0.0,-0.0,-0.7916521518826994,-0.0,-0.0,-0.24403838236691264,-0.05060645406466732,-0.35795040694176145,-0.0,-0.0
2019-02-26,1.0,-0.0,-0.21647788394608616,-0.0,-0.5034803518319306,-0.0,-0.0,-0.0,-0.0,-0.0,-0.0,-0.7841549072960831,-0.0,-0.0,-0.2485920394861735,-0.04894640258178826,-0.36230462570398025,-0.0,-0.0
2019-02-27,1.0,-0.0,-0.207157669829699,-0.0,-0.5019795136052285,-0.0,-0.0,-0.0,-0.0,-0.0,-0.0,-0.7893546157229938,-0.0,-0.0,-0.24071513856595236,-0.033903098095896436,-0.368975051844404,-0.0,-0.0
2019-02-28,1.0,-0.0,-0.20806907378335948,-0.0,-0.5040816326530612,-0.0,-0.0,-0.0,-0.0,-0.0,-0.0,-0.7834536891679749,-0.0,-0.0,-0.24194662480376766,-0.04043956043956044,-0.3616640502354788,-0.0,-0.0
2019-03-01,1.0,-0.0,-0.20554279782314636,-0.0,-0.5091383812010444,-0.0,-0.0,-0.0,-0.0,-0.0,-0.0,-0.7827550410519362,-0.0,-0.0,-0.24552518166661422,-0.03784327912170877,-0.36493755701657804,-0.0,-0.0
2019-03-04,1.0,-0.0,-0.19890545385921873,-0.0,-0.5163552871610996,-0.0,-0.0,-0.0,-0.0,-0.0,-0.0,-0.7805246272881675,-0.0,-0.0,-0.24803422029313707,-0.039032521859470336,-0.36242687299490467,-0.0,-0.0
2019-03-05,1.0,-0.0,-0.1972003389724114,-0.0,-0.5171840180785287,-0.0,-0.0,-0.0,-0.0,-0.0,-0.0,-0.7792285239006936,-0.0,-0.0,-0.2504943347666426,-0.03775776027117793,-0.3567684630112049,-0.0,-0.0
2019-03-06,1.0,-0.0,-0.19703722302429225,-0.0,-0.5123344422823426,-0.0,-0.0,-0.0,-0.0,-0.0,-0.0,-0.7796748477810558,-0.0,-0.0,-0.2521812817776662,-0.042464377628523,-0.35487414474923107,-0.0,-0.0
2019-03-07,1.0,-0.0,-0.21459890855178068,-0.0,-0.5100470016718716,-0.0,-0.0,-0.0,-0.0,-0.0,-0.0,-0.7727831929592126,-0.0,-0.0,-0.2546922810005994,-0.038926216838585534,-0.3634585659758367,-0.0,-0.0
2019-03-08,1.0,-0.0,-0.215026395173454,-0.0,-0.5211789844142786,-0.0,-0.0,-0.0,-0.0,-0.0,-0.0,-0.7442810457516339,-0.0,-0.0,-0.29389768728004023,-0.02909753645047762,-0.338832327802916,-0.0,-0.0
2019-03-11,1.0,-0.0,-0.20881118004637467,-0.0,-0.5449959265526102,-0.0,-0.0,-0.0,-0.0,-0.0,-0.0,-0.737544651250235,-0.0,-0.0,-0.26449207244469514,-0.03581500282007896,-0.34173090179858373,-0.0,-0.0
2019-03-12,1.0,-0.0,-0.192607125062282,-0.0,-0.5568011958146487,-0.0,-0.0,-0.0,-0.0,-0.0,-0.0,-0.7483183856502242,-0.0,-0.0,-0.24769556552067762,-0.02151843547583458,-0.3471910812157449,-0.0,-0.0
2019-03-13,1.0,-0.0,-0.1858266737149787,-0.0,-0.5579464535588794,-0.0,-0.0,-0.0,-0.0,-0.0,-0.0,-0.7468515812058834,-0.0,-0.0,-0.25557386734662146,-0.02447215398488759,-0.3388786964768805,-0.0,-0.0
2019-03-14,1.0,-0.0,-0.18982998927860315,-0.0,-0.5536223005054373,-0.0,-0.0,-0.0,-0.0,-0.0,-0.0,-0.753070914381988,-0.0,-0.0,-0.22766120385970284,-0.007750038290703017,-0.3312911625057436,-0.0,-0.0
2019-03-15,1.0,-0.0,-0.20480482327970717,-0.0,-0.5571687840290381,-0.0,-0.0,-0.0,-0.0,-0.0,-0.0,-0.733489187609585,-0.0,-0.0,-0.2167399796979298,-0.00695192100649051,-0.3569165461872097,-0.0,-0.0
2019-03-18,1.0,-0.0,-0.20413827130037926,-0.0,-0.5689043757130963,-0.0,-0.0,-0.0,-0.0,-0.0,-0.0,-0.7254926146350489,-0.0,-0.0,-0.20845539486262293,-0.025409355823491322,-0.35122883838539576,-0.0,-0.0
2019-03-19,1.0,-0.0,-0.20058049774593964,-0.0,-0.5799110726857285,-0.0,-0.0,-0.0,-0.0,-0.0,-0.0,-0.7277527326622616,-0.0,-0.0,-0.2098437596492312,-0.018773544124004202,-0.3508614833570061,-0.0,-0.0
2019-03-20,1.0,-0.0,-0.19687117142587882,-0.0,-0.5870637388873181,-0.0,-0.0,-0.0,-0.0,-0.0,-0.0,-0.746238180504508,-0.0,-0.0,-0.20029529105016805,-0.02129865234190934,-0.38962711651430904,-0.0,-0.0
2019-03-21,1.0,-0.0,-0.18827804107424959,-0.0,-0.5958925750394944,-0.0,-0.0,-0.0,-0.0,-0.0,-0.0,-0.76,-0.0,-0.0,-0.2022432859399684,-0.010300157977883096,-0.40290679304897314,-0.0,-0.0
2019-03-22,1.0,-0.0,-0.1595940374246749,-0.0,-0.5596891849032667,-0.0,-0.0,-0.0,-0.0,-0.0,-0.0,-0.839232477006026,-0.0,-0.0,-0.1764034253092293,-0.0,-0.4366634950840469,-0.0,-0.0
2019-03-25,1.0,-0.0,-0.17575892290105427,-0.0,-0.5480439476692494,-0.0,-0.0,-0.0,-0.0,-0.0,-0.0,-0.8418646005334689,-0.0,-0.0,-0.15553156357170078,-0.0,-0.45417883907024004,-0.0,-0.0
2019-03-26,1.0,-0.0,-0.1876493643055157,-0.0,-0.5507758977790523,-0.0,-0.0,-0.0,-0.0,-0.0,-0.0,-0.828410285823535,-0.0,-0.0,-0.15890768887614312,-0.0,-0.4606952808845553,-0.0,-0.0
2019-03-27,1.0,-0.0,-0.1592714281157294,-0.0,-0.5752336597658617,-0.0,-0.0,-0.0,-0.0,-0.0,-0.0,-0.8469488659925357,-0.0,-0.0,-0.15748508724361224,-0.0,-0.4509872723212862,-0.0,-0.0
2019-03-28,1.0,-0.0,-0.14129671031619292,-0.0,-0.5956563398275312,-0.0,-0.0,-0.0,-0.0,-0.0,-0.0,-0.8503992334717343,-0.0,-0.0,-0.15490258703289686,-0.0,-0.4515809645480677,-0.0,-0.0
2019-03-29,1.0,-0.0,-0.12124992004093904,-0.0,-0.626623168937504,-0.0,-0.0,-0.0,-0.0,-0.0,-0.0,-0.8231625407791211,-0.0,-0.0,-0.20175270261626047,-0.0,-0.4255101388089298,-0.0,-0.0
2019-04-01,1.0,-0.0,-0.10669368586960018,-0.0,-0.6245617420952749,-0.0,-0.0,-0.0,-0.0,-0.0,-0.0,-0.8480813149345428,-0.0,-0.0,-0.1801601852745344,-0.01997491074013317,-0.43709993888513626,-0.0,-0.0
2019-04-02,1.0,-0.0,-0.0930525093536318,-0.0,-0.6394336214681977,-0.0,-0.0,-0.0,-0.0,-0.0,-0.0,-0.8681137917688041,-0.0,-0.0,-0.1543026706231454,-0.009934202038446652,-0.4605212230679912,-0.0,-0.0
2019-04-03,1.0,-0.0,-0.08433306386418754,-0.0,-0.6359902991107518,-0.0,-0.0,-0.0,-0.0,-0.0,-0.0,-0.8763783346806789,-0.0,-0.0,-0.15699272433306385,-0.020468876313662083,-0.45946645109135,-0.0,-0.0
2019-04-04,1.0,-0.0,-0.08850329585110508,-0.0,-0.6143207961742279,-0.0,-0.0,-0.0,-0.0,-0.0,-0.0,-0.8796044978673906,-0.0,-0.0,-0.16120589375727026,-0.024815820085304384,-0.46280858213777953,-0.0,-0.0
2019-04-05,1.0,-0.0,-0.09631260319207484,-0.0,-0.5935446275373111,-0.0,-0.0,-0.0,-0.0,-0.0,-0.0,-0.9318203891352907,-0.0,-0.0,-0.13525850626436595,-0.054744407394218014,-0.425717893101104,-0.0,-0.0
2019-04-08,1.0,-0.0,-0.02528843573920043,-0.0,-0.6469680708344513,-0.0,-0.026529380198551115,-0.0,-0.0,-0.0,-0.0,-0.9822578481352295,-0.0,-0.0,-0.14901395224040784,-0.1075596994902066,-0.4162865575529917,-0.0,-0.0
2019-04-09,1.0,-0.0,-0.014316848281642917,-0.0,-0.6298742665549035,-0.0,-0.07238893545683152,-0.0,-0.0,-0.0,-0.0,-0.9766974015088014,-0.0,-0.0,-0.16385582564962278,-0.09780385582564963,-0.39792120704107287,-0.0,-0.0
2019-04-10,1.0,-0.0,-0.009642426677380475,-0.0,-0.6137672425338155,-0.0,-0.08490692379804474,-0.0,-0.0,-0.0,-0.0,-0.9835610017409936,-0.0,-0.0,-0.16097495647515736,-0.09655818936654614,-0.3986205972947636,-0.0,-0.0
2019-04-11,1.0,-0.0,-0.08599335414359079,-0.0,-0.537038901755446,-0.0,-0.11294599402544223,-0.0,-0.0,-0.0,-0.0,-0.960863290034572,-0.0,-0.0,-0.13751552378075388,-0.12281408384519854,-0.3993219883865338,-0.0,-0.0
2019-04-12,1.0,-0.0,-0.08372186629993626,-0.0,-0.5231610371314527,-0.0,-0.12031664039177539,-0.0,-0.0,-0.0,-0.0,-0.9650152617985442,-0.0,-0.0,-0.14497031496327106,-0.12561634186428738,-0.3914399758494616,-0.0,-0.0
2019-04-15,1.0,-0.0,-0.09212871120675162,-0.0,-0.5091960593120608,-0.0,-0.12060791499949564,-0.0,-0.0,-0.0,-0.0,-0.9765307151743385,-0.0,-0.0,-0.14132006321240037,-0.1255169631148919,-0.3970949194714367,-0.0,-0.0
2019-04-16,1.0,-0.0,-0.05977420872253209,-0.0,-0.44133458772931927,-0.0,-0.017068745380014787,-0.0,-0.0,-0.0,-0.0,-1.0302063033398292,-0.0,-0.0,-0.2823062966198508,-0.13423157045897452,-0.39510113567636584,-0.0,-0.0
2019-04-17,1.0,-0.0,-0.08912456359923589,-0.0,-0.4571174494433832,-0.0,-0.0027007443514919967,-0.0,-0.0,-0.0,-0.0,-0.989197022594032,-0.0,-0.0,-0.2923391080956459,-0.08243857453395692,-0.3806732099334695,-0.0,-0.0
2019-04-18,1.0,-0.0,-0.0908103482325061,-0.0,-0.4661970903824633,-0.0,-0.0,-0.0,-0.0,-0.0,-0.0,-0.9983542887235863,-0.0,-0.0,-0.27954051741162533,-0.054505957474820614,-0.40204726482785863,-0.0,-0.0
2019-04-22,1.0,-0.0,-0.08433894708924546,-0.0,-0.399847500331521,-0.0,-0.0,-0.0,-0.0,-0.0,-0.0,-1.0191950669672456,-0.0,-0.0,-0.30735313618883436,-0.054667815939530566,-0.44980771780930906,-0.0,-0.0
2019-04-23,1.0,-0.0,-0.06782933054119494,-0.0,-0.3938223938223938,-0.0,-0.0,-0.0,-0.0,-0.0,-0.0,-1.00487533538381,-0.0,-0.0,-0.2898043321772135,-0.0,-0.5157384987893463,-0.0,-0.0
2019-04-24,1.0,-0.0,-0.05506163862907757,-0.0,-0.2811911293254454,-0.0,-0.0,-0.0,-0.0,-0.0,-0.0,-1.0488482004164326,-0.0,-0.0,-0.3143735333972304,-0.10443864229765014,-0.5011071818091681,-0.0,-0.0
2019-04-25,1.0,-0.0,-0.07766699900299102,-0.0,-0.25845795945496847,-0.0,-0.0,-0.0,-0.0,-0.0,-0.0,-1.0431372549019609,-0.0,-0.0,-0.31681621801262877,-0.10697906281156531,-0.5203057494184115,-0.0,-0.0
2019-04-26,1.0,-0.0,-0.07376967024155556,-0.0,-0.32264207677658613,-0.0,-0.0,-0.0,-0.0,-0.0,-0.0,-1.0045437840366174,-0.0,-0.0,-0.38932878954929667,-0.12395175570478767,-0.4267815976746516,-0.0,-0.0
2019-04-29,1.0,-0.0,-0.0695998927685812,-0.0,-0.3591917431807519,-0.0,-0.0,-0.0,-0.0,-0.0,-0.0,-0.9718852623818779,-0.0,-0.0,-0.38556397024328126,-0.12656658400911466,-0.438140875276456,-0.0,-0.0
2019-04-30,1.0,-0.0,-0.09787617711881386,-0.0,-0.3816202497829426,-0.0,-0.0,-0.0,-0.0,-0.0,-0.0,-0.9382221331730448,-0.0,-0.0,-0.3921391838642891,-0.11470647164896813,-0.414813330661858,-0.0,-0.0
2019-05-01,1.0,-0.0,-0.11028850303774776,-0.0,-0.3809302479997344,-0.0,-0.0,-0.0,-0.0,-0.0,-0.0,-0.933169549483749,-0.0,-0.0,-0.38016666113342856,-0.11467082766176423,-0.40068390823677835,-0.0,-0.0
2019-05-02,1.0,-0.0,-0.04902452899641937,-0.0,-0.34156543854365357,-0.0,-0.0,-0.0,-0.0,-0.0,-0.0,-1.0044172271860254,-0.0,-0.0,-0.3862396680386842,-0.16604758558377672,-0.3991232473312586,-0.0,-0.0
2019-05-03,1.0,-0.0,-0.054368867231826976,-0.0,-0.34139910553367603,-0.0,-0.0,-0.0,-0.0,-0.0,-0.0,-0.9993658634270075,-0.0,-0.0,-0.38288498765102463,-0.1671116747880649,-0.39246378746412125,-0.0,-0.0
2019-05-06,1.0,-0.0,-0.041332572885563794,-0.0,-0.360552890260677,-0.0,-0.0,-0.0,-0.0,-0.0,-0.0,-1.009897004059449,-0.0,-0.0,-0.3627000369040829,-0.17274465729526622,-0.40772301808300065,-0.0,-0.0
2019-05-07,1.0,-0.0,-0.07237961757933728,-0.0,-0.3487836620282311,-0.0,-0.0,-0.0,-0.0,-0.0,-0.0,-0.9817465879133714,-0.0,-0.0,-0.3705742983949011,-0.15884139219808457,-0.40467847966096043,-0.0,-0.0
2019-05-08,1.0,-0.0,-0.08027431751921549,-0.0,-0.3322289954943016,-0.0,-0.0,-0.0,-0.0,-0.0,-0.0,-0.9773058574078981,-0.0,-0.0,-0.36400079512324407,-0.12702093824542804,-0.4321494831698913,-0.0,-0.0
2019-05-09,1.0,-0.0,-0.11062035069075452,-0.0,-0.3120682784272051,-0.0,-0.0,-0.0,-0.0,-0.0,-0.0,-0.9883435175345376,-0.0,-0.0,-0.3532146652497343,-0.10494155154091393,-0.4517468119022317,-0.0,-0.0
2019-05-10,1.0,-0.0,-0.10823646629026902,-0.0,-0.31212221853204913,-0.0,-0.0,-0.0,-0.0,-0.0,-0.0,-0.9908668216539357,-0.0,-0.0,-0.35134506808369315,-0.10634340750581203,-0.4522417801394886,-0.0,-0.0
2019-05-13,1.0,-0.0,-0.11509243259104691,-0.0,-0.38538032669296735,-0.0,-0.0,-0.0,-0.0,-0.0,-0.0,-0.9469531479247497,-0.0,-0.0,-0.31831371654005414,-0.10566985099931532,-0.3890319846108702,-0.0,-0.0
2019-05-14,1.0,-0.0,-0.11520031293803176,-0.0,-0.39133552824591716,-0.0,-0.0,-0.0,-0.0,-0.0,-0.0,-0.9496691332268474,-0.0,-0.0,-0.31596961893275094,-0.10206343514685269,-0.38556573328552335,-0.0,-0.0
2019-05-15,1.0,-0.0,-0.11604218524826414,-0.0,-0.3923097078475043,-0.0,-0.0,-0.0,-0.0,-0.0,-0.0,-0.951821040220097,-0.0,-0.0,-0.29477269749770735,-0.11918642735490634,-0.4011201362504913,-0.0,-0.0
2019-05-16,1.0,-0.0,-0.1435489676384935,-0.0,-0.39936520401819314,-0.0,-0.0,-0.0,-0.0,-0.0,-0.0,-0.9409377965380714,-0.0,-0.0,-0.2703118353457021,-0.10002944929812506,-0.4179182618369818,-0.0,-0.0
2019-05-17,1.0,-0.0,-0.14288536248106934,-0.0,-0.40419437676960557,-0.0,-0.0,-0.0,-0.0,-0.0,-0.0009218410482649634,-0.9421544742213734,-0.0,-0.0,-0.28501349838677814,-0.10973200763811153,-0.4073549746493712,-0.0,-0.0
2019-05-20,1.0,-0.0,-0.11429234184975313,-0.0,-0.39606322696093055,-0.0,-0.0,-0.0,-0.0,-0.0,-0.0,-0.9638797759883356,-0.0,-0.0,-0.3026477118335156,-0.10667064320508998,-0.43019518176094373,-0.0,-0.0
2019-05-21,1.0,-0.0,-0.09149786868453226,-0.0,-0.38502461751974354,-0.0,-0.0,-0.0,-0.0,-0.0,-0.026996662591283086,-0.9788190199253213,-0.0,-0.0,-0.2778971020718369,-0.11139014638337243,-0.4327726927270925,-0.0,-0.0
2019-05-22,1.0,-0.0,-0.08787206568883886,-0.0,-0.35844121444889576,-0.0,-0.0,-0.0,-0.0,-0.0,-0.030129457338674965,-1.010661192596762,-0.0,-0.0,-0.2700725093533755,-0.10171175048836208,-0.4520742972552395,-0.0,-0.0
2019-05-23,1.0,-0.0,-0.061269146608315096,-0.0,-0.34450633247132156,-0.0,-0.0,-0.0,-0.0,-0.0,-0.03942046283402957,-1.0264239771898414,-0.0,-0.0,-0.2888402625820569,-0.1085471785690604,-0.4463894967177243,-0.0,-0.0
2019-05-24,1.0,-0.0,-0.08521236675190116,-0.0,-0.32295022083485536,-0.0,-0.0,-0.0,-0.0,-0.0,-0.03373958091189852,-1.0300534652807758,-0.0,-0.0,-0.29611795570019595,-0.1136054195862252,-0.4391458838375452,-0.0,-0.0
2019-05-28,1.0,-0.0,-0.09323353095088267,-0.0,-0.311363561090319,-0.0,-0.0,-0.0,-0.0,-0.0,-0.01944159242208459,-1.0515351240353725,-0.0,-0.0,-0.2804954790845561,-0.1117808763620707,-0.4441426820786275,-0.0,-0.0
2019-05-29,1.0,-0.0,-0.11712002062653086,-0.0,-0.27388165527910274,-0.0,-0.0,-0.0,-0.0,-0.0,-0.03039190408663143,-1.0299406987237334,-0.0,-0.0,-0.25728374371535384,-0.11470284903957714,-0.39957457780069616,-0.0,-0.0
2019-05-30,1.0,-0.0,-0.10887581451255773,-0.0,-0.2975896754602391,-0.0,-0.0,-0.0,-0.0,-0.0,-0.08018599354716266,-1.0052192066805847,-0.0,-0.0,-0.18086923514898465,-0.08996014423989372,-0.4004238628455748,-0.0,-0.0
2019-05-31,1.0,-0.0,-0.11134883126836122,-0.0,-0.29639800740835354,-0.0,-0.0,-0.0,-0.0,-0.0,-0.08877251245369779,-1.022927576957466,-0.0,-0.0,-0.16927449227232086,-0.08532379614254694,-0.4192106271554477,-0.0,-0.0
2019-06-03,1.0,-0.0,-0.10434481891348088,-0.0,-0.3008362676056338,-0.0,-0.0,-0.0,-0.0,-0.0,-0.10921780684104629,-1.0379149899396378,-0.0,-0.0,-0.14433475855130787,-0.0,-0.4472459758551308,-0.0,-0.0
2019-06-04,1.0,-0.0,-0.14429749494320834,-0.0,-0.30390539909755715,-0.0,-0.0,-0.0,-0.0,-0.0,-0.05738291582386806,-1.0430683055858097,-0.0,-0.0,-0.17803018515637153,-0.04515325968570095,-0.3400653493076085,-0.0,-0.0
2019-06-05,1.0,-0.0,-0.16873977591900985,-0.0,-0.31176888175560974,-0.0,-0.017809191641717338,-0.0,-0.0,-0.0,-0.039507392203463075,-1.0175314052902869,-0.0,-0.0,-0.17685731041081515,-0.015586900830272539,-0.33874502299453685,-0.0,-0.0
2019-06-06,1.0,-0.0,-0.19128822420815855,-0.0,-0.29916712262143597,-0.0,-0.0,-0.0,-0.0,-0.0,-0.08234543133321175,-0.9949237035686059,-0.0,-0.0,-0.16438689282023225,-0.0,-0.3076174843455529,-0.0,-0.0
2019-06-07,1.0,-0.0,-0.21377946768060835,-0.0,-0.3013536121673004,-0.0,-0.0,-0.0,-0.0,-0.0,-0.054296577946768065,-1.0017338403041827,-0.0,-0.0,-0.1453384030418251,-0.010950570342205323,-0.31437262357414447,-0.0,-0.0
2019-06-10,1.0,-0.0,-0.15696333171442448,-0.0,-0.2938926663428849,-0.0,-0.0,-0.0,-0.0,-0.0,-0.08107697911607577,-1.012688198154444,-0.0,-0.0,-0.13726323457989315,-0.023858669256920838,-0.3297413793103448,-0.0,-0.0
2019-06-11,1.0,-0.0,-0.1557648180707453,-0.0,-0.297940817117144,-0.0,-0.0,-0.0,-0.0,-0.0,-0.07011949816729743,-1.0134696188574666,-0.0,-0.0,-0.08773132282385196,-0.02807163930029502,-0.32693625771076085,-0.0,-0.0
2019-06-12,1.0,-0.0,-0.17890395550834218,-0.0,-0.2914453539961257,-0.0,-0.0,-0.0,-0.0,-0.0,-0.07442354558520277,-0.9759732550146847,-0.0,-0.0,-0.10776104480409923,-0.11779041429731923,-0.3781166031369118,-0.0,-0.0
2019-06-13,1.0,-0.0,-0.18829283203423508,-0.0,-0.28895002292526367,-0.0,-0.0,-0.018829283203423506,-0.0,-0.0,-0.038575576952468285,-0.9778083447959652,-0.0,-0.0,-0.05370625095521932,-0.15332416322787712,-0.3372153446431301,-0.0,-0.0
2019-06-14,1.0,-0.0,-0.1836734693877551,-0.0,-0.29090072119073196,-0.0,-0.0,-0.02092987570968237,-0.0,-0.0,-0.03424888752493479,-0.9815866196102503,-0.0,-0.0,-0.06208378088077337,-0.1602577873254565,-0.3352155899953967,-0.0,-0.0
2019-06-17,1.0,-0.0,-0.18513480089042791,-0.0,-0.23788028691565666,-0.0,-0.0,-0.07222359633935196,-0.0,-0.0,-0.06109324758842444,-0.9303734850358645,-0.0,-0.0,-0.1303796685629483,-0.18674251793222854,-0.28793593865941136,-0.0,-0.0
2019-06-18,1.0,-0.0,-0.2568976279650437,-0.0,-0.18249063670411983,-0.0,-0.0,-0.051872659176029956,-0.0,-0.0,-0.019350811485642945,-0.9780274656679151,-0.0,-0.0,-0.15015605493133583,-0.21301498127340823,-0.26925717852684145,-0.0,-0.0
2019-06-19,1.0,-0.0,-0.07791613901786971,-0.0,-0.2988602785985648,-0.0,-0.0,-0.07337835936400733,-0.0,-0.0,-0.14207823272829606,-0.996482341353595,-0.0,-0.0,-0.1592092303362882,-0.3335795694385817,-0.43615449556775016,-0.0,-0.0
2019-06-20,1.0,-0.0,-0.0,-0.0,-0.2816416997859981,-0.0,-0.0,-0.0,-0.0,-0.0,-0.26131152552736164,-1.1951238153469887,-0.0,-0.0,-0.1497630693977377,-0.5029043106083766,-0.4306786915316416,-0.0,-0.0
2019-06-21,1.0,-0.0,-0.0,-0.0,-0.31667866207053297,-0.0,-0.0,-0.0,-0.0,-0.0,-0.22171294367210878,-1.2123944088791243,-0.0,-0.0,-0.1407629076858972,-0.46452517140800786,-0.43194817985529754,-0.0,-0.0
2019-06-24,1.0,-0.0,-0.0,-0.0,-0.32110677278870703,-0.0,-0.0,-0.0,-0.0,-0.0,-0.24316714221354557,-1.1922585973869952,-0.0,-0.0,-0.1259948941282475,-0.42093407418531315,-0.4508559843820394,-0.0,-0.0
2019-06-25,1.0,-0.0,-0.0,-0.0,-0.35674669644518886,-0.0,-0.0,-0.0,-0.0,-0.0,-0.23033686953284943,-1.1870091196724364,-0.0,-0.0,-0.11170668155592778,-0.39925553694397914,-0.4372603759538433,-0.0,-0.0
2019-06-26,1.0,-0.0,-0.0,-0.0,-0.4128105852723377,-0.0,-0.0,-0.0,-0.0,-0.0,-0.1650565725670037,-1.170582265158065,-0.0,-0.0,-0.14453257151449084,-0.41442694432958693,-0.45156561290080066,-0.0,-0.0
2019-06-27,1.0,-0.0,-0.0,-0.0,-0.4655001767408979,-0.0,-0.13814068575468363,-0.0,-0.0,-0.0,-0.11940615058324495,-1.1833863556026867,-0.0,-0.0,-0.02523860021208908,-0.24305408271474022,-0.3601272534464475,-0.0,-0.0
2019-06-28,1.0,-0.0,-0.0,-0.0,-0.378865693700351,-0.0,-0.17919822649177905,-0.06151856641418807,-0.0,-0.0,-0.1370404581562904,-1.2629595418437096,-0.0,-0.0,-0.04075374099390357,-0.21123221873268058,-0.42316645113615375,-0.0,-0.0
2019-07-01,1.0,-0.0,-0.0,-0.0,-0.38613861386138615,-0.0,-0.18151815181518152,-0.031756508984231754,-0.0,-0.0,-0.12720938760542722,-1.2693436010267694,-0.0,-0.0,-0.058745874587458745,-0.18833883388338835,-0.42390905757242386,-0.0,-0.0
2019-07-02,1.0,-0.0,-0.0,-0.0,-0.39073211863474716,-0.0,-0.17556916083146973,-0.03636763573706786,-0.0,-0.0,-0.13568207647468564,-1.2542068409282545,-0.0,-0.0,-0.04432305605455145,-0.19323972577629503,-0.43597169776734973,-0.0,-0.0
2019-07-03,1.0,-0.0,-0.007997652065448677,-0.0,-0.4156577885391445,-0.0,-0.1650891481399956,-0.013207131851199648,-0.0,-0.0,-0.16505246166263116,-1.255301195979162,-0.0,-0.0,-0.05088414410448309,-0.15511042629686697,-0.44034778780541495,-0.0,-0.0
2019-07-05,1.0,-0.0,-0.0254401724757456,-0.0,-0.4660438375853396,-0.0,-0.0929213079410708,-0.0117499101688825,-0.0,-0.0,-0.16370822853036293,-1.2113546532518864,-0.0,-0.0,-0.0,-0.16270212001437298,-0.4592526051024075,-0.0,-0.0
2019-07-08,1.0,-0.0,-0.04394102840704782,-0.0,-0.453002517080187,-0.0,-0.08435814455231931,-0.0,-0.0,-0.0,-0.1688601222581805,-1.2185185185185186,-0.0,-0.0,-0.0,-0.14998202085580725,-0.47720244516361016,-0.0,-0.0
2019-07-09,1.0,-0.0,-0.08476301250363479,-0.0,-0.43501017737714454,-0.0,-0.09759377726083164,-0.02202675196277988,-0.0,-0.0,-0.16501890084326842,-1.177704274498401,-0.0,-0.0,-0.0,-0.11504070950857807,-0.5376562954347194,-0.0,-0.0
2019-07-10,1.0,-0.0,-0.1037050623624358,-0.0,-0.3998165810711665,-0.0,-0.12842993396918562,-0.0,-0.0,-0.0,-0.16305942773294205,-1.1981658107116655,-0.0,-0.0,-0.0014306676449009537,-0.114490095377843,-0.5592809977989729,-0.0,-0.0
2019-07-11,1.0,-0.0,-0.09443701723113487,-0.0,-0.4294414735591206,-0.0,-0.09038918597742127,-0.0,-0.0,-0.0,-0.13565805109922757,-1.256610219845514,-0.0,-0.0,-0.0,-0.12076648841354723,-0.5863413547237076,-0.0,-0.0
2019-07-12,1.0,-0.0,-0.09288986554434057,-0.0,-0.44794964430705053,-0.0,-0.10309508734031063,-0.0,-0.0,-0.0,-0.13870162762114047,-1.24760698722485,-0.0,-0.0,-0.0,-0.1060747141420537,-0.5882900666691497,-0.0,-0.0
2019-07-15,1.0,-0.0,-0.07538952506100996,-0.0,-0.4807584006007134,-0.0,-0.12288342406607848,-0.0,-0.0,-0.0,-0.1443964708090858,-1.2470809085789376,-0.0,-0.0,-0.0,-0.10426131030598837,-0.5796508353669984,-0.0,-0.0
2019-07-16,1.0,-0.0,-0.07469704499407469,-0.0,-0.49214419511449214,-0.0,-0.14591536373714592,-0.0,-0.0,-0.0,-0.17252188539317254,-1.248021713368248,-0.0,-0.0,-0.0,-0.11185442868611187,-0.5776596964715777,-0.0,-0.0
2019-07-17,1.0,-0.0,-0.08312574253631243,-0.0,-0.5304487793661136,-0.0,-0.1373165216724792,-0.0,-0.0,-0.0,-0.15000191622274173,-1.2414823899130036,-0.0,-0.0,-0.015444755298355881,-0.1139002797685203,-0.5607250986854712,-0.0,-0.0
2019-07-18,1.0,-0.0,-0.07475102071965505,-0.0,-0.5419162819094135,-0.0,-0.14755599648948753,-0.0,-0.0,-0.0,-0.13908497729614225,-1.229022780173236,-0.0,-0.0,-0.045598504216430726,-0.0967298813294158,-0.541114969283016,-0.0,-0.0
2019-07-19,1.0,-0.0,-0.07178846080994053,-0.0,-0.5396067734969884,-0.0,-0.15088835852559002,-0.0,-0.0,-0.0,-0.14691063378414215,-1.2239648444899043,-0.0,-0.0,-0.026821229685191503,-0.1328181232715839,-0.4954729704133045,-0.0,-0.0
2019-07-22,1.0,-0.0,-0.1025340988042564,-0.0,-0.599078509525725,-0.0,-0.13332358211138334,-0.0,-0.0,-0.0,-0.1662339561926354,-1.1490474275057594,-0.0,-0.0,-0.0,-0.0,-0.5064540900281567,-0.0,-0.0
2019-07-23,1.0,-0.0,-0.08148745782602318,-0.0,-0.6690993105471615,-0.0,-0.11196274020830278,-0.0,-0.0,-0.0,-0.16887927240721726,-1.1274387560510488,-0.0,-0.0,-0.0,-0.007591315828076866,-0.5008801525597771,-0.0,-0.0
2019-07-24,1.0,-0.0,-0.11164616980293378,-0.0,-0.5674914802192919,-0.0,-0.17510001481700993,-0.0,-0.0,-0.0,-0.1849903689435472,-1.1186472069936286,-0.0172618165654171,-0.0,-0.0,-0.0,-0.529078381982516,-0.0,-0.0
2019-07-25,1.0,-0.0,-0.15640297630702957,-0.0,-0.6285000979048365,-0.0,-0.1998727237125514,-0.3239671039749364,-0.0,-0.06926767182298806,-0.2622381045623654,-1.1227726649696497,-0.0,-0.0,-0.0,-0.03749755237908753,-1.0947718817309575,-0.0,-0.0
2019-07-26,1.0,-0.0,-0.19664864338253205,-0.0,-0.608358906912173,-0.0,-0.10614253007939987,-0.33157971649861173,-0.0,-0.0787666228262458,-0.23323103901797457,-1.1304008962930487,-0.0,-0.0,-0.011398509425690487,-0.056797700813483364,-1.1178333089775438,-0.0,-0.0
2019-07-29,1.0,-0.0,-0.21448670677275372,-0.0,-0.6163885115466718,-0.0,-0.12075490005821851,-0.3203473704638075,-0.0,-0.06287599456627208,-0.23709489617698426,-1.1147875024257714,-0.0,-0.0,-0.004026780516204153,-0.05904327576169222,-1.1016398214632253,-0.0,-0.0
2019-07-30,1.0,-0.0,-0.2193996502817175,-0.0,-0.6157470371089955,-0.0,-0.1181756362929862,-0.3069263648727414,-0.0,-0.06945793666213328,-0.23848843986788418,-1.124489994171362,-0.0,-0.0,-0.0038371867107052653,-0.058820672236254125,-1.1019525937439285,-0.0,-0.0
2019-07-31,1.0,-0.0,-0.26060458313018037,-0.0,-0.6495855680156021,-0.0,-0.004436860068259386,-0.19653827401267673,-0.0,-0.08927352510970259,-0.2886396879570941,-1.1302779132130667,-0.0,-0.0,-0.05797172111165285,-0.13305704534373475,-1.065236470014627,-0.0,-0.0
2019-08-01,1.0,-0.0,-0.2810258333724038,-0.0,-0.49955459702752125,-0.0,-0.011205401097097849,-0.1926485067279291,-0.0,-0.06887336490224577,-0.3197993342397675,-1.1780674199446761,-0.0,-0.0,-0.0,-0.14477940831731445,-0.9924984762529888,-0.0,-0.0
2019-08-02,1.0,-0.0,-0.265782443642499,-0.0,-0.506959741294465,-0.0,-0.0,-0.19290434456577776,-0.0,-0.059286685100998264,-0.32563153208042367,-1.1998875193326148,-0.0,-0.0,-0.0,-0.15737920044992265,-0.9788630079205136,-0.0,-0.0
2019-08-05,1.0,-0.0,-0.24195058030700112,-0.0,-0.49438412579558216,-0.0,-0.0,-0.1896761512542119,-0.0,-0.06275739423436914,-0.319449644327967,-1.226974915761887,-0.0,-0.0,-0.0,-0.17610445526020216,-0.9685511044552602,-0.0,-0.0
2019-08-06,1.0,-0.0,-0.3488460242587601,-0.0,-0.53125,-0.0,-0.0,-0.17153807277628033,-0.0,-0.0,-0.24642014824797842,-1.0563931940700808,-0.0,-0.0,-0.0,-0.0,-0.857184973045822,-0.0,-0.0
2019-08-07,1.0,-0.0,-0.35947034162135233,-0.0,-0.5310696940766261,-0.0,-0.0,-0.152754140550413,-0.0,-0.0,-0.2546594163795608,-1.0284753642439084,-0.0,-0.0,-0.0,-0.0,-0.8244572661989954,-0.0,-0.0
2019-08-08,1.0,-0.0,-0.33892589508742715,-0.0,-0.5779766860949209,-0.0,-0.0,-0.15474604496253122,-0.0,-0.0,-0.24429641965029145,-1.0270607826810991,-0.0,-0.0,-0.0,-0.0,-0.82014987510408,-0.0,-0.0
2019-08-09,1.0,-0.0,-0.325231812425963,-0.0,-0.5064744087251338,-0.0,-0.0,-0.20991789551080428,-0.0,-0.0,-0.18704301294881745,-1.0595155426657408,-0.0,-0.0,-0.0,-0.0,-0.796617785221192,-0.0,-0.0
2019-08-12,1.0,-0.0,-0.32192617941823515,-0.0,-0.5016703332518536,-0.0,-0.0,-0.18002933268149596,-0.0,-0.0,-0.1874439827263098,-1.084005540617616,-0.0,-0.0,-0.0,-0.0,-0.7989081724109834,-0.0,-0.0
2019-08-13,1.0,-0.0,-0.34149989892864363,-0.0,-0.4745502324641197,-0.0,-0.0,-0.16466545381039016,-0.0,-0.0,-0.18985243581968872,-1.07301394784718,-0.0,-0.0,-0.0,-0.0,-0.7992722862340812,-0.0,-0.0
2019-08-14,1.0,-0.0,-0.35417421042043856,-0.0,-0.44807885737276204,-0.0,-0.0,-0.13824180245423456,-0.0,-0.0,-0.19963789981894992,-1.0787366727016698,-0.0,-0.0,-0.0,-0.0,-0.8044256688795012,-0.0,-0.0
2019-08-15,1.0,-0.0,-0.49548497586797446,-0.0,-0.367157091701697,-0.0,-0.0,-0.04810836057916861,-0.0,-0.0,-0.13996574809279153,-0.9731823135606414,-0.028880585396232294,-0.0,-0.0,-0.0,-0.8395220302039546,-0.0,-0.0
2019-08-16,1.0,-0.0,-0.5105544500370673,-0.0,-0.3816379882164735,-0.0,-0.0,-0.08197744742284131,-0.0,-0.0,-0.1536540637559015,-0.9207928518475165,-0.03636505521089391,-0.0,-0.0,-0.0,-0.8168871200593077,-0.0,-0.0
2019-08-19,1.0,-0.0,-0.5017398700897,-0.0,-0.3779771110423755,-0.0,-0.0,-0.07094803587998764,-0.0,-0.0,-0.15627899783482835,-0.928201360965048,-0.024590163934426233,-0.0,-0.0,-0.0,-0.8066811011444479,-0.0,-0.0
2019-08-20,1.0,-0.0,-0.5159721158265665,-0.0,-0.36950360042898733,-0.0,-0.0,-0.03834073847096676,-0.0,-0.0,-0.13861651601041827,-0.9408227363260304,-0.035468055768346864,-0.0,-0.0,-0.0,-0.7914815382258312,-0.0,-0.0
2019-08-21,1.0,-0.0,-0.5138155376961347,-0.0,-0.3708763872942978,-0.0,-0.0,-0.041140451588212786,-0.0,-0.0,-0.14029850746268657,-0.9417145044010717,-0.03222349789513969,-0.0,-0.0,-0.0,-0.7869498660543438,-0.0,-0.0
2019-08-22,1.0,-0.0,-0.5326752372206919,-0.0,-0.3468778696051424,-0.0,-0.0,-0.023607284970921336,-0.0,-0.0,-0.15851698806244263,-0.9508340985613714,-0.022689011325374965,-0.0,-0.0,-0.0,-0.790977961432507,-0.0,-0.0
2019-08-23,1.0,-0.0,-0.5382763233326964,-0.0,-0.33617427861647237,-0.0,-0.0,-0.0339384674183069,-0.0,-0.0,-0.14840435696541182,-0.9560099369386584,-0.02140263711064399,-0.0,-0.0,-0.0,-0.7877317026562202,-0.0,-0.0
2019-08-26,1.0,-0.0,-0.5263741544375855,-0.0,-0.29264776549735705,-0.0,-0.0,-0.012567922226740103,-0.0,-0.0,-0.11414630540051011,-0.9755664806121317,-0.027316748604590987,-0.0,-0.0,-0.0,-0.7478283369681735,-0.0,-0.0
2019-08-27,1.0,-0.0,-0.5048166733819275,-0.0,-0.3020035896121021,-0.0,-0.0,-0.011684553679352406,-0.0,-0.0,-0.11820079850554926,-0.9734075674883704,-0.030401816783268015,-0.0,-0.0,-0.0,-0.7223911212043516,-0.0,-0.0
2019-08-28,1.0,-0.0,-0.5082333956797594,-0.0,-0.3101184582095573,-0.0,-0.0,-0.018117137932299115,-0.0,-0.0,-0.11563428319947189,-0.971577364579895,-0.024241757435728168,-0.0,-0.0,-0.0,-0.7195144313639197,-0.0,-0.0
2019-08-29,1.0,-0.0,-0.5104071069344004,-0.0,-0.30832201461033004,-0.0,-0.0,-0.021474982563048348,-0.0,-0.0,-0.11405601850152344,-0.9703755368745642,-0.026761132117029476,-0.0,-0.0,-0.0,-0.7195403986637788,-0.0,-0.0
2019-08-30,1.0,-0.0,-0.5273160887910474,-0.0,-0.3283434232250963,-0.0,-0.0,-0.02913226930838378,-0.0,-0.0,-0.12126215373325995,-0.951054852320675,-0.0,-0.0,-0.0,-0.0,-0.711979453311319,-0.0,-0.0
2019-09-03,1.0,-0.0,-0.527763477237626,-0.0,-0.3218356990512613,-0.0,-0.0,-0.027358976244759872,-0.0,-0.0,-0.12793263219827902,-0.9512392439508716,-0.0,-0.0,-0.0,-0.0,-0.7211517246451423,-0.0,-0.0
2019-09-04,1.0,-0.0,-0.5543220246138115,-0.0,-0.332213417083592,-0.0,-0.0,-0.0,-0.0,-0.0,-0.11810247233685132,-0.964613081108717,-0.0,-0.0,-0.0,-0.0,-0.6826498192309097,-0.0,-0.0
2019-09-05,1.0,-0.0,-0.5764311481980833,-0.0,-0.30904055679043835,-0.0,-0.0,-0.0,-0.0,-0.0,-0.10571001712640746,-0.9602813103523666,-0.0,-0.0,-0.0,-0.0,-0.6924898881317639,-0.0,-0.0
2019-09-06,1.0,-0.0,-0.5755087209302325,-0.0,-0.29058866279069767,-0.0,-0.0,-0.0,-0.0,-0.0,-0.09923691860465117,-0.9756177325581395,-0.0,-0.0,-0.0,-0.0,-0.6927688953488371,-0.0,-0.0
2019-09-09,1.0,-0.0,-0.5726058229870036,-0.0,-0.29840993247658465,-0.0,-0.0,-0.0,-0.0,-0.0,-0.09703768242213026,-0.9715385173890948,-0.0,-0.0,-0.0,-0.0,-0.6907354969868583,-0.0,-0.0
2019-09-10,1.0,-0.0,-0.5650450450450449,-0.0,-0.28857657657657654,-0.0,-0.0,-0.027315315315315312,-0.0,-0.0,-0.098018018018018,-0.9585945945945946,-0.0,-0.0,-0.0,-0.0,-0.6660540540540539,-0.0,-0.0
2019-09-11,1.0,-0.0,-0.5726622881817192,-0.0,-0.2938785877571755,-0.0,-0.0,-0.04942124169962626,-0.0,-0.0,-0.10834935955586197,-0.9262672811059908,-0.0,-0.0,-0.0,-0.0,-0.6779999274284262,-0.0,-0.0
2019-09-12,1.0,-0.0,-0.5530617399776279,-0.0,-0.3347165590156244,-0.0,-0.0,-0.1726626492981633,-0.0,-0.0,-0.10348933713419696,-0.7863457583083752,-0.0,-0.0,-0.0,-0.0,-0.6581026954858731,-0.0,-0.0
2019-09-13,1.0,-0.0,-0.5806935950488885,-0.0,-0.328890028197898,-0.0,-0.0,-0.1958472186618816,-0.0,-0.0,-0.12297213168784561,-0.7591093858717546,-0.0,-0.0,-0.0,-0.0,-0.6745889332405611,-0.0,-0.0
2019-09-16,1.0,-0.0,-0.5604534005037783,-0.0,-0.29463624240628244,-0.0,-0.0,-0.17732256630611945,-0.0,-0.0,-0.1518743517558157,-0.8281967698918359,-0.0,-0.0,-0.0,-0.0,-0.6917691509853312,-0.0,-0.0
2019-09-17,1.0,-0.0,-0.5143441099962839,-0.0,-0.3590115198810851,-0.0,-0.0,-0.2655890003716091,-0.0,-0.0,-0.06358231140839836,-0.8336677814938684,-0.0,-0.0,-0.0,-0.0,-0.6798959494611668,-0.0,-0.0
2019-09-18,1.0,-0.0,-0.5216484089723527,-0.0,-0.31198300916610777,-0.0,-0.0,-0.2858633281168492,-0.0,-0.0,-0.07798643714136672,-0.8334823757358968,-0.0,-0.0,-0.0,-0.0,-0.695059244355019,-0.0,-0.0
2019-09-19,1.0,-0.0,-0.4980670344931127,-0.0,-0.27759636677551325,-0.0,-0.0,-0.31820740907555456,-0.0,-0.0,-0.07983335209998874,-0.8399204293810757,-0.0,-0.0,-0.0,-0.0,-0.7396689561986263,-0.0,-0.0
2019-09-20,1.0,-0.0,-0.4779707768003578,-0.0,-0.2503727448933949,-0.0,-0.0,-0.4072983450126733,-0.0,-0.0,-0.0537498136275533,-0.8044580289250037,-0.0,-0.0,-0.0,-0.0,-0.7336364991799612,-0.0,-0.0
2019-09-23,1.0,-0.0,-0.48186663684818676,-0.0,-0.2510716016251072,-0.0,-0.0,-0.4060904245406091,-0.0,-0.0,-0.05494054940549406,-0.7963770546796377,-0.0,-0.0,-0.0,-0.0,-0.7369264601736927,-0.0,-0.0
2019-09-24,1.0,-0.0,-0.4748142339718457,-0.0,-0.27082633210111645,-0.0,-0.0,-0.4008065419513835,-0.0,-0.0,-0.058399611664986376,-0.7944811620178485,-0.0,-0.0,-0.0,-0.0,-0.7346626339569098,-0.0,-0.0
2019-09-25,1.0,-0.0,-0.479386242598041,-0.0,-0.25902201035343186,-0.0,-0.0,-0.4167070127741983,-0.0,-0.0,-0.04539868161334773,-0.7937879408588133,-0.0,-0.0,-0.0,-0.0,-0.7299541916502178,-0.0,-0.0
2019-09-26,1.0,-0.0,-0.4873405956054579,-0.0,-0.2475740788935569,-0.0,-0.0,-0.41993530877049484,-0.0,-0.0,-0.037699371677138716,-0.7929137078484589,-0.0,-0.0,-0.0,-0.0,-0.7324980481094546,-0.0,-0.0
2019-09-27,1.0,-0.0,-0.5018688794198999,-0.0,-0.24142184346265977,-0.0,-0.0,-0.413134484563056,-0.0,-0.0,-0.05273977722957315,-0.781602750990506,-0.0,-0.0,-0.0,-0.0,-0.7470284817223594,-0.0,-0.0
2019-09-30,1.0,-0.0,-0.4692987403647302,-0.0,-0.27836059409663466,-0.0,-0.0,-0.37958262831359274,-0.0,-0.0,-0.06275615717240082,-0.8193645422071817,-0.0,-0.0,-0.0,-0.0,-0.7507426207933822,-0.0,-0.0
2019-10-01,1.0,-0.0,-0.47493104620848603,-0.0,-0.2823138247629123,-0.0,-0.0,-0.3523255374617448,-0.0,-0.0,-0.07862621377564513,-0.8338685910756791,-0.0,-0.0,-0.0,-0.0,-0.756262515585446,-0.0,-0.0
2019-10-02,1.0,-0.0,-0.48253920724632254,-0.0,-0.2600965677284126,-0.0,-0.0,-0.36703222667215624,-0.0,-0.0,-0.06550136617135158,-0.8170078975932926,-0.0,-0.0,-0.0,-0.0,-0.7507953737320806,-0.0,-0.0
2019-10-03,1.0,-0.0,-0.6342327211654314,-0.0,-0.19131768228120777,-0.0,-0.0,-0.27876154660630176,-0.0,-0.0,-0.03037715871335207,-0.794662090620322,-0.0,-0.0,-0.0,-0.0,-0.7217861185147322,-0.0,-0.0
2019-10-04,1.0,-0.0,-0.6361150607021766,-0.0,-0.19720004374931643,-0.0,-0.0,-0.2892194392795946,-0.0,-0.0,-0.03310364942214444,-0.771993145940428,-0.0,-0.0,-0.0,-0.0,-0.7181450289839222,-0.0,-0.0
2019-10-07,1.0,-0.0,-0.6476139217796915,-0.0,-0.2228561176892716,-0.0,-0.0,-0.3099390025116613,-0.0,-0.0,-0.0369573017581629,-0.6934696806602081,-0.0,-0.0,-0.0,-0.0,-0.6772156440617151,-0.0,-0.0
2019-10-08,1.0,-0.0,-0.6740724762726488,-0.0,-0.2166738567730802,-0.0,-0.0,-0.31557377049180324,-0.0,-0.0,-0.03303853897037676,-0.6566005176876617,-0.0,-0.0,-0.0,-0.0,-0.6990580960598217,-0.0,-0.0
2019-10-09,1.0,-0.0,-0.7170153070284476,-0.0,-0.24363390986255637,-0.0,-0.0,-0.26963099762048515,-0.0,-0.0,-0.029477572184536706,-0.6160102283623966,-0.0,-0.0,-0.0,-0.0,-0.675711190822886,-0.0,-0.0
2019-10-10,1.0,-0.0,-0.7067647990984963,-0.0,-0.275627707152164,-0.0,-0.0,-0.2795013557770187,-0.0,-0.0,-0.017220128886854248,-0.5924921646652815,-0.0,-0.0,-0.0,-0.0,-0.649892594288129,-0.0,-0.0
2019-10-11,1.0,-0.0,-0.6979794774145773,-0.0,-0.27906484713847457,-0.0,-0.0,-0.2748333862265947,-0.0,-0.0,-0.03138333509644205,-0.5939208011565993,-0.0,-0.0,-0.0,-0.0,-0.6490355795338341,-0.0,-0.0
2019-10-14,1.0,-0.0,-0.7,-0.0,-0.19763751763046544,-0.0,-0.0,-0.2824047954866008,-0.0,-0.0,-0.03653032440056417,-0.6213681241184766,-0.0,-0.0,-0.0,-0.0,-0.68811706629055,-0.0,-0.0
2019-10-15,1.0,-0.0,-0.6515072494002295,-0.0,-0.18577240012516952,-0.0,-0.0,-0.3071868154792949,-0.0,-0.0,-0.06147213240151595,-0.622335801954035,-0.0,-0.0,-0.0,-0.0,-0.6486561663363584,-0.0,-0.0
2019-10-16,1.0,-0.0,-0.650835746937921,-0.0,-0.20563911086296544,-0.0,-0.0,-0.2757092507938724,-0.0,-0.0,-0.07732840143769411,-0.6151376627002129,-0.0,-0.0,-0.0,-0.0,-0.6648986286073211,-0.0,-0.0
2019-10-17,1.0,-0.0,-0.6744177951056497,-0.0,-0.22111602325338528,-0.0,-0.0,-0.24590106868103173,-0.0,-0.0,-0.05353848296028126,-0.6330629721168238,-0.0,-0.0,-0.0,-0.0,-0.6530093640129495,-0.0,-0.0
2019-10-18,1.0,-0.0,-0.6621866295264623,-0.0,-0.21876740947075207,-0.0,-0.0,-0.2590181058495822,-0.0,-0.0,-0.05577994428969359,-0.6297353760445682,-0.0,-0.0,-0.0,-0.0,-0.6564066852367687,-0.0,-0.0
2019-10-21,1.0,-0.0,-0.6324331936767243,-0.0,-0.2522972925395205,-0.0,-0.0,-0.2665211421328733,-0.0,-0.0,-0.05509981339999296,-0.6334190050346794,-0.0,-0.0,-0.0,-0.0,-0.6810196106045135,-0.0,-0.0
2019-10-22,1.0,-0.0,-0.6323059441801009,-0.0,-0.3020382075136709,-0.0,-0.0,-0.2518287053476316,-0.0,-0.0,-0.06373837085434274,-0.6045380299694625,-0.0,-0.0,-0.0,-0.0,-0.696434912293161,-0.0,-0.0
2019-10-23,1.0,-0.0,-0.6251950078003119,-0.0,-0.27627286909658205,-0.0,-0.0,-0.248475393561197,-0.0,-0.0,-0.07229470997021697,-0.6230676499787264,-0.0,-0.0,-0.0,-0.0,-0.7003261948659765,-0.0,-0.0
2019-10-24,1.0,-0.0,-0.6893950228832952,-0.0,-0.27502860411899316,-0.0,-0.0,-0.20637871853546913,-0.0,-0.0,-0.08016304347826086,-0.6102688787185355,-0.0,-0.0,-0.0,-0.0,-0.7143163615560641,-0.0,-0.0
2019-10-25,1.0,-0.0,-0.66574793284891,-0.0,-0.25743637470021835,-0.0,-0.0,-0.2179188889286609,-0.019687153237641836,-0.0,-0.07101693095178437,-0.6284139313455274,-0.0,-0.0,-0.0,-0.0,-0.7192611948312274,-0.0,-0.0
2019-10-28,1.0,-0.0,-0.6937392426850257,-0.0,-0.2808017785427424,-0.0,-0.0,-0.20596672403901317,-0.034997131382673546,-0.0,-0.0409495123350545,-0.6343588640275387,-0.0,-0.0,-0.0,-0.0,-0.6949584050487665,-0.0,-0.0
2019-10-29,1.0,-0.0,-0.7028301886792453,-0.0,-0.2813393367638651,-0.0,-0.0,-0.24178101772441396,-0.027479988564894225,-0.0,-0.015401658090337335,-0.6296097770154375,-0.0,-0.0,-0.0,-0.0,-0.675028587764437,-0.0,-0.0
2019-10-30,1.0,-0.0,-0.7029143572322546,-0.0,-0.26590380833184335,-0.0,-0.0,-0.25556946182728413,-0.033184337564813156,-0.0,-0.011371357053459681,-0.6274986590380833,-0.0,-0.0,-0.0,-0.0,-0.6794207044519935,-0.0,-0.0
2019-10-31,1.0,-0.0,-0.709774490609818,-0.0,-0.16601406714523964,-0.0,-0.0,-0.22373286926256253,-0.09375679791168154,-0.0,-0.04434051192806903,-0.6457472264520339,-0.0,-0.0,-0.0,-0.0,-0.7422231890363281,-0.0,-0.0
2019-11-01,1.0,-0.0,-0.7208720255368544,-0.0,-0.18245792222867094,-0.0,-0.0,-0.22428177597214163,-0.10156703424260012,-0.0,-0.027350551363900175,-0.6566671503192107,-0.0,-0.0,-0.0,-0.0,-0.7141976204294835,-0.0,-0.0
2019-11-04,1.0,-0.0,-0.7063152552204177,-0.0,-0.21432714617169374,-0.0,-0.0,-0.21820620649651976,-0.09084976798143853,-0.0,-0.01685759860788863,-0.656358758700696,-0.0,-0.0,-0.0,-0.0,-0.7223752900232019,-0.0,-0.0
2019-11-05,1.0,-0.0,-0.6863423423423423,-0.0,-0.2655135135135135,-0.0,-0.0,-0.23214414414414414,-0.07016216216216216,-0.0,-0.04108108108108108,-0.6201081081081081,-0.0,-0.0,-0.0,-0.0,-0.6882522522522522,-0.0,-0.0
2019-11-06,1.0,-0.0,-0.6867161597232233,-0.0,-0.2626855989620873,-0.0,-0.0,-0.20030272452068618,-0.09110566527317285,-0.0,-0.04230935562923454,-0.6411993657200519,-0.0,-0.0,-0.0,-0.0,-0.6795084330402191,-0.0,-0.0
2019-11-07,1.0,-0.0,-0.6998091396881415,-0.0,-0.26288307105045194,-0.0,-0.0,-0.19514566603046565,-0.09168497245129462,-0.0,-0.043069609996758976,-0.636753214015629,-0.0,-0.0,-0.0,-0.0,-0.6717562749828947,-0.0,-0.0
2019-11-08,1.0,-0.0,-0.7073591827926049,-0.0,-0.24372347313142942,-0.0,-0.0,-0.20908567728940367,-0.11661031580461836,-0.0,-0.03560894899647508,-0.6195237752679664,-0.0,-0.0,-0.0,-0.0,-0.6649881303503344,-0.0,-0.0
2019-11-11,1.0,-0.0,-0.7266313932980599,-0.0,-0.23381204333585284,-0.0,-0.0,-0.19897059352841664,-0.14156138645934563,-0.0,-0.03304178814382896,-0.6115610265270129,-0.0,-0.0,-0.0,-0.0,-0.6537091026886945,-0.0,-0.0
2019-11-12,1.0,-0.0,-0.7287740082570454,-0.0,-0.23611559863579246,-0.0,-0.0,-0.1922814575480165,-0.14162627894453417,-0.0,-0.0291868605277329,-0.6138933764135702,-0.0,-0.0,-0.0,-0.0,-0.6481062645844552,-0.0,-0.0
2019-11-13,1.0,-0.0,-0.7488517295823166,-0.0,-0.25592076934117985,-0.0,-0.0,-0.14141667862781687,-0.15006459021099472,-0.0,-0.06003301277450839,-0.6110951629108655,-0.0,-0.0,-0.0,-0.0,-0.620963111812832,-0.0,-0.0
2019-11-14,1.0,-0.0,-0.745025186667143,-0.0,-0.25175949412311105,-0.0,-0.0,-0.14529670251152155,-0.15830088242649423,-0.0,-0.05383873387874674,-0.6224143474688293,-0.0,-0.0,-0.0,-0.0,-0.5959058268729235,-0.0,-0.0
2019-11-15,1.0,-0.0,-0.713785813224466,-0.0,-0.28508420208500407,-0.0,-0.0,-0.19421156229496248,-0.14664285193555443,-0.0,-0.0551869942407232,-0.6078953123860903,-0.0,-0.0,-0.0,-0.0,-0.6422687176496319,-0.0,-0.0
2019-11-18,1.0,-0.0,-0.7500736593989393,-0.0,-0.26572628167354156,-0.0,-0.0,-0.19339275191514438,-0.13811137301119622,-0.0,-0.05855922215674721,-0.5881703005303477,-0.0,-0.0,-0.0,-0.0,-0.6888995285798468,-0.0,-0.0
2019-11-19,1.0,-0.0,-0.7493318689364817,-0.0,-0.27267069375800845,-0.0,-0.0,-0.1934468240893282,-0.14131429617426322,-0.0,-0.04634816035145524,-0.5854658612483983,-0.0,-0.0,-0.0,-0.0,-0.6724510342302764,-0.0,-0.0
2019-11-20,1.0,-0.0,-0.7636962488563587,-0.0,-0.27322964318389753,-0.0,-0.0,-0.18477584629460203,-0.1421408966148216,-0.0,-0.0353156450137237,-0.5995608417200367,-0.0,-0.0,-0.0,-0.0,-0.6609332113449223,-0.0,-0.0
2019-11-21,1.0,-0.0,-0.7619065240720866,-0.0,-0.25411686341264844,-0.0,-0.0,-0.15912370943270546,-0.1761462457906228,-0.0,-0.06128113088850237,-0.5936054472116344,-0.0,-0.0,-0.0,-0.0,-0.6943714613477407,-0.0,-0.0
2019-11-22,1.0,-0.0,-0.7620785993667349,-0.0,-0.21817843173775375,-0.0,-0.0,-0.17973551871856955,-0.1974669398398212,-0.0,-0.06429502700689141,-0.6007450176941702,-0.0,-0.0,-0.0,-0.0,-0.7026634382566586,-0.0,-0.0
2019-11-25,1.0,-0.0,-0.742809692760625,-0.0,-0.27104250018872195,-0.0,-0.0,-0.11583754812410356,-0.2154827508115045,-0.0,-0.03317732316750962,-0.6401826828715936,-0.0,-0.0,-0.0,-0.0,-0.7558692534158677,-0.0,-0.0
2019-11-26,1.0,-0.0,-0.6542603797998249,-0.0,-0.26365262396772843,-0.0,-0.0,-0.10324618487650798,-0.2647562507135518,-0.0,-0.08490314723903034,-0.6482475168398218,-0.0,-0.0,-0.0,-0.0,-0.786543364919892,-0.0,-0.0
2019-11-27,1.0,-0.0,-0.6582599160585322,-0.0,-0.2878209248686051,-0.0,-0.0,-0.104624343025674,-0.2692554921163081,-0.0,-0.08314742692933036,-0.6214315423299429,-0.0,-0.0,-0.0,-0.0,-0.7566075547321057,-0.0,-0.0
2019-11-29,1.0,-0.0,-0.6456546489563567,-0.0,-0.2874762808349146,-0.0,-0.0,-0.11149905123339658,-0.27324478178368117,-0.0,-0.08789373814041745,-0.6176091081593927,-0.0,-0.0,-0.0,-0.0,-0.7716888045540796,-0.0,-0.0
2019-12-02,1.0,-0.0,-0.6541047752915701,-0.0,-0.2575694259772822,-0.0,-0.0,-0.10374957261710291,-0.281730805759222,-0.0,-0.08239942255821904,-0.6343501880484747,-0.0,-0.0,-0.0,-0.0,-0.7850928845496333,-0.0,-0.0
2019-12-03,1.0,-0.0,-0.6599202582115057,-0.0,-0.29394342130244927,-0.0,-0.0,-0.08327321055629391,-0.2800075944560471,-0.0,-0.08479210176571103,-0.6051262578317829,-0.0,-0.0,-0.0,-0.0,-0.7901651794190242,-0.0,-0.0
2019-12-04,1.0,-0.0,-0.6873623452570821,-0.0,-0.27136021872863975,-0.0,-0.0,-0.08756740335687704,-0.28590415432520694,-0.0,-0.09079516974253816,-0.5803144224196856,-0.0,-0.0,-0.0,-0.0,-0.7940685045948203,-0.0,-0.0
2019-12-05,1.0,-0.0,-0.6862492907130698,-0.0,-0.259239644410819,-0.0,-0.0,-0.09211272933610744,-0.292944959334216,-0.0,-0.08178551163230567,-0.5824475127671648,-0.0,-0.0,-0.0,-0.0,-0.7880839795725364,-0.0,-0.0
2019-12-06,1.0,-0.0,-0.717005267118134,-0.0,-0.24567343867569602,-0.0,-0.0,-0.09134687735139203,-0.2799097065462754,-0.0,-0.08863807373965389,-0.5591422121896163,-0.0,-0.0,-0.0,-0.0,-0.7805116629044395,-0.0,-0.0
2019-12-09,1.0,-0.0,-0.714538007740578,-0.0,-0.2373276218389509,-0.0,-0.0,-0.1158832149701274,-0.27272385676173305,-0.0,-0.08086273625671665,-0.5566828241836697,-0.0,-0.0,-0.0,-0.0,-0.7795062563408861,-0.0,-0.0
2019-12-10,1.0,-0.0,-0.7260572372868624,-0.0,-0.26571771952227147,-0.0,-0.0,-0.11766694208668219,-0.24746488394802074,-0.0,-0.08010966724254487,-0.53721925937054,-0.0,-0.0,-0.0,-0.0,-0.781454217681965,-0.0,-0.0
2019-12-11,1.0,-0.0,-0.7193208519669522,-0.0,-0.2671113469264004,-0.0,-0.0,-0.0889486849086637,-0.2785189115440006,-0.0,-0.11422724171909347,-0.5200485105737892,-0.0,-0.0,-0.0,-0.0,-0.8017130296369287,-0.0,-0.0
2019-12-12,1.0,-0.0,-0.7403516698670883,-0.0,-0.2722241048232238,-0.0,-0.0,-0.08257087992770813,-0.27211114876313114,-0.0,-0.09669038743928612,-0.5207274370269965,-0.0024473813020068525,-0.0,-0.0,-0.0,-0.7780413419179939,-0.0,-0.0
2019-12-13,1.0,-0.0,-0.7264218862491001,-0.0,-0.2634610283808874,-0.0,-0.0,-0.08442271986662121,-0.2851350839301277,-0.0,-0.10469478231215187,-0.5443522412943808,-0.0,-0.0,-0.0,-0.0,-0.7806449168277065,-0.0,-0.0
2019-12-16,1.0,-0.0,-0.7274409820585459,-0.0,-0.3706137865911237,-0.0,-0.0,-0.048234183191690275,-0.2410576015108593,-0.0,-0.11237016052880075,-0.5245703493862135,-0.0038904627006610014,-0.0,-0.0,-0.0,-0.7489707271010387,-0.0,-0.0
2019-12-17,1.0,-0.0,-0.7333383995744357,-0.0,-0.4170529675507257,-0.0,-0.0,-0.0,-0.23079261342047266,-0.0,-0.08104719203586898,-0.5467740709780378,-0.02747169237784026,-0.0,-0.0,-0.0,-0.7632038908731666,-0.0,-0.0
2019-12-18,1.0,-0.0,-0.781719532554257,-0.0,-0.4207770526635301,-0.0,-0.0,-0.0,-0.22347852481408406,-0.0,-0.06044164516618606,-0.5542570951585976,-0.0,-0.0,-0.0,-0.0,-0.7534906662619516,-0.0,-0.0
2019-12-19,1.0,-0.0,-0.7911597574463216,-0.0,-0.40868006559627784,-0.0,-0.0,-0.0,-0.22649784523854924,-0.0,-0.06506235460127378,-0.5563479653712673,-0.0,-0.0,-0.0,-0.0,-0.7659890927119485,-0.0,-0.0
2019-12-20,1.0,-0.0,-0.7785966645139231,-0.0,-0.3948638073167952,-0.0,-0.0,-0.0,-0.23036887892717395,-0.0,-0.05892185541161721,-0.5841659385328419,-0.0,-0.0,-0.0,-0.0,-0.7520799300991527,-0.0,-0.0
2019-12-23,1.0,-0.0,-0.7663041418772973,-0.0,-0.42809503959983325,-0.0,-0.0,-0.0,-0.21346015385198377,-0.0,-0.016446246542119822,-0.6026753571563909,-0.0,-0.0,-0.0,-0.0,-0.7625146841486983,-0.0,-0.0
2019-12-24,1.0,-0.0,-0.7631538871544963,-0.0,-0.4631082007157542,-0.0,-0.0,-0.0,-0.20231477956293306,-0.0,-0.011535825782380264,-0.5994822203609228,-0.0,-0.0,-0.0,-0.0,-0.767608314931851,-0.0,-0.0
2019-12-26,1.0,-0.0,-0.752804289136469,-0.0,-0.4762538499562721,-0.0,-0.0,-0.0,-0.21107266435986158,-0.0,-0.010646792653713068,-0.5901365070915244,-0.0,-0.0,-0.0,-0.0,-0.7614738202973497,-0.0,-0.0
2019-12-27,1.0,-0.0,-0.7648604394349034,-0.0,-0.477285708845817,-0.0,-0.0,-0.0,-0.21457674879098282,-0.0,-0.008720155363466738,-0.5802520848406382,-0.0,-0.0,-0.0,-0.0,-0.7621948897604813,-0.0,-0.0
2019-12-30,1.0,-0.0,-0.7768478715714993,-0.0,-0.457070034617872,-0.0,-0.0,-0.0,-0.20995168714573745,-0.0,-0.00951040438239434,-0.5880092821546773,-0.0,-0.0,-0.0,-0.0,-0.7627724730855556,-0.0,-0.0
2019-12-31,1.0,-0.0,-0.7843100472724545,-0.0,-0.44473624971861636,-0.0,-0.0,-0.0,-0.18818938996023113,-0.0,-0.043820814887071353,-0.5485480603286561,-0.0,-0.0,-0.0,-0.0,-0.7421775343288062,-0.0,-0.0
2020-01-02,1.0,-0.0,-0.8035453831482104,-0.0,-0.4574217435207001,-0.0,-0.0,-0.0,-0.17154717827891844,-0.0,-0.038445715995362575,-0.5353229365346497,-0.0,-0.0,-0.0,-0.0,-0.7335726840943939,-0.0,-0.0
2020-01-03,1.0,-0.0,-0.7990418183168685,-0.0,-0.4543563841640051,-0.0,-0.0,-0.0,-0.15108073980539255,-0.0,-0.040555596820916584,-0.5555968209165862,-0.0,-0.0,-0.0,-0.0,-0.7133254103840154,-0.0,-0.0
2020-01-06,1.0,-0.0,-0.799164880644446,-0.0,-0.4729510014041829,-0.0,-0.0,-0.0,-0.1331017663143892,-0.0,-0.037099992609563225,-0.5277880422732983,-0.011418224817086688,-0.0,-0.0,-0.0,-0.7136944793437292,-0.0,-0.0
2020-01-07,1.0,-0.0,-0.7863197246178332,-0.0,-0.45512084983528883,-0.0,-0.0,-0.014842506569937445,-0.12947403486693562,-0.0,-0.04685938483177258,-0.5405115297775474,-0.0,-0.0,-0.0,-0.0,-0.7282451789613946,-0.0,-0.0
2020-01-08,1.0,-0.0,-0.7846569461919917,-0.0,-0.45200207238546364,-0.0,-0.0,-0.02027977203759899,-0.13041225667974243,-0.0,-0.0468877211161276,-0.5378950484790171,-0.0,-0.0,-0.0,-0.0,-0.7285545111390718,-0.0,-0.0
2020-01-09,1.0,-0.0,-0.7826604208491338,-0.0,-0.4287307606513496,-0.0,-0.0,-0.029407390884080602,-0.13465685181054354,-0.0,-0.05041267008699531,-0.5437207227303145,-0.0,-0.0,-0.0,-0.0,-0.7481968919622277,-0.0,-0.0
2020-01-10,1.0,-0.0,-0.8298708590679394,-0.0,-0.45345311622683887,-0.0,-0.0,-0.03600973236009732,-0.07643645891821074,-0.0,-0.014149354295339697,-0.5462474265393974,-0.0,-0.0,-0.0,-0.0,-0.787011042485495,-0.0,-0.0
2020-01-13,1.0,-0.0,-0.827931292008962,-0.0,-0.4344286781179985,-0.0,-0.0,-0.03356982823002241,-0.0768483943241225,-0.0,-0.017923823749066467,-0.562471994025392,-0.0,-0.0,-0.0,-0.0,-0.7810306198655714,-0.0,-0.0
2020-01-14,1.0,-0.0,-0.8178336370059123,-0.0,-0.43475997471460975,-0.0,-0.0,-0.06462648272784739,-0.05484698620458855,-0.0,-0.019447439854237164,-0.5555720819544119,-0.0,-0.0,-0.0,-0.0,-0.7713159558249358,-0.0,-0.0
2020-01-15,1.0,-0.0,-0.5296144478108477,-0.0,-0.3829085724469791,-0.0,-0.0,-0.0,-0.1346462306184281,-0.0,-0.047317768668686505,-0.560832887779956,-0.0,-0.0,-0.0,-0.0,-0.3150656448642547,-0.0,-0.0
2020-01-16,1.0,-0.0,-0.44305615395662784,-0.0,-0.4706591986212839,-0.0,-0.0,-0.0,-0.08907080281487864,-0.0,-0.04693379290535689,-0.5959787447939107,-0.0,-0.0,-0.0,-0.0,-0.22662645411460575,-0.0,-0.0
2020-01-17,1.0,-0.0,-0.43102856161639286,-0.0,-0.4676034571575754,-0.0,-0.0,-0.0,-0.09550111613530993,-0.0,-0.05403239654284243,-0.592038234789079,-0.0,-0.0,-0.0,-0.0,-0.22168164386697956,-0.0,-0.0
2020-01-21,1.0,-0.0,-0.4190268908044331,-0.0,-0.48151436180875745,-0.0,-0.0,-0.0,-0.09696726710386895,-0.0,-0.05538532031272373,-0.5842950829061542,-0.0,-0.0,-0.0,-0.0,-0.22661015492998082,-0.0,-0.0
2020-01-22,1.0,-0.0,-0.394092342988242,-0.0,-0.49285919128190425,-0.0,-0.0,-0.01347863492973903,-0.07685689704617149,-0.0,-0.04241468310868941,-0.6060510467450531,-0.0,-0.0,-0.0,-0.0,-0.24204186980212217,-0.0,-0.0
2020-01-23,1.0,-0.0,-0.37914883774719554,-0.0,-0.5088469989591765,-0.0,-0.0,-0.065051462935122,-0.08268763733086619,-0.0,-0.02405458540534289,-0.5817624609691222,-0.0,-0.0,-0.0,-0.0,-0.249653058864346,-0.0,-0.0
2020-01-24,1.0,-0.0,-0.3880248390588504,-0.0,-0.39392126701988267,-0.0,-0.0,-0.11436791431664103,-0.12354013558935795,-0.0,-0.01652139235458326,-0.5372870734347406,-0.0,-0.0,-0.0,-0.0,-0.27479633111149093,-0.0,-0.0
2020-01-27,1.0,-0.0,-0.4087147100383539,-0.0,-0.4225855754534706,-0.0,-0.0,-0.0873778008478242,-0.12596245349943766,-0.0,-0.02142630562044006,-0.5403581624708019,-0.0,-0.0,-0.0,-0.0,-0.277273120512155,-0.0,-0.0
2020-01-28,1.0,-0.0,-0.4722600509207176,-0.0,-0.5093552016105157,-0.0,-0.0,-0.025637989223755105,-0.033779383030374796,-0.0,-0.0,-0.5981111966368642,-0.0,-0.0,-0.032239919474213986,-0.0,-0.2891527029427438,-0.0,-0.0
2020-01-29,1.0,-0.0,-0.4753985788499433,-0.0,-0.548934137457455,-0.0,-0.0,-0.019137756016002865,-0.0021496387412670926,-0.0,-0.002507911864811608,-0.587806771362035,-0.0,-0.0,-0.060966143189825045,-0.0,-0.2887681375768794,-0.0,-0.0
2020-01-30,1.0,-0.0,-0.47541130720909364,-0.0,-0.5541130720909363,-0.0,-0.0,-0.0282081962309303,-0.0,-0.0,-0.002901585402333234,-0.5758600059826503,-0.0,-0.0,-0.07113371223451989,-0.0,-0.28372719114567757,-0.0,-0.0
2020-01-31,1.0,-0.0,-0.5121780642807189,-0.0,-0.5620153860187916,-0.0,-0.0,-0.0,-0.03797853255085596,-0.0,-0.02724480797883662,-0.5355915711375315,-0.0,-0.0,-0.07574421503937727,-0.0,-0.28993219205157056,-0.0,-0.0
2020-02-03,1.0,-0.0,-0.5102698470063848,-0.0,-0.5273762197325623,-0.0,-0.0,-0.026924466931694976,-0.010842067220816768,-0.0,-0.008974822310564992,-0.4962052764727141,-0.0,-0.0,-0.06318515841464883,-0.0,-0.2932176846163113,-0.0,-0.07468979641007108
2020-02-04,1.0,-0.0,-0.5026287164612038,-0.0,-0.5191866086536138,-0.0,-0.0,-0.035200628474740155,-0.0,-0.0,-0.017615421803239065,-0.49637418419144314,-0.0,-0.0,-0.07726009185400048,-0.0,-0.2934493594392072,-0.0,-0.07967730239303844
2020-02-05,1.0,-0.0,-0.4966060938118284,-0.0,-0.504215748942258,-0.0,-0.0,-0.024198703314765778,-0.0,-0.0,-0.02724256536693757,-0.510577420631297,-0.0,-0.0,-0.08802849054880833,-0.0,-0.3086780507107418,-0.0,-0.08431497884515873
2020-02-06,1.0,-0.0,-0.4376033186737781,-0.0,-0.5228158822245095,-0.0,-0.0,-0.0057390599170331555,-0.0,-0.0,-0.034777455475499826,-0.6225008577399332,-0.0,-0.0,-0.027759583294345153,-0.0,-0.3062911325286173,-0.0,-0.16153582233866692
2020-02-07,1.0,-0.0,-0.43214549186900597,-0.0,-0.4467716585944767,-0.0,-0.0,-0.0,-0.0,-0.0,-0.045706771017095936,-0.6770375597395516,-0.0,-0.0,-0.11283959328992528,-0.0,-0.3474997594380473,-0.0,-0.145491869005998
2020-02-10,1.0,-0.0,-0.44202314561103767,-0.0,-0.4443763901872925,-0.0,-0.0,-0.0,-0.0,-0.0,-0.043937977499113504,-0.6791528319525483,-0.0,-0.0,-0.12681731730118306,-0.0,-0.34576577157409494,-0.0,-0.14154927307307952
2020-02-11,1.0,-0.0,-0.43196936755686793,-0.0,-0.44507901482947726,-0.0,-0.0,-0.0,-0.007625661161047474,-0.0,-0.06100528928837979,-0.6731349579777396,-0.0,-0.0,-0.14118830515624492,-0.0,-0.3495473277736314,-0.0,-0.135412272447026
2020-02-12,1.0,-0.0,-0.4319568656571853,-0.0,-0.44603364220450065,-0.0,-0.0,-0.0,-0.003357763213121105,-0.0,-0.05905143189229329,-0.6658057017402254,-0.0,-0.0,-0.14309237077454556,-0.0,-0.3412649727181739,-0.0,-0.1380557259548639
2020-02-13,1.0,-0.0,-0.4335637357338049,-0.0,-0.43960778009966245,-0.0,-0.0,-0.0,-0.004050795692010931,-0.0,-0.051985211380806945,-0.685516797942453,-0.0,-0.0,-0.15065102073621603,-0.0,-0.3353480147886192,-0.0,-0.11416171033595886
2020-02-14,1.0,-0.0,-0.43753011854659946,-0.0,-0.4318437369486299,-0.0,-0.0,-0.0,-0.012079545089472163,-0.0,-0.05483984964821537,-0.6759405018151444,-0.0,-0.0,-0.14556494361808078,-0.0,-0.3380345038069843,-0.0,-0.11684389758087833
2020-02-18,1.0,-0.0,-0.5054133188070271,-0.0,-0.42884379681329154,-0.0,-0.0,-0.0,-0.0,-0.0,-0.07616096963094104,-0.6489173362385946,-0.0,-0.0,-0.1984543102274275,-0.0,-0.3691270597848291,-0.0,-0.17765218575514094
2020-02-19,1.0,-0.0,-0.5282854048010063,-0.0,-0.40162130053460987,-0.0,-0.0,-0.0,-0.0,-0.0,-0.07655753170970334,-0.6671442048988434,-0.0,-0.0,-0.2783814948111395,-0.0,-0.36772773332401554,-0.0,-0.17446451657989448
2020-02-20,1.0,-0.0,-0.533417225950783,-0.0,-0.35549496644295303,-0.0,-0.0,-0.0,-0.0,-0.0,-0.09056907158836688,-0.6757899888143177,-0.0,-0.0,-0.3085500559284116,-0.0,-0.3444141498881432,-0.0,-0.18732522371364652
2020-02-21,1.0,-0.0,-0.5392337056411707,-0.0,-0.3867524388519723,-0.0,-0.0,-0.0,-0.0,-0.0,-0.09172204156652057,-0.6526226495122296,-0.0,-0.0,-0.30969885479994347,-0.0,-0.361126820302559,-0.0,-0.19337621942598615
2020-02-24,1.0,-0.0,-0.5472373927228882,-0.0,-0.392297326051493,-0.0,-0.0,-0.0,-0.0,-0.0,-0.0901482374636499,-0.6546918221150436,-0.0,-0.0,-0.30402865451450456,-0.0,-0.36981346194765585,-0.0,-0.1881339102063976
2020-02-25,1.0,-0.0,-0.49152157701909677,-0.0,-0.5487793016243556,-0.0,-0.0,-0.0,-0.0,-0.0,-0.013066173848198944,-0.6456246149855721,-0.0,-0.0,-0.13993450701942092,-0.0,-0.3556722757189638,-0.0,-0.04759588885646662
2020-02-26,1.0,-0.0,-0.3886162607536653,-0.0,-0.5061189870350176,-0.0,-0.0,-0.0,-0.0,-0.0,-0.011177753544165758,-0.58112201623652,-0.0,-0.0,-0.20562219798861017,-0.0,-0.2648733793771962,-0.0,-0.0716406155337453
2020-02-27,1.0,-0.0,-0.37054202907274203,-0.0,-0.522647244710627,-0.0,-0.0,-0.0,-0.0,-0.0,-0.0,-0.5885875944262196,-0.0,-0.0,-0.23878171366659642,-0.0,-0.21759412525957805,-0.0,-0.07144791886116712
2020-02-28,1.0,-0.0,-0.3983001172332943,-0.0,-0.42326548012362786,-0.0,-0.0,-0.04036555472663327,-0.0,-0.0,-0.0,-0.49909410636257057,-0.0,-0.0,-0.1786209101566663,-0.0,-0.0719386123840989,-0.0,-0.05275498241500587
2020-03-02,1.0,-0.0,-0.38049803407601573,-0.0,-0.4186369593709043,-0.0,-0.0,-0.07197903014416775,-0.0,-0.0,-0.0,-0.4626998689384011,-0.0,-0.0,-0.1817038007863696,-0.0,-0.03226736566186107,-0.0,-0.07344692005242463
2020-03-03,1.0,-0.0,-0.3884831737886114,-0.0,-0.37696141320438176,-0.0,-0.0,-0.06634264285009375,-0.04172012237244646,-0.0,-0.002787920655284713,-0.37794828777262407,-0.0,-0.0,-0.0993782690220073,-0.0,-0.0,-0.0,-0.11356459094049147
2020-03-04,1.0,-0.0,-0.36910892060222644,-0.0,-0.3578049139326173,-0.0,-0.0,-0.034500514933058696,-0.02368692070030896,-0.0,-0.0024030209406110535,-0.41562454023834045,-0.0,-0.0,-0.10686086999166299,-0.0,-0.0,-0.0,-0.14204796233632486
2020-03-05,1.0,-0.0,-0.3939748601390417,-0.0,-0.32590529247910865,-0.0,-0.0,-0.0,-0.003230261463917043,-0.0,-0.021254184124903444,-0.46405748929098106,-0.0,-0.0,-0.00023407691767514808,-0.0,-0.0,-0.0,-0.13213642002762108
2020-03-06,1.0,-0.0,-0.3769196709468435,-0.0,-0.29449325347812916,-0.0,-0.0,-0.0,-0.0203910419239822,-0.0,-0.007923376290461652,-0.4978676796159493,-0.0,-0.0,-0.0,-0.0,-0.0,-0.0,-0.1328330731047983
2020-03-09,1.0,-0.0,-0.3707083275726992,-0.0,-0.31478409143278496,-0.0,-0.0,-0.0,-0.0,-0.0,-0.0014977648739573253,-0.4761048896262501,-0.0,-0.0,-0.0,-0.0,-0.0,-0.0,-0.14113553619982488
2020-03-10,1.0,-0.0,-0.29916613839176864,-0.0,-0.2391134734480909,-0.0059248061637489635,-0.07009801531184474,-0.0888964743746038,-0.03940118008484908,-0.027015165553225726,-0.058345930657824153,-0.27895352806358803,-0.011459501633588531,-0.0,-0.11966645535670746,-0.0,-0.005168966694299507,-0.010996245184571122,-0.18396157409664993
2020-03-11,1.0,-0.0,-0.2737237312906315,-0.0,-0.2514992692637202,-0.02131734112785365,-0.05142871541601573,-0.10384014513934384,-0.027163231366224866,-0.04643955047119891,-0.029355440205614074,-0.30701002872549515,-0.01965428614624805,-0.0,-0.11585949705185708,-0.034974550219220885,-0.0,-0.0,-0.2375396865393338
2020-03-12,1.0,-0.0,-0.19628946043769027,-0.0,-0.23977084781514416,-0.019127975263069582,-0.05956518612622546,-0.09003092116301925,-0.04513531005057647,-0.05738392578920875,-0.06711570267743713,-0.33320549389966203,-0.0,-0.0,-0.05644909993048731,-0.01411826745607517,-0.0,-0.018001390253841176,-0.20079580047460388
2020-03-13,1.0,-0.0,-0.12274533083702453,-0.0,-0.2103292387780264,-0.05310744782866798,-0.030846157358783505,-0.04922599205443171,-0.07577971596876569,-0.05555048175715786,-0.08845152746700763,-0.3049910954838121,-0.015594319375313942,-0.0,-0.0017352390520115075,-0.0414859125987488,-0.0,-0.08363395588839674,-0.14975569660715102
2020-03-16,1.0,-0.0,-0.14492491405825944,-0.0,-0.2000859417405464,-0.05111271937760087,-0.05249231047584585,-0.03041885290392618,-0.09428713587841504,-0.03724895965261443,-0.10344671612086123,-0.22941921476388638,-0.032567396417586394,-0.0,-0.0,-0.020761715216211327,-0.0,-0.08691423918943368,-0.1779672516736023
2020-03-17,1.0,-0.0,-0.08835484085911645,-0.0,-0.195899873398041,-0.06980876440930191,-0.05126268795948737,-0.03482664415965173,-0.10579037380894209,-0.046376296559536234,-0.11858383492881415,-0.17768695999822312,-0.06174621859938253,-0.0,-0.07918175154920819,-0.0,-0.0,-0.08462341469915377,-0.10696754991893033
2020-03-18,1.0,-0.0,-0.09401745886069195,-0.0,-0.06010287494930954,-0.06168228288476725,-0.07807397605276077,-0.02238917465263697,-0.05683734232599834,-0.07459500992465798,-0.20301794975775297,-0.19057477642840373,-0.08146756877894692,-0.0,-0.0,-0.0,-0.0,-0.05233389537489595,-0.1592213945745203
2020-03-19,1.0,-0.0,-0.16698587808677445,-0.0,-0.21913225567557904,-0.0,-0.21596567838811004,-0.0,-0.06156949871038586,-0.0,-0.3903572614213846,-0.03570060522485252,-0.14673510559513778,-0.0,-0.0,-0.0,-0.0,-0.07492530452769479,-0.24234531014581578
2020-03-20,1.0,-0.0,-0.33138432786009875,-0.0,-0.16379655586704045,-0.0,-0.06874916566546523,-0.0,-0.16812174609531438,-0.0,-0.4653584301161394,-0.0,-0.0,-0.0,-0.0,-0.0,-0.0,-0.0,-0.47246028567614473
2020-03-23,1.0,-0.0,-0.3356602209205916,-0.0,-0.16903367300542943,-0.0,-0.07205327770199792,-0.0,-0.16590441038808207,-0.0,-0.4568455962983765,-0.0,-0.0,-0.0,-0.0,-0.0,-0.0,-0.0,-0.47505950948139825
2020-03-24,1.0,-0.0,-0.19395191690168373,-0.0,-0.3187948510317482,-0.0,-0.11384134252924916,-0.0,-0.25365090888783404,-0.0,-0.5020244045458353,-0.0,-0.0,-0.0,-0.0,-0.0,-0.0,-0.08401976935749587,-0.32602686175411166
2020-03-25,1.0,-0.0,-0.29606766017622105,-0.0,-0.29402806483193733,-0.0,-0.10116392907647122,-0.0,-0.15903404764494725,-0.0,-0.42097247906015445,-0.0,-0.0,-0.0,-0.0,-0.0,-0.0,-0.1368704449037311,-0.3113510279560535
2020-03-26,1.0,-0.0,-0.27038439534693653,-0.0,-0.2901353965183752,-0.0,-0.10472117034897976,-0.0,-0.1658266815593756,-0.0,-0.43236984771297027,-0.0,-0.0,-0.0,-0.0,-0.0,-0.0,-0.13994605933473178,-0.32089247282534666
2020-03-27,1.0,-0.0,-0.2814841241526935,-0.0,-0.2930925656576745,-0.0,-0.12173769861961085,-0.0,-0.15019621833749555,-0.0,-0.43110403688355886,-0.0,-0.0,-0.0,-0.0,-0.0,-0.0,-0.15351683635665084,-0.3131809325173578
2020-03-30,1.0,-0.0,-0.28189227012046214,-0.0,-0.2957769667700244,-0.0,-0.12674587712317867,-0.0,-0.14244162116181433,-0.0,-0.4244162116181434,-0.0,-0.0,-0.0,-0.008177153362785721,-0.0,-0.0,-0.15495431221359385,-0.3095519029717641
2020-03-31,1.0,-0.0,-0.2946964960447985,-0.0,-0.2943702938538071,-0.0,-0.13458558729986136,-0.0,-0.12583249517492592,-0.0,-0.4424389050479789,-0.0,-0.0,-0.0,-0.0,-0.0,-0.0,-0.09574034305597087,-0.33068747111751434
2020-04-01,1.0,-0.0,-0.2947013566049534,-0.0,-0.2942120001087459,-0.0,-0.13479052823315119,-0.0,-0.126063670717451,-0.0,-0.4422967131555338,-0.0,-0.0,-0.0,-0.0,-0.0,-0.0,-0.09591387325666748,-0.3306962455482152
2020-04-02,1.0,-0.0,-0.28572203389830503,-0.0,-0.2968406779661017,-0.0,-0.13298983050847457,-0.0,-0.12493559322033898,-0.0,-0.4472135593220339,-0.0,-0.0,-0.0,-0.0,-0.0,-0.0,-0.09171525423728814,-0.33244745762711864
2020-04-03,1.0,-0.0,-0.28720923927777475,-0.0,-0.29683348695982215,-0.0,-0.13251640188689476,-0.0,-0.12430190316109092,-0.0,-0.44637531854904294,-0.0,-0.0,-0.0,-0.0,-0.0,-0.0,-0.09122702380306891,-0.3325923114460771
2020-04-06,1.0,-0.0,-0.33332415615880184,-0.0,-0.3124552612741589,-0.0,-0.12254281151918948,-0.0,-0.1559936126865261,-0.0,-0.4114586201200375,-0.0,-0.0,-0.0,-0.0,-0.0,-0.0,-0.0803920488959859,-0.33698584879687243
2020-04-07,1.0,-0.0,-0.3074973031283711,-0.0,-0.32950377562028044,-0.0,-0.11135382955771304,-0.0,-0.12265372168284788,-0.0,-0.4495415318230852,-0.0,-0.0,-0.0,-0.0,-0.0,-0.0,-0.09851672060409924,-0.277831715210356
2020-04-08,1.0,-0.0,-0.2957446234383011,-0.0,-0.3302301735071103,-0.0,-0.10102809034242695,-0.0,-0.1481691357025284,-0.0,-0.4497153188159422,-0.0,-0.0,-0.0,-0.0,-0.0,-0.0,-0.08591705118864514,-0.28759545589465446
2020-04-09,1.0,-0.0,-0.2899481419781283,-0.0,-0.3384474836768143,-0.0,-0.09887954429427412,-0.0,-0.13703415105999944,-0.0,-0.4471612435177473,-0.0,-0.0,-0.0,-0.0,-0.0,-0.0,-0.0773302523040546,-0.29814332160034396
2020-04-13,1.0,-0.0,-0.39555373704309876,-0.0,-0.33158756137479545,-0.0,-0.12176759410801964,-0.0,-0.21137479541734863,-0.0,-0.36418439716312057,-0.050681942171303875,-0.0,-0.0,-0.0,-0.0,-0.0,-0.006492089470812876,-0.24609929078014184
2020-04-14,1.0,-0.0,-0.43422533278441056,-0.0,-0.3434609578701798,-0.0,-0.13303142582681488,-0.0,-0.22118841773020445,-0.0,-0.33596816248113076,-0.08082887333607795,-0.0,-0.0,-0.0,-0.0,-0.0,-0.0,-0.1958830794565665
2020-04-15,1.0,-0.0,-0.4328714374813569,-0.0,-0.3095154161130244,-0.0,-0.1070857173848198,-0.0,-0.24587141036418364,-0.0,-0.3501098245518887,-0.1409008324972205,-0.0,-0.0,-0.0,-0.0,-0.0,-0.0,-0.12533557501965994
2020-04-16,1.0,-0.0,-0.4372289679098005,-0.0,-0.3141803989592368,-0.0,-0.10131179531656546,-0.0,-0.24558217692974846,-0.0,-0.3517725498699046,-0.13977124891587164,-0.0,-0.0,-0.0,-0.0,-0.0,-0.0,-0.12044666088464874
2020-04-17,1.0,-0.0,-0.43638435244967716,-0.0,-0.31601649395040965,-0.0,-0.1031143182681352,-0.0,-0.24279746079973955,-0.0,-0.3479192664532581,-0.13596657804785414,-0.0,-0.0,-0.0,-0.0,-0.0,-0.0,-0.13059519288155824
2020-04-20,1.0,-0.0,-0.43791859866048427,-0.0,-0.3179044984950785,-0.0,-0.10130426530003524,-0.0,-0.24208899373627266,-0.0,-0.3463488706309824,-0.13571409203069495,-0.0,-0.0,-0.0,-0.0,-0.0,-0.0,-0.13029095149000786
2020-04-21,1.0,-0.0,-0.4703557312252965,-0.0,-0.3118468785532514,-0.0,-0.0852509610699009,-0.0,-0.22665006226650064,-0.0,-0.33602252422979045,-0.15044127998267368,-0.0,-0.0,-0.0,-0.0,-0.0,-0.0,-0.1266717201797607
2020-04-22,1.0,-0.0,-0.4679608500513708,-0.0,-0.3135510733791164,-0.0,-0.08476180176282919,-0.0,-0.22597739685286325,-0.0,-0.33961498945546964,-0.14738008976369438,-0.0,-0.0,-0.0,-0.0,-0.0,-0.0,-0.12450657005353376
2020-04-23,1.0,-0.0,-0.4909444774828351,-0.0,-0.333324322863167,-0.0,-0.06944369357193059,-0.0,-0.2142509596150727,-0.0,-0.3171865707952641,-0.170649294480186,-0.0,-0.0,-0.0,-0.0,-0.0,-0.0,-0.10736876250202736
2020-04-24,1.0,-0.0,-0.4884135954357408,-0.0,-0.33288267582402725,-0.0,-0.07211421463915853,-0.0,-0.21317902820214693,-0.0,-0.3147392044993646,-0.173809588189168,-0.0,-0.0,-0.0,-0.0,-0.0,-0.0,-0.10883378849741773
2020-04-27,1.0,-0.0,-0.48961544702255394,-0.0,-0.33298177294607606,-0.0,-0.07182649142733517,-0.0,-0.2123154307966899,-0.0,-0.31426794310130346,-0.1741846503326302,-0.0,-0.0,-0.0,-0.0,-0.0,-0.0,-0.10911893558331981
2020-04-28,1.0,-0.0,-0.5177312655894154,-0.0,-0.3408524021255829,-0.0,-0.05576943932328381,-0.0,-0.21296497126125147,-0.0,-0.307477497017677,-0.17831580088927446,-0.0,-0.0,-0.0,-0.0,-0.0,-0.0,-0.09809131330658279
2020-04-29,1.0,-0.0,-0.5197864151352524,-0.0,-0.3444462514229956,-0.0,-0.04735187293326828,-0.0,-0.217894508592183,-0.0,-0.30986068195370525,-0.1769664444083049,-0.0,-0.0,-0.0,-0.0,-0.0,-0.0,-0.09416165230118718
2020-04-30,1.0,-0.0,-0.39618237892806535,-0.0,-0.3530604873440582,-0.0,-0.1375065988719402,-0.0,-0.26367703036870327,-0.0,-0.2507571337278764,-0.1741546497735545,-0.0,-0.0,-0.0,-0.0,-0.0,-0.04576144036009002,-0.15737267650245895
2020-05-01,1.0,-0.0,-0.3494422755158952,-0.0,-0.3319297267150028,-0.0,-0.14749023982152817,-0.0,-0.24316787506971557,-0.0,-0.2635805911879532,-0.17063580591187955,-0.0,-0.0,-0.0,-0.0,-0.0,-0.07911321807027329,-0.20326268823201338
2020-05-04,1.0,-0.0,-0.3482582908696015,-0.0,-0.3292401080388717,-0.0,-0.14679920920001113,-0.0,-0.24862863030100518,-0.0,-0.26308022164675743,-0.1743379834600284,-0.0,-0.0,-0.0,-0.0,-0.0,-0.07796619608498316,-0.1962242085038844
2020-05-05,1.0,-0.0,-0.34833310085088576,-0.0,-0.3309806109638722,-0.0,-0.13817826754080068,-0.0,-0.24834704979774028,-0.0,-0.24181894266982842,-0.20186915887850465,-0.0,-0.0,-0.0,-0.0,-0.0,-0.08531175896219835,-0.19495048123866648
2020-05-06,1.0,-0.0,-0.3351984856077056,-0.0,-0.3445520850732142,-0.0,-0.1325371638550192,-0.0,-0.25265853794332166,-0.0,-0.2400200434274261,-0.21585657814152887,-0.0,-0.0,-0.0,-0.0,-0.0,-0.05921162518790714,-0.20377484549858027
2020-05-07,1.0,-0.0,-0.32118788624479183,-0.0,-0.35049355443080454,-0.0,-0.14336847403596098,-0.0,-0.2656804899191857,-0.0,-0.24319789715052714,-0.21945695030899584,-0.0,-0.0,-0.0,-0.0,-0.0,-0.06708425379603479,-0.18584491485137442
2020-05-08,1.0,-0.0,-0.3253170581483244,-0.0,-0.35112965088608306,-0.0,-0.14325709006411153,-0.0,-0.25997368347378147,-0.0,-0.24356784904392617,-0.21212799910411825,-0.0,-0.0,-0.005123323721268793,-0.0,-0.0,-0.07511408494078782,-0.1839917130938716
2020-05-11,1.0,-0.0,-0.34400629142792943,-0.0,-0.3692000898775419,-0.0,-0.1338051904280418,-0.0,-0.25584204022019996,-0.0,-0.24811818896753174,-0.1962981687450848,-0.0,-0.0,-0.02182339063026626,-0.0,-0.0,-0.05858892259296708,-0.18104707336254353
2020-05-12,1.0,-0.0,-0.32168169189771506,-0.0,-0.3880195044508703,-0.0,-0.14135056982480015,-0.0,-0.29029880365141464,-0.0,-0.24380563587911774,-0.20610081079548676,-0.0108011566592958,-0.0,-0.04966831093723423,-0.0,-0.0,-0.0,-0.18327946929749958
2020-05-13,1.0,-0.0,-0.3217817573885693,-0.0,-0.3897027570768752,-0.0,-0.1407157632257516,-0.0,-0.2910940466407866,-0.0,-0.24445326003797002,-0.20543481340851774,-0.010144229406930945,-0.0,-0.048114250092091464,-0.0,-0.0,-0.0,-0.18211442010710943
2020-05-14,1.0,-0.0,-0.3230695008088089,-0.0,-0.4061923546272384,-0.0,-0.13315548996793145,-0.0,-0.28526832590742685,-0.0,-0.2510996963419133,-0.19780344524221696,-0.004739336492890995,-0.0,-0.04691091750148991,-0.0,-0.0,-0.0,-0.18965859749694922
2020-05-15,1.0,-0.0,-0.30770758276360954,-0.0,-0.41357691980369354,-0.0,-0.13358486284077048,-0.0,-0.290800260985504,-0.0,-0.2441916541374713,-0.21483078494227117,-0.004368670392329296,-0.0,-0.03075090068366855,-0.0,-0.0,-0.0,-0.19693058352954526
2020-05-18,1.0,-0.0,-0.26037252950376794,-0.0,-0.4267026873311531,-0.0,-0.14810180577278545,-0.0,-0.27046779468221244,-0.0,-0.24726290345514004,-0.24322479738376224,-0.03079766813593061,-0.0,-0.025252381629461113,-0.0,-0.0,-0.0,-0.19155410209014645
2020-05-19,1.0,-0.0,-0.27471838015114786,-0.0,-0.4540139740481962,-0.0,-0.13181234849565093,-0.0,-0.26077285042064735,-0.0,-0.24973620419221443,-0.22643661770996718,-0.05566804505917581,-0.0,-0.016198488521317552,-0.0,-0.0,-0.0,-0.18251818052188792
2020-05-20,1.0,-0.0,-0.2834256667999315,-0.0,-0.4582214860928665,-0.0,-0.1286481238220344,-0.0,-0.25338397395625106,-0.0,-0.2514135587412188,-0.22993888857159175,-0.05088811468387686,-0.0,-0.024473128105545718,-0.0,-0.0,-0.0,-0.17525272716888457
2020-05-21,1.0,-0.0,-0.29726329034287513,-0.0,-0.45869198432897706,-0.0,-0.12042094426492037,-0.0,-0.24739054591209358,-0.0,-0.25514026709371157,-0.22863107323629497,-0.05050187308759186,-0.0,-0.031770997168921046,-0.0,-0.0,-0.0,-0.1698647373387858
2020-05-22,1.0,-0.0,-0.3073401058806696,-0.0,-0.47425955072256404,-0.0,-0.11189011303476894,-0.0,-0.22898841035913578,-0.0,-0.24426956646158252,-0.22996136786378596,-0.06284160824152239,-0.0,-0.019602232078981256,-0.0,-0.0,-0.0,-0.18251538131349265
2020-05-26,1.0,-0.0,-0.30664682823542877,-0.0,-0.477524392686486,-0.0,-0.11124781824944918,-0.0,-0.22841855274829034,-0.0,-0.2454719734470228,-0.22684483103951472,-0.06203324844773813,-0.0,-0.017396778162465307,-0.0,-0.0,-0.0,-0.18569916163552605
2020-05-27,1.0,-0.0,-0.3060207850210427,-0.0,-0.5037934094878181,-0.0,-0.07220361304360273,-0.0,-0.2201608978212946,-0.0,-0.22262303530018035,-0.2688024277820722,-0.10318073806865356,-0.0,-0.0,-0.0,-0.0,-0.0,-0.16616565031921898
2020-05-28,1.0,-0.0,-0.341462005200809,-0.0,-0.5110083790811903,-0.0,-0.04047963016469228,-0.0,-0.1593470095348165,-0.0,-0.19303669459693729,-0.3206876625252817,-0.14594047963016468,-0.0,-0.015342386593470094,-0.0,-0.0,-0.0,-0.16200520080901473
2020-05-29,1.0,-0.0,-0.33216560509554144,-0.0,-0.5028372900984366,-0.0,-0.05202663578459757,-0.0,-0.17695425593514766,-0.0,-0.19148812970469023,-0.31505500868558195,-0.14571511291256514,-0.0,-0.020382165605095544,-0.0,-0.0,-0.0,-0.15856977417486973
2020-06-01,1.0,-0.0,-0.33500202558018405,-0.0,-0.503848602349673,-0.0,-0.045401932982232766,-0.0,-0.17188494704554663,-0.0,-0.19104114821459575,-0.3194050581630882,-0.14931419642340413,-0.0,-0.021818392268071068,-0.0,-0.0,-0.0,-0.15596967417095897
2020-06-02,1.0,-0.0,-0.3361427288788484,-0.0,-0.5054594954673154,-0.0,-0.04037419990152634,-0.0,-0.17004083760535232,-0.0,-0.19379036695919133,-0.3219219741072204,-0.14365568975005066,-0.0,-0.0265009992180033,-0.0,-0.0,-0.0,-0.1583688128131607
2020-06-03,1.0,-0.0,-0.3443550962347955,-0.0,-0.5045722414143466,-0.0,-0.05547652916073968,-0.0,-0.1545853049612448,-0.0,-0.18651841960112636,-0.32690800359973293,-0.13847359712021365,-0.0,-0.029813917031962144,-0.0,-0.0,-0.0,-0.16230731268325255
2020-06-04,1.0,-0.0,-0.33952570317262204,-0.0,-0.5202171199674901,-0.0,-0.03904095672114017,-0.0,-0.1520420307102842,-0.0,-0.17990769498708312,-0.33467823865780383,-0.1586020725087806,-0.0,-0.017851441177324318,-0.0,-0.0,-0.0,-0.16083713099764885
2020-06-05,1.0,-0.0,-0.32465197215777264,-0.0,-0.5178654292343388,-0.0,-0.004089327146171694,-0.0,-0.15385730858468677,-0.0,-0.1654292343387471,-0.38741299303944315,-0.18184454756380514,-0.0,-0.020330626450116008,-0.0,-0.0,-0.0,-0.14475058004640373
2020-06-08,1.0,-0.0,-0.3246165888731047,-0.0,-0.5144232163047574,-0.0,-0.007653726843127591,-0.0,-0.15777114197083467,-0.0,-0.15930768561737163,-0.3848896877627344,-0.1818919780825095,-0.0,-0.021627576609746905,-0.0,-0.0,-0.0,-0.1469573536659612
2020-06-09,1.0,-0.0,-0.33030144014926244,-0.0,-0.5279575534954231,-0.0,-0.010582473325170543,-0.0,-0.11177190834353681,-0.0,-0.17617048568596583,-0.37610051892017965,-0.1868695702874468,-0.0,-0.03897731910675763,-0.0,-0.0,-0.0,-0.1565506384467378
2020-06-10,1.0,-0.0,-0.3307001690666356,-0.0,-0.5300239025243397,-0.0,-0.009823354515245148,-0.0,-0.11015565790240774,-0.0,-0.1769078295341923,-0.37605666647233726,-0.18743077012767445,-0.0,-0.038506383722963916,-0.0,-0.0,-0.0,-0.15533725878855012
2020-06-11,1.0,-0.0,-0.3333139247139654,-0.0,-0.5427523363125564,-0.0,-0.0,-0.0,-0.09677137616815627,-0.0,-0.18058749890826514,-0.3860374392267606,-0.18818597339078286,-0.0,-0.035313982939823574,-0.0,-0.0,-0.0,-0.14833037351887973
2020-06-12,1.0,-0.0,-0.3211972238288028,-0.0,-0.5525448235974552,-0.0,-0.0,-0.0,-0.0705320994794679,-0.0,-0.1810584152689416,-0.3910931174089069,-0.18710237131289761,-0.0,-0.03195488721804512,-0.0,-0.0,-0.0,-0.1561017929438982
2020-06-15,1.0,-0.0,-0.32819638003816576,-0.0,-0.5504828543341237,-0.0,-0.0,-0.0,-0.0720233620540103,-0.0,-0.17816457526166657,-0.40071127045625393,-0.18767709477823397,-0.0,-0.02576186896432082,-0.0,-0.0,-0.0,-0.14835482565199792
2020-06-16,1.0,-0.0,-0.30912875065040174,-0.0,-0.5533618546568768,-0.0,-0.003121928658148812,-0.0,-0.07515754177024916,-0.0,-0.18442504480545757,-0.3968029138000809,-0.1901196739318957,-0.0,-0.02480198878418223,-0.0,-0.0,-0.0,-0.15375498641382898
2020-06-17,1.0,-0.0,-0.3110327281137967,-0.0,-0.5541806406846305,-0.0,-0.0,-0.0,-0.076240314559963,-0.0,-0.18567133109749046,-0.39210130681161093,-0.19466288886318953,-0.0,-0.02521105585752284,-0.0,-0.0,-0.0,-0.15210477622296747
2020-06-18,1.0,-0.0,-0.3013392857142857,-0.0,-0.5502377087198516,-0.0,-0.005131029684601113,-0.0,-0.08140074211502783,-0.0,-0.17880333951762523,-0.38674049165120594,-0.20454545454545456,-0.0,-0.028351113172541745,-0.0,-0.0,-0.0,-0.16233766233766234
2020-06-19,1.0,-0.0,-0.299162148841794,-0.0,-0.550140608239353,-0.0,-0.004725596497840141,-0.0,-0.08163975299336097,-0.0,-0.17884788217899283,-0.38790479227669383,-0.2033745977444699,-0.0,-0.02797669092279593,-0.0,-0.0,-0.0,-0.16539587742440492
2020-06-22,1.0,-0.0,-0.29788344447665993,-0.0,-0.5512612351406204,-0.0,-0.00545085532038272,-0.0,-0.07987822557262976,-0.0,-0.17926935343577852,-0.38773557552913884,-0.20368222673238623,-0.0,-0.028501014786894752,-0.0,-0.0,-0.0,-0.16567120904610033
2020-06-23,1.0,-0.0,-0.3003163363032185,-0.0,-0.5485968018109528,-0.0,-0.0059494442348434285,-0.0,-0.08062222480192704,-0.0,-0.1792088690251618,-0.3827669268943901,-0.20445772992425343,-0.0,-0.0294279827030792,-0.0,-0.0,-0.0,-0.17079258205879794
2020-06-24,1.0,-0.0,-0.2996077291878541,-0.0,-0.5524335318901642,-0.0,-0.0099956414354206,-0.0,-0.08104024407961645,-0.0,-0.17992154583757083,-0.376405637076856,-0.20714804591021357,-0.0,-0.03254394885950893,-0.0,-0.0,-0.0,-0.16658433822461136
2020-06-25,1.0,-0.0,-0.29644773089749166,-0.0,-0.5529070610410324,-0.0,-0.009482383645063071,-0.0,-0.0699724517906336,-0.0,-0.17781644193127447,-0.3828911120777149,-0.21333913295635784,-0.0,-0.02580832245904016,-0.0,-0.0,-0.0,-0.17114687545309556
2020-06-26,1.0,-0.0,-0.2985035670784757,-0.0,-0.5464300214604721,-0.0,-0.00698915376138275,-0.0,-0.07650368308102778,-0.0,-0.17600487210718635,-0.398584768864915,-0.20700655414419117,-0.0,-0.027753610579432746,-0.0,-0.0,-0.0,-0.16225856968853314
2020-06-29,1.0,-0.0,-0.30714075815456954,-0.0,-0.5357331766088745,-0.0,-0.0,-0.0,-0.03488098736409051,-0.0,-0.17807816632383192,-0.43955333529238905,-0.17387599177196592,-0.0,-0.07281810167499266,-0.0,-0.0,-0.0,-0.19647369967675582
2020-06-30,1.0,-0.0,-0.3478598061148397,-0.0,-0.5471737509321402,-0.0,-0.0,-0.0,-0.029560029828486205,-0.0,-0.16516032811334827,-0.38061148396718864,-0.21616703952274424,-0.0,-0.09968680089485459,-0.0,-0.0,-0.0,-0.1966592095451156
2020-07-01,1.0,-0.0,-0.348050475821127,-0.0,-0.5480445094120104,-0.0,-0.0,-0.0,-0.029593389218698727,-0.0,-0.165538020942096,-0.38071656573491247,-0.21464156797231584,-0.0,-0.09963903224844127,-0.0,-0.0,-0.0,-0.19698099698696342
2020-07-02,1.0,-0.0,-0.3710102401341398,-0.0,-0.5619797592670219,-0.0,-0.0,-0.0,-0.00784478112461824,-0.0,-0.17866339301754597,-0.3752919336487215,-0.21228816096772263,-0.0,-0.1204263728366968,-0.0,-0.0,-0.0,-0.16665668602910355
2020-07-06,1.0,-0.0,-0.3741466043837586,-0.0,-0.5624925140735417,-0.0,-0.0,-0.0,-0.0,-0.0,-0.1768475266498982,-0.3813929811953528,-0.20762965624625704,-0.0,-0.12136183974128638,-0.0,-0.0,-0.0,-0.170469517307462
2020-07-07,1.0,-0.0,-0.3762088685289979,-0.0,-0.5634001017994551,-0.0,-0.0,-0.0,-0.0,-0.0,-0.17647234947154106,-0.3807599029911075,-0.20895835204646845,-0.0,-0.12200964100721579,-0.0,-0.0,-0.0,-0.16635228599658672
2020-07-08,1.0,-0.0,-0.37065034797216223,-0.0,-0.5812634989200864,-0.0,-0.0,-0.0,-0.0,-0.0,-0.17548596112311016,-0.3764998800095993,-0.21475281977441807,-0.0,-0.09713222942164627,-0.0,-0.0,-0.0,-0.18394528437724983
2020-07-09,1.0,-0.0,-0.3756267451286517,-0.0,-0.5849521121686132,-0.0,-0.0,-0.0,-0.0,-0.0,-0.17617918155342724,-0.3656888942264389,-0.22055423784789985,-0.0,-0.10373194823910889,-0.0,-0.0,-0.0,-0.17566877833488456
2020-07-10,1.0,-0.0,-0.37700783619059053,-0.0,-0.5883748161047228,-0.0,-0.0,-0.0,-0.0,-0.0,-0.1781307232713844,-0.3638274236646951,-0.22148497312877174,-0.0,-0.10319152130182845,-0.0,-0.0,-0.0,-0.17035458011829346
2020-07-13,1.0,-0.0,-0.37045077642092566,-0.0,-0.5928840645258555,-0.0,-0.0,-0.0,-0.0,-0.0,-0.18344640434192672,-0.3820593999698477,-0.1994572591587517,-0.0,-0.12075983717774763,-0.0,-0.0,-0.0,-0.16619930649781398
2020-07-14,1.0,-0.0,-0.36481358790580015,-0.0,-0.5948924893091609,-0.0,-0.0,-0.0,-0.0,-0.0,-0.18343070529422392,-0.38640607119195325,-0.2065891706318135,-0.0,-0.11630428235860989,-0.0,-0.0,-0.0,-0.15906763837860627
2020-07-15,1.0,-0.0,-0.3566167592368993,-0.0,-0.5993117604443371,-0.0,-0.0,-0.0,-0.0,-0.0,-0.16252113016179665,-0.4233276986235209,-0.17833856556387345,-0.0,-0.1108427915962328,-0.0,-0.0,-0.0,-0.18763583675440715
2020-07-16,1.0,-0.0,-0.3963985812592839,-0.0,-0.6043592930548398,-0.0,-0.0,-0.0,-0.0,-0.0,-0.15139297298935944,-0.4059174826446782,-0.1949859035377573,-0.0,-0.10267681207748507,-0.0,-0.0,-0.0,-0.17579652590414405
2020-07-17,1.0,-0.0,-0.39523679665484956,-0.0,-0.6035814925915826,-0.0,-0.0,-0.0,-0.0,-0.0,-0.15162257976547588,-0.40608429536708784,-0.19828500439354,-0.0,-0.10244523225161349,-0.0,-0.0,-0.0,-0.17277217222676727
2020-07-20,1.0,-0.0,-0.3795025599079039,-0.0,-0.6009876094398497,-0.0,-0.0,-0.0,-0.0,-0.0,-0.15795692083977098,-0.4134327001726802,-0.1929473779878215,-0.0,-0.09530734042230908,-0.0,-0.0,-0.0,-0.18931200581659546
2020-07-21,1.0,-0.0,-0.3809898830799055,-0.0,-0.605712727933604,-0.0,-0.0,-0.0,-0.0,-0.0,-0.1582661901011692,-0.4131277639789181,-0.1968255891439995,-0.0,-0.09580783909856425,-0.0,-0.0,-0.0,-0.17828799903071427
2020-07-22,1.0,-0.0,-0.3756978155339806,-0.0,-0.611498786407767,-0.0,-0.0,-0.0,-0.0,-0.0,-0.17924757281553397,-0.408009708737864,-0.1866504854368932,-0.0,-0.10961771844660195,-0.0,-0.0,-0.0,-0.16325849514563107
2020-07-23,1.0,-0.0,-0.375837705067168,-0.0,-0.6102435030475786,-0.0,-0.0,-0.0,-0.0,-0.0,-0.1812172119962398,-0.4118931376413864,-0.18246050277466114,-0.0,-0.11086514843678928,-0.0,-0.0,-0.0,-0.15989932377111318
2020-07-24,1.0,-0.0,-0.3967094897588171,-0.0,-0.6110168464428555,-0.0,-0.0,-0.0,-0.0,-0.0,-0.1828566234395831,-0.41449521270149076,-0.1917949339474003,-0.0,-0.12125802932977821,-0.0,-0.0,-0.0,-0.11183492909950309
2020-07-27,1.0,-0.0,-0.3942497046081134,-0.0,-0.6111430908595147,-0.0,-0.0,-0.0,-0.0,-0.0,-0.18347623231435758,-0.4152755476111128,-0.1912624594782925,-0.0,-0.1213378980216318,-0.0,-0.0,-0.0,-0.11291544217893175
2020-07-28,1.0,-0.0,-0.3818528957177926,-0.0,-0.60954026123587,-0.0,-0.0,-0.0,-0.0,-0.0,-0.18013758826559992,-0.42940267297027007,-0.19392672061096466,-0.0,-0.11749552989665728,-0.0,-0.0,-0.0,-0.11822286874564356
2020-07-29,1.0,-0.0,-0.3805325820230846,-0.0,-0.6115907782725923,-0.0,-0.0,-0.0,-0.0,-0.0,-0.1821018510103305,-0.43236693023114914,-0.1933715047411312,-0.0,-0.11851313278196857,-0.0,-0.0,-0.0,-0.1110000302947681
2020-07-30,1.0,-0.0,-0.4268054651919323,-0.0,-0.6192335099296713,-0.0,-0.0,-0.0,-0.0,-0.0,-0.16714688477863493,-0.4094246677200483,-0.2043560430027574,-0.0,-0.1510363416674412,-0.0,-0.0,-0.0,-0.12020943706044553
2020-07-31,1.0,-0.0,-0.4485992957527033,-0.0,-0.6001059487083606,-0.0,-0.0,-0.0,-0.0,-0.0,-0.15346982019880964,-0.39743230189149603,-0.21320619488330061,-0.0,-0.1699853541491384,-0.0,-0.0,-0.0,-0.13333956561029575
2020-08-03,1.0,-0.0,-0.4582553350804942,-0.0,-0.6002745538499936,-0.0,-0.0,-0.0,-0.0,-0.0,-0.15137900911019592,-0.3909584425308873,-0.21636715337576434,-0.0,-0.17262573318357666,-0.0,-0.0,-0.0,-0.13003868713340822
2020-08-04,1.0,-0.0,-0.4514699456962737,-0.0,-0.6015230010611073,-0.0,-0.0,-0.0,-0.0,-0.0,-0.1527994507209288,-0.39098682978590604,-0.2154359902627801,-0.0,-0.17264839897634357,-0.0,-0.0,-0.0,-0.136040197241121
2020-08-05,1.0,-0.0,-0.4498472663799015,-0.0,-0.6036406707811234,-0.0,-0.0,-0.0,-0.0,-0.0,-0.14609438314319556,-0.3988529393429337,-0.22161959977557508,-0.0,-0.16130540489994388,-0.0,-0.0,-0.0,-0.13568356087525715
2020-08-06,1.0,-0.0,-0.45310015898251194,-0.0,-0.6007668568222201,-0.0,-0.0,-0.0,-0.0,-0.0,-0.14361420243773185,-0.3980797406402943,-0.22930889366875526,-0.0,-0.15655101468250257,-0.0,-0.0,-0.0,-0.13588328813242306
2020-08-07,1.0,-0.0,-0.4519155834034726,-0.0,-0.6007980298637738,-0.0,-0.0,-0.0,-0.0,-0.0,-0.1429595685651049,-0.3990149318869042,-0.2301505657907042,-0.0,-0.1563639764331806,-0.0,-0.0,-0.0,-0.13610149942329872
2020-08-10,1.0,-0.0,-0.4631197475709957,-0.0,-0.6119528882501797,-0.0,-0.0,-0.0,-0.0,-0.0,-0.12993220656690307,-0.40732294042300604,-0.2396513480583586,-0.0,-0.15314442812958856,-0.0,-0.0,-0.0,-0.11902902308725673
2020-08-11,1.0,-0.0,-0.459214312523458,-0.0,-0.6138496184161141,-0.0,-0.0,-0.0,-0.0,-0.0,-0.13158388590016265,-0.3970036281746528,-0.2525647441511322,-0.0,-0.15363443012636055,-0.0,-0.0,-0.0,-0.1198861503815839
2020-08-12,1.0,-0.0,-0.45236459049165995,-0.0,-0.6109826950709065,-0.0,-0.0,-0.0,-0.0,-0.0,-0.12988067720372337,-0.40663459736365337,-0.257512338351971,-0.0,-0.14787280564752922,-0.0,-0.0,-0.0,-0.1183857062535141
2020-08-13,1.0,-0.0,-0.45375425024175686,-0.0,-0.6105062856786349,-0.0,-0.0,-0.0,-0.0,-0.0,-0.12733568331409675,-0.4130767071154506,-0.2593193374302024,-0.0,-0.1417475122438157,-0.0,-0.0,-0.0,-0.11373490969211092
2020-08-14,1.0,-0.0,-0.44780796590517374,-0.0,-0.5954686471749553,-0.0,-0.0,-0.0,-0.0,-0.0,-0.13590924759487324,-0.4095139607032058,-0.2546143962896807,-0.0,-0.1522045689574128,-0.0,-0.0,-0.0,-0.13819686001692205
2020-08-17,1.0,-0.0,-0.4494865433533273,-0.0,-0.5850579405206796,-0.0,-0.0,-0.0,-0.0,-0.0,-0.13827214772477467,-0.3998366988035047,-0.2902364726941557,-0.0,-0.14514964042332695,-0.0,-0.0,-0.0,-0.1323681813899444
2020-08-18,1.0,-0.0,-0.441490862355412,-0.0,-0.5832732516222062,-0.0,-0.0,-0.0,-0.0,-0.0,-0.14240932886116422,-0.41591172690511263,-0.29243597379392494,-0.0,-0.1415316134290461,-0.0,-0.0,-0.0,-0.11764521488354597
2020-08-19,1.0,-0.0,-0.4266746942138284,-0.0,-0.5853349388427657,-0.0,-0.0,-0.0,-0.0,-0.0,-0.15450915774130172,-0.4047785030737055,-0.27897838899803534,-0.0,-0.17526459217947904,-0.0,-0.0,-0.0,-0.14319665378034094
2020-08-20,1.0,-0.0,-0.43540563674983357,-0.0,-0.5836794217417494,-0.0,-0.0,-0.0,-0.0,-0.0,-0.14516691500491394,-0.41584503693370956,-0.2820594109628127,-0.0,-0.1755064515106363,-0.0,-0.0,-0.0,-0.1326126240370288
2020-08-21,1.0,-0.0,-0.4191511188048984,-0.0,-0.5781881130986728,-0.0,-0.0,-0.0,-0.0,-0.0,-0.1475604282874912,-0.43534012951208567,-0.2598256074886196,-0.0,-0.2306533307687376,-0.0,-0.0,-0.0,-0.13505802397897032
2020-08-24,1.0,-0.0,-0.4195795217461082,-0.0,-0.5740972556571978,-0.0,-0.0,-0.0,-0.0,-0.0,-0.14719948643877387,-0.44320333814796986,-0.2552720269619644,-0.0,-0.23161611298346976,-0.0,-0.0,-0.0,-0.13878992136093726
2020-08-25,1.0,-0.0,-0.3935544961797166,-0.0,-0.5703650493045126,-0.0,-0.015934173578005615,-0.0,-0.0,-0.0,-0.14259126232612815,-0.42623914321165024,-0.2797622934761314,-0.0,-0.2872396003395808,-0.0,-0.0,-0.0,-0.14954613726898716
2020-08-26,1.0,-0.0,-0.3820890635232482,-0.0,-0.5581859855926654,-0.0,-0.008480681074001309,-0.0,-0.0,-0.0,-0.13461034708578912,-0.43542894564505563,-0.30641781270464963,-0.0,-0.28323510150622133,-0.0,-0.0,-0.0,-0.16597904387688278
2020-08-27,1.0,-0.0,-0.36329801502145925,-0.0,-0.5205539163090128,-0.0,-0.04714324034334764,-0.0,-0.0,-0.0,-0.11883047210300429,-0.4201649678111588,-0.31850187768240346,-0.0,-0.3292650214592274,-0.0,-0.0,-0.0,-0.23521325107296137
2020-08-28,1.0,-0.0,-0.3627207412878533,-0.0,-0.4420533136372793,-0.0,-0.025213187403478145,-0.0,-0.03887732491774659,-0.01735714765325992,-0.24699523265963874,-0.4180151749143893,-0.30803061841133417,-0.0,-0.32733498959242596,-0.0,-0.0,-0.0,-0.1706842140602968
2020-08-31,1.0,-0.0,-0.34372995780590715,-0.0,-0.446210970464135,-0.0,-0.028962025316455697,-0.0,-0.03176371308016877,-0.03699578059071729,-0.2392911392405063,-0.4279493670886076,-0.3131476793248945,-0.0,-0.3208101265822785,-0.0,-0.0,-0.0,-0.18670042194092826
2020-09-01,1.0,-0.0,-0.3986984367467805,-0.0,-0.41529508986984365,-0.0,-0.0,-0.0,-0.020143240823634737,-0.02052200261689966,-0.22315956201363543,-0.39759658425728256,-0.3520074375043041,-0.0,-0.3826527098684664,-0.0,-0.0,-0.0,-0.23321396598030436
2020-09-02,1.0,-0.0,-0.4827095808383234,-0.0,-0.2506362275449102,-0.0,-0.017664670658682637,-0.0,-0.0,-0.04285179640718563,-0.2591691616766467,-0.32672155688622756,-0.3766467065868263,-0.0,-0.6328592814371258,-0.0,-0.0,-0.0,-0.35325598802395214
2020-09-03,1.0,-0.0,-0.3152474938565355,-0.0,-0.10055778757264891,-0.0,-0.0,-0.0,-0.0,-0.21519678589538557,-0.26824511448297383,-0.6956352147287125,-0.2860319070094005,-0.0,-0.8103132191754107,-0.0,-0.0,-0.0,-0.20930686117720482
2020-09-04,1.0,-0.0,-0.3466733158791505,-0.0,-0.0,-0.0,-0.0,-0.0,-0.0,-0.2963886464696837,-0.23903918879607697,-0.9908573328346424,-0.06711548850932968,-0.0,-0.7272576154261728,-0.0,-0.0,-0.0,-0.4884677720982421
2020-09-08,1.0,-0.0,-0.37910408081882224,-0.0,-0.06566529310115646,-0.0,-0.0,-0.0,-0.0,-0.21813106473481325,-0.11564535424697595,-1.0937126146484115,-0.0,-0.0,-1.1603970047410166,-0.0,-0.0,-0.0,-0.3982010722672693
2020-09-09,1.0,-0.0,-0.38205657911379065,-0.0,-0.08174880897171044,-0.0,-0.0,-0.0,-0.0,-0.18710738226738058,-0.05114043593743412,-1.1408575403684809,-0.0,-0.0,-1.0700704076900374,-0.0,-0.0,-0.0,-0.30309034950883257
2020-09-10,1.0,-0.0,-0.1906956590246593,-0.0,-0.23182068856850235,-0.0,-0.0,-0.0,-0.0,-0.06822658158039864,-0.0,-1.1237690065390373,-0.18900181202237457,-0.0,-1.1357047191365321,-0.0,-0.0,-0.0,-0.0
2020-09-11,1.0,-0.0,-0.0,-0.0,-0.439088002692243,-0.0,-0.0,-0.0,-0.0,-0.13221436984687868,-0.0,-0.9888524314319368,-0.24377418812047788,-0.0,-1.4027427225307083,-0.0,-0.0,-0.0,-0.0
2020-09-14,1.0,-0.0,-0.0014249193244206028,-0.0,-0.405305729013872,-0.0,-0.0,-0.0,-0.0,-0.14542558987469092,-0.0,-0.987888185742425,-0.2618498805582331,-0.0,-1.3890029755668245,-0.0,-0.0,-0.0,-0.0
2020-09-15,1.0,-0.0,-0.0,-0.0,-0.20138041328226927,-0.0,-0.0,-0.0,-0.0,-0.0,-0.0,-1.191742771768865,-0.5570893480914103,-0.0,-1.2584066327174783,-0.0,-0.0,-0.0,-0.0
2020-09-16,1.0,-0.0,-0.0,-0.0,-0.1925374390038701,-0.0,-0.0,-0.0,-0.0,-0.0,-0.0,-1.1861854282348983,-0.5766868584889786,-0.0,-1.2512199225980145,-0.0,-0.0,-0.0,-0.0
2020-09-17,1.0,-0.0,-0.0,-0.0,-0.13157777281856728,-0.0,-0.0,-0.0,-0.0,-0.02807409060477572,-0.0,-1.1852711448337425,-0.6131220709663021,-0.0,-1.5052443650970766,-0.0,-0.0,-0.0,-0.0
2020-09-18,1.0,-0.0,-0.0,-0.0,-0.13766918300799572,-0.0,-0.0,-0.0,-0.0,-0.05083307276544423,-0.0,-1.1374458391030506,-0.6932594809487649,-0.0,-1.4476258542904363,-0.0,-0.0,-0.0,-0.0
2020-09-21,1.0,-0.0,-0.0,-0.0,-0.38886847905951505,-0.0,-0.0,-0.0,-0.0,-0.08389970609845702,-0.0,-1.0891348273328434,-0.42326414401175605,-0.0,-1.607044452608376,-0.0,-0.0,-0.0,-0.0
2020-09-22,1.0,-0.0,-0.0,-0.0,-0.33887273230854453,-0.0,-0.0,-0.0,-0.0,-0.030559017679915063,-0.0,-1.174583391035406,-0.3731246826386004,-0.0,-1.6990721506716522,-0.0,-0.0,-0.0,-0.0
2020-09-23,1.0,-0.0,-0.0,-0.0,-0.34881129271916794,-0.0,-0.0,-0.0,-0.0,-0.05781017830609212,-0.0,-1.2562221396731055,-0.33214153046062406,-0.0,-1.6484026745913818,-0.0,-0.0,-0.0,-0.0
2020-09-24,1.0,-0.0,-0.0,-0.0,-0.3238678892215569,-0.0,-0.0,-0.0,-0.0,-0.011414670658682635,-0.0,-1.2751216317365268,-0.31221931137724546,-0.0,-1.7138847305389222,-0.0,-0.0,-0.041682260479041916,-0.0
2020-09-25,1.0,-0.0,-0.0,-0.0,-0.2211285179536947,-0.0,-0.0,-0.0,-0.0,-0.0,-0.0,-1.2847174083830122,-0.35357456444382823,-0.0,-1.761865150884976,-0.0,-0.0,-0.0,-0.0
2020-09-28,1.0,-0.0,-0.0,-0.0,-0.09289172218760486,-0.0,-0.06432440205147869,-0.0,-0.0,-0.054402530796146285,-0.0,-1.376839380721852,-0.43306331783540236,-0.0,-1.731534295163687,-0.0,-0.0,-0.04011887072808321,-0.0
2020-09-29,1.0,-0.0,-0.0,-0.0,-0.0,-0.0,-0.06449906209417536,-0.0,-0.0,-0.013900245298446443,-0.0,-1.3478909143379345,-0.5122408734548602,-0.0,-1.8046750998027992,-0.0,-0.0,-0.06661536241643018,-0.0
2020-09-30,1.0,-0.0,-0.0,-0.0,-0.018852258852258854,-0.0,-0.10617826617826617,-0.0,-0.0,-0.0,-0.0,-1.3601953601953605,-0.4683760683760684,-0.0,-1.665689865689866,-0.0,-0.08034188034188035,-0.18437118437118438,-0.0
2020-10-01,1.0,-0.0,-0.0,-0.0,-0.016958211856171038,-0.0,-0.12930029154518952,-0.0,-0.0,-0.012293488824101069,-0.0,-1.3261904761904761,-0.5177842565597668,-0.0,-1.6342079689018465,-0.0,-0.07473275024295432,-0.147667638483965,-0.0
2020-10-02,1.0,-0.0,-0.0,-0.0,-0.018112766579024248,-0.0,-0.14728795403642028,-0.0,-0.0,-0.009348524685947998,-0.0,-1.3272470542409192,-0.515434803778362,-0.0,-1.619826662771448,-0.0,-0.08588957055214723,-0.14592462751971955,-0.0
2020-10-05,1.0,-0.0,-0.0,-0.0,-0.24063593331961308,-0.0,-0.11005350895245934,-0.0,-0.0,-0.0,-0.0,-1.0838135418810455,-0.4620292241201894,-0.0,-2.0178020168759003,-0.0,-0.05628730191397407,-0.1744186046511628,-0.0
2020-10-06,1.0,-0.0,-0.0,-0.0,-0.295968992248062,-0.0,-0.17488372093023255,-0.0,-0.0,-0.0,-0.0,-1.1039793281653747,-0.40527131782945736,-0.0,-1.9878036175710594,-0.0,-0.08439276485788114,-0.11560723514211886,-0.0
2020-10-07,1.0,-0.0,-0.0,-0.0,-0.3500490626452513,-0.0,-0.13990600630067654,-0.0,-0.0,-0.0,-0.0,-1.0904302019315188,-0.36688529669989156,-0.0,-1.9842999535195993,-0.0,-0.111398027165212,-0.12152042555389143,-0.0
2020-10-08,1.0,-0.0,-0.0,-0.0,-0.32043111042022904,-0.0,-0.19006166122597024,-0.0,-0.0,-0.0,-0.0,-1.1385045857298306,-0.36452665941240475,-0.0,-1.9270428519612417,-0.0,-0.15498212342608425,-0.0860666355769729,-0.0
2020-10-09,1.0,-0.0,-0.0,-0.0,-0.21486444375194763,-0.0,-0.21486444375194763,-0.0,-0.0,-0.0,-0.0,-1.087981718084554,-0.513763373844396,-0.0,-1.897527786433988,-0.0,-0.2647242131505142,-0.0,-0.0
2020-10-12,1.0,-0.0,-0.0,-0.0,-0.17133294373904265,-0.0,-0.3021303724167242,-0.0,-0.0,-0.0,-0.0,-1.137703872921426,-0.48727620464325555,-0.0,-1.932369972905488,-0.0,-0.2612760983902672,-0.020613079742867767,-0.0
2020-10-13,1.0,-0.0,-0.0,-0.0,-0.15694473851365656,-0.0,-0.3450137624391277,-0.0,-0.0,-0.0,-0.0,-1.141170865975016,-0.47041075587550285,-0.0,-1.7965276307431715,-0.0,-0.35517679441033245,-0.02794833792081304,-0.0
2020-10-14,1.0,-0.0,-0.0,-0.0,-0.1358603066439523,-0.0,-0.3783006814310051,-0.0,-0.0,-0.0,-0.0,-1.169559199318569,-0.4181750425894378,-0.0,-1.8390651618398635,-0.0,-0.38271933560477,-0.0,-0.0
2020-10-15,1.0,-0.0,-0.0,-0.0,-0.1567864377865444,-0.0,-0.37653267939012686,-0.0,-0.0,-0.0,-0.0,-1.1639833670967055,-0.40841241070476597,-0.0,-1.847425098624587,-0.0,-0.3779187546646764,-0.0,-0.0
2020-10-16,1.0,-0.0,-0.0,-0.0,-0.1701322243548731,-0.0,-0.3478886756238004,-0.0,-0.0,-0.0,-0.0,-1.1675730432928129,-0.4032309660908509,-0.0,-1.8605779483898486,-0.0,-0.3822243548731073,-0.0,-0.0
2020-10-19,1.0,-0.0,-0.0,-0.0,-0.1740776284922158,-0.0,-0.3498613776924717,-0.0,-0.0,-0.0,-0.0,-1.1679462571976966,-0.3984325015994882,-0.0,-1.8622307528257622,-0.0,-0.3790786948176583,-0.0,-0.0
2020-10-20,1.0,-0.0,-0.0,-0.0,-0.2811760559834869,-0.0,-0.22866636459749284,-0.0,-0.0,-0.0730503952071691,-0.0,-1.2298242964305492,-0.3810099179378744,-0.0,-1.5360720938428234,-0.0,-0.30463676181845645,-0.0,-0.0
2020-10-21,1.0,-0.0,-0.0,-0.0,-0.4051125867492137,-0.0,-0.2006590443856408,-0.0,-0.0,-0.03759548654451046,-0.0,-1.2374556892505866,-0.3239802286684308,-0.0,-1.4371161815367717,-0.0,-0.3508412801437915,-0.0,-0.0
