Date,BPFH,IWF,IWM,MTUM,SPY,VLUE,VXX
2018-09-24,1.0,-0.19703220062323787,-0.6477518919721027,-0.12850571301380026,-0.48707523371420086,-0.5074343374387891,0.0
2018-09-25,1.0,-0.19614778705822902,-0.6503878964420533,-0.12599946497042475,-0.4893737181583093,-0.5104776625152335,0.0
2018-09-26,1.0,-0.19568066726243669,-0.650968126303247,-0.12210306821566874,-0.49231456657730116,-0.5177837354781054,0.0
2018-09-27,1.0,-0.1946224324809869,-0.6634828432840291,-0.11955805736870471,-0.495538655009282,-0.5209593388825678,0.0
2018-09-28,1.0,-0.19229386385426653,-0.6664669223394055,-0.12011625119846596,-0.49586529242569516,-0.5214225790987536,0.0
2018-10-01,1.0,-0.19173766950678026,-0.6693267730709228,-0.1205748229929197,-0.4960398415936637,-0.5224708988359534,0.0
2018-10-02,1.0,-0.19248755468396436,-0.6964549705837983,-0.11329008900286619,-0.49473525418615166,-0.5200784432041031,0.0
2018-10-03,1.0,-0.1922195416164053,-0.6911338962605549,-0.112605548854041,-0.49647165259348613,-0.5232207478890228,0.0
2018-10-04,1.0,-0.19116123133191099,-0.7117342273697044,-0.11164279183175861,-0.4960073148430356,-0.5373056994818652,0.0
2018-10-05,1.0,-0.1744161196763853,-0.7078613952068387,-0.09451992062280568,-0.5156769958784918,-0.5604640512898794,0.0
2018-10-08,1.0,-0.17288621731303205,-0.7056723522411741,-0.08976901717877521,-0.5216184053946846,-0.5613462301284593,0.0
2018-10-09,1.0,-0.16991643454038996,-0.7098778658667239,-0.0784229697878723,-0.5303804830267226,-0.5724080932994582,0.0
2018-10-10,1.0,-0.17010924446892497,-0.7093240307230944,-0.0788579821903975,-0.5305547905382662,-0.5712537103338535,0.0
2018-10-11,1.0,-0.12504486182557722,-0.716263907165929,-0.02255054432348367,-0.5288611077880129,-0.5980978585955258,0.0
2018-10-12,1.0,-0.12005253417706406,-0.7192704913139514,-0.016954211688854397,-0.5295206256342905,-0.5991284102441646,0.0
2018-10-15,1.0,-0.08553916413784814,-0.7745395547276388,-0.0,-0.5330949734098489,-0.611333113000631,0.0
2018-10-16,1.0,-0.08432721482861177,-0.7763991948808845,-0.0,-0.5326103283564154,-0.61083906630216,0.0
2018-10-17,1.0,-0.06346051148163531,-0.7424790838426392,-0.0,-0.5340592179433928,-0.6268023497300184,0.0
2018-10-18,1.0,-0.0624517202448155,-0.740715431695288,-0.0,-0.539247727137679,-0.628646978430091,0.0
2018-10-19,1.0,-0.04050266702829762,-0.7447186812524486,-0.0,-0.5722809872525089,-0.65608896121508,0.0
2018-10-22,1.0,-0.041032747868526495,-0.7411803693549844,-0.0,-0.5734341578043564,-0.6570361220739313,0.0
2018-10-23,1.0,-0.03736595680410814,-0.7435130644917686,-0.0,-0.5789759855006796,-0.660836731611539,0.0
2018-10-24,1.0,-0.034730394375546904,-0.7413174014061134,-0.0,-0.5792221115838387,-0.6621405509791497,0.0
2018-10-25,1.0,-0.02483542788749252,-0.7329443447037702,-0.0,-0.5780071813285458,-0.6564033512866547,0.0
2018-10-26,1.0,-0.025495412021400602,-0.7309979974295365,-0.0,-0.5775174104073887,-0.6549302089248887,0.0
2018-10-29,1.0,-0.0022339379858815124,-0.7431864891430615,-0.0,-0.5692073988026093,-0.663985941083609,0.0
2018-10-30,1.0,-0.0,-0.7418096259232786,-0.0,-0.5671015010721944,-0.6694067190850607,0.0
2018-10-31,1.0,-0.0,-0.7292542794527038,-0.0,-0.5659539181425102,-0.6663507670437718,0.0
2018-11-01,1.0,-0.0,-0.7304345252190386,-0.0,-0.5642611887283921,-0.6652557423632489,0.0
2018-11-02,1.0,-0.0,-0.7215074071888096,-0.0,-0.5662515493124004,-0.6633122823584962,0.0
2018-11-05,1.0,-0.0,-0.7339612057512326,-0.0,-0.5662070798027812,-0.6522098550382333,0.0
2018-11-06,1.0,-0.0,-0.7458288959886404,-0.0,-0.5658501952431665,-0.6464915394627855,0.0
2018-11-07,1.0,-0.004389976220962137,-0.7801963294921042,-0.0,-0.5916102676666057,-0.6723980245107006,0.0
2018-11-08,1.0,-0.0,-0.7769842950948649,-0.0,-0.5765727600084728,-0.6724059672587527,0.0
2018-11-09,1.0,-0.0,-0.777740753082306,-0.0,-0.5790191148405077,-0.6725636908909151,0.0
2018-11-12,1.0,-0.0,-0.7585338471341445,-0.0,-0.599811876080954,-0.6759110355918319,0.0
2018-11-13,1.0,-0.0,-0.750835667178607,-0.0,-0.5919233896467613,-0.6686541994157859,0.0
2018-11-14,1.0,-0.0,-0.7505874555642587,-0.0,-0.5931794902693257,-0.6688256913900102,0.0
2018-11-15,1.0,-0.0,-0.7520381665559516,-0.0,-0.5933933208527086,-0.6740745214082976,0.0
2018-11-16,1.0,-0.0,-0.7552248737259173,-0.0,-0.5953180292169495,-0.6740162719656414,0.0
2018-11-19,1.0,-0.0,-0.7558642816065861,-0.0,-0.5957504767093434,-0.6751414994400556,0.0
2018-11-20,1.0,-0.0,-0.7393583370989607,-0.0,-0.5851483657177285,-0.6879650549781593,0.0
2018-11-21,1.0,-0.0,-0.7354699832575938,-0.0,-0.5834130590767759,-0.6708323367615403,0.0
2018-11-23,1.0,-0.0,-0.7198157233456982,-0.0,-0.5956982170635395,-0.6759901878664593,0.0
2018-11-26,1.0,-0.0,-0.722928317234367,-0.0,-0.5936182302102335,-0.6739435987918299,0.0
2018-11-27,1.0,-0.0,-0.7255556217601143,-0.0,-0.5860096526246797,-0.6676398736817016,0.0
2018-11-28,1.0,-0.0,-0.7275706921724621,-0.0,-0.5850540806293019,-0.6670242245463485,0.0
2018-11-29,1.0,-0.0,-0.7118318920992828,-0.0,-0.5735324499011303,-0.6659386713100965,0.0
2018-11-30,1.0,-0.0,-0.7120375564675663,-0.0,-0.5732380643065931,-0.6672473353213854,0.0
2018-12-03,1.0,-0.0,-0.7118318920992828,-0.0,-0.5727355901189387,-0.6667650444175545,0.0
2018-12-04,1.0,-0.0,-0.7137052848520535,-0.0,-0.5666126895333432,-0.6638598557338437,0.0
2018-12-06,1.0,-0.0,-0.6983793867319575,-0.0,-0.5606564066689985,-0.6557362714235747,0.0
2018-12-07,1.0,-0.0,-0.6984640494302118,-0.0,-0.5606948209029173,-0.655358339890997,0.0
2018-12-10,1.0,-0.0,-0.6974984112311515,-0.0,-0.552458258709342,-0.6387428505401814,0.0
2018-12-11,1.0,-0.0,-0.7081243438702904,-0.0,-0.5450250787355652,-0.6629534585326023,0.0
2018-12-12,1.0,-0.0,-0.7102978574142819,-0.0,-0.5451462979743357,-0.6675922948759171,0.0
2018-12-13,1.0,-0.0,-0.7096642216312575,-0.0,-0.5454864256699494,-0.6672024313977615,0.0
2018-12-14,1.0,-0.0,-0.7132413147736578,-0.0,-0.5437770499473623,-0.6673002690373143,0.0
2018-12-17,1.0,-0.0,-0.7103245181794327,-0.0,-0.5240400034988483,-0.6813715485319416,0.0
2018-12-18,1.0,-0.0,-0.6988814188014374,-0.0,-0.5164599513156369,-0.6825373826359105,0.0
2018-12-19,1.0,-0.0,-0.7048735672412284,-0.0,-0.5244553329250153,-0.6872283956018316,0.0
2018-12-20,1.0,-0.0,-0.7088048659239115,-0.0,-0.5258063572828026,-0.6896218966576015,0.0
2018-12-21,1.0,-0.0,-0.7108988174986893,-0.0,-0.528950894157395,-0.6727150929108173,0.0
2018-12-24,1.0,-0.0,-0.6848957578217879,-0.0,-0.5187751906515499,-0.6959723953953664,0.0
2018-12-26,1.0,-0.0,-0.689485497237569,-0.0,-0.5012373388581952,-0.6868093922651934,0.0
2018-12-27,1.0,-0.0,-0.6651783206964336,-0.0,-0.4612187587756248,-0.6817747823645043,0.0
2018-12-28,1.0,-0.0,-0.6704491194562255,-0.0,-0.4595680139314102,-0.6787349380670168,0.0
2018-12-31,1.0,-0.0,-0.6726138630552667,-0.0,-0.4591048298727206,-0.677980388300413,0.0
2019-01-02,1.0,-0.0,-0.6718320139239796,-0.0,-0.45710515973274946,-0.6783167705350627,0.0
2019-01-03,1.0,-0.0,-0.672906653174804,-0.0,-0.45349523568597694,-0.6844028445343903,0.0
2019-01-04,1.0,-0.0,-0.6804952519678423,-0.0,-0.4286954816661532,-0.6920081795008264,0.0
2019-01-07,1.0,-0.0,-0.6600264871426995,-0.0,-0.42103520582717147,-0.6780432623330759,0.0
2019-01-08,1.0,-0.0,-0.6493624521494864,-0.0,-0.42854782297375454,-0.6760761201839663,0.0
2019-01-09,1.0,-0.0,-0.6369416233176451,-0.0,-0.42977458508793664,-0.6856026202075248,0.0
2019-01-10,1.0,-0.0,-0.6343503260062175,-0.0,-0.43241904866708847,-0.6843379460232744,0.0
2019-01-11,1.0,-0.0,-0.6329406583727843,-0.0,-0.4335296708136079,-0.6859242541010679,0.0
2019-01-14,1.0,-0.0,-0.6343511660563341,-0.0,-0.4395220132712905,-0.679506594344558,0.0
2019-01-15,1.0,-0.0,-0.6275607267914748,-0.0,-0.4392180650141994,-0.6903967575615539,0.0
2019-01-16,1.0,-0.0,-0.629610275310102,-0.0,-0.4234714926153084,-0.6972689017849776,0.0
2019-01-17,1.0,-0.0,-0.646076146076146,-0.0,-0.4272949272949273,-0.7016317016317016,0.0
2019-01-18,1.0,-0.0,-0.6424779255616409,-0.0,-0.43483849334972624,-0.7169162847881972,0.0
2019-01-22,1.0,-0.0,-0.6646507069858603,-0.0,-0.3225535489290214,-0.8127397452050957,0.0
2019-01-23,1.0,-0.0,-0.6568803227252353,-0.0,-0.3208202599731062,-0.8237337516808607,0.0
2019-01-24,1.0,-0.0,-0.6522408963585434,-0.0,-0.3290196078431373,-0.8198599439775911,0.0
2019-01-25,1.0,-0.0,-0.6348316197921092,-0.0,-0.2848726881354972,-0.912595236072167,0.0
2019-01-28,1.0,-0.0,-0.6339401820546164,-0.0,-0.2826652343529146,-0.9103578899756883,0.0
2019-01-29,1.0,-0.0,-0.6205049732211171,-0.0,-0.281107427243617,-0.9321318257814051,0.0
2019-01-30,1.0,-0.0,-0.6189572116746954,-0.0,-0.27903088693680933,-0.9356758288466988,0.0
2019-01-31,1.0,-0.0,-0.6259814620595823,-0.0,-0.24844808526318776,-0.9600895716998782,0.0
2019-02-01,1.0,-0.0,-0.6239850093691444,-0.0,-0.25518142070296973,-0.9599682016921243,0.0
2019-02-04,1.0,-0.0,-0.6150906002265005,-0.0,-0.2538788221970555,-0.9622876557191393,0.0
2019-02-05,1.0,-0.0,-0.6093882632561824,-0.0,-0.2534095410559674,-0.9666968479429574,0.0
2019-02-06,1.0,-0.0,-0.606388401200657,-0.0,-0.24984425440335278,-0.9755054652545733,0.0
2019-02-07,1.0,-0.0,-0.6008826524838746,-0.0,-0.2482177209460224,-0.9799139979631096,0.0
2019-02-08,1.0,-0.0,-0.6130402764402652,-0.0,-0.26590381238316435,-0.953435676655526,0.0
2019-02-11,1.0,-0.0,-0.6000851667849539,-0.0,-0.26705464868701206,-0.9717530163236338,0.0
2019-02-12,1.0,-0.0,-0.6069670148276745,-0.0,-0.2756353701226627,-0.9634004041323959,0.0
2019-02-13,1.0,-0.0,-0.6046630360789653,-0.0,-0.27609484910369864,-0.9556103925572952,0.0
2019-02-14,1.0,-0.0,-0.5844429270513257,-0.0,-0.2958632070103562,-0.9648059633549562,0.0
2019-02-15,1.0,-0.0,-0.583202846975089,-0.0,-0.2974804270462633,-0.9663202846975089,0.0
2019-02-19,1.0,-0.0,-0.5826233151910637,-0.0,-0.2999173624369532,-0.9670304619154817,0.0
2019-02-20,1.0,-0.0,-0.5855118738774695,-0.0,-0.29726031302562933,-0.9680987541693986,0.0
2019-02-21,1.0,-0.0,-0.572877781893825,-0.0,-0.3003732938192802,-0.9763200638303934,0.0
2019-02-22,1.0,-0.0,-0.566402463363175,-0.0,-0.3058390830814849,-0.9788732394366197,0.0
2019-02-25,1.0,-0.0,-0.5698675591407076,-0.0,-0.3107068279985125,-0.9799193340770617,0.0
2019-02-26,1.0,-0.0,-0.5687491065046462,-0.0,-0.315482487491065,-0.9749535382416011,0.0
2019-02-27,1.0,-0.0,-0.5684008809312702,-0.0,-0.3201384320567457,-0.9716271487000544,0.0
2019-02-28,1.0,-0.0,-0.5729071363220494,-0.0,-0.3247083714547118,-0.9614878774016468,0.0
2019-03-01,1.0,-0.0,-0.5784904474969301,-0.0,-0.3161892794928178,-0.9610760487763087,0.0
2019-03-04,1.0,-0.0,-0.5728147027767473,-0.0,-0.3154875717017208,-0.9654690220027967,0.0
2019-03-05,1.0,-0.0,-0.5633633633633633,-0.0,-0.3322179322179322,-0.9644215644215645,0.0
2019-03-06,1.0,-0.0,-0.561299176578225,-0.0,-0.3329997712717292,-0.9648044373284538,0.0
2019-03-07,1.0,-0.0,-0.5638203342219165,-0.0,-0.32361624673947315,-0.9789606443660962,0.0
2019-03-08,1.0,-0.0,-0.5608183937152889,-0.0,-0.31901240252079077,-0.9978130125751777,0.0
2019-03-11,1.0,-0.0,-0.5630728308323937,-0.0,-0.3224911093763553,-1.0057246942492843,0.0
2019-03-12,1.0,-0.0,-0.551525886349778,-0.0,-0.32884230087981653,-1.023345625598885,0.0
2019-03-13,1.0,-0.0,-0.5589583394155256,-0.0,-0.34230578343502754,-1.0182173824190583,0.0
2019-03-14,1.0,-0.0,-0.5570869590609122,-0.0,-0.3460258132336623,-1.0169362845295802,0.0
2019-03-15,1.0,-0.0,-0.5502709034997804,-0.0,-0.3485429784741544,-1.0298726021379412,0.0
2019-03-18,1.0,-0.0,-0.5610748945458837,-0.0,-0.3591634465060028,-1.029527152591369,0.0
2019-03-19,1.0,-0.0,-0.5633482156056888,-0.0,-0.35953993081221725,-1.033854705656249,0.0
2019-03-20,1.0,-0.0,-0.5825872274606622,-0.0,-0.36410958089175766,-1.027841399208781,0.0
2019-03-21,1.0,-0.0,-0.5864234449760766,-0.0,-0.35299043062200963,-1.0510167464114832,0.0
2019-03-22,1.0,-0.0,-0.5840784972693992,-0.0,-0.37913340935005696,-1.0374482386124948,0.0
2019-03-25,1.0,-0.0,-0.5703229647268938,-0.0,-0.37377585950290215,-1.0325048370293197,0.0
2019-03-26,1.0,-0.0,-0.5849818932750726,-0.0,-0.37290874809206,-1.0349564540747613,0.0
2019-03-27,1.0,-0.0,-0.5907227680993429,-0.0,-0.37672554102115857,-1.0465971426849117,0.0
2019-03-28,1.0,-0.0,-0.5919855378125942,-0.0,-0.37417896956914737,-1.0468213317264239,0.0
2019-03-29,1.0,-0.0,-0.5941784433663784,-0.0,-0.3736402808328562,-1.045409347033477,0.0
2019-04-01,1.0,-0.0,-0.6008245313111252,-0.0,-0.37555294754897534,-1.0328307905269178,0.0
2019-04-02,1.0,-0.0,-0.6066299340619637,-0.0,-0.38617408845933826,-1.0180351067353144,0.0
2019-04-03,1.0,-0.0,-0.606924582267048,-0.0,-0.38696372121029654,-1.016799638717447,0.0
2019-04-04,1.0,-0.0,-0.5970571757143278,-0.0,-0.31922861439565947,-1.0324359390204347,0.0
2019-04-05,1.0,-0.0,-0.5852924692486948,-0.0,-0.3210229786731955,-1.0434205480664287,0.0
2019-04-08,1.0,-0.0,-0.5788650976228397,-0.0,-0.32619595351855135,-1.0442694508346606,0.0
2019-04-09,1.0,-0.0,-0.571880450527685,-0.0,-0.346882667691489,-1.037455287196618,0.0
2019-04-10,1.0,-0.0,-0.5678206415785432,-0.0,-0.3519229633130501,-1.0340875524310273,0.0
2019-04-11,1.0,-0.0,-0.5662369152522325,-0.0,-0.3624696906972618,-1.0282689691880065,0.0
2019-04-12,1.0,-0.0,-0.5665838803145881,-0.0,-0.3606528295192478,-1.0293891549878778,0.0
2019-04-15,1.0,-0.0,-0.5651646498417112,-0.0,-0.36512914583271694,-1.0283736205213172,0.0
2019-04-16,1.0,-0.0,-0.5607283260914546,-0.0,-0.36259643522213353,-1.0325441163429991,0.0
2019-04-17,1.0,-0.0,-0.5410505146101976,-0.0,-0.37326984502543475,-1.0432095114160653,0.0
2019-04-18,1.0,-0.0,-0.5258238182571141,-0.0,-0.38046500621191504,-1.051765958705555,0.0
2019-04-22,1.0,-0.0,-0.5267324971087982,-0.0,-0.3857604602200279,-1.0528422738190553,0.0
2019-04-23,1.0,-0.0,-0.5320027324838873,-0.0,-0.3813894086548457,-1.0566990406605483,0.0
2019-04-24,1.0,-0.0,-0.5222064309824125,-0.0,-0.3848522532125304,-1.0537987801267248,0.0
2019-04-25,1.0,-0.0,-0.5279466271312083,-0.0,-0.39063009636767976,-1.0465826538176426,0.0
2019-04-26,1.0,-0.0,-0.5284895632293121,-0.0,-0.38700674010511005,-1.053712996229104,0.0
2019-04-29,1.0,-0.0,-0.5233458992549497,-0.0,-0.38555611623972214,-1.0594259253762355,0.0
2019-04-30,1.0,-0.0,-0.5207009207009207,-0.0,-0.38191268191268196,-1.0673596673596673,0.0
2019-05-01,1.0,-0.0,-0.5214986619090098,-0.0,-0.3964317573595004,-1.055605114481118,0.0
2019-05-02,1.0,-0.0,-0.5202771005530119,-0.0,-0.38359992864363446,-1.0693048700719512,0.0
2019-05-03,1.0,-0.0,-0.5317297087841664,-0.0,-0.38197859846791254,-1.0670362752988167,0.0
2019-05-06,1.0,-0.0,-0.5463478938222781,-0.0,-0.3816885373599377,-1.0679189885553357,0.0
2019-05-07,1.0,-0.0,-0.5353070373379065,-0.0,-0.3932966272527605,-1.08006137738063,0.0
2019-05-08,1.0,-0.0,-0.5305938812237553,-0.0,-0.4043191361727655,-1.0644871025794842,0.0
2019-05-09,1.0,-0.0,-0.5307279325755077,-0.0,-0.4019675474640833,-1.0666446717255031,0.0
2019-05-10,1.0,-0.0,-0.5300734963251837,-0.0,-0.40320983950802464,-1.0665666716664168,0.0
2019-05-13,1.0,-0.0,-0.5300680843406017,-0.0,-0.40208751987042984,-1.067154554452476,0.0
2019-05-14,1.0,-0.0,-0.5219190404797601,-0.0,-0.4178710644677661,-1.058710644677661,0.0
2019-05-15,1.0,-0.0,-0.5239839106681875,-0.0,-0.42114426367293034,-1.05658281803446,0.0
2019-05-16,1.0,-0.0,-0.5278311516752732,-0.0,-0.41746727512909815,-1.056953284496217,0.0
2019-05-17,1.0,-0.0,-0.5239727056843118,-0.0,-0.417110048997505,-1.0648991493071212,0.0
2019-05-20,1.0,-0.0,-0.515668659676111,-0.0,-0.4203947961421746,-1.0684733948261875,0.0
2019-05-21,1.0,-0.0,-0.5177187819088234,-0.0,-0.41600096101867984,-1.0694636314493362,0.0
2019-05-22,1.0,-0.0,-0.5171073094867807,-0.0,-0.4110838617059457,-1.062597200622084,0.0
2019-05-23,1.0,-0.0,-0.520037055852733,-0.0,-0.41544392313898937,-1.0529241251531543,0.0
2019-05-24,1.0,-0.0,-0.5250149611011371,-0.0,-0.4131059245960502,-1.0540993417115498,0.0
2019-05-28,1.0,-0.0,-0.5289335246293639,-0.0,-0.405428024868484,-1.0546389287422284,0.0
2019-05-29,1.0,-0.0,-0.5366973845098566,-0.0,-0.40079329575616596,-1.04479436938952,0.0
2019-05-30,1.0,-0.0,-0.5338063439065108,-0.0,-0.39753756260434053,-1.0497853565466253,0.0
2019-05-31,1.0,-0.0,-0.5428111299991053,-0.0,-0.3897885538755182,-1.0497151889296472,0.0
2019-06-03,1.0,-0.0,-0.5462863933452168,-0.0,-0.3909982174688057,-1.0336007130124776,0.0
2019-06-04,1.0,-0.0,-0.5422059567377786,-0.0,-0.3774584188758963,-1.055758874111101,0.0
2019-06-05,1.0,-0.0,-0.5330589524176117,-0.0,-0.38107363870547484,-1.0467829331122496,0.0
2019-06-06,1.0,-0.0,-0.5481459595213474,-0.0,-0.3597577190131482,-1.0467425025853154,0.0
2019-06-07,1.0,-0.0,-0.5566163213430674,-0.0,-0.3582005734046641,-1.0408772500221675,0.0
2019-06-10,1.0,-0.0,-0.5574351253210522,-0.0,-0.34980663064978007,-1.0449620641809112,0.0
2019-06-11,1.0,-0.0,-0.5605401083770098,-0.0,-0.35033016493441116,-1.0502206034763555,0.0
2019-06-12,1.0,-0.0,-0.5594499064365699,-0.0,-0.35052128196750526,-1.060296432708587,0.0
2019-06-13,1.0,-0.0,-0.5552349791790601,-0.0,-0.35466983938132063,-1.0645151695419393,0.0
2019-06-14,1.0,-0.0,-0.5537514497278971,-0.0,-0.3628036994082136,-1.0572754036934606,0.0
2019-06-17,1.0,-0.0,-0.5463877648179005,-0.0,-0.3756843608664604,-1.0534099024041896,0.0
2019-06-18,1.0,-0.0,-0.5307715221924337,-0.0,-0.3835269585939827,-1.0645516830503425,0.0
2019-06-19,1.0,-0.0,-0.5282597696360011,-0.0,-0.38566624006666866,-1.062382809012173,0.0
2019-06-20,1.0,-0.0,-0.5330711476582052,-0.0,-0.38380407579549514,-1.0625074484566799,0.0
2019-06-21,1.0,-0.0,-0.5386861313868613,-0.0,-0.37735736630418587,-1.063250409652912,0.0
2019-06-24,1.0,-0.0,-0.5219093735054997,-0.0,-0.3871652319464371,-1.0798959827833572,0.0
2019-06-25,1.0,-0.0,-0.5258211760494048,-0.0,-0.3822309734777291,-1.0753005757928338,0.0
2019-06-26,1.0,-0.0,-0.5199259126486229,-0.0,-0.37333452829061364,-1.0941327597538388,0.0
2019-06-27,1.0,-0.0,-0.5115536183424887,-0.0,-0.38097086219250065,-1.092936470026272,0.0
2019-06-28,1.0,-0.0,-0.5283080974325215,-0.0,-0.3698007062062362,-1.0943204261176613,0.0
2019-07-01,1.0,-0.0,-0.5416288497609971,-0.0,-0.36310280147637203,-1.1206208023234707,0.0
2019-07-02,1.0,-0.0,-0.545655130723893,-0.0,-0.35644551911742484,-1.1203868822729335,0.0
2019-07-03,1.0,-0.0,-0.5525663502811196,-0.0,-0.34813493742820867,-1.1220905628438425,0.0
2019-07-05,1.0,-0.0,-0.6335975379612694,-0.0,-0.21731556484626774,-1.0524634904044363,0.0
2019-07-08,1.0,-0.0,-0.6344367015098723,-0.0,-0.2156794425087108,-1.0534552845528455,0.0
2019-07-09,1.0,-0.0,-0.637128109957664,-0.0,-0.20846140462796495,-1.0541089137621065,0.0
2019-07-10,1.0,-0.0,-0.6441797791880379,-0.0,-0.2012808252919528,-1.0523051957460372,0.0
2019-07-11,1.0,-0.0,-0.6403739832691696,-0.0,-0.21081425304657425,-1.0434191101977017,0.0
2019-07-12,1.0,-0.0,-0.6351902763710027,-0.0,-0.2186080162060483,-1.0401099696136593,0.0
2019-07-15,1.0,-0.0,-0.6511648097236289,-0.0,-0.22517725365359573,-1.0175951381855013,0.0
2019-07-16,1.0,-0.0,-0.6644461252036304,-0.0,-0.2297533162671631,-1.0147777519199441,0.0
2019-07-17,1.0,-0.0,-0.6780612690192884,-0.0,-0.22250021819451316,-1.0086695953219098,0.0
2019-07-18,1.0,-0.0,-0.6756324977488599,-0.0,-0.22055363522816393,-1.0085107619019955,0.0
2019-07-19,1.0,-0.0,-0.6766978446522977,-0.0,-0.2214605240225411,-1.0066229012955326,0.0
2019-07-22,1.0,-0.0,-0.6543849940290682,-0.0,-0.21332245944135378,-1.0449130574083243,0.0
2019-07-23,1.0,-0.0,-0.6586510434883992,-0.0,-0.21111694065524075,-1.0450040806808907,0.0
2019-07-24,1.0,-0.0,-0.6580280705841244,-0.0,-0.20872401141459435,-1.0451051190961504,0.0
2019-07-25,1.0,-0.0,-0.6511682039046816,-0.0,-0.21714335593121709,-1.0413163024818877,0.0
2019-07-26,1.0,-0.0,-0.6472656477015168,-0.0,-0.2184285465217644,-1.0400999593188818,0.0
2019-07-29,1.0,-0.0,-0.6247633472169632,-0.0,-0.2257303468965718,-1.062155943261585,0.0
2019-07-30,1.0,-0.0,-0.6248980780430985,-0.0,-0.22877111240535822,-1.0583867210250437,0.0
2019-07-31,1.0,-0.0,-0.6288269393224388,-0.0,-0.22756270208861312,-1.05659937662035,0.0
2019-08-01,1.0,-0.0,-0.6354881880600489,-0.0,-0.22364133597113928,-1.0502443849645058,0.0
2019-08-02,1.0,-0.0,-0.641649204615884,-0.0,-0.2244193253253844,-1.0852935100197738,0.0
2019-08-05,1.0,-0.0,-0.6415406427221172,-0.0,-0.22031545368620037,-1.091830103969754,0.0
2019-08-06,1.0,-0.0,-0.6414202226072656,-0.0,-0.20992041349740098,-1.085401309800006,0.0
2019-08-07,1.0,-0.0,-0.6393394624348538,-0.0,-0.19292030216080108,-1.0956549745271418,0.0
2019-08-08,1.0,-0.0,-0.6374563898091413,-0.0,-0.19727931044592337,-1.097041836465449,0.0
2019-08-09,1.0,-0.0,-0.633941627186056,-0.0,-0.18827864537638184,-1.1022986488857693,0.0
2019-08-12,1.0,-0.0,-0.6295115530856976,-0.0,-0.2102369113775958,-1.0850833577069319,0.0
2019-08-13,1.0,-0.0,-0.6336127581271723,-0.0,-0.20425270905745246,-1.0829219849870022,0.0
2019-08-14,1.0,-0.0,-0.6362392266480317,-0.0,-0.19039715816445377,-1.0850803633822501,0.0
2019-08-15,1.0,-0.0,-0.6599454258222031,-0.0,-0.1813873330461008,-1.0309923883383598,0.0
2019-08-16,1.0,-0.0,-0.6596918831915383,-0.0,-0.1793228328351345,-1.0352092435042537,0.0
2019-08-19,1.0,-0.0,-0.6558506819813352,-0.0,-0.17877961234745154,-1.036870064608758,0.0
2019-08-20,1.0,-0.0,-0.657976999627176,-0.0,-0.17496917032320974,-1.034930740772606,0.0
2019-08-21,1.0,-0.0,-0.657755084478357,-0.0,-0.17483721063652793,-1.0359427440406186,0.0
2019-08-22,1.0,-0.0,-0.6591462890233065,-0.0,-0.17039818822922342,-1.0371814350829918,0.0
2019-08-23,1.0,-0.0,-0.6560861718280001,-0.0,-0.1689918927435758,-1.0396768556449996,0.0
2019-08-26,1.0,-0.0,-0.6530060091703928,-0.0,-0.16238999800643636,-1.0325520462506763,0.0
2019-08-27,1.0,-0.0,-0.651193218989106,-0.0,-0.15942770998663142,-1.0337628352817363,0.0
2019-08-28,1.0,-0.0,-0.6530658699672784,-0.0,-0.1542466922748613,-1.038070849338455,0.0
2019-08-29,1.0,-0.0,-0.6362216352844282,-0.0,-0.15946721195081084,-1.0443327369288007,0.0
2019-08-30,1.0,-0.0,-0.636794864511731,-0.0,-0.15801283872067262,-1.0456172243367607,0.0
2019-09-03,1.0,-0.0,-0.6345017611635041,-0.0,-0.15867515055107373,-1.0474093852971254,0.0
2019-09-04,1.0,-0.0,-0.6388422938049072,-0.0,-0.1559150484746823,-1.0483325277912035,0.0
2019-09-05,1.0,-0.0,-0.6547302270282511,-0.0,-0.1484742116288286,-1.0275717601766403,0.0
2019-09-06,1.0,-0.0,-0.6554919519383359,-0.0,-0.145771933801859,-1.0325323055996372,0.0
2019-09-09,1.0,-0.0,-0.6580162620052695,-0.0,-0.14445986911068928,-1.0306258322237016,0.0
2019-09-10,1.0,-0.0,-0.6601507167544903,-0.0,-0.1368916085897218,-1.035979375602017,0.0
2019-09-11,1.0,-0.0,-0.6670063694267515,-0.0,-0.1322009907997169,-1.0316489738145789,0.0
2019-09-12,1.0,-0.0,-0.6631903227629867,-0.0,-0.13054660561867615,-1.0325589282686112,0.0
2019-09-13,1.0,-0.0,-0.6614360572156919,-0.0,-0.1477694377566917,-1.0232544965302366,0.0
2019-09-16,1.0,-0.0,-0.6602763776405958,-0.0,-0.14781672990881803,-1.023645013309169,0.0
2019-09-17,1.0,-0.0,-0.625481204710145,-0.0,-0.16038269927536233,-1.044723731884058,0.0
2019-09-18,1.0,-0.0,-0.6314269535673839,-0.0,-0.15413363533408833,-1.045696489241223,0.0
2019-09-19,1.0,-0.0,-0.6176462289438786,-0.0,-0.170988403261759,-1.0329843966028045,0.0
2019-09-20,1.0,-0.0,-0.6434363912823111,-0.0,-0.16424508644478233,-1.0081094779523567,0.0
2019-09-23,1.0,-0.0,-0.6498832005854043,-0.0,-0.15212068334693649,-1.0124679857026258,0.0
2019-09-24,1.0,-0.0,-0.6552295846681279,-0.0,-0.15064913168099814,-1.0042151407857023,0.0
2019-09-25,1.0,-0.0,-0.6430778739184179,-0.0,-0.16010225868075065,-1.0061242836273738,0.0
2019-09-26,1.0,-0.0,-0.6388936170212766,-0.0,-0.19245390070921986,-1.005531914893617,0.0
2019-09-27,1.0,-0.0,-0.6463951803120294,-0.0,-0.19398107363096423,-1.0014208985762596,0.0
2019-09-30,1.0,-0.0,-0.587264083805403,-0.0,-0.22958239631074043,-1.029804435082126,0.0
2019-10-01,1.0,-0.0,-0.5908883567111415,-0.0,-0.23292279621393544,-1.0271410651157487,0.0
2019-10-02,1.0,-0.0,-0.6269462617489929,-0.0,-0.2378367568494129,-0.9921149615747222,0.0
2019-10-03,1.0,-0.0,-0.687127363579581,-0.0,-0.20555334733973088,-0.9464823121912441,0.0
2019-10-04,1.0,-0.0,-0.7275714847480478,-0.0,-0.15802483006572662,-0.9232346497387787,0.0
2019-10-07,1.0,-0.0,-0.7367300039235468,-0.0,-0.14362984137660442,-0.9221456196401546,0.0
2019-10-08,1.0,-0.0,-0.7423187676479632,-0.0,-0.133495484917107,-0.9198747518801196,0.0
2019-10-09,1.0,-0.0,-0.7454102765028544,-0.0,-0.13198253666181572,-0.921219075338632,0.0
2019-10-10,1.0,-0.0,-0.7492221879642347,-0.0,-0.13162541693528046,-0.9220786501107157,0.0
2019-10-11,1.0,-0.0,-0.7541295705246654,-0.0,-0.13083039363906154,-0.9147488661179238,0.0
2019-10-14,1.0,-0.0,-0.738909336105414,-0.0,-0.16579102632540105,-0.9048408394909111,0.0
2019-10-15,1.0,-0.0,-0.7425094159311935,-0.0,-0.17240991624037327,-0.895834504469054,0.0
2019-10-16,1.0,-0.0,-0.7518674070524565,-0.0,-0.17188601065479045,-0.894974208642219,0.0
2019-10-17,1.0,-0.0,-0.7500281976088428,-0.0,-0.17335889916535077,-0.8963737875028197,0.0
2019-10-18,1.0,-0.0,-0.7580385625158795,-0.0,-0.16884510064082658,-0.8961409253874602,0.0
2019-10-21,1.0,-0.0,-0.7322467657194509,-0.0,-0.1688322693633128,-0.923591887463985,0.0
2019-10-22,1.0,-0.0,-0.7161543677251667,-0.0,-0.16956718273251215,-0.9394564357554526,0.0
2019-10-23,1.0,-0.0,-0.7146762391274333,-0.0,-0.11511804500897417,-0.9315200883611762,0.0
2019-10-24,1.0,-0.0,-0.7100608147510483,-0.0,-0.14070700619255228,-0.9261336813751353,0.0
2019-10-25,1.0,-0.0,-0.7107961650687786,-0.0,-0.1335278588300681,-0.9346116437404475,0.0
2019-10-28,1.0,-0.0,-0.7749268512266487,-0.0,-0.195785505289219,-0.8427020031510242,0.0
2019-10-29,1.0,-0.0,-0.7733261705496494,-0.0,-0.2137242705270301,-0.8403641710020358,0.0
2019-10-30,1.0,-0.0,-0.7756768978576678,-0.0,-0.21115256345034197,-0.8394663953422644,0.0
2019-10-31,1.0,-0.0,-0.7811785300844228,-0.0,-0.2047886608126041,-0.837535646723325,0.0
2019-11-01,1.0,-0.0,-0.7755234311156198,-0.0,-0.20444106292445122,-0.8379688336573957,0.0
2019-11-04,1.0,-0.0,-0.7727336652321884,-0.0,-0.2082805951677777,-0.8316879025679971,0.0
2019-11-05,1.0,-0.0,-0.796100341431756,-0.0,-0.23496712661192473,-0.7906825813369452,0.0
2019-11-06,1.0,-0.0,-0.7873445750298075,-0.0,-0.23939703628002043,-0.8120990177709646,0.0
2019-11-07,1.0,-0.0,-0.8162884147376761,-0.0,-0.21404720131303412,-0.7994510159035598,0.0
2019-11-08,1.0,-0.0,-0.8076683114967954,-0.0,-0.22077590607452782,-0.8074697975157393,0.0
2019-11-11,1.0,-0.0,-0.7980134335154826,-0.0,-0.23346425318761385,-0.8146061020036429,0.0
2019-11-12,1.0,-0.0,-0.7970316773017319,-0.0,-0.2356711485870556,-0.8159753874202369,0.0
2019-11-13,1.0,-0.0,-0.8067526054376849,-0.0,-0.25718469179753667,-0.807068416066148,0.0
2019-11-14,1.0,-0.0,-0.8067738231917336,-0.0,-0.26059127439724455,-0.8028989667049368,0.0
2019-11-15,1.0,-0.0,-0.806793384633054,-0.0,-0.2610256115768922,-0.8034053060755715,0.0
2019-11-18,1.0,-0.0,-0.8043309464239496,-0.0,-0.27121617346792054,-0.8002760762660687,0.0
2019-11-19,1.0,-0.0,-0.8195591089481764,-0.0,-0.2691405231598158,-0.8080878305958691,0.0
2019-11-20,1.0,-0.0,-0.8297397554048572,-0.0,-0.2740972584478062,-0.794209702660407,0.0
2019-11-21,1.0,-0.0,-0.8139344262295082,-0.0,-0.2965163934426229,-0.8169496487119438,0.0
2019-11-22,1.0,-0.0,-0.8096981318457829,-0.0,-0.30462825764839185,-0.7910456433946367,0.0
2019-11-25,1.0,-0.0,-0.8108695652173914,-0.0,-0.30510144927536237,-0.7825797101449277,0.0
2019-11-26,1.0,-0.0,-0.7909846751064631,-0.0,-0.3151597670847939,-0.7907818882354645,0.0
2019-11-27,1.0,-0.0,-0.7899327692129361,-0.0,-0.3222151385186044,-0.7857308450214443,0.0
2019-11-29,1.0,-0.0,-0.7896606960827144,-0.0,-0.3605358963157128,-0.762283384301733,0.0
2019-12-02,1.0,-0.0,-0.7983055319398434,-0.0,-0.3798188267714227,-0.753481281697986,0.0
2019-12-03,1.0,-0.0,-0.7976982766136766,-0.0,-0.35522683018977597,-0.7532912900694585,0.0
2019-12-04,1.0,-0.0,-0.7822498322979555,-0.0,-0.35966984571411903,-0.7746667833289586,0.0
2019-12-05,1.0,-0.0,-0.7700152385417888,-0.0,-0.359483061774704,-0.8009905052162701,0.0
2019-12-06,1.0,-0.0,-0.8141817217293921,-0.0,-0.38106746043441103,-0.7518788128849725,0.0
2019-12-09,1.0,-0.0,-0.7881984801072864,-0.0,-0.4260467888541201,-0.7659365221278498,0.0
2019-12-10,1.0,-0.0,-0.7965400061785605,-0.0,-0.5412727834414581,-0.7514674080939141,0.0
2019-12-11,1.0,-0.0,-0.7906213219352041,-0.0,-0.5490615127299759,-0.7576348881868302,0.0
2019-12-12,1.0,-0.0,-0.7850105341430165,-0.0,-0.5519271285165448,-0.7613706779030859,0.0
2019-12-13,1.0,-0.0,-0.7850229557017,-0.0,-0.5567067874426108,-0.7604231294205236,0.0
2019-12-16,1.0,-0.0,-0.785700998325789,-0.0,-0.5610776957896695,-0.7536429590128356,0.0
2019-12-17,1.0,-0.0,-0.7602455146364495,-0.01586402266288952,-0.6253698457664464,-0.7461441611583255,0.0
2019-12-18,1.0,-0.0,-0.7812419062419063,-0.05218855218855219,-0.646982646982647,-0.7571225071225072,0.0
2019-12-19,1.0,-0.0,-0.8008363318097832,-0.05766799572109307,-0.62744335310707,-0.7556808972738176,0.0
2019-12-20,1.0,-0.0,-0.8275504584183756,-0.06492370492759257,-0.6145721968445266,-0.7326594745197136,0.0
2019-12-23,1.0,-0.0,-0.8423386966233933,-0.059276765191492116,-0.6151057010586293,-0.7206772637508498,0.0
2019-12-24,1.0,-0.0,-0.8452126626529424,-0.061921408687771094,-0.6104097883084094,-0.7193306143587752,0.0
2019-12-26,1.0,-0.0,-0.8429532807040248,-0.06234631810534488,-0.6040830852853629,-0.7260579785168888,0.0
2019-12-27,1.0,-0.0,-0.8516490636946802,-0.07056307911617962,-0.5967083522322297,-0.7208579018985292,0.0
2019-12-30,1.0,-0.0,-0.8519638444531148,-0.08538171413707894,-0.6070035115099492,-0.7070490310833658,0.0
2019-12-31,1.0,-0.0,-0.8383393362490351,-0.0842873681502444,-0.5837728325186519,-0.7094481605351171,0.0
2020-01-02,1.0,-0.0,-0.8394930682878189,-0.08449934060278555,-0.5842580977194506,-0.7082891054713886,0.0
2020-01-03,1.0,-0.0,-0.8356504628882939,-0.08673913744717912,-0.5872713783426341,-0.7160414180187736,0.0
2020-01-06,1.0,-0.0,-0.8458124088773693,-0.10380690102057347,-0.5801717155353961,-0.7100923375992225,0.0
2020-01-07,1.0,-0.0,-0.8457476105621254,-0.10497327069496193,-0.5765430098817431,-0.7126194718937309,0.0
2020-01-08,1.0,-0.0,-0.8478556180865514,-0.09790413351445759,-0.5682773788731483,-0.7203247299307846,0.0
2020-01-09,1.0,-0.0,-0.8514244968074416,-0.09924480601562247,-0.5709655463001977,-0.7195410494927559,0.0
2020-01-10,1.0,-0.0,-0.8492029997078205,-0.10849592572152061,-0.5729312079992208,-0.7158069019251371,0.0
2020-01-13,1.0,-0.0,-0.8498701298701299,-0.11172077922077923,-0.5711363636363637,-0.714025974025974,0.0
2020-01-14,1.0,-0.0,-0.8449797359131912,-0.13737089815662176,-0.585926264871225,-0.7001568832527127,0.0
2020-01-15,1.0,-0.0,-0.8438103973531628,-0.14334851115406036,-0.5996658695580961,-0.6889638680512334,0.0
2020-01-16,1.0,-0.0,-0.844432797195925,-0.14331575326759918,-0.6004193009467029,-0.6876207947063256,0.0
2020-01-17,1.0,-0.0,-0.8487752232069856,-0.13362985250351572,-0.6087909212807012,-0.6792360270791772,0.0
2020-01-21,1.0,-0.0,-0.8453820511144521,-0.12938754166939018,-0.6179815674227075,-0.6754036211517094,0.0
2020-01-22,1.0,-0.0,-0.8446732026143791,-0.13101307189542485,-0.620359477124183,-0.6719281045751634,0.0
2020-01-23,1.0,-0.0,-0.823988760373783,-0.11478141540874338,-0.6208913284976803,-0.7076716983597987,0.0
2020-01-24,1.0,-0.0,-0.8303445098877957,-0.1253331578427824,-0.631173702740943,-0.7035635549998355,0.0
2020-01-27,1.0,-0.0,-0.8241339681497292,-0.12730257757346905,-0.621868330323428,-0.710195370218355,0.0
2020-01-28,1.0,-0.0,-0.842465305053679,-0.12882953652788687,-0.6109583660644147,-0.6908549358470804,0.0
2020-01-29,1.0,-0.0,-0.8469724171699036,-0.12900277460421086,-0.6022523257711767,-0.6860127305369675,0.0
2020-01-30,1.0,-0.0,-0.8501321499657388,-0.13015955884752178,-0.5951642901425914,-0.6874734884327992,0.0
2020-01-31,1.0,-0.0,-0.8497835781741867,-0.14411726128016789,-0.5980784365162644,-0.6871720881427072,0.0
2020-02-03,1.0,-0.0,-0.8468389403542987,-0.13083048919226395,-0.5887534535998701,-0.6840240533073297,0.0
2020-02-04,1.0,-0.0,-0.8524765990639626,-0.12773010920436817,-0.5892485699427976,-0.6806747269890796,0.0
2020-02-05,1.0,-0.0,-0.8569442648390017,-0.13219319798267168,-0.578171472908315,-0.6655890340100867,0.0
2020-02-06,1.0,-0.0,-0.8552941556136444,-0.15212831187272083,-0.5709491076903218,-0.6487559299060897,0.0
2020-02-07,1.0,-0.0,-0.8622481921487604,-0.14675878099173556,-0.5696991219008265,-0.6495996900826447,0.0
2020-02-10,1.0,-0.0,-0.8605896393781045,-0.1458938133023676,-0.5701890200632217,-0.6489258757499515,0.0
2020-02-11,1.0,-0.0,-0.8558634020618556,-0.14378221649484538,-0.5644652061855671,-0.6575708762886598,0.0
2020-02-12,1.0,-0.0,-0.8564294229468055,-0.14447272610110515,-0.5629087862873345,-0.6581499500596063,0.0
2020-02-13,1.0,-0.0,-0.8645880306641757,-0.144302003478709,-0.5642272756554789,-0.6479095535656767,0.0
2020-02-14,1.0,-0.0,-0.8688344785315656,-0.1538759314816607,-0.554824349172554,-0.6483757540565825,0.0
2020-02-18,1.0,-0.0,-0.8695035003387424,-0.15107913669064746,-0.5523115140174855,-0.6532245055973158,0.0
2020-02-19,1.0,-0.0,-0.8582869640732044,-0.14792062011514587,-0.5583931041137306,-0.6516998488308513,0.0
2020-02-20,1.0,-0.0,-0.8573129908587613,-0.15018668726664092,-0.5589674262907172,-0.6523110596111755,0.0
2020-02-21,1.0,-0.0,-0.8696814507037716,-0.15106129416690822,-0.5498437852288466,-0.650336586465681,0.0
2020-02-24,1.0,-0.0,-0.8767034603308194,-0.15391836338329073,-0.5577962645259444,-0.6485611627229471,0.0
2020-02-25,1.0,-0.0,-0.8746053512772267,-0.17807826003763114,-0.5052141467614887,-0.6311509391842332,0.0
2020-02-26,1.0,-0.0,-0.8640501278134548,-0.15169274892449655,-0.49744373090591676,-0.604214726603903,0.0
2020-02-27,1.0,-0.0,-0.8597813560905722,-0.14869031675335595,-0.5061201607126171,-0.5999937708287912,0.0
2020-02-28,1.0,-0.0,-0.8776040879267075,-0.11135971940858101,-0.444199195718562,-0.5904514256342032,0.0
2020-03-02,1.0,-0.0,-0.8924737703923828,-0.11962520468190914,-0.4328643337982897,-0.587361271150464,0.0
2020-03-03,1.0,-0.0,-0.8857761818559516,-0.08588301629225153,-0.4067424399798201,-0.5892215924266255,0.0
2020-03-04,1.0,-0.0,-0.8940667999529579,-0.07735505115841468,-0.40644478419381397,-0.5622721392449723,0.0
2020-03-05,1.0,-0.0,-0.9531281374601992,-0.01184704971171223,-0.36266888500043026,-0.5408909669831617,0.0
2020-03-06,1.0,-0.0,-0.9657922470021931,-0.010396194707909652,-0.3442137343701045,-0.5278988293599931,0.0
2020-03-09,1.0,-0.0,-0.973719734612402,-0.013211936697590259,-0.3511215785392194,-0.5341069018008444,0.0
2020-03-10,1.0,-0.0,-0.8115123509612641,-0.12981345199383879,-0.37791659535626676,-0.5331450738775743,0.0
2020-03-11,1.0,-0.0,-0.8359934577857989,-0.12187693869494107,-0.3494162765777452,-0.5126050420168067,0.0
2020-03-12,1.0,-0.0,-0.7744478628722119,-0.089578068344138,-0.36614108339742885,-0.5167838699044062,0.0
2020-03-13,1.0,-0.08467187378363651,-0.6560188909359835,-0.08098710330331889,-0.34600513791940213,-0.4272257830137271,0.0
2020-03-16,1.0,-0.0642640364188164,-0.6949671219018715,-0.073697521497218,-0.322862923621649,-0.3732928679817906,0.0
2020-03-17,1.0,-0.15242706694104832,-0.4705967800508413,-0.04609611427187992,-0.41973126740104105,-0.3321631763708994,0.0
2020-03-18,1.0,-0.15439285887546692,-0.46863629748217145,-0.05173919371270557,-0.4191529617231844,-0.33173240188230724,0.0
2020-03-19,1.0,-0.16177887188269294,-0.6227389489457348,-0.15343037568232903,-0.4798779835170716,-0.25797388419137324,0.0
2020-03-20,1.0,-0.17138416230366493,-0.49934554973821993,-0.2243128272251309,-0.5111256544502618,-0.3206806282722513,0.0
2020-03-23,1.0,-0.17394753398801868,-0.4925185327023552,-0.23412752687583774,-0.5119676122220095,-0.3228930163853708,0.0
2020-03-24,1.0,-0.174621493144286,-0.48613744401395875,-0.2508724205204298,-0.5134778666227022,-0.32267194240650676,0.0
2020-03-25,1.0,-0.18283592353183883,-0.48166689588777334,-0.25493054600467613,-0.5067803603355797,-0.3244395543941686,0.0
2020-03-26,1.0,-0.17595583160800551,-0.48195997239475497,-0.2678536922015183,-0.5100345065562457,-0.3246928916494134,0.0
2020-03-27,1.0,-0.17222802484745203,-0.48089714694079494,-0.2625199274366445,-0.509592655708867,-0.32337419603100437,0.0
2020-03-30,1.0,-0.16233250212369496,-0.4783931164880937,-0.2703806209410024,-0.5113583426958596,-0.3177869728441071,0.0
2020-03-31,1.0,-0.15557983881983337,-0.48337658789782817,-0.27048217456631607,-0.5058325365387242,-0.3166234121021719,0.0
2020-04-01,1.0,-0.1576146288209607,-0.49413209606986896,-0.2634825327510917,-0.5050764192139738,-0.30895196506550215,0.0
2020-04-02,1.0,-0.19321177205902335,-0.4279464115872714,-0.25927334981928857,-0.5394983559335852,-0.29753525911030193,0.0
2020-04-03,1.0,-0.1923984699275657,-0.43094327337836735,-0.2592170586799056,-0.5325411681723231,-0.2977944168633515,0.0
2020-04-06,1.0,-0.19367330242705208,-0.44445050449959095,-0.26424870466321243,-0.5306517589310062,-0.2940005454049632,0.0
2020-04-07,1.0,-0.17914653784219003,-0.4247181964573269,-0.2536231884057971,-0.5345142243692969,-0.2918411164787977,0.0
2020-04-08,1.0,-0.1802742078291433,-0.4223927450296477,-0.2579753695902981,-0.535161385527622,-0.2872206272973626,0.0
2020-04-09,1.0,-0.18555956678700358,-0.4089851584436422,-0.26639925123679636,-0.5343495119668404,-0.2788608102687525,0.0
2020-04-13,1.0,-0.1870840127235305,-0.4042928550426345,-0.2685306460666649,-0.534147710566411,-0.27895538745288817,0.0
2020-04-14,1.0,-0.18041871921182268,-0.41630970229171127,-0.26073570357678305,-0.5367048618547869,-0.28303705290212033,0.0
2020-04-15,1.0,-0.155804643714972,-0.4327195089404858,-0.2420870029356819,-0.5395516413130504,-0.2986389111289031,0.0
2020-04-16,1.0,-0.14654227592290625,-0.43946643855756634,-0.23480980512710847,-0.5446550295383464,-0.30765323852548854,0.0
2020-04-17,1.0,-0.1383756941478001,-0.4429463904314396,-0.22615869286629645,-0.5456001708671508,-0.31671828278513453,0.0
2020-04-20,1.0,-0.12981836663724153,-0.4574004226520076,-0.22218655538613807,-0.5462643447556376,-0.3193697670063933,0.0
2020-04-21,1.0,-0.13854599009238186,-0.4672379167224528,-0.22683090105770518,-0.5406346231088499,-0.30445842816976837,0.0
2020-04-22,1.0,-0.1278809218950064,-0.48007362355953903,-0.215322236448997,-0.5452944942381562,-0.29897567221510885,0.0
2020-04-23,1.0,-0.12126537785588752,-0.4856473345049795,-0.21142887575225008,-0.5439633594290888,-0.30050061245140336,0.0
2020-04-24,1.0,-0.12079571782375968,-0.487310590929669,-0.21088652765572155,-0.5433144257143618,-0.30076429389363796,0.0
2020-04-27,1.0,-0.12077448868320965,-0.4825394292401394,-0.21569722599005295,-0.5382855927019335,-0.3023750631665736,0.0
2020-04-28,1.0,-0.11263135435002933,-0.5003733930762255,-0.21398090361124444,-0.5357390515815864,-0.3043953699258548,0.0
2020-04-29,1.0,-0.09272143430559272,-0.5246989563821247,-0.19823387744179824,-0.531897243778432,-0.32841851752742846,0.0
2020-04-30,1.0,-0.09164571856447559,-0.5220891052040434,-0.199203080708135,-0.5347114510349253,-0.3265764561159544,0.0
2020-05-01,1.0,-0.06024617881780063,-0.5681590693899635,-0.20124442039767348,-0.5259028811037468,-0.34970918436358717,0.0
2020-05-04,1.0,-0.05977597569905888,-0.5740554907651,-0.19619755363293648,-0.5284912261669062,-0.35361123918526755,0.0
2020-05-05,1.0,-0.06462751495377922,-0.576237085372485,-0.20655247417074496,-0.5259651984774334,-0.3454866775421424,0.0
2020-05-06,1.0,-0.06219428883727285,-0.577100696816505,-0.19680284191829486,-0.5375324497882225,-0.358956141549392,0.0
2020-05-07,1.0,-0.06188720469752834,-0.573945104465383,-0.19904410760617236,-0.5356274750785197,-0.3606445445855524,0.0
2020-05-08,1.0,-0.06129358123788463,-0.5724738580828351,-0.1997979632511535,-0.5355885002866738,-0.3610724329046878,0.0
2020-05-11,1.0,-0.05542472205487705,-0.5865874363327674,-0.19423298099567338,-0.533873706117531,-0.36825675009584313,0.0
2020-05-12,1.0,-0.051672319188242756,-0.5937629249731161,-0.16965836711059643,-0.55039016185513,-0.39184382496484405,0.0
2020-05-13,1.0,-0.047924996553150426,-0.5964704260306081,-0.17002619605680408,-0.5536191920584587,-0.3894664276850959,0.0
2020-05-14,1.0,-0.05323991062315522,-0.5847011116934705,-0.18399492427795094,-0.562522413174809,-0.374086232103942,0.0
2020-05-15,1.0,-0.0673145949527859,-0.594897564746811,-0.18996079297586835,-0.5626760174498868,-0.3461814567342205,0.0
2020-05-18,1.0,-0.06790890269151138,-0.5880745341614907,-0.18719116632160107,-0.5631193926846101,-0.3542028985507246,0.0
2020-05-19,1.0,-0.06203398286997256,-0.6050392216647726,-0.17312969481941404,-0.5675361033345344,-0.3641378163372786,0.0
2020-05-20,1.0,-0.05909002473665194,-0.61235720837155,-0.16998804858389616,-0.5741682648211457,-0.3637955474026516,0.0
2020-05-21,1.0,-0.06288134176580391,-0.6193965397152648,-0.16590978742373164,-0.5767141225308555,-0.36118463210096674,0.0
2020-05-22,1.0,-0.06285029138666592,-0.6155647882218442,-0.16853024008030562,-0.5791484259543261,-0.3622954019462956,0.0
2020-05-26,1.0,-0.0625278644672314,-0.61836825679893,-0.1713943379402586,-0.5765436914846189,-0.35761257244761485,0.0
2020-05-27,1.0,-0.047065074526692584,-0.6323443049302273,-0.1462568863782544,-0.5820352918146481,-0.3887972258732067,0.0
2020-05-28,1.0,-0.03763425783112258,-0.6402310777082925,-0.14044140329229646,-0.5813118707759611,-0.40472251044617064,0.0
2020-05-29,1.0,-0.03183105701545279,-0.6473343242561068,-0.13641080292789634,-0.5760439745351544,-0.4128782567237849,0.0
2020-06-01,1.0,-0.03799074909747292,-0.6677290162454873,-0.1132389440433213,-0.5866425992779783,-0.41476759927797835,0.0
2020-06-02,1.0,-0.03817375836462716,-0.6630149363300111,-0.11398480955473361,-0.5912132591693254,-0.4171160742016546,0.0
2020-06-03,1.0,-0.03843547020615645,-0.6630612821236939,-0.11863880259813611,-0.5895227336910477,-0.41440271109855975,0.0
2020-06-04,1.0,-0.04108964495355332,-0.6763834273665015,-0.09551490283239301,-0.606342964609335,-0.4301590015387246,0.0
2020-06-05,1.0,-0.028266134777033766,-0.6748254737142043,-0.09101011540105429,-0.60470152443368,-0.45060549935888305,0.0
2020-06-08,1.0,-0.027469865785199325,-0.6772860684466987,-0.08882113241957085,-0.605505371441598,-0.4504887014504317,0.0
2020-06-09,1.0,-0.03616347716966603,-0.6737016227932578,-0.0937740638279668,-0.6078772495222885,-0.44049282719676014,0.0
2020-06-10,1.0,-0.036389562241551404,-0.6738343077142449,-0.0958505632396977,-0.6090973905603878,-0.43667474689861685,0.0
2020-06-11,1.0,-0.029799247176913422,-0.6783392266453747,-0.0818124786129805,-0.6131801072202578,-0.4484715410060454,0.0
2020-06-12,1.0,-0.04837657734297462,-0.6590103502055862,-0.09337870409754714,-0.5954629235786191,-0.4394442081383808,0.0
2020-06-15,1.0,-0.049824183303085294,-0.6555127041742287,-0.09655739564428312,-0.596812613430127,-0.43704627949183306,0.0
2020-06-16,1.0,-0.05318515578487795,-0.6433816233379639,-0.09395288180761491,-0.6025571967227058,-0.44198111870269047,0.0
2020-06-17,1.0,-0.05200249249419363,-0.6428369115731037,-0.09242055174757832,-0.6018240525689684,-0.4432957570951114,0.0
2020-06-18,1.0,-0.04857840077180636,-0.6514953748368424,-0.08782134952613359,-0.6029737245332274,-0.44665455990011915,0.0
2020-06-19,1.0,-0.049453823237338636,-0.6506171088097603,-0.08812597531564761,-0.6025819265143992,-0.4465314228968648,0.0
2020-06-22,1.0,-0.048802633072295994,-0.6506639427987743,-0.09031324480762683,-0.6014357053682896,-0.4461184882533198,0.0
2020-06-23,1.0,-0.04773520152026548,-0.6481266131548344,-0.0897410443316221,-0.6018095697308337,-0.4489037637915875,0.0
2020-06-24,1.0,-0.046454906409529206,-0.6483550765740216,-0.09069767441860464,-0.6010209869540556,-0.44957458876914347,0.0
2020-06-25,1.0,-0.04211152332134462,-0.6478717680043047,-0.0906233185126448,-0.6015689162017502,-0.4498314972671406,0.0
2020-06-26,1.0,-0.04332907982418829,-0.6480362966113711,-0.0934354175528144,-0.602693889125195,-0.4481497235219056,0.0
2020-06-29,1.0,-0.043913932099466334,-0.6491711138866811,-0.09217100034063813,-0.6073577835812423,-0.4460372431020779,0.0
2020-06-30,1.0,-0.0402883437330826,-0.6655269681169331,-0.08775678832948686,-0.6109923925121805,-0.4446533891785623,0.0
2020-07-01,1.0,-0.03961468308253534,-0.6655836753305973,-0.08883378932968536,-0.6108926128590971,-0.4450524395804833,0.0
2020-07-02,1.0,-0.025025711347274597,-0.6808364758313336,-0.08330476516969489,-0.6048737287167181,-0.4627756827791109,0.0
2020-07-06,1.0,-0.02754049652886895,-0.6807702196954547,-0.08236436876839129,-0.6048624403622547,-0.4613604548181584,0.0
2020-07-07,1.0,-0.025548799634609345,-0.6830236076617853,-0.08158488196169107,-0.6039793325911336,-0.46047786246467415,0.0
2020-07-08,1.0,-0.024222342826130422,-0.6850524150932616,-0.0786654860178811,-0.6052158016510041,-0.46328087063326573,0.0
2020-07-09,1.0,-0.019918838591678097,-0.6854709647919524,-0.07693187014174668,-0.6068244170096022,-0.46862139917695467,0.0
2020-07-10,1.0,-0.015552633083652583,-0.694293555949454,-0.06981531248213163,-0.6074389616330265,-0.47183944193493055,0.0
2020-07-13,1.0,-0.009301127582851582,-0.6948085398660637,-0.06974414744433632,-0.608150649647988,-0.4799095644210406,0.0
2020-07-14,1.0,-0.0,-0.689210443535703,-0.05836598129772084,-0.6177185507163487,-0.4943807372243988,0.0
2020-07-15,1.0,-0.00418314136725689,-0.6831700189100911,-0.06223139075124635,-0.6212251446908487,-0.49438427597272366,0.0
2020-07-16,1.0,-0.002831645786854299,-0.6863451747611693,-0.06549968537269035,-0.6132658314741719,-0.4922773296722156,0.0
2020-07-17,1.0,-0.0018015441807263369,-0.6853302830997998,-0.0654275092936803,-0.6130969402344867,-0.49393766085215896,0.0
2020-07-20,1.0,-0.02020289353853248,-0.6812208196437834,-0.06928353219205717,-0.6179895094818145,-0.49334255576690295,0.0
2020-07-21,1.0,-0.007576848837544295,-0.6843939961395523,-0.06545475497680851,-0.6221658840137133,-0.5013396329693758,0.0
2020-07-22,1.0,-0.0,-0.7048628247931485,-0.048773406880534186,-0.6395412977210045,-0.5100014515894905,0.0
2020-07-23,1.0,-0.0,-0.708764384517029,-0.05178426130419621,-0.6402417761246076,-0.5052016738347088,0.0
2020-07-24,1.0,-0.0,-0.7174058261450437,-0.03656588539397636,-0.6322500072608986,-0.5181377247248119,0.0
2020-07-27,1.0,-0.0,-0.720055791247748,-0.03818213517754403,-0.6437786947172662,-0.5037775323996048,0.0
2020-07-28,1.0,-0.0,-0.7135249956352209,-0.031048128964674387,-0.6512250480125705,-0.5140545888378049,0.0
2020-07-29,1.0,-0.0,-0.7043676281676983,-0.03550157655027444,-0.6537428471330141,-0.5259254934018451,0.0
2020-07-30,1.0,-0.0,-0.6956978576848988,-0.036571128363784955,-0.6552448777070807,-0.5311423734749869,0.0
2020-07-31,1.0,-0.0,-0.6943583747442268,-0.035983630517392576,-0.6578778135048231,-0.5349020754165449,0.0
2020-08-03,1.0,-0.0,-0.6934502923976608,-0.03687134502923976,-0.6585672514619882,-0.5350584795321638,0.0
2020-08-04,1.0,-0.0,-0.688214484109581,-0.03514311610092682,-0.6613454960091221,-0.53898780808701,0.0
2020-08-05,1.0,-0.0,-0.6879440919325126,-0.03567355770636568,-0.6614228486213047,-0.5390216088189713,0.0
2020-08-06,1.0,-0.0,-0.6883735890987778,-0.035703842329960815,-0.6612667407450729,-0.5387741973214808,0.0
2020-08-07,1.0,-0.0,-0.6886427566807315,-0.04339545241443976,-0.6579641350210971,-0.5401429910923582,0.0
2020-08-10,1.0,-0.0,-0.6961802499559937,-0.03655459719532946,-0.6564865340609047,-0.5445637505134073,0.0
2020-08-11,1.0,-0.0,-0.6949933930406694,-0.028953163999412716,-0.6558214652767582,-0.5566289825282631,0.0
2020-08-12,1.0,-0.0,-0.6952783402294803,-0.021891598438829707,-0.6564838454089268,-0.5608768377498019,0.0
2020-08-13,1.0,-0.0,-0.6986253187560455,-0.011519183984523847,-0.655391740188176,-0.5655245185684556,0.0
2020-08-14,1.0,-0.0,-0.6981176332610098,-0.0093238726323814,-0.6566293320823317,-0.5679939013663285,0.0
2020-08-17,1.0,-0.0,-0.6959671506085937,-0.010236105000733246,-0.655462677811996,-0.5712861123331867,0.0
2020-08-18,1.0,-0.0,-0.6929080719462457,-0.0018778791702121417,-0.661072151638743,-0.5783281007012705,0.0
2020-08-19,1.0,-0.0,-0.6937177381511028,-0.0017010793054903803,-0.6596374941342094,-0.5778390427029564,0.0
2020-08-20,1.0,-0.0,-0.6951230241356051,-0.000674506583770785,-0.6587583213583975,-0.5780814686647702,0.0
2020-08-21,1.0,-0.0,-0.6946432762262379,-0.0023762027693029803,-0.658941563013377,-0.5776226237972306,0.0
2020-08-24,1.0,-0.0,-0.6967571533382245,-0.006397652237710932,-0.6584886280264123,-0.573059427732942,0.0
2020-08-25,1.0,-0.0,-0.6922691059309531,-0.0,-0.6706993213337268,-0.5877544998524639,0.0
2020-08-26,1.0,-0.0,-0.6917424152992563,-0.0,-0.6672470782670288,-0.5922559320033054,0.0
2020-08-27,1.0,-0.0,-0.6970448439760281,-0.0,-0.6582233637410327,-0.5969356124346825,0.0
2020-08-28,1.0,-0.0,-0.6975013290802765,-0.0,-0.6588989308287554,-0.5971410006497726,0.0
2020-08-31,1.0,-0.0,-0.6971021770596403,-0.0,-0.6595870380763891,-0.5972587363010664,0.0
2020-09-01,1.0,-0.0,-0.6980976013234078,-0.0,-0.6583953680727874,-0.5975422427035331,0.0
2020-09-02,1.0,-0.0,-0.6974745237040318,-0.0,-0.6580416482055826,-0.5982868114015655,0.0
2020-09-03,1.0,-0.0,-0.6991466619423037,-0.0,-0.6588419405320813,-0.5947382407653468,0.0
2020-09-04,1.0,-0.0,-0.6963980931081161,-0.0,-0.6356306279795185,-0.6107350950503208,0.0
2020-09-08,1.0,-0.0,-0.697466380248948,-0.0,-0.6299031868875614,-0.6152782273489685,0.0
2020-09-09,1.0,-0.0,-0.698249015805864,-0.0,-0.6208942946119043,-0.6187790116928139,0.0
2020-09-10,1.0,-0.0,-0.6948933419521655,-0.0,-0.6120644061820533,-0.6313098666039842,0.0
2020-09-11,1.0,-0.0,-0.6970515681898273,-0.0,-0.6105368260307765,-0.6290966756725008,0.0
2020-09-14,1.0,-0.0,-0.6948326482677628,-0.0,-0.6102172636523782,-0.6309453904873752,0.0
2020-09-15,1.0,-0.0,-0.7021007414381546,-0.0,-0.6105978580675532,-0.6295162998705426,0.0
2020-09-16,1.0,-0.0,-0.6903871632562932,-0.0,-0.6135727955248049,-0.6402178713381422,0.0
2020-09-17,1.0,-0.0,-0.6850688607744256,-0.0,-0.6306880179303429,-0.6332831991506679,0.0
2020-09-18,1.0,-0.0,-0.6832541812925873,-0.0,-0.6299224211675172,-0.6366183888380874,0.0
2020-09-21,1.0,-0.0,-0.6860015924036448,-0.0,-0.627171124413907,-0.6357229217657987,0.0
2020-09-22,1.0,-0.0,-0.6830390046876382,-0.0,-0.6295586544414635,-0.6356024646953036,0.0
2020-09-23,1.0,-0.0,-0.6795296064295,-0.0,-0.6275853917976598,-0.6476184848126699,0.0
2020-09-24,1.0,-0.0,-0.6724682144016048,-0.0,-0.6227617333844656,-0.6547390778489041,0.0
2020-09-25,1.0,-0.0,-0.673265866108046,-0.0,-0.6229899979346768,-0.654205883220724,0.0
2020-09-28,1.0,-0.0,-0.6768325149381766,-0.0,-0.6319588238774182,-0.6492634443589894,0.0
2020-09-29,1.0,-0.0,-0.6786676535899334,-0.0,-0.6325980754996299,-0.6494744633604738,0.0
2020-09-30,1.0,-0.0,-0.6785999822332771,-0.0,-0.6329098931035504,-0.6496106126558289,0.0
2020-10-01,1.0,-0.0,-0.6788844149692089,-0.0,-0.6321944576030317,-0.6496032685930838,0.0
2020-10-02,1.0,-0.0,-0.6780258171482709,-0.0,-0.6330530554239697,-0.6496032685930838,0.0
2020-10-05,1.0,-0.0,-0.6821492007104796,-0.0,-0.6246595618709295,-0.65352279455299,0.0
2020-10-06,1.0,-0.0,-0.683665008291874,-0.0,-0.6268656716417911,-0.6508528784648188,0.0
2020-10-07,1.0,-0.0,-0.6899481865284974,-0.0,-0.6185048112509253,-0.6523168023686158,0.0
2020-10-08,1.0,-0.0,-0.6895643423700722,-0.0,-0.6187403812004262,-0.6513259145258671,0.0
2020-10-09,1.0,-0.0,-0.6835319801746519,-0.0,-0.6043190936983716,-0.6623200377625679,0.0
2020-10-12,1.0,-0.0,-0.6839278864595321,-0.0,-0.6048508453571745,-0.6618866365701809,0.0
2020-10-13,1.0,-0.0,-0.6845008110898098,-0.0,-0.6023300398171362,-0.6626161333136705,0.0
2020-10-14,1.0,-0.0,-0.683578655496888,-0.0,-0.6038759918586473,-0.6623108462877202,0.0
2020-10-15,1.0,-0.0,-0.6798866855524078,-0.0,-0.603104343720491,-0.6679060434372049,0.0
2020-10-16,1.0,-0.0,-0.6829037876775013,-0.0,-0.5999173382930358,-0.6693826941812063,0.0
2020-10-19,1.0,-0.0,-0.6826690286389135,-0.0,-0.5992323590197816,-0.6705639208739297,0.0
2020-10-20,1.0,-0.0,-0.6824619379204532,-0.0,-0.5955682756992801,-0.6724890829694323,0.0
2020-10-21,1.0,-0.0,-0.6817778828535965,-0.0,-0.5999468053667474,-0.6735327146994503,0.0
2020-10-22,1.0,-0.0,-0.6787984507583598,-0.0,-0.6036720574756823,-0.6740679419330042,0.0
2020-10-23,1.0,-0.0,-0.6741606271261648,-0.0,-0.6133116402898978,-0.6706700192279248,0.0
2020-10-26,1.0,-0.0,-0.6736963530420894,-0.0,-0.6126475198911533,-0.6714484308911828,0.0
2020-10-27,1.0,-0.0,-0.6737159228519952,-0.0,-0.6108633369761054,-0.6690492364946687,0.0
2020-10-28,1.0,-0.0,-0.6726589988468703,-0.0,-0.6080837349575707,-0.6760001182697141,0.0
2020-10-29,1.0,-0.0,-0.6719606340974719,-0.0,-0.5918439507336909,-0.6827450055984442,0.0
2020-10-30,1.0,-0.0,-0.6710375106815569,-0.0,-0.5916256593098977,-0.683973244541356,0.0
2020-11-02,1.0,-0.0,-0.6695734150365308,-0.0,-0.5901484798491633,-0.6863363186424699,0.0
2020-11-03,1.0,-0.0,-0.666421207658321,-0.0,-0.5958468335787923,-0.6832106038291604,0.0
2020-11-04,1.0,-0.0,-0.6587598222431502,-0.0,-0.5983990111539481,-0.6858353689043233,0.0
2020-11-05,1.0,-0.0,-0.6802318703418905,-0.0,-0.565272684254111,-0.7120253164556962,0.0
2020-11-06,1.0,-0.0,-0.6833758226122014,-0.0,-0.567113298156163,-0.7138791723483726,0.0
