Date,CBOE,IWF,IWM,MTUM,SPY,VLUE,VXX
2018-09-24,1.0,-0.4881137524994445,-0.8574390876101606,-0.1313782122491298,-0.7030289565281789,-0.5229208324076131,0.0
2018-09-25,1.0,-0.48746104763317993,-0.8608473067220656,-0.12883959044368598,-0.7059652767472918,-0.5266359994064401,0.0
2018-09-26,1.0,-0.49016153817323194,-0.8702447434503955,-0.11989805479554738,-0.7189010906637683,-0.5487800307334808,0.0
2018-09-27,1.0,-0.49002752328168003,-0.8850431700787995,-0.11748293933567092,-0.7238623081853485,-0.5538212117784563,0.0
2018-09-28,1.0,-0.4869374811235277,-0.8899501661129567,-0.11827997583811536,-0.7248565388100272,-0.5552325581395349,0.0
2018-10-01,1.0,-0.49155367017650187,-0.8907279751533975,-0.11752897507764563,-0.7297553215665481,-0.5580259071282478,0.0
2018-10-02,1.0,-0.49516220830961866,-0.870043634983874,-0.12559286662872318,-0.7373173970783532,-0.5662682602921647,0.0
2018-10-03,1.0,-0.49459674667273346,-0.862662571569408,-0.1247487961172411,-0.7393546430061047,-0.5703939635233003,0.0
2018-10-04,1.0,-0.5003035361966914,-0.8551752921535893,-0.12558810138108967,-0.7470784641068446,-0.5660950068295644,0.0
2018-10-05,1.0,-0.4855749234317693,-0.8472038416455554,-0.10931296555374902,-0.7598971527961584,-0.5791583166332666,0.0
2018-10-08,1.0,-0.4871970475212114,-0.8516151124300879,-0.09968420652132558,-0.778754327892554,-0.5874519651485751,0.0
2018-10-09,1.0,-0.4859903009775999,-0.8678700638903857,-0.07874682472480948,-0.8019398044800246,-0.6142714186744669,0.0
2018-10-10,1.0,-0.49177542667387447,-0.8688315700054058,-0.08286354158622287,-0.8077843848945865,-0.6100471078847788,0.0
2018-10-11,1.0,-0.4245772010139609,-0.8874049411675684,-0.0,-0.8145737959214558,-0.6569180129393516,0.0
2018-10-12,1.0,-0.43181141069566514,-0.8750558617607628,-0.0,-0.790853567704454,-0.6264337851929093,0.0
2018-10-15,1.0,-0.3978566644340255,-0.9092803453151745,-0.0,-0.785889707524001,-0.6280419736548337,0.0
2018-10-16,1.0,-0.3976410180086323,-0.9095475517190058,-0.0,-0.7856823932132757,-0.627920821550826,0.0
2018-10-17,1.0,-0.38080099393407874,-0.8740407805305854,-0.0,-0.7742819557114667,-0.6250091354235182,0.0
2018-10-18,1.0,-0.38012422360248443,-0.872780416514432,-0.0,-0.7755937157471684,-0.6251004749725977,0.0
2018-10-19,1.0,-0.3584727272727272,-0.8601818181818182,-0.0,-0.7874181818181818,-0.6302909090909091,0.0
2018-10-22,1.0,-0.35907448633261563,-0.8471588628152258,-0.0,-0.8005547242801359,-0.6427137695704537,0.0
2018-10-23,1.0,-0.36042905614944,-0.8469115983800941,-0.0,-0.7991900470648327,-0.6418694589368455,0.0
2018-10-24,1.0,-0.3613081021495499,-0.8457835752342457,-0.0,-0.8107661216241044,-0.6565496968583502,0.0
2018-10-25,1.0,-0.3170005318205992,-0.7868108491402234,-0.0,-0.8244637475624889,-0.6171955327069668,0.0
2018-10-26,1.0,-0.2966502152682978,-0.7698554377122055,-0.0,-0.8282754034092898,-0.6054814659246036,0.0
2018-10-29,1.0,-0.2693675475908235,-0.7839760128303466,-0.0,-0.8186667596401924,-0.6144968970085767,0.0
2018-10-30,1.0,-0.24366478567172548,-0.7917353054572219,-0.0,-0.8266096526585117,-0.6429848235252883,0.0
2018-10-31,1.0,-0.24509838063729755,-0.7784084973010621,-0.0,-0.8217308027163504,-0.6372279296534912,0.0
2018-11-01,1.0,-0.23417567520595084,-0.785394000486635,-0.0,-0.8200493586846953,-0.6363446765615768,0.0
2018-11-02,1.0,-0.24805877641979177,-0.7444200703367109,-0.0,-0.8504474389776803,-0.6390891047738432,0.0
2018-11-05,1.0,-0.24085397812641954,-0.7718299032111534,-0.0,-0.8567734721688389,-0.6247597749746672,0.0
2018-11-06,1.0,-0.24458572027385778,-0.7744166550230545,-0.0,-0.8536397932094453,-0.6204764566159006,0.0
2018-11-07,1.0,-0.2437883863763261,-0.7741834170854272,-0.0,-0.8519681742043551,-0.6197305974316025,0.0
2018-11-08,1.0,-0.20345869361391813,-0.7851859568705074,-0.0,-0.8471715803729556,-0.6367329930201062,0.0
2018-11-09,1.0,-0.20452491832904707,-0.785987349690693,-0.0,-0.8471536804059221,-0.6376589977062627,0.0
2018-11-12,1.0,-0.2035257518147252,-0.7679225717248531,-0.0,-0.8520221223643276,-0.6331144141030072,0.0
2018-11-13,1.0,-0.17683865011796082,-0.7607959790747769,-0.0,-0.8549936745649126,-0.6264916059766814,0.0
2018-11-14,1.0,-0.1803706245710364,-0.76283459162663,-0.0,-0.8595744680851063,-0.6289293067947838,0.0
2018-11-15,1.0,-0.17946609094959048,-0.7641958808813955,-0.0,-0.8639183030053802,-0.6192728145025873,0.0
2018-11-16,1.0,-0.17535528833014485,-0.7535187209620114,-0.0,-0.8620866356928124,-0.6252732987154961,0.0
2018-11-19,1.0,-0.1755482680877229,-0.7533647605383618,-0.0,-0.8619252579080412,-0.6251622600259616,0.0
2018-11-20,1.0,-0.11728058827534554,-0.7469530877646898,-0.0,-0.877612854905699,-0.6625246816912916,0.0
2018-11-21,1.0,-0.12305101869001517,-0.7380703822192288,-0.0,-0.8748610877252063,-0.6315541336925409,0.0
2018-11-23,1.0,-0.12630476640880992,-0.7188460628990304,-0.0,-0.8926460156065262,-0.6402391649494984,0.0
2018-11-26,1.0,-0.12579762989972654,-0.7208548566798338,-0.0,-0.8909821398426686,-0.638542827239272,0.0
2018-11-27,1.0,-0.11436536459208006,-0.7253216001074799,-0.0,-0.8864071474154435,-0.6326873341618245,0.0
2018-11-28,1.0,-0.11633455425249503,-0.7196814409086326,-0.0,-0.8894452098524814,-0.6348331597163883,0.0
2018-11-29,1.0,-0.06927912264277115,-0.7150595158486023,-0.0,-0.9013307476260531,-0.6578841781463153,0.0
2018-11-30,1.0,-0.06977911646586345,-0.7170013386880857,-0.0,-0.9050200803212851,-0.6549531459170014,0.0
2018-12-03,1.0,-0.06892515550799277,-0.7167079125142131,-0.0,-0.9043542237977392,-0.65427061735001,0.0
2018-12-04,1.0,-0.05281027295952668,-0.7367554121285464,-0.0,-0.9100443727309399,-0.6619604679306171,0.0
2018-12-06,1.0,-0.04380345354622613,-0.6638483301356053,-0.0,-0.9151572306591655,-0.6290852330005529,0.0
2018-12-07,1.0,-0.044641695929249575,-0.6635778384705423,-0.0,-0.915431135388217,-0.6277149174144883,0.0
2018-12-10,1.0,-0.007900422430750379,-0.6761471735835671,-0.0,-0.9285414852794169,-0.6121053819612395,0.0
2018-12-11,1.0,-0.01895137857557952,-0.673629495706076,-0.0,-0.9328146187124685,-0.6031510298960419,0.0
2018-12-12,1.0,-0.01586993133825625,-0.6777432309884701,-0.0,-0.9352571576629098,-0.6098911776136806,0.0
2018-12-13,1.0,-0.016244903242508574,-0.6758138631803766,-0.0,-0.935279269950165,-0.6086984661186977,0.0
2018-12-14,1.0,-0.01634992067860265,-0.6782141353967689,-0.0,-0.9338880435134522,-0.6091235794994658,0.0
2018-12-17,1.0,-0.006187959262601521,-0.6757122598942891,-0.0,-0.9260667783937089,-0.6149284517210262,0.0
2018-12-18,1.0,-0.0,-0.6605419569246501,-0.0,-0.9200485716111715,-0.6149102064293475,0.0
2018-12-19,1.0,-0.0,-0.6614538360676708,-0.0,-0.9211039687869774,-0.6154977773513703,0.0
2018-12-20,1.0,-0.0,-0.6473821324183505,-0.0,-0.9214004320752319,-0.6082411996441734,0.0
2018-12-21,1.0,-0.0,-0.6441646152875088,-0.0,-0.9207536451429654,-0.5910496749353027,0.0
2018-12-24,1.0,-0.0,-0.6167782714813193,-0.0,-0.908129419863571,-0.6041992615307592,0.0
2018-12-26,1.0,-0.0,-0.6162266983610659,-0.0,-0.9084511447516577,-0.6030589265607407,0.0
2018-12-27,1.0,-0.0,-0.5710479839554584,-0.0,-0.827940252042985,-0.5943963839913791,0.0
2018-12-28,1.0,-0.0,-0.57088948787062,-0.0,-0.8287511230907458,-0.5952680443246481,0.0
2018-12-31,1.0,-0.0,-0.5733033707865169,-0.0,-0.8281947565543071,-0.5947865168539326,0.0
2019-01-02,1.0,-0.0,-0.5735007642281296,-0.0,-0.8286930200497497,-0.5948092426649084,0.0
2019-01-03,1.0,-0.0,-0.5758978211870774,-0.0,-0.8508489857250188,-0.578512396694215,0.0
2019-01-04,1.0,-0.0,-0.578501045088086,-0.0,-0.8269334129590924,-0.580531501940878,0.0
2019-01-07,1.0,-0.0,-0.5518391712755685,-0.0,-0.8148245691042636,-0.5596523571240454,0.0
2019-01-08,1.0,-0.0,-0.532655512906912,-0.0,-0.8368835887368513,-0.5605203785636849,0.0
2019-01-09,1.0,-0.0,-0.5157776662632464,-0.0,-0.8480975292971633,-0.5879800454585707,0.0
2019-01-10,1.0,-0.0,-0.5125586611965408,-0.0,-0.852188542250819,-0.5867595407455506,0.0
2019-01-11,1.0,-0.0,-0.5005327650506127,-0.0,-0.8586396732374357,-0.6006333984490617,0.0
2019-01-14,1.0,-0.0,-0.5026635099141759,-0.0,-0.8581532997928382,-0.5986386504883101,0.0
2019-01-15,1.0,-0.0,-0.49735952056013766,-0.0,-0.8603809410787395,-0.6090607013588085,0.0
2019-01-16,1.0,-0.0,-0.49820830988835246,-0.0,-0.8489353510824178,-0.6143275979506618,0.0
2019-01-17,1.0,-0.0,-0.4895734877126654,-0.0,-0.8486826559546312,-0.615430056710775,0.0
2019-01-18,1.0,-0.0,-0.48934206609109854,-0.0,-0.8494790116105984,-0.6382554331646324,0.0
2019-01-22,1.0,-0.0,-0.41268401801638405,-0.0,-1.024062150479127,-0.5861068286932076,0.0
2019-01-23,1.0,-0.0,-0.20544826072643474,-0.0,-0.932184790957972,-0.6057006474267529,0.0
2019-01-24,1.0,-0.0,-0.20818841571956734,-0.0,-0.923894290017801,-0.6065178693687526,0.0
2019-01-25,1.0,-0.0,-0.11173777082867993,-0.0,-1.0934498548134912,-0.58686062095153,0.0
2019-01-28,1.0,-0.0,-0.0663091309130913,-0.0,-1.125825082508251,-0.5581683168316832,0.0
2019-01-29,1.0,-0.0,-0.07058468791973903,-0.0,-1.1111263397384938,-0.5594419012636714,0.0
2019-01-30,1.0,-0.0,-0.07374219006905623,-0.0,-1.1143812342431219,-0.5522032226241368,0.0
2019-01-31,1.0,-0.0,-0.07855865768119928,-0.0,-1.0642552606243982,-0.607839361848439,0.0
2019-02-01,1.0,-0.0,-0.07638221318904666,-0.0,-1.0582822928396824,-0.6119091433436787,0.0
2019-02-04,1.0,-0.0,-0.08567366755183607,-0.0,-1.0194737265631288,-0.5771572650948205,0.0
2019-02-05,1.0,-0.0,-0.077525828525426,-0.0,-1.0125855360257616,-0.5933717965919765,0.0
2019-02-06,1.0,-0.0,-0.06617212277589636,-0.0,-1.0233833252701177,-0.5981830887491265,0.0
2019-02-07,1.0,-0.0,-0.06110783103429767,-0.0,-1.023723901025173,-0.5988674789329611,0.0
2019-02-08,1.0,-0.0,-0.054351325249490295,-0.0,-1.03592123618414,-0.5924187144543406,0.0
2019-02-11,1.0,-0.0,-0.056210481191726495,-0.0,-1.032124102454185,-0.5909066552352373,0.0
2019-02-12,1.0,-0.0,-0.057835921130392744,-0.0,-1.0362112502014722,-0.5922473539998926,0.0
2019-02-13,1.0,-0.0,-0.08199834184696851,-0.0,-1.0194431815142682,-0.573025594394373,0.0
2019-02-14,1.0,-0.0,-0.05885984218154491,-0.0,-1.0351602340436954,-0.5899940952278705,0.0
2019-02-15,1.0,-0.0,-0.015085573919312204,-0.0,-1.051184150802339,-0.6037166582116253,0.0
2019-02-19,1.0,-0.0,-0.0073692361092569355,-0.0,-1.0596480922756522,-0.602995754679198,0.0
2019-02-20,1.0,-0.0,-0.0,-0.0,-1.0584862080866542,-0.596357554357926,0.0
2019-02-21,1.0,-0.0,-0.0,-0.0,-1.0563511251627302,-0.6004676000956455,0.0
2019-02-22,1.0,-0.0,-0.0,-0.0,-1.0556351860699686,-0.5987418378722726,0.0
2019-02-25,1.0,-0.0,-0.0,-0.0,-1.051176315093841,-0.5922283901665344,0.0
2019-02-26,1.0,-0.0,-0.0,-0.0,-1.0552614863434258,-0.5913614228244759,0.0
2019-02-27,1.0,-0.0,-0.0,-0.0,-1.0293329831932772,-0.5967174369747898,0.0
2019-02-28,1.0,-0.0,-0.0,-0.0,-1.0263911889178035,-0.602213284967011,0.0
2019-03-01,1.0,-0.0,-0.0,-0.0,-1.0532491213234323,-0.5893871726434291,0.0
2019-03-04,1.0,-0.0,-0.0,-0.0,-1.0521603634058738,-0.5888706951193746,0.0
2019-03-05,1.0,-0.0,-0.0,-0.0,-1.0722744410811957,-0.5829483298815782,0.0
2019-03-06,1.0,-0.0,-0.0,-0.0,-1.070168925190273,-0.5817178922803575,0.0
2019-03-07,1.0,-0.0,-0.0,-0.0,-1.0608041930275034,-0.5863091298938508,0.0
2019-03-08,1.0,-0.0,-0.0,-0.0,-1.0788768279412935,-0.5751214204198625,0.0
2019-03-11,1.0,-0.0,-0.0,-0.0,-1.0762795935329919,-0.604901198487814,0.0
2019-03-12,1.0,-0.0,-0.0,-0.0,-1.087204409089675,-0.6277794369179811,0.0
2019-03-13,1.0,-0.0,-0.0,-0.0,-1.093835242771413,-0.633960720130933,0.0
2019-03-14,1.0,-0.0,-0.0,-0.0,-1.093154494152286,-0.6330525340094326,0.0
2019-03-15,1.0,-0.0,-0.0,-0.0,-1.0931990611866162,-0.6359369030074777,0.0
2019-03-18,1.0,-0.0,-0.0,-0.0,-1.1056227009984236,-0.6600934812069585,0.0
2019-03-19,1.0,-0.0,-0.0,-0.0,-1.0990299334811529,-0.6726164079822616,0.0
2019-03-20,1.0,-0.0,-0.0,-0.0,-1.0992135174943725,-0.6798766083984104,0.0
2019-03-21,1.0,-0.0,-0.0,-0.0,-1.1077166842719741,-0.6720409184410964,0.0
2019-03-22,1.0,-0.0,-0.0,-0.0,-1.1322443499664354,-0.6648019691206086,0.0
2019-03-25,1.0,-0.0,-0.0,-0.0,-1.1427103011445716,-0.6353761529058785,0.0
2019-03-26,1.0,-0.0,-0.0,-0.0,-1.1433042700648335,-0.6512407780013414,0.0
2019-03-27,1.0,-0.0,-0.0,-0.0,-1.144721068331986,-0.6432016504502495,0.0
2019-03-28,1.0,-0.0,-0.0,-0.0,-1.1432277139350664,-0.6460169586076091,0.0
2019-03-29,1.0,-0.0,-0.0,-0.0,-1.141089936476095,-0.6450462498606931,0.0
2019-04-01,1.0,-0.0,-0.0,-0.0,-1.140204919176973,-0.651609481001703,0.0
2019-04-02,1.0,-0.0,-0.0,-0.0,-1.1462361397448042,-0.6397448041455397,0.0
2019-04-03,1.0,-0.0,-0.0,-0.0,-1.1427139316643926,-0.641948149592047,0.0
2019-04-04,1.0,-0.0,-0.0,-0.0,-1.1436337784716608,-0.6442889403105746,0.0
2019-04-05,1.0,-0.0,-0.0,-0.0,-1.1435549600848545,-0.6477139507620164,0.0
2019-04-08,1.0,-0.0,-0.0,-0.0,-1.1318391379214576,-0.6454757540409932,0.0
2019-04-09,1.0,-0.0,-0.0,-0.0,-1.130886272767659,-0.6456574855619724,0.0
2019-04-10,1.0,-0.0,-0.0,-0.0,-1.1339951748426278,-0.6390837747150662,0.0
2019-04-11,1.0,-0.0,-0.0,-0.0,-1.141387746024686,-0.6385522072723229,0.0
2019-04-12,1.0,-0.0,-0.0,-0.0,-1.1418289938033177,-0.6369522327507156,0.0
2019-04-15,1.0,-0.0,-0.0,-0.0,-1.1366958454911769,-0.6422398221481173,0.0
2019-04-16,1.0,-0.0,-0.0,-0.0,-1.1453658536585365,-0.6420905923344947,0.0
2019-04-17,1.0,-0.0,-0.0,-0.0,-1.1430248155600269,-0.651520232506148,0.0
2019-04-18,1.0,-0.0,-0.0,-0.0,-1.1384300417870263,-0.6660403286872143,0.0
2019-04-22,1.0,-0.0,-0.0,-0.0,-1.1206403023650058,-0.658449823527777,0.0
2019-04-23,1.0,-0.0,-0.0,-0.0,-1.1186864477412903,-0.6595543701728066,0.0
2019-04-24,1.0,-0.0,-0.0,-0.0,-1.1098017468459724,-0.6629696381533342,0.0
2019-04-25,1.0,-0.0,-0.0,-0.0,-1.1138991321706824,-0.6587184961321985,0.0
2019-04-26,1.0,-0.0,-0.0,-0.0,-1.127739251040222,-0.6461858529819695,0.0
2019-04-29,1.0,-0.0,-0.0,-0.0,-1.1215905629551686,-0.647495361781076,0.0
2019-04-30,1.0,-0.0,-0.0,-0.0,-1.1265728270788973,-0.6388650756339703,0.0
2019-05-01,1.0,-0.0,-0.0,-0.0,-1.1311979181085796,-0.6372747155394369,0.0
2019-05-02,1.0,-0.0,-0.0,-0.0,-1.1244810981347209,-0.642995516687884,0.0
2019-05-03,1.0,-0.0,-0.0,-0.0,-1.1274762419305684,-0.643144099963982,0.0
2019-05-06,1.0,-0.0,-0.0,-0.0,-1.1277323912563482,-0.6322863766835947,0.0
2019-05-07,1.0,-0.0,-0.0,-0.0,-1.137760489024729,-0.6407613225896083,0.0
2019-05-08,1.0,-0.0,-0.0,-0.0,-1.1006303157083481,-0.6518400264237153,0.0
2019-05-09,1.0,-0.0,-0.0,-0.0,-1.1117076931549095,-0.6417478936064761,0.0
2019-05-10,1.0,-0.0,-0.0,-0.0,-1.11481593656213,-0.6385363033123158,0.0
2019-05-13,1.0,-0.0,-0.0,-0.0,-1.1117656774761877,-0.6410835214446953,0.0
2019-05-14,1.0,-0.0,-0.0,-0.0,-1.1007614903453902,-0.618846886048409,0.0
2019-05-15,1.0,-0.0,-0.0,-0.0,-1.0986264476164826,-0.5946135200646377,0.0
2019-05-16,1.0,-0.0,-0.0,-0.0,-1.0953536661003695,-0.6012997869643772,0.0
2019-05-17,1.0,-0.0,-0.0,-0.0,-1.0965893735473757,-0.6059672450137831,0.0
2019-05-20,1.0,-0.0,-0.0,-0.0,-1.0974173330451698,-0.6041171385346877,0.0
2019-05-21,1.0,-0.0,-0.0,-0.0,-1.1011962758471365,-0.6053101656381942,0.0
2019-05-22,1.0,-0.0,-0.0,-0.0,-1.1073785567456453,-0.5973980309423348,0.0
2019-05-23,1.0,-0.0,-0.0,-0.0,-1.118715458496539,-0.5641197617642324,0.0
2019-05-24,1.0,-0.0,-0.0,-0.0,-1.1164352409235627,-0.5590068758862402,0.0
2019-05-28,1.0,-0.0,-0.0,-0.0,-1.1167771954219703,-0.5573055941811959,0.0
2019-05-29,1.0,-0.0,-0.0,-0.0,-1.116423727908591,-0.5532329542420844,0.0
2019-05-30,1.0,-0.0,-0.0,-0.0,-1.1148966920029975,-0.5615030510651964,0.0
2019-05-31,1.0,-0.0,-0.0,-0.0,-1.113804173354735,-0.5614232209737827,0.0
2019-06-03,1.0,-0.0,-0.0,-0.0,-1.1541629891144456,-0.5204204445157666,0.0
2019-06-04,1.0,-0.0,-0.0,-0.0,-1.147551942669198,-0.5264593416584218,0.0
2019-06-05,1.0,-0.0,-0.0,-0.0,-1.1528048459309983,-0.48085330524097974,0.0
2019-06-06,1.0,-0.0,-0.0,-0.0,-1.1488768478089326,-0.48142984901888575,0.0
2019-06-07,1.0,-0.0,-0.0,-0.0,-1.144074931593349,-0.48692380551462855,0.0
2019-06-10,1.0,-0.0,-0.0,-0.0,-1.13251968503937,-0.49217847769028866,0.0
2019-06-11,1.0,-0.0,-0.0,-0.0,-1.1466227781435154,-0.48668861092824234,0.0
2019-06-12,1.0,-0.0,-0.0,-0.0,-1.1664678278851506,-0.4847159256608075,0.0
2019-06-13,1.0,-0.0,-0.0,-0.0,-1.1619488944790148,-0.4859790811598041,0.0
2019-06-14,1.0,-0.0,-0.0,-0.0,-1.1753958587088917,-0.4724620028597151,0.0
2019-06-17,1.0,-0.0,-0.0,-0.0,-1.1785562970024364,-0.4694682766656075,0.0
2019-06-18,1.0,-0.0,-0.0,-0.0,-1.1776540755467197,-0.4731080185553347,0.0
2019-06-19,1.0,-0.0,-0.0,-0.0,-1.1861988798478282,-0.4556430307513474,0.0
2019-06-20,1.0,-0.0,-0.0,-0.0,-1.186567558988467,-0.45865516876521,0.0
2019-06-21,1.0,-0.0,-0.0,-0.0,-1.1756156534994349,-0.4525743120712765,0.0
2019-06-24,1.0,-0.0,-0.0,-0.0,-1.1759494666212356,-0.44505019264540147,0.0
2019-06-25,1.0,-0.0,-0.0,-0.0,-1.1819851012485574,-0.44103451893820167,0.0
2019-06-26,1.0,-0.0,-0.0,-0.0,-1.162208981863041,-0.46250557757421457,0.0
2019-06-27,1.0,-0.0,-0.0,-0.0,-1.1870439158038937,-0.4473774335467215,0.0
2019-06-28,1.0,-0.0,-0.0,-0.0,-1.19001606066191,-0.4428530054500935,0.0
2019-07-01,1.0,-0.0,-0.0,-0.0,-1.2269574884853618,-0.42008576420138705,0.0
2019-07-02,1.0,-0.0,-0.0,-0.0,-1.243674426037394,-0.4197517711607095,0.0
2019-07-03,1.0,-0.0,-0.0,-0.0,-1.2563828935784223,-0.4114932102553157,0.0
2019-07-05,1.0,-0.0,-0.0,-0.0,-1.2533461312856609,-0.41289393697008475,0.0
2019-07-08,1.0,-0.0,-0.0,-0.0,-1.2518868176120757,-0.4149931994559564,0.0
2019-07-09,1.0,-0.0,-0.0,-0.0,-1.2501798992564164,-0.41499426987553634,0.0
2019-07-10,1.0,-0.0,-0.0,-0.0,-1.2551246168199388,-0.4104758096761295,0.0
2019-07-11,1.0,-0.0,-0.0,-0.0,-1.2560582229212764,-0.40982645090773373,0.0
2019-07-12,1.0,-0.0,-0.0,-0.0,-1.2437328502544156,-0.42030529877187844,0.0
2019-07-15,1.0,-0.0,-0.0,-0.0,-1.2375950646173484,-0.4215550709993086,0.0
2019-07-16,1.0,-0.0,-0.0,-0.0,-1.131424602562124,-0.4409888357256779,0.0
2019-07-17,1.0,-0.0,-0.0,-0.0,-1.1311517583802835,-0.44146021455583856,0.0
2019-07-18,1.0,-0.0,-0.0,-0.0,-1.1312843424228418,-0.4363734401478971,0.0
2019-07-19,1.0,-0.0,-0.0,-0.0,-1.1293145482074576,-0.43693381579285034,0.0
2019-07-22,1.0,-0.0,-0.0,-0.0,-1.1097283040127013,-0.4509999743924611,0.0
2019-07-23,1.0,-0.0,-0.0,-0.0,-1.103600387577133,-0.4462491712988934,0.0
2019-07-24,1.0,-0.0,-0.0,-0.0,-1.1054695457323285,-0.4408739050723161,0.0
2019-07-25,1.0,-0.0,-0.0,-0.0,-1.157517715928931,-0.4100338913423026,0.0
2019-07-26,1.0,-0.0,-0.0,-0.0,-1.1578177900892581,-0.4070739714784036,0.0
2019-07-29,1.0,-0.0,-0.0,-0.0,-1.149282836835758,-0.41659610499576627,0.0
2019-07-30,1.0,-0.0,-0.0,-0.0,-1.1477544102919652,-0.42012685206583983,0.0
2019-07-31,1.0,-0.0,-0.0,-0.0,-1.147708590217838,-0.4211364570489108,0.0
2019-08-01,1.0,-0.0,-0.0,-0.0,-1.1419240817581067,-0.41942011167460685,0.0
2019-08-02,1.0,-0.0,-0.0,-0.001910574499137588,-1.235849807615762,-0.4158418468886824,0.0
2019-08-05,1.0,-0.0,-0.0,-0.0,-1.244973306063906,-0.41111317697681216,0.0
2019-08-06,1.0,-0.0,-0.0,-0.0,-1.1903334969388546,-0.39291157552116973,0.0
2019-08-07,1.0,-0.0,-0.0,-0.0,-1.1998287626806425,-0.3946760760708819,0.0
2019-08-08,1.0,-0.0,-0.0,-0.0,-1.192605642925616,-0.39826929554110424,0.0
2019-08-09,1.0,-0.0,-0.0,-0.0,-1.1680514469453376,-0.40427009646302253,0.0
2019-08-12,1.0,-0.0,-0.0,-0.0,-1.1667730813433788,-0.3872046992721236,0.0
2019-08-13,1.0,-0.0,-0.0,-0.0,-1.1585796710977811,-0.3831685433240983,0.0
2019-08-14,1.0,-0.0,-0.0,-0.0,-1.147507398133394,-0.3817436831322559,0.0
2019-08-15,1.0,-0.0,-0.0,-0.0,-1.1370701017084028,-0.3496630442891603,0.0
2019-08-16,1.0,-0.0,-0.0,-0.0,-1.1542303466187194,-0.34304764758765355,0.0
2019-08-19,1.0,-0.0,-0.0,-0.0,-1.1623787011694453,-0.3258024384175168,0.0
2019-08-20,1.0,-0.0,-0.0,-0.0,-1.1520349980338183,-0.30569209594966573,0.0
2019-08-21,1.0,-0.0,-0.0,-0.0,-1.1504455190358134,-0.30418026952060684,0.0
2019-08-22,1.0,-0.0,-0.0,-0.0,-1.1527123798312733,-0.2997106140867177,0.0
2019-08-23,1.0,-0.0,-0.0,-0.0,-1.1455119729690024,-0.3029479457421282,0.0
2019-08-26,1.0,-0.0,-0.0,-0.0,-1.138761301551999,-0.2786829763573949,0.0
2019-08-27,1.0,-0.0,-0.0,-0.0,-1.1334379148063232,-0.27998069265114034,0.0
2019-08-28,1.0,-0.0,-0.0,-0.0,-1.1339604438012543,-0.2780028943560058,0.0
2019-08-29,1.0,-0.0,-0.0,-0.0,-1.1403847080942968,-0.27006701055777854,0.0
2019-08-30,1.0,-0.0,-0.0,-0.0,-1.1484403184299767,-0.25659587772673703,0.0
2019-09-03,1.0,-0.0,-0.0,-0.0,-1.1490451681177547,-0.25607292318052816,0.0
2019-09-04,1.0,-0.0,-0.0,-0.0,-1.148194391087207,-0.2528812908182866,0.0
2019-09-05,1.0,-0.0,-0.0,-0.0,-1.1552033707596179,-0.2388020396926097,0.0
2019-09-06,1.0,-0.0,-0.0,-0.0,-1.169257958969215,-0.21902987748083397,0.0
2019-09-09,1.0,-0.0,-0.0,-0.0,-1.1718783593320752,-0.21698000525548838,0.0
2019-09-10,1.0,-0.0,-0.0,-0.017589793635303358,-1.1607835669911695,-0.2018660890676695,0.0
2019-09-11,1.0,-0.0,-0.0,-0.08634423897581793,-1.1550734945471788,-0.1293741109530583,0.0
2019-09-12,1.0,-0.0,-0.0,-0.09460314484568698,-1.1325662596958264,-0.11623274670166146,0.0
2019-09-13,1.0,-0.0,-0.0,-0.09177681600187157,-1.1298865364370103,-0.11781494911685578,0.0
2019-09-16,1.0,-0.0,-0.0,-0.11412915111719969,-1.1280882422410128,-0.11972695923284048,0.0
2019-09-17,1.0,-0.0,-0.0,-0.11159345066767329,-1.130184494880385,-0.11746803189732459,0.0
2019-09-18,1.0,-0.0,-0.0,-0.12378290019189311,-1.1352017246689252,-0.1100660965151264,0.0
2019-09-19,1.0,-0.0,-0.0,-0.12935087136141318,-1.13535780426421,-0.10957310413599886,0.0
2019-09-20,1.0,-0.0,-0.0,-0.14210989324520315,-1.123469412016453,-0.11200932024061437,0.0
2019-09-23,1.0,-0.0,-0.0,-0.15322637977203252,-1.1045996350624423,-0.11189838621768289,0.0
2019-09-24,1.0,-0.0,-0.0,-0.18344834060930384,-1.0655776181758438,-0.09806130591935408,0.0
2019-09-25,1.0,-0.0,-0.0,-0.18218775702032663,-1.076301257196569,-0.09141111502761132,0.0
2019-09-26,1.0,-0.0,-0.0,-0.24502366286950938,-1.1016195391091348,-0.03151085638184024,0.0
2019-09-27,1.0,-0.0,-0.0,-0.24387671955135887,-1.1100992187125533,-0.04263528735081244,0.0
2019-09-30,1.0,-0.0,-0.0,-0.2911291875240662,-1.0826434347323834,-0.03285040431266847,0.0
2019-10-01,1.0,-0.0,-0.0,-0.2903986902927581,-1.0845772342064715,-0.032574152542372885,0.0
2019-10-02,1.0,-0.0,-0.0,-0.288080740279043,-1.0943328378961499,-0.014863115500791101,0.0
2019-10-03,1.0,-0.0,-0.0,-0.2848585052596267,-1.1013107133443558,-0.010016054441329404,0.0
2019-10-04,1.0,-0.0,-0.0,-0.3165411895712798,-1.0890362874918298,-0.015202498244934517,0.0
2019-10-07,1.0,-0.0,-0.0,-0.33396680298292036,-1.0551599711330286,-0.01645417368294443,0.0
2019-10-08,1.0,-0.0,-0.0,-0.33221508905729596,-1.059395665395569,-0.021866100304098086,0.0
2019-10-09,1.0,-0.0,-0.0,-0.34609132201769066,-1.0373655271336362,-0.007171886206072197,0.0
2019-10-10,1.0,-0.0,-0.0,-0.3852959047271844,-1.006003159557662,-0.03912990642848463,0.0
2019-10-11,1.0,-0.0,-0.0,-0.41922315382923075,-0.9792955095455766,-0.04593121318047374,0.0
2019-10-14,1.0,-0.0,-0.0,-0.44866976195740293,-0.9968555776647751,-0.011054609772275039,0.0
2019-10-15,1.0,-0.0,-0.0,-0.48054360578803285,-0.9637514665623778,-0.0,0.0
2019-10-16,1.0,-0.0,-0.0,-0.4853506594636686,-0.9481189468048864,-0.0,0.0
2019-10-17,1.0,-0.0,-0.0,-0.4973894798477603,-0.9423489801893236,-0.0,0.0
2019-10-18,1.0,-0.0,-0.0,-0.529951679090887,-0.8982347084962243,-0.0,0.0
2019-10-21,1.0,-0.0,-0.0,-0.5302494550738678,-0.881884233470574,-0.00976023250181642,0.0
2019-10-22,1.0,-0.0,-0.0,-0.5361953066226612,-0.8822772829859005,-0.008299560754240784,0.0
2019-10-23,1.0,-0.0,-0.0,-0.5289077669902913,-0.8849029126213593,-0.01337378640776699,0.0
2019-10-24,1.0,-0.0,-0.0,-0.5850749908547738,-0.8536519936593099,-0.0,0.0
2019-10-25,1.0,-0.0,-0.0,-0.5935512173722307,-0.8436304257756331,-0.0,0.0
2019-10-28,1.0,-0.0,-0.0,-0.6034216902856304,-0.8441637907824853,-0.0,0.0
2019-10-29,1.0,-0.0,-0.0,-0.6327467482785004,-0.8353530616778143,-0.0,0.0
2019-10-30,1.0,-0.0,-0.0,-0.6311737504919324,-0.8284878000787093,-0.0,0.0
2019-10-31,1.0,-0.0,-0.0,-0.6498749287960968,-0.8267825742378087,-0.0,0.0
2019-11-01,1.0,-0.0,-0.0,-0.6619529288962894,-0.823321818227005,-0.0,0.0
2019-11-04,1.0,-0.0,-0.0,-0.6760486473070242,-0.805981633159593,-0.0,0.0
2019-11-05,1.0,-0.0,-0.0,-0.7852540086917429,-0.7123732454168539,-0.0,0.0
2019-11-06,1.0,-0.0,-0.0,-0.7759890997174,-0.7472244650787243,-0.0,0.0
2019-11-07,1.0,-0.0,-0.0,-0.7713811654683493,-0.742571270551561,-0.0,0.0
2019-11-08,1.0,-0.0,-0.0,-0.7711774778404513,-0.7469530620467366,-0.0,0.0
2019-11-11,1.0,-0.0,-0.0,-0.7928144622240227,-0.739087502531902,-0.0,0.0
2019-11-12,1.0,-0.0,-0.0,-0.7938540981116792,-0.7374069761555206,-0.0,0.0
2019-11-13,1.0,-0.0,-0.0,-0.8870491886667685,-0.656315173711786,-0.0,0.0
2019-11-14,1.0,-0.0,-0.0,-0.8969832629597599,-0.6466144376049244,-0.0,0.0
2019-11-15,1.0,-0.0,-0.0,-0.9014920052958549,-0.6445666564823301,-0.0,0.0
2019-11-18,1.0,-0.0,-0.0,-0.8922046285018271,-0.64535119772635,-0.0,0.0
2019-11-19,1.0,-0.0,-0.0,-0.9010858016533208,-0.6903262587784084,-0.0,0.0
2019-11-20,1.0,-0.0,-0.0,-0.915517823298803,-0.6807383752628708,-0.0,0.0
2019-11-21,1.0,-0.0,-0.0,-0.9646786942934426,-0.6614406890937261,-0.0,0.0
2019-11-22,1.0,-0.0,-0.0,-0.9581638277210571,-0.6632371853757119,-0.003228261725414031,0.0
2019-11-25,1.0,-0.0,-0.0,-0.9566465690496698,-0.6534335604103046,-0.0,0.0
2019-11-26,1.0,-0.0,-0.0,-0.9566214807090719,-0.6502606882168925,-0.0,0.0
2019-11-27,1.0,-0.0,-0.0,-0.9440513280878702,-0.6797539208956012,-0.01652848920103501,0.0
2019-11-29,1.0,-0.0,-0.0,-0.9618284009482965,-0.6910844143736181,-0.010841479981886469,0.0
2019-12-02,1.0,-0.0,-0.0,-0.9963619704645899,-0.6866174409830764,-0.011857281448744206,0.0
2019-12-03,1.0,-0.0,-0.0,-0.9878677260038651,-0.6828430319948465,-0.01342065707537041,0.0
2019-12-04,1.0,-0.0,-0.0,-1.000646795666469,-0.6842559154853662,-0.010079232469142456,0.0
2019-12-05,1.0,-0.0,-0.0,-1.0170638263185066,-0.6737765942993778,-0.026302203624704503,0.0
2019-12-06,1.0,-0.0,-0.0,-1.0288321468817854,-0.7018112854904763,-0.01789297199241404,0.0
2019-12-09,1.0,-0.0,-0.0,-1.0264001095440232,-0.6958784061344653,-0.01632205942763248,0.0
2019-12-10,1.0,-0.0,-0.0,-1.1735610710790856,-0.7917445067164844,-0.0,0.0
2019-12-11,1.0,-0.0,-0.0,-1.197495473747737,-0.8200060350030175,-0.0,0.0
2019-12-12,1.0,-0.0,-0.0,-1.1957413439498128,-0.8203040173724212,-0.0,0.0
2019-12-13,1.0,-0.0,-0.0,-1.2109285325922794,-0.8096719627862019,-0.0,0.0
2019-12-16,1.0,-0.0,-0.0,-1.1923632424625383,-0.8143768429921164,-0.0022567250406210506,0.0
2019-12-17,1.0,-0.0,-0.0,-1.2509181815376067,-0.835406314619919,-0.0,0.0
2019-12-18,1.0,-0.0,-0.0,-1.31420017384026,-0.8974664391720052,-0.007629655860670251,0.0
2019-12-19,1.0,-0.0,-0.0,-1.3139148228673745,-0.8622266274459651,-0.021198362962015604,0.0
2019-12-20,1.0,-0.0,-0.0,-1.3017583309909742,-0.8213873012898593,-0.0,0.0
2019-12-23,1.0,-0.0,-0.0,-1.305799812909261,-0.8105706267539757,-0.0018085438104147179,0.0
2019-12-24,1.0,-0.0,-0.0,-1.2942730182405768,-0.8131506168235917,-0.0,0.0
2019-12-26,1.0,-0.0,-0.0,-1.295592988562904,-0.8123135256091497,-0.0,0.0
2019-12-27,1.0,-0.0,-0.0,-1.3054485586481115,-0.8009132703777336,-0.0,0.0
2019-12-30,1.0,-0.0,-0.0,-1.328508004002001,-0.7980552776388193,-0.0,0.0
2019-12-31,1.0,-0.0,-0.0,-1.330928961748634,-0.7916315378610462,-0.0,0.0
2020-01-02,1.0,-0.0,-0.0,-1.3344181243546014,-0.7947867446881747,-0.0,0.0
2020-01-03,1.0,-0.0,-0.0,-1.3485219356053473,-0.7896190296868135,-0.0,0.0
2020-01-06,1.0,-0.0,-0.0,-1.3468979528051257,-0.7785904047507423,-0.0,0.0
2020-01-07,1.0,-0.0,-0.0,-1.3522307740441772,-0.77466992053063,-0.0018459420561917276,0.0
2020-01-08,1.0,-0.0,-0.0,-1.339780384327427,-0.7701210381831795,-0.00960818567506863,0.0
2020-01-09,1.0,-0.0,-0.0,-1.342600137905096,-0.7691343321005454,-0.022472262270419357,0.0
2020-01-10,1.0,-0.0,-0.0,-1.347796013330818,-0.766553480475382,-0.029679934603533926,0.0
2020-01-13,1.0,-0.0,-0.0,-1.344729076411126,-0.764864695171721,-0.029729390343441953,0.0
2020-01-14,1.0,-0.0,-0.0,-1.3662410464029897,-0.7480535658673311,-0.0,0.0
2020-01-15,1.0,-0.0,-0.0,-1.3690071430799464,-0.7502417417885774,-0.0,0.0
2020-01-16,1.0,-0.0,-0.0,-1.3659935178259786,-0.75043630017452,-0.0,0.0
2020-01-17,1.0,-0.0,-0.0,-1.3559833312601068,-0.7538562010200273,-0.0,0.0
2020-01-21,1.0,-0.0,-0.0,-1.3520584123038681,-0.7549790274972813,-0.0,0.0
2020-01-22,1.0,-0.0,-0.0,-1.355315908879013,-0.7524629393666283,-0.0,0.0
2020-01-23,1.0,-0.0,-0.0,-1.3536021975277814,-0.767886128105881,-0.0,0.0
2020-01-24,1.0,-0.0,-0.0,-1.357180759746543,-0.7642101320348347,-0.0,0.0
2020-01-27,1.0,-0.0,-0.0,-1.3642728234488768,-0.747308482170639,-0.0,0.0
2020-01-28,1.0,-0.0,-0.0,-1.3772514492978267,-0.7228508540781845,-0.0,0.0
2020-01-29,1.0,-0.0,-0.0,-1.3766787070482542,-0.7105677503010096,-0.0,0.0
2020-01-30,1.0,-0.0,-0.0,-1.3602382043060008,-0.6936631546801039,-0.0,0.0
2020-01-31,1.0,-0.0,-0.0,-1.3671616149220762,-0.7006687937170205,-0.0,0.0
2020-02-03,1.0,-0.0,-0.0,-1.3552663438256658,-0.67136803874092,-0.0,0.0
2020-02-04,1.0,-0.0,-0.0,-1.349367088607595,-0.6644966847498494,-0.0,0.0
2020-02-05,1.0,-0.0,-0.0,-1.3641369764082811,-0.6450108329321137,-0.0,0.0
2020-02-06,1.0,-0.0,-0.0,-1.3549240715681852,-0.6521425349571492,-0.0,0.0
2020-02-07,1.0,-0.0,-0.0,-1.3745467840711738,-0.6722829895493739,-0.0,0.0
2020-02-10,1.0,-0.0,-0.0,-1.4098478682777187,-0.7204657860138984,-0.0,0.0
2020-02-11,1.0,-0.0,-0.0,-1.400318282522545,-0.7200986051736512,-0.0,0.0
2020-02-12,1.0,-0.0,-0.0,-1.3795701925760537,-0.7214934722609856,-0.0,0.0
2020-02-13,1.0,-0.0,-0.0,-1.3818830463781604,-0.7203040173724212,-0.0,0.0
2020-02-14,1.0,-0.0,-0.0,-1.3887996044010382,-0.7018172827296328,-0.0,0.0
2020-02-18,1.0,-0.0,-0.0,-1.388983286477803,-0.7004232444622942,-0.0,0.0
2020-02-19,1.0,-0.0,-0.0,-1.3860532657727245,-0.7036087252054625,-0.0,0.0
2020-02-20,1.0,-0.0,-0.0,-1.4088869500186962,-0.7071544310108439,-0.0,0.0
2020-02-21,1.0,-0.0,-0.0,-1.420694200351494,-0.7176437358774794,-0.0,0.0
2020-02-24,1.0,-0.0,-0.0,-1.4224950668713001,-0.7096501393804616,-0.0,0.0
2020-02-25,1.0,-0.0,-0.0,-1.3837195232621453,-0.6412668642991107,-0.0,0.0
2020-02-26,1.0,-0.0,-0.0,-1.3573465008964525,-0.5818416953237516,-0.0,0.0
2020-02-27,1.0,-0.0,-0.0,-1.3548149457802923,-0.591878830740217,-0.0,0.0
2020-02-28,1.0,-0.0,-0.0,-1.2385005233294772,-0.5158651462568171,-0.0,0.0
2020-03-02,1.0,-0.0,-0.0,-1.3123173038344702,-0.5534762423339257,-0.0,0.0
2020-03-03,1.0,-0.0,-0.0,-1.2069781355379092,-0.5124823235070163,-0.0,0.0
2020-03-04,1.0,-0.0,-0.0,-1.2192933108307213,-0.45958905944439976,-0.0,0.0
2020-03-05,1.0,-0.0,-0.038422805794407,-1.1367263149740492,-0.40702868799545533,-0.0,0.0
2020-03-06,1.0,-0.0,-0.08606998309339617,-1.0967006506480865,-0.3788360059429274,-0.0,0.0
2020-03-09,1.0,-0.0,-0.07449791008257722,-1.1051840146803957,-0.36899785910898153,-0.0,0.0
2020-03-10,1.0,-0.03676679617170473,-0.018833507059603904,-0.934639439022079,-0.3787548564389273,-0.0,0.0
2020-03-11,1.0,-0.0,-0.09341078991830028,-0.9431342143634133,-0.27789478556715347,-0.0,0.0
2020-03-12,1.0,-0.0,-0.06658061009579455,-0.9183141970695473,-0.27972914826641304,-0.0,0.0
2020-03-13,1.0,-0.08535491733541815,-0.11055669249695325,-0.7975809974936191,-0.3059394329600589,-0.0,0.0
2020-03-16,1.0,-0.018386532575426325,-0.17719720157411456,-0.7559466550065589,-0.23473983384346306,-0.0,0.0
2020-03-17,1.0,-0.1583505517211061,-0.20156504154393987,-0.5619642150613268,-0.27621224776893655,-0.0,0.0
2020-03-18,1.0,-0.16051660516605168,-0.20440168687401158,-0.5557898436127218,-0.27574240028114566,-0.0,0.0
2020-03-19,1.0,-0.1456465477400869,-0.27689712542748873,-0.5971439134855347,-0.29108512801552827,-0.0,0.0
2020-03-20,1.0,-0.14643686880659998,-0.382651367882035,-0.5614243042055853,-0.2801431890379783,-0.0,0.0
2020-03-23,1.0,-0.14681126959801954,-0.39495461511257807,-0.5402569845573499,-0.27561004361664504,-0.0,0.0
2020-03-24,1.0,-0.15016653674438382,-0.3928141166465878,-0.5402877188009355,-0.2789785746344459,-0.0,0.0
2020-03-25,1.0,-0.15809818322381133,-0.3842970508651856,-0.4561267877850792,-0.27529047954705654,-0.0,0.0
2020-03-26,1.0,-0.15743141804285518,-0.38426368227105223,-0.4571903007142532,-0.27580637823574905,-0.0,0.0
2020-03-27,1.0,-0.16921417854463613,-0.39806826706676673,-0.4839412978244561,-0.29313578394598655,-0.0,0.0
2020-03-30,1.0,-0.15313885647607933,-0.3916452742123687,-0.5000233372228705,-0.28889148191365227,-0.0,0.0
2020-03-31,1.0,-0.14766302956982993,-0.39343461368447996,-0.5023381336807575,-0.28304213293627717,-0.0,0.0
2020-04-01,1.0,-0.14343966260456228,-0.3901717268215392,-0.5180930633548477,-0.2783745368968008,-0.0,0.0
2020-04-02,1.0,-0.15455657916002863,-0.3528664773383205,-0.5148576574080488,-0.286624645009351,-0.0,0.0
2020-04-03,1.0,-0.15811450310847172,-0.3472209334694256,-0.5148464322167579,-0.2995499675234295,-0.0,0.0
2020-04-06,1.0,-0.15929778933680103,-0.3514768716329184,-0.5132593349433401,-0.29806799182611926,-0.0,0.0
2020-04-07,1.0,-0.14958353410890068,-0.3406300910947431,-0.5074459053257154,-0.29691838186365616,-0.0,0.0
2020-04-08,1.0,-0.15019626747469184,-0.3397148956683424,-0.5101577026375593,-0.29545715400684064,-0.0,0.0
2020-04-09,1.0,-0.15123838300599735,-0.33170809870439044,-0.5143295334889896,-0.2917868424666941,-0.0,0.0
2020-04-13,1.0,-0.17642876800293553,-0.28284102375928816,-0.5316943399688102,-0.3024034492248418,-0.0,0.0
2020-04-14,1.0,-0.17911440299020845,-0.27895617877043727,-0.5335825173702676,-0.3014515352335527,-0.0,0.0
2020-04-15,1.0,-0.1944630911321497,-0.26867433624221665,-0.5475104742945764,-0.30411333070993724,-0.0,0.0
2020-04-16,1.0,-0.19219830277244662,-0.26880477258538166,-0.5499803454574884,-0.301315698198719,-0.0,0.0
2020-04-17,1.0,-0.18991351801322665,-0.27493872265643066,-0.5448133931461869,-0.3026869537067012,-0.0,0.0
2020-04-20,1.0,-0.18934924931177274,-0.2769333981076642,-0.5404029888726953,-0.306683322923173,-0.0,0.0
2020-04-21,1.0,-0.19226496319955563,-0.2803082905152062,-0.5414988658982549,-0.3004443827246216,-0.0,0.0
2020-04-22,1.0,-0.1850672573313952,-0.28508802288825824,-0.5385201079808957,-0.2986087076901779,-0.0,0.0
2020-04-23,1.0,-0.17723996591981947,-0.2940336656918507,-0.5335390425311443,-0.2979022267253092,-0.0,0.0
2020-04-24,1.0,-0.17748698336635488,-0.2900059899553057,-0.5368382251301663,-0.29949776528590516,-0.0,0.0
2020-04-27,1.0,-0.18962048150974814,-0.2912648303614792,-0.5246189782372396,-0.30722264622216056,-0.0,0.0
2020-04-28,1.0,-0.19387920083150478,-0.27758401663009585,-0.52821341956346,-0.3100588982561497,-0.0,0.0
2020-04-29,1.0,-0.1897722548159098,-0.2887236106619855,-0.5211576661893103,-0.31011225573982537,-0.0,0.0
2020-04-30,1.0,-0.18857406127620366,-0.2703063810181986,-0.5276894724717807,-0.3170467634185672,-0.0,0.0
2020-05-01,1.0,-0.19928596107336174,-0.25855119198433724,-0.5254174824369457,-0.32009674075780264,-0.0,0.0
2020-05-04,1.0,-0.20354554268039332,-0.2628456673283782,-0.5223673883938876,-0.3195374174784174,-0.0,0.0
2020-05-05,1.0,-0.20406749924975184,-0.26496456520233613,-0.5185715275052517,-0.32087536646736997,-0.0,0.0
2020-05-06,1.0,-0.20912547528517111,-0.2639339701381805,-0.5246684596123528,-0.3207595288880646,-0.0,0.0
2020-05-07,1.0,-0.2085614849187935,-0.26531322505800464,-0.5225986078886311,-0.32373549883990715,-0.0,0.0
2020-05-08,1.0,-0.20945616600515285,-0.26523222616809417,-0.5218763781537962,-0.32455957106051114,-0.0,0.0
2020-05-11,1.0,-0.21275510204081632,-0.2553107606679035,-0.525417439703154,-0.3256029684601113,-0.0,0.0
2020-05-12,1.0,-0.21194140552568144,-0.2580660114963842,-0.5205590580381977,-0.32725292045243837,-0.0,0.0
2020-05-13,1.0,-0.2097405152658503,-0.2526793361264785,-0.5251730284021203,-0.3271683525844309,-0.0,0.0
2020-05-14,1.0,-0.21245954692556637,-0.24288025889967638,-0.5268839574664818,-0.3293804900601017,-0.0,0.0
2020-05-15,1.0,-0.21839957457631037,-0.2391158585928649,-0.5269704746711059,-0.3276224827171626,-0.0,0.0
2020-05-18,1.0,-0.22246660338480773,-0.23996943949251037,-0.5228625008681963,-0.32989141759081336,-0.0,0.0
2020-05-19,1.0,-0.22251533032511858,-0.2342473678121023,-0.5285201897489298,-0.3287515908827953,-0.0,0.0
2020-05-20,1.0,-0.22039481314806653,-0.2393235751235241,-0.5271057087847085,-0.3328771254262451,-0.0,0.0
2020-05-21,1.0,-0.22179954072046576,-0.2360418454686739,-0.5297719839484123,-0.3319570411263946,-0.0,0.0
2020-05-22,1.0,-0.2234531772575251,-0.2326505016722408,-0.5320048309178744,-0.33444816053511706,-0.0,0.0
2020-05-26,1.0,-0.22319129688478578,-0.23249286724965787,-0.5293312611630442,-0.33455498596645866,-0.0,0.0
2020-05-27,1.0,-0.21993964716805942,-0.24043639740018571,-0.5218430826369546,-0.33904363974001855,-0.0,0.0
2020-05-28,1.0,-0.22117281228969904,-0.2395284616991159,-0.5217552734782912,-0.3381059568839487,-0.0,0.0
2020-05-29,1.0,-0.22249553291717916,-0.2364653191933725,-0.5233796672313369,-0.33819877938412274,-0.0,0.0
2020-06-01,1.0,-0.2252623252134664,-0.23061352690723808,-0.5338638002838463,-0.33686977967008674,-0.0,0.0
2020-06-02,1.0,-0.22618798165351214,-0.22888873367325555,-0.5326302065144002,-0.34050429559265205,-0.0,0.0
2020-06-03,1.0,-0.22600344972262365,-0.22754183954128013,-0.540580858701226,-0.33676751666588967,-0.0,0.0
2020-06-04,1.0,-0.22600424311659245,-0.2277760940013522,-0.5401347539225515,-0.3374909658918705,-0.0,0.0
2020-06-05,1.0,-0.2313655893891276,-0.22569120119559125,-0.5436904539510555,-0.3343919297590136,-0.0,0.0
2020-06-08,1.0,-0.2337300937726539,-0.20695461029394568,-0.5704697986577181,-0.32731567008862805,-0.0,0.0
2020-06-09,1.0,-0.23634265800131865,-0.21371385513798624,-0.5696288970518979,-0.33502872751248,-0.0,0.0
2020-06-10,1.0,-0.23739703459637562,-0.21299129206872205,-0.5683219581077901,-0.3347846552129913,-0.0,0.0
2020-06-11,1.0,-0.2333121424030515,-0.22511831602740695,-0.5582868310141037,-0.3378776106048833,-0.0,0.0
2020-06-12,1.0,-0.22846923508509445,-0.21907144193005426,-0.5592154479147186,-0.3310033663736675,-0.0,0.0
2020-06-15,1.0,-0.22516943211030616,-0.2260341201215237,-0.555012853470437,-0.3307548492638467,-0.0,0.0
2020-06-16,1.0,-0.22491769595367625,-0.22669219454108197,-0.5519157580144295,-0.33134091386677256,-0.0,0.0
2020-06-17,1.0,-0.2236240671641791,-0.2244402985074627,-0.5523087686567164,-0.33171641791044776,-0.0,0.0
2020-06-18,1.0,-0.22385727611940298,-0.22367070895522387,-0.5528684701492537,-0.33169309701492533,-0.0,0.0
2020-06-19,1.0,-0.22414275717284812,-0.2245393048752041,-0.5524842547235829,-0.3314905528341497,-0.0,0.0
2020-06-22,1.0,-0.22597736025207144,-0.22483370288248336,-0.5475084607305404,-0.33567510794725175,-0.0,0.0
2020-06-23,1.0,-0.2261279555586677,-0.22498424480078427,-0.5476273837032888,-0.3353873444903485,-0.0,0.0
2020-06-24,1.0,-0.2228911429173792,-0.2263580781934456,-0.5558574808498676,-0.3373937079809787,-0.0,0.0
2020-06-25,1.0,-0.22019507402989263,-0.22396089163333566,-0.5591420485112156,-0.3357191308212289,-0.0,0.0
2020-06-26,1.0,-0.22006268126110953,-0.22392178875479465,-0.5591495930395735,-0.3357189634203387,-0.0,0.0
2020-06-29,1.0,-0.22017554125219427,-0.22349912229373903,-0.5602340550029257,-0.3366413107080164,-0.0,0.0
2020-06-30,1.0,-0.22053970557258876,-0.22229503592576122,-0.5603248531373605,-0.3373042806656213,-0.0,0.0
2020-07-01,1.0,-0.21868568755846585,-0.2224508886810103,-0.5573433115060805,-0.34015434985968196,-0.0,0.0
2020-07-02,1.0,-0.2278142589118199,-0.21242964352720448,-0.5629455909943715,-0.3420262664165103,-0.0,0.0
2020-07-06,1.0,-0.23054362872762255,-0.21214894066305343,-0.561507238215903,-0.3420614251190728,-0.0,0.0
2020-07-07,1.0,-0.2260090947447377,-0.21705499038957388,-0.5580141577985092,-0.34292813276452117,-0.0,0.0
2020-07-08,1.0,-0.22293440628801345,-0.22620941330588562,-0.5538036867221858,-0.33634322073547296,-0.0,0.0
2020-07-09,1.0,-0.2204547581173388,-0.22761298774211658,-0.552493683915037,-0.3387292972770656,-0.0,0.0
2020-07-10,1.0,-0.21524800262411845,-0.2384901947002179,-0.5457932100934841,-0.34343150347929985,-0.0,0.0
2020-07-13,1.0,-0.21395261640850188,-0.23930822768495302,-0.5458486630890728,-0.34429264406064725,-0.0,0.0
2020-07-14,1.0,-0.20661157024793386,-0.23913094374078148,-0.5423407393533585,-0.35312434153536393,-0.0,0.0
2020-07-15,1.0,-0.21069889451002435,-0.235994004122166,-0.5417369308600337,-0.3537333708075698,-0.0,0.0
2020-07-16,1.0,-0.1996876238431592,-0.26067090938760284,-0.5212019488542322,-0.34960486747324987,-0.0,0.0
2020-07-17,1.0,-0.20226578708128395,-0.26168442154828786,-0.5218303456957039,-0.34527611366232314,-0.0,0.0
2020-07-20,1.0,-0.2114889834869252,-0.2607709220189924,-0.5196940637133368,-0.34703185666838193,-0.0,0.0
2020-07-21,1.0,-0.20550822733107715,-0.26623876765083443,-0.5138289181934882,-0.34844205858326527,-0.0,0.0
2020-07-22,1.0,-0.20521377893950707,-0.26687359970126956,-0.5133028379387602,-0.34844100074682594,-0.0,0.0
2020-07-23,1.0,-0.20679741006521585,-0.26918491853860355,-0.514433977700381,-0.3470699609639793,-0.0,0.0
2020-07-24,1.0,-0.2014339763650801,-0.27584193563454623,-0.5105563080947265,-0.3476341725442571,-0.0,0.0
2020-07-27,1.0,-0.20231862378459237,-0.27659872849663425,-0.5109620418848168,-0.3474429693343306,-0.0,0.0
2020-07-28,1.0,-0.20029965352561102,-0.2753300870868059,-0.50571214533196,-0.35970128289165654,-0.0,0.0
2020-07-29,1.0,-0.20601080065743133,-0.2738201455740784,-0.50258276590749,-0.36555529467011033,-0.0,0.0
2020-07-30,1.0,-0.20547945205479454,-0.2767873897541753,-0.5005160442859824,-0.36287295927941454,-0.0,0.0
2020-07-31,1.0,-0.20145659579466701,-0.280935040526254,-0.5007400446376131,-0.3662163749559497,-0.0,0.0
2020-08-03,1.0,-0.2052511576522577,-0.27847119385092733,-0.49817831370613264,-0.36868580024915965,-0.0,0.0
2020-08-04,1.0,-0.20421988568202665,-0.2740338249476631,-0.49643638416484365,-0.377531578575965,-0.0,0.0
2020-08-05,1.0,-0.2059674800574158,-0.27310163070334376,-0.4963644492552415,-0.3776501870720286,-0.0,0.0
2020-08-06,1.0,-0.20675860121428907,-0.27474466983574153,-0.495269920459359,-0.3765002117946063,-0.0,0.0
2020-08-07,1.0,-0.20861560250206537,-0.28105747669066444,-0.4966835831464652,-0.374082379322554,-0.0,0.0
2020-08-10,1.0,-0.1969571492795116,-0.2954357239192674,-0.4932210207510115,-0.38052196957149276,-0.0,0.0
2020-08-11,1.0,-0.20337616767034947,-0.290672862629807,-0.4990753473374745,-0.3778035942908625,-0.0,0.0
2020-08-12,1.0,-0.19987634063399207,-0.29775748495874055,-0.4860526503531426,-0.39440203562340964,-0.0,0.0
2020-08-13,1.0,-0.19710269035895242,-0.3103070957920027,-0.47127667166202813,-0.4000570898451438,-0.0,0.0
2020-08-14,1.0,-0.1967076622974998,-0.31063111068820326,-0.4705616480719366,-0.40093251183481216,-0.0,0.0
2020-08-17,1.0,-0.19729349820122458,-0.3126533724060706,-0.47051676077478377,-0.40202034641317036,-0.0,0.0
2020-08-18,1.0,-0.19735838260537863,-0.3119158878504673,-0.4734884608048827,-0.4013684913217624,-0.0,0.0
2020-08-19,1.0,-0.19989504317542103,-0.31284289871666426,-0.4716616573636754,-0.40098277753923955,-0.0,0.0
2020-08-20,1.0,-0.20002863005201124,-0.31221071718280285,-0.47208569928902033,-0.4015364794579377,-0.0,0.0
2020-08-21,1.0,-0.20104999403412482,-0.30972437656604224,-0.4752893449469038,-0.4002863620093068,-0.0,0.0
2020-08-24,1.0,-0.2014882655981683,-0.3123688227437512,-0.4668479297843923,-0.40433600457927876,-0.0,0.0
2020-08-25,1.0,-0.20100190839694657,-0.3163406488549618,-0.46345419847328245,-0.404675572519084,-0.0,0.0
2020-08-26,1.0,-0.19898275944409954,-0.31763694541286597,-0.46394288170399733,-0.4073499211996752,-0.0,0.0
2020-08-27,1.0,-0.1940952380952381,-0.3221666666666667,-0.45785714285714285,-0.40685714285714286,-0.0,0.0
2020-08-28,1.0,-0.19302342204960804,-0.3223569777693059,-0.4576711382210679,-0.40963568348066426,-0.0,0.0
2020-08-31,1.0,-0.1928212696070264,-0.32354271296979503,-0.4547401994620713,-0.4091114654987742,-0.0,0.0
2020-09-01,1.0,-0.1917498811222064,-0.32603423680456495,-0.45347123157394204,-0.406300523062292,-0.0,0.0
2020-09-02,1.0,-0.18630039243667498,-0.32626947318349386,-0.45491735045784276,-0.41091687477702465,-0.0,0.0
2020-09-03,1.0,-0.18829268292682927,-0.32835217132659134,-0.45877453896490183,-0.4040928019036288,-0.0,0.0
2020-09-04,1.0,-0.1586009418557872,-0.3433277326833424,-0.43883853562723335,-0.4257282817048063,-0.0,0.0
2020-09-08,1.0,-0.15614877166434163,-0.3500815737828955,-0.43307403116354953,-0.42515309862152134,-0.0,0.0
2020-09-09,1.0,-0.15008248880509073,-0.35800141409380154,-0.4208107471128918,-0.4279283525807212,-0.0,0.0
2020-09-10,1.0,-0.14590244935413285,-0.36222677113479684,-0.4137314416131385,-0.431001623491212,-0.0,0.0
2020-09-11,1.0,-0.14650910974059603,-0.3614236617861683,-0.4133279977402194,-0.43267736923873645,-0.0,0.0
2020-09-14,1.0,-0.14505219993872695,-0.3584945679070535,-0.413498927721349,-0.43961068036669576,-0.0,0.0
2020-09-15,1.0,-0.14483262267662372,-0.35817098164856653,-0.4098565337228203,-0.440222384508469,-0.002662017950952908,0.0
2020-09-16,1.0,-0.1452327115130959,-0.3579470510646316,-0.40583192010552105,-0.43963161861692107,-0.006759939702280008,0.0
2020-09-17,1.0,-0.1371853035894784,-0.3628264497778613,-0.401095413836064,-0.43670811687548483,-0.012858183869678663,0.0
2020-09-18,1.0,-0.13868304044039806,-0.36189333521537626,-0.4024278354153433,-0.43759851318606346,-0.011998023854894489,0.0
2020-09-21,1.0,-0.134075189385028,-0.36630122806192067,-0.4098244953653602,-0.4320566508257658,-0.010351479791088318,0.0
2020-09-22,1.0,-0.1379635079458505,-0.361577398469688,-0.41287816362566215,-0.4309593878752207,-0.01094761624484991,0.0
2020-09-23,1.0,-0.1347394190480674,-0.3603173108610706,-0.4146932818605527,-0.42980556470975945,-0.014382562026269951,0.0
2020-09-24,1.0,-0.12929212269247028,-0.3544318662219926,-0.41164451124994134,-0.43165484522523373,-0.021583916576635824,0.0
2020-09-25,1.0,-0.12817562808170932,-0.3563747358534867,-0.40918055881662363,-0.4290443766142287,-0.02517022775299366,0.0
2020-09-28,1.0,-0.12597926537505277,-0.354740348078998,-0.4057090584979125,-0.42928179387343435,-0.02981188722615753,0.0
2020-09-29,1.0,-0.1272279549718574,-0.3502579737335835,-0.40651969981238273,-0.43119136960600374,-0.0300187617260788,0.0
2020-09-30,1.0,-0.12794628603624753,-0.34883557141515636,-0.40623532726077566,-0.43306883275424923,-0.031528782045262466,0.0
2020-10-01,1.0,-0.127996243690574,-0.3478342528465782,-0.4064796337598309,-0.43326681535391476,-0.03211644559220566,0.0
2020-10-02,1.0,-0.12940485972531987,-0.34743514497006694,-0.4060335720154948,-0.4335720154947764,-0.031247799037445713,0.0
2020-10-05,1.0,-0.12673313782991202,-0.3495131964809384,-0.40389442815249266,-0.4334545454545455,-0.03246920821114369,0.0
2020-10-06,1.0,-0.12812038534561565,-0.3440217518693013,-0.4018470337294611,-0.4355764948550266,-0.03440920704123011,0.0
2020-10-07,1.0,-0.12690938056414583,-0.34535188829538005,-0.4010167744353856,-0.43508106081904224,-0.03443913410177116,0.0
2020-10-08,1.0,-0.12699454064059607,-0.3425337988237775,-0.39911900466271466,-0.44000562337449334,-0.03444316877152698,0.0
2020-10-09,1.0,-0.12659828579457635,-0.3408037094281298,-0.3985527609948012,-0.4375204908435202,-0.03833544096295255,0.0
2020-10-12,1.0,-0.1261822268002622,-0.34041108718044766,-0.3969472797078378,-0.4353872085401255,-0.04209195617567188,0.0
2020-10-13,1.0,-0.12078040564250123,-0.34364984677287297,-0.3964956605141881,-0.433083023370061,-0.045313121388635455,0.0
2020-10-14,1.0,-0.11906485741644673,-0.34565709881589085,-0.394072447859495,-0.4299927598850924,-0.046733773968283626,0.0
2020-10-15,1.0,-0.11800966679898196,-0.3432647628832279,-0.39379363485651575,-0.4301025054288183,-0.04980502953744133,0.0
2020-10-16,1.0,-0.11912826142813762,-0.34304267594777044,-0.3925860176122959,-0.43000630679031093,-0.05108500151830137,0.0
2020-10-19,1.0,-0.11822533566841797,-0.3417863397548161,-0.3892819614711033,-0.4304261529480443,-0.05536485697606538,0.0
2020-10-20,1.0,-0.11794225427724482,-0.34189949349952153,-0.39208272063114163,-0.430502065681675,-0.05170039446350629,0.0
2020-10-21,1.0,-0.11758664955070604,-0.341393394795192,-0.3930213560508811,-0.4302018905356518,-0.051814680826234104,0.0
2020-10-22,1.0,-0.11742043942188704,-0.3431086413411473,-0.39470919236965607,-0.4289850335053352,-0.05061990707231082,0.0
2020-10-23,1.0,-0.11676667678442176,-0.3433654766630087,-0.3952695603446263,-0.4284246655303649,-0.05101683438791473,0.0
2020-10-26,1.0,-0.11771300448430494,-0.34517470104633785,-0.39480568011958145,-0.429862668161435,-0.04801943198804185,0.0
2020-10-27,1.0,-0.11459499813363194,-0.34600130645763344,-0.39737308697275103,-0.43024449421425903,-0.04469951474430758,0.0
2020-10-28,1.0,-0.11959691152114582,-0.3470339872635238,-0.3947141290909515,-0.4302876204250158,-0.04105530803144464,0.0
