Date,DBD,IWF,IWM,MTUM,SPY,VLUE,VXX
2018-09-24,1.0,-2.021121351766513,-3.135560675883257,-1.1342805939580134,-2.777009728622632,-2.732846902201741,0.0
2018-09-25,1.0,-2.0215274218349566,-3.1422347514095335,-1.1300615069195286,-2.7821629933367507,-2.7380830343413636,0.0
2018-09-26,1.0,-2.022319138019497,-3.1461005643919955,-1.1268599281682914,-2.7866854797331966,-2.7451257054899947,0.0
2018-09-27,1.0,-2.0258874791746764,-3.1311034217608613,-1.1299500192233756,-2.7854671280276815,-2.743047545815712,0.0
2018-09-28,1.0,-2.0302797023351298,-3.133307672568643,-1.1313831152168334,-2.7890685142417246,-2.746215037208109,0.0
2018-10-01,1.0,-2.039773458617583,-3.142360664178144,-1.1321920453082766,-2.801261423606642,-2.755953147123182,0.0
2018-10-02,1.0,-2.040277956504954,-3.13460301119547,-1.135117745463904,-2.801698623085832,-2.756659374597864,0.0
2018-10-03,1.0,-2.0383279742765277,-3.132218649517685,-1.1310610932475884,-2.802443729903537,-2.7578135048231514,0.0
2018-10-04,1.0,-2.0389210019267825,-3.1217726396917147,-1.1311496467565831,-2.8024405908798973,-2.7508028259473347,0.0
2018-10-05,1.0,-2.001659433239724,-3.096247127904008,-1.0910135307633393,-2.810696961960684,-2.765254020934388,0.0
2018-10-08,1.0,-2.004221568376615,-3.0992708200076757,-1.0832800307023154,-2.8308814123065114,-2.7751055392094153,0.0
2018-10-09,1.0,-2.0117252931323284,-3.1266589357041616,-1.070609457544131,-2.8634196624146373,-2.8125241592578276,0.0
2018-10-10,1.0,-2.0112127851527255,-3.1297847660781026,-1.0667611805645056,-2.8658332259311763,-2.8146668385101172,0.0
2018-10-11,1.0,-1.8748730964467009,-3.1815989847715738,-0.8379441624365483,-2.879314720812183,-2.916624365482234,0.0
2018-10-12,1.0,-1.8312762280918293,-3.1103431251542832,-0.7788200444334733,-2.795482596889657,-2.8265860281412,0.0
2018-10-15,1.0,-1.7919821273426835,-3.2302345786272806,-0.7021223780563485,-2.819784038724091,-2.867444458235075,0.0
2018-10-16,1.0,-1.789035305818001,-3.2593237195425164,-0.686723023371457,-2.8244654400795626,-2.8720785678766787,0.0
2018-10-17,1.0,-1.7023093577098867,-3.1116189559778684,-0.6095742121722396,-2.764974741400048,-2.8394274717344237,0.0
2018-10-18,1.0,-1.706748762525655,-3.1174695158758903,-0.6163225884341422,-2.7813594108414827,-2.851020161777134,0.0
2018-10-19,1.0,-1.6669457067687155,-3.083831619229849,-0.5712748146376465,-2.7858167902415687,-2.85099258550586,0.0
2018-10-22,1.0,-1.6877332370290115,-3.0833032382328156,-0.5503791982665222,-2.826652221018418,-2.889851932105453,0.0
2018-10-23,1.0,-1.6879295791631495,-3.091884722054745,-0.543108645845894,-2.8366091884722056,-2.8988303388399856,0.0
2018-10-24,1.0,-1.6840332090001202,-3.0835037901576223,-0.5264107808927926,-2.8370833834676934,-2.9010949344242567,0.0
2018-10-25,1.0,-1.5548008289201012,-2.917798756619848,-0.44692608795763294,-2.8083122265714944,-2.7849412848261568,0.0
2018-10-26,1.0,-1.50344671714318,-2.864052435303424,-0.38930952650016953,-2.7989603345010736,-2.74482992428523,0.0
2018-10-29,1.0,-1.4641407307171856,-2.9039242219215162,-0.34393324312133516,-2.7911592241768157,-2.7732295895354087,0.0
2018-10-30,1.0,-1.4625535754568013,-2.9073990525603426,-0.33803293480712837,-2.794721407624633,-2.7763365666591473,0.0
2018-10-31,1.0,-1.455254652847431,-2.8408559010364427,-0.33054719714699654,-2.7716482781678367,-2.7462387161484454,0.0
2018-11-01,1.0,-1.452630405706643,-2.8451850200624165,-0.32189032545697727,-2.7761925991975036,-2.7498885421310746,0.0
2018-11-02,1.0,-1.440105890138981,-2.7986984337083607,-0.30344142951687625,-2.762188396205603,-2.725788660930951,0.0
2018-11-05,1.0,-1.4328226606414636,-2.815827179543701,-0.30188471288438223,-2.760718615672875,-2.7105698225504242,0.0
2018-11-06,1.0,-1.43260917756595,-2.826756816670361,-0.30525382398581247,-2.7835291509643096,-2.7358678785191755,0.0
2018-11-07,1.0,-1.428919397697077,-2.8246235606731624,-0.304140832595217,-2.7806687333923827,-2.733392382639504,0.0
2018-11-08,1.0,-1.367449481157837,-2.8218459858001093,-0.23670125614418347,-2.7563080283997814,-2.7405789186237026,0.0
2018-11-09,1.0,-1.3663463638348985,-2.821030792749509,-0.23651452282157676,-2.7558418868748635,-2.7396811530901948,0.0
2018-11-12,1.0,-1.3520242476726563,-2.779714223857978,-0.2223424983762719,-2.7495128815760985,-2.7212600129898243,0.0
2018-11-13,1.0,-1.2997977217076546,-2.752688172043011,-0.1586287661024167,-2.7351218992867032,-2.6999893537740873,0.0
2018-11-14,1.0,-1.299552906110283,-2.752608047690015,-0.15754737066212476,-2.73536299765808,-2.7000212901852243,0.0
2018-11-15,1.0,-1.2933305012744265,-2.7513806287170777,-0.14581563296516567,-2.736512319456245,-2.6930756159728126,0.0
2018-11-16,1.0,-1.2822895765128315,-2.7254197908966105,-0.1369732812334988,-2.72489175203295,-2.6912028725314183,0.0
2018-11-19,1.0,-1.2820485744456176,-2.725026399155227,-0.13727560718057022,-2.7244984160506864,-2.6909186906019005,0.0
2018-11-20,1.0,-1.212351945854484,-2.7440778341793566,-0.03754230118443316,-2.7853214890016917,-2.796002538071066,0.0
2018-11-21,1.0,-1.1891132389675272,-2.7073272273105746,-0.016132389675270607,-2.7564529558701083,-2.739071606994172,0.0
2018-11-23,1.0,-1.1858967701734344,-2.6907259320801744,-0.017862706407726657,-2.755426316336068,-2.73527884515526,0.0
2018-11-26,1.0,-1.1925245353936103,-2.725725621215285,-0.012633117561077468,-2.765817498433911,-2.7437878471497177,0.0
2018-11-27,1.0,-1.1680515164104694,-2.733174075612796,-0.0,-2.7538429580390527,-2.731304528458662,0.0
2018-11-28,1.0,-1.1707496582904007,-2.8067500788560618,-0.0,-2.7782567553359265,-2.7583850278624755,0.0
2018-11-29,1.0,-1.08327328872877,-2.744107050952136,-0.0,-2.7338136901698404,-2.732166752444673,0.0
2018-11-30,1.0,-1.08221856349043,-2.743980242848323,-0.0,-2.734307470672978,-2.7296768882486107,0.0
2018-12-03,1.0,-1.0787816210635002,-2.7593185338151778,-0.0,-2.746721734641197,-2.7404233350542073,0.0
2018-12-04,1.0,-1.0580998656052931,-2.783624521864985,-0.0,-2.748681898066784,-2.747544712085186,0.0
2018-12-06,1.0,-1.0018032458425166,-2.6103987176918455,-0.0,-2.734622320176317,-2.671208174714486,0.0
2018-12-07,1.0,-0.9909493161705552,-2.6244971842316973,-0.0,-2.7498994368463396,-2.6910699919549477,0.0
2018-12-10,1.0,-0.948874831483978,-2.77216633827647,-0.0,-2.886031318054547,-2.763144249714819,0.0
2018-12-11,1.0,-0.9434471308498495,-2.7763826917090384,-0.0,-2.8864791947701565,-2.7703642212306736,0.0
2018-12-12,1.0,-0.9398268849723642,-2.794347690061529,-0.0,-2.90280529773699,-2.791636249869642,0.0
2018-12-13,1.0,-0.936947247945063,-2.7824367911767767,-0.0,-2.901675163874727,-2.7835813130787637,0.0
2018-12-14,1.0,-0.9360440931780367,-2.7783901830282867,-0.0,-2.902350249584027,-2.7826539101497505,0.0
2018-12-17,1.0,-0.8912794927762188,-2.788379586321588,-0.0,-2.8826525309219413,-2.831618334892423,0.0
2018-12-18,1.0,-0.8438108911906472,-2.7422828427853556,-0.0,-2.853758588862681,-2.815506101938263,0.0
2018-12-19,1.0,-0.8980577427821522,-2.803674540682415,-0.0,-2.918215223097113,-2.878740157480315,0.0
2018-12-20,1.0,-0.8806233766233766,-2.7561558441558445,-0.0,-2.9045194805194803,-2.8483116883116883,0.0
2018-12-21,1.0,-0.8636833402232328,-2.755994212484498,-0.0,-2.9078131459280696,-2.807461761058289,0.0
2018-12-24,1.0,-0.8031784841075794,-2.691320293398533,-0.0,-2.8762224938875307,-2.8167277913610436,0.0
2018-12-26,1.0,-0.7986400081193544,-2.7310463818126456,-0.0,-2.829392063330965,-2.790114685882472,0.0
2018-12-27,1.0,-0.6208697303456134,-2.562286365362704,-0.0,-2.60425370300038,-2.707462969996202,0.0
2018-12-28,1.0,-0.6076239610203497,-2.598643355307156,-0.0,-2.6249164039361803,-2.722652144836152,0.0
2018-12-31,1.0,-0.6113662456946038,-2.5965365480290856,-0.0,-2.6307883658629927,-2.7288557213930345,0.0
2019-01-02,1.0,-0.6028863614642072,-2.5954315205963874,-0.0,-2.6270668068431617,-2.7320080282901653,0.0
2019-01-03,1.0,-0.590948400115307,-2.615355049485923,-0.0,-2.6373594695877776,-2.765254155856635,0.0
2019-01-04,1.0,-0.5039731929152704,-2.6527525131641934,-0.0,-2.6192436572522735,-2.797989468645285,0.0
2019-01-07,1.0,-0.43731584450147326,-2.6139150270886797,-0.0,-2.6579222507366222,-2.7956468016348257,0.0
2019-01-08,1.0,-0.43117178612059154,-2.6021046643913537,-0.0,-2.65709139173303,-2.7901023890784984,0.0
2019-01-09,1.0,-0.42344474955023204,-2.5770286904649184,-0.0,-2.660827573146482,-2.8074992898399773,0.0
2019-01-10,1.0,-0.7309236947791165,-2.8647220460790535,-0.0,-2.9043542591418308,-3.0685901500739803,0.0
2019-01-11,1.0,-0.7371265098537826,-2.844882390336936,-0.0,-2.918308963763509,-3.0951472769654584,0.0
2019-01-14,1.0,-0.7291556027615508,-2.8488582049920343,-0.0,-2.9278810408921934,-3.115454062665959,0.0
2019-01-15,1.0,-0.7219092165408738,-2.8391623259275005,-0.0,-2.9285638354416923,-3.140639948974168,0.0
2019-01-16,1.0,-0.6980591791282215,-2.8394315409905615,-0.0,-2.9147311485841554,-3.1532506098207653,0.0
2019-01-17,1.0,-0.7038881237419218,-2.8279478758343046,-0.0,-2.9116431825405233,-3.150863438923615,0.0
2019-01-18,1.0,-0.7364857603439011,-2.8419129500268676,-0.0,-2.9504567436861904,-3.218054809242343,0.0
2019-01-22,1.0,-0.44487968662562954,-3.0321208729714604,-0.0,-3.261555679910465,-3.4532736429770563,0.0
2019-01-23,1.0,-0.45108879611869573,-2.9952611982398736,-0.0,-3.3126480875550044,-3.5238632517206363,0.0
2019-01-24,1.0,-0.456364458512322,-2.994121636898033,-0.0,-3.3260230612706305,-3.5281483156228806,0.0
2019-01-25,1.0,-0.462193698949825,-2.985530921820303,-0.0,-3.518903150525088,-3.7019836639439907,0.0
2019-01-28,1.0,-0.47330960854092524,-2.8850878199977035,-0.0,-3.4883480656641024,-3.6329927677648945,0.0
2019-01-29,1.0,-0.4745723797497417,-2.8556996900470666,-0.0,-3.495006313856044,-3.6544598783147744,0.0
2019-01-30,1.0,-0.47573149741824433,-2.8523235800344233,-0.0,-3.4913367756741245,-3.655077452667814,0.0
2019-01-31,1.0,-0.4528605962933118,-2.886727293657189,-0.0,-3.478761367560723,-3.6929895245769537,0.0
2019-02-01,1.0,-0.45454545454545453,-2.8901707429626216,-0.0,-3.493308721735118,-3.698661744347024,0.0
2019-02-04,1.0,-0.4505013253428604,-2.8931658407283622,-0.0,-3.4871499366140375,-3.6937881756367412,0.0
2019-02-05,1.0,-0.4198294990073573,-2.960060726380941,-0.0,-3.5521429405582157,-3.7461170150648138,0.0
2019-02-06,1.0,-0.42327918663082864,-2.9580460441743606,-0.0,-3.5555685403763007,-3.749444898913171,0.0
2019-02-07,1.0,-0.4228297698329244,-2.952681388012618,-0.0,-3.5536861782918563,-3.75441056198154,0.0
2019-02-08,1.0,-0.42992623814541625,-2.953284158763611,-0.0,-3.5732349841938884,-3.751902587519026,0.0
2019-02-11,1.0,-0.44300670509351836,-2.9536525114692385,-0.0,-3.5889895306434534,-3.777673214915892,0.0
2019-02-12,1.0,-0.45062162796152944,-2.9446399249354913,-0.0,-3.581984517945109,-3.7515833919774804,0.0
2019-02-13,1.0,-0.42161214953271026,-2.966121495327103,-0.0,-3.5653037383177573,-3.7292056074766355,0.0
2019-02-14,1.0,-0.9690790350526456,-3.211515393842463,-0.23430627748900437,-3.8436625349860054,-4.069305611088898,0.0
2019-02-15,1.0,-0.9701951349906442,-3.25273990911521,-0.22627639668537824,-3.8454958567228013,-4.070703020582732,0.0
2019-02-19,1.0,-0.969717182497332,-3.230923159018143,-0.21624866595517608,-3.853922091782284,-4.0697705442902885,0.0
2019-02-20,1.0,-0.9640037468218922,-3.254248628395557,-0.20620901913555464,-3.867924528301886,-4.088987019938445,0.0
2019-02-21,1.0,-0.9654757125652349,-3.2554529640037466,-0.20955439582496987,-3.865917302288237,-4.085106382978723,0.0
2019-02-22,1.0,-0.9647153167602245,-3.2419139267575514,-0.2198609997326918,-3.864341085271318,-4.07457898957498,0.0
2019-02-25,1.0,-0.9587642713230355,-3.245533915379449,-0.23895231699126931,-3.890530557421088,-4.098052384150436,0.0
2019-02-26,1.0,-0.9563172043010754,-3.2479838709677424,-0.2442204301075269,-3.895161290322581,-4.097177419354839,0.0
2019-02-27,1.0,-0.9652572044169134,-3.2413143011042282,-0.2528952329652572,-3.906409911123081,-4.1004578507945055,0.0
2019-02-28,1.0,-0.9651257096512571,-3.261286834279535,-0.2489862124898621,-3.9283590159502566,-4.113273857799405,0.0
2019-03-01,1.0,-0.9623561272850372,-3.270683818551117,-0.25890318212593094,-3.9385240352064996,-4.110629654705484,0.0
2019-03-04,1.0,-0.9477027027027027,-3.2622972972972977,-0.26054054054054054,-3.923918918918919,-4.118783783783784,0.0
2019-03-05,1.0,-0.9758316361167686,-3.257433808553972,-0.25919891378139853,-3.951663272233538,-4.133604887983707,0.0
2019-03-06,1.0,-0.9825494205862304,-3.2601226993865033,-0.267211997273347,-3.9768234492160874,-4.14655760054533,0.0
2019-03-07,1.0,-1.0218346608074707,-3.1973358967316674,-0.3003295797857732,-4.0487503433122765,-4.164240593243615,0.0
2019-03-08,1.0,-1.0210540992749582,-3.2069157836029,-0.37994980479643053,-4.119910764082543,-4.215281650864473,0.0
2019-03-11,1.0,-1.0279591257451035,-3.2512063582174284,-0.4267669599772921,-4.175702526256032,-4.310814646608005,0.0
2019-03-12,1.0,-1.0164238788917452,-3.168666095401314,-0.5092830619822908,-4.201513853184805,-4.385746929448729,0.0
2019-03-13,1.0,-1.051178838412881,-3.18372627947096,-0.5770557791834389,-4.1906267970097755,-4.373346751006325,0.0
2019-03-14,1.0,-1.0472497486715497,-3.181387333046101,-0.5747522619560534,-4.1881372971420365,-4.37024271147494,0.0
2019-03-15,1.0,-1.077012496367335,-3.194129613484452,-0.6079628015111885,-4.2327811682650385,-4.41862830572508,0.0
2019-03-18,1.0,-1.0948007702562583,-3.257591467930677,-0.7150051844171234,-4.273589097911421,-4.471633832024885,0.0
2019-03-19,1.0,-1.0825538233110619,-3.271566443949518,-0.712249443207127,-4.282850779510023,-4.498589458054938,0.0
2019-03-20,1.0,-1.0935123042505592,-3.296196868008949,-0.7096196868008948,-4.294108873974646,-4.520805369127517,0.0
2019-03-21,1.0,-1.1119892633462571,-3.2894422904861322,-0.719355800775425,-4.306889352818373,-4.484491500149121,0.0
2019-03-22,1.0,-1.1124304824891027,-3.284382985119495,-0.7843078310536599,-4.357733353374417,-4.492108823087329,0.0
2019-03-25,1.0,-1.0684427435972919,-3.047689137474242,-0.8885781571975272,-4.304827789225787,-4.409331763320577,0.0
2019-03-26,1.0,-1.073101596300164,-3.0886170371475457,-0.9406236013725197,-4.33984782933015,-4.476353871400865,0.0
2019-03-27,1.0,-1.085144388210777,-3.052694254242334,-0.9477523072342959,-4.3352188151235485,-4.464423935695147,0.0
2019-03-28,1.0,-1.062267796106405,-3.0335859711695647,-0.9824639619557141,-4.314459800861941,-4.4682716599791945,0.0
2019-03-29,1.0,-1.0547456114251712,-3.024695031240702,-0.999553704254686,-4.318803927402559,-4.478726569473371,0.0
2019-04-01,1.0,-1.0397439714200654,-3.033938672223876,-0.9803512950282822,-4.3329860077403985,-4.498362607919024,0.0
2019-04-02,1.0,-1.045245512535232,-3.0210651238688624,-1.0363447559709242,-4.308114523067794,-4.423824358403797,0.0
2019-04-03,1.0,-1.0598189104942854,-3.0184058186136262,-1.0347335609321655,-4.315422294789966,-4.415169956954133,0.0
2019-04-04,1.0,-1.0727622999407231,-3.008150563129816,-1.0163011262596326,-4.306461173681091,-4.415530527563723,0.0
2019-04-05,1.0,-1.0968940407192747,-2.998216674097191,-1.0211026898499032,-4.318026452667558,-4.426809332738891,0.0
2019-04-08,1.0,-1.1022930315664086,-2.9868969624776653,-1.030077427039905,-4.333085169743895,-4.437313877307922,0.0
2019-04-09,1.0,-1.1495438911320472,-2.952893674293405,-1.0614625392552715,-4.362643935995215,-4.427845072528788,0.0
2019-04-10,1.0,-1.1505826112936959,-2.9251568568867645,-1.0805198685389903,-4.3697340902300565,-4.412608305945622,0.0
2019-04-11,1.0,-1.1724652829625206,-2.888606838883082,-1.1016873226817978,-4.379572943108855,-4.389726743317904,0.0
2019-04-12,1.0,-1.1725630691147932,-2.888640095536647,-1.1010598596805494,-4.377071204657412,-4.388266905508285,0.0
2019-04-15,1.0,-1.1739781404401854,-2.9016319808354543,-1.1107950291959874,-4.382242850726157,-4.403503518490791,0.0
2019-04-16,1.0,-1.176849356094639,-2.901766996106619,-1.117100928421683,-4.380053908355794,-4.3987720874513325,0.0
2019-04-17,1.0,-1.1707137601177335,-2.888741721854305,-1.0950699043414276,-4.268874172185431,-4.293303899926417,0.0
2019-04-18,1.0,-1.1813775884858275,-2.87310912028198,-1.0960493464532237,-4.252900572771332,-4.283007783815538,0.0
2019-04-22,1.0,-1.1931468736271782,-2.86440181578562,-1.0691170010250404,-4.2422023722360525,-4.274710792209694,0.0
2019-04-23,1.0,-1.1992668621700882,-2.872140762463343,-1.076099706744868,-4.2475073313783,-4.267741935483871,0.0
2019-04-24,1.0,-1.1932282545242265,-2.829976649153532,-1.0793928779918271,-4.230735551663748,-4.260945709281962,0.0
2019-04-25,1.0,-1.200058582308143,-2.8308435852372584,-1.1013473930872877,-4.24340949033392,-4.2699179847685995,0.0
2019-04-26,1.0,-1.2083333333333335,-2.8170481220657275,-1.1103286384976525,-4.259683098591549,-4.275968309859155,0.0
2019-04-29,1.0,-1.2075388677031387,-2.8033147550601347,-1.101349369316515,-4.2632736872983275,-4.291434438251686,0.0
2019-04-30,1.0,-1.2095922557934877,-2.790554414784394,-1.1085362276327366,-4.2648870636550305,-4.293634496919918,0.0
2019-05-01,1.0,-1.274828897338403,-2.920912547528517,-1.074828897338403,-4.478631178707224,-4.4599239543726235,0.0
2019-05-02,1.0,-1.2511060259344013,-2.9437070938215104,-1.0498855835240275,-4.508771929824562,-4.502059496567505,0.0
2019-05-03,1.0,-1.2441005209929512,-2.972264787005823,-1.0496475635917868,-4.532332209623046,-4.524977015016856,0.0
2019-05-06,1.0,-1.2045906656465186,-2.9551644988523336,-1.015302218821729,-4.568171384850803,-4.5591430757459825,0.0
2019-05-07,1.0,-1.1946442234123946,-2.958530986993114,-1.032134659525631,-4.559449120122418,-4.557459831675592,0.0
2019-05-08,1.0,-1.1925011431184271,-2.925621094345374,-1.0784941319920744,-4.513336381649139,-4.5316262764822435,0.0
2019-05-09,1.0,-1.203374373005016,-2.9121447028423773,-1.0834473324213405,-4.499164006687947,-4.501747986016111,0.0
2019-05-10,1.0,-1.204403948367502,-2.910250569476082,-1.087015945330296,-4.492482915717539,-4.492027334851936,0.0
2019-05-13,1.0,-1.2175300015190642,-2.9132614309585296,-1.0771684642260368,-4.4862524684794165,-4.496430198997418,0.0
2019-05-14,1.0,-1.0901141247962058,-2.733807618200682,-1.2012746405809989,-4.403142137246183,-4.393063583815029,0.0
2019-05-15,1.0,-1.0556542332741268,-2.7434872705743043,-1.2246891651865008,-4.412670219064536,-4.365008880994671,0.0
2019-05-16,1.0,-1.040035587188612,-2.755634638196916,-1.2445136417556346,-4.415183867141163,-4.372479240806642,0.0
2019-05-17,1.0,-1.0419027736355504,-2.7538025648672835,-1.2684163435729199,-4.420518938264241,-4.427378467044438,0.0
2019-05-20,1.0,-1.0400655347036043,-2.728626750074471,-1.2865653857610961,-4.415847482871611,-4.4232946082812035,0.0
2019-05-21,1.0,-1.0187332738626227,-2.732530478739221,-1.3000297353553376,-4.400535236396075,-4.415700267618198,0.0
2019-05-22,1.0,-0.9997038353324448,-2.703539167777284,-1.3071227602547015,-4.394935584184807,-4.402932030208795,0.0
2019-05-23,1.0,-0.9934920869693831,-2.7037420499926044,-1.3132672681555981,-4.390622688951338,-4.389587339151013,0.0
2019-05-24,1.0,-0.970614163972965,-2.643549808992066,-1.3364678225095505,-4.368792242139289,-4.373493975903615,0.0
2019-05-28,1.0,-0.9709251101321587,-2.6362701908957415,-1.336417033773862,-4.3681350954478715,-4.372540381791484,0.0
2019-05-29,1.0,-0.9986737400530503,-2.6598880047155906,-1.3449749484232243,-4.381962864721485,-4.350869437076334,0.0
2019-05-30,1.0,-0.9986751067275135,-2.653025172972177,-1.342411305755925,-4.375386427204475,-4.35168555866333,0.0
2019-05-31,1.0,-0.9988209285187915,-2.6680913780397937,-1.3341193809874725,-4.378481945467945,-4.358879882092852,0.0
2019-06-03,1.0,-0.9773788674839463,-2.6452130764740223,-1.3479276123759487,-4.342673671920607,-4.281231757151197,0.0
2019-06-04,1.0,-0.973020271255651,-2.6370132711098146,-1.343444655096981,-4.341402945894706,-4.2887560157503275,0.0
2019-06-05,1.0,-0.9291821031632944,-2.548731832430892,-1.348247363921345,-4.28455400398974,-4.138358506697065,0.0
2019-06-06,1.0,-0.9179531160663237,-2.5926243567753007,-1.3106060606060606,-4.285448827901659,-4.187249857061178,0.0
2019-06-07,1.0,-0.9106887682194912,-2.6104601314661333,-1.312660760217205,-4.274792797942269,-4.181051729065447,0.0
2019-06-10,1.0,-0.8836114676936242,-2.6198830409356724,-1.3052346312936811,-4.264298958779062,-4.190272429040079,0.0
2019-06-11,1.0,-0.8911447084233262,-2.6358531317494602,-1.37451403887689,-4.289128869690424,-4.208351331893448,0.0
2019-06-12,1.0,-0.8877228292121909,-2.641460609545716,-1.3742093156986774,-4.277170787809086,-4.195658424381829,0.0
2019-06-13,1.0,-0.8972731207617949,-2.6749386812869718,-1.3987880536719088,-4.272399365170971,-4.184533256384361,0.0
2019-06-14,1.0,-0.9067282702858792,-2.6546347097892,-1.425209356049668,-4.28414669361825,-4.167629223216864,0.0
2019-06-17,1.0,-0.902294703420407,-2.650310290085149,-1.4222831577428199,-4.289074902583345,-4.168422571799682,0.0
2019-06-18,1.0,-0.9039572501444253,-2.6607452339688042,-1.420566146735991,-4.289716926632005,-4.167677642980936,0.0
2019-06-19,1.0,-0.9008050603795285,-2.6283783783783785,-1.4335825186889017,-4.276020701552617,-4.137147786083956,0.0
2019-06-20,1.0,-0.9153446783963081,-2.6440726853187195,-1.4301990193250649,-4.283963080473031,-4.148254975483127,0.0
2019-06-21,1.0,-0.918529199711608,-2.655227108868061,-1.4226387887527037,-4.274116798846432,-4.149098774333093,0.0
2019-06-24,1.0,-0.9033893395133256,-2.6507821552723057,-1.4382966396292003,-4.294177288528389,-4.197856315179606,0.0
2019-06-25,1.0,-0.9022589052997394,-2.6322038806834636,-1.4455545902114104,-4.300752968433247,-4.199391833188532,0.0
2019-06-26,1.0,-0.8654903095169222,-2.6342204223315013,-1.425947353196413,-4.29273936939543,-4.245154758461093,0.0
2019-06-27,1.0,-0.8825227305527493,-2.59503535863761,-1.4367152547265116,-4.275364410448838,-4.242459229326021,0.0
2019-06-28,1.0,-0.8926048724232377,-2.545192446302436,-1.4486089087501801,-4.290759694392389,-4.238287444140118,0.0
2019-07-01,1.0,-0.907234287357975,-2.5225082698115924,-1.445850711922911,-4.289802962749892,-4.21702862073925,0.0
2019-07-02,1.0,-0.8938370923717855,-2.5365608389599195,-1.4395920126418615,-4.279270219796006,-4.216491883350093,0.0
2019-07-03,1.0,-0.8903716458602382,-2.535227435787057,-1.4398048500502223,-4.271344525756923,-4.212512555603387,0.0
2019-07-05,1.0,-0.8891597361628908,-2.5308287926584456,-1.4320332664181246,-4.2689991396616005,-4.218095784341841,0.0
2019-07-08,1.0,-0.8888251326925837,-2.536651843351026,-1.4294936164108452,-4.269545258929853,-4.2207717687562765,0.0
2019-07-09,1.0,-0.8850838228972632,-2.5250035821750965,-1.429431150594641,-4.266657114199742,-4.222381430004298,0.0
2019-07-10,1.0,-0.8867249033366748,-2.511384791636832,-1.4257482457396533,-4.272375769726478,-4.2244021194329076,0.0
2019-07-11,1.0,-0.9089871611982882,-2.48074179743224,-1.4409415121255351,-4.249072753209701,-4.185592011412268,0.0
2019-07-12,1.0,-0.9018317115054381,-2.507727532913566,-1.4439038351459645,-4.263451631368059,-4.193188322839153,0.0
2019-07-15,1.0,-0.9046664758087604,-2.5485256226739192,-1.477669624964214,-4.2434869739478955,-4.13999427426281,0.0
2019-07-16,1.0,-0.9303425541063494,-2.5394868854808657,-1.515981080693708,-4.238927905976781,-4.108212698867709,0.0
2019-07-17,1.0,-0.9312922236596233,-2.5638924823918354,-1.5138709213741552,-4.247807963202529,-4.117291936179387,0.0
2019-07-18,1.0,-0.5643190122212424,-2.2420309940783674,-1.0772332115408847,-3.9198689681239767,-3.7955146780899587,0.0
2019-07-19,1.0,-0.58495995995996,-2.229854854854855,-1.0745745745745745,-3.86549049049049,-3.7577577577577572,0.0
2019-07-22,1.0,-0.5831038798498123,-2.230788485607009,-1.0688360450563206,-3.859574468085106,-3.7733416770963704,0.0
2019-07-23,1.0,-0.5846684742420508,-2.2224550160216907,-1.0468326349519348,-3.775203352230712,-3.6952181414838545,0.0
2019-07-24,1.0,-0.5785591344971723,-2.2153921809687733,-1.0527415785591345,-3.767273174329973,-3.6801081878534547,0.0
2019-07-25,1.0,-0.5870586817688879,-2.1418243161826727,-1.053259428846849,-3.6817688878178094,-3.58561272442463,0.0
2019-07-26,1.0,-0.6792403405370007,-2.2254092992796335,-1.3080550098231827,-4.024361493123772,-3.8603798297314995,0.0
2019-07-29,1.0,-0.6801026957637998,-2.2050064184852376,-1.2836970474967908,-3.9061617458279847,-3.762002567394095,0.0
2019-07-30,1.0,-0.6459781529294936,-2.155163853028798,-1.2393247269116185,-3.737835153922542,-3.6349304865938423,0.0
2019-07-31,1.0,-0.666956305858987,-2.1533018867924527,-1.2495034756703078,-3.719712015888778,-3.623510427010923,0.0
2019-08-01,1.0,-0.6718343048493117,-2.180577948654347,-1.2388689073545829,-3.7070569267022204,-3.6039935507875485,0.0
2019-08-02,1.0,-0.6208057726999399,-2.114371617558629,-1.2008418520745638,-3.567167769092002,-3.523271196632592,0.0
2019-08-05,1.0,-0.6079136690647482,-2.1074340527577937,-1.1844124700239809,-3.567026378896882,-3.523621103117506,0.0
2019-08-06,1.0,-0.5600891077500293,-2.0783210223941846,-1.14315863524446,-3.469105405088521,-3.4741470277875486,0.0
2019-08-07,1.0,-0.5469885165221468,-2.1101476447152567,-1.1129599250058588,-3.455237872041247,-3.492500585891727,0.0
2019-08-08,1.0,-0.5492264416315049,-2.113103609939053,-1.118846694796062,-3.4547585560243794,-3.484646038443507,0.0
2019-08-09,1.0,-0.5138888888888888,-2.073958333333333,-1.0827546296296295,-3.4153935185185187,-3.488078703703704,0.0
2019-08-12,1.0,-0.5174089068825911,-2.0564488143435513,-1.1198380566801618,-3.4205899363794097,-3.4530942741469057,0.0
2019-08-13,1.0,-0.5215542016323715,-2.0486262788826304,-1.1101276008736638,-3.390619611449592,-3.42453155535119,0.0
2019-08-14,1.0,-0.49289479715791884,-2.070020628008251,-1.1102452440980974,-3.371762548705019,-3.4151959660783864,0.0
2019-08-15,1.0,-0.482854598085059,-2.049209530171454,-1.0918503674014697,-3.2655310621242486,-3.24393230906257,0.0
2019-08-16,1.0,-0.4873164218958611,-2.0594125500667553,-1.0860035603026257,-3.251335113484646,-3.2418780596350687,0.0
2019-08-19,1.0,-0.5103172842245396,-2.0024406478810737,-1.1016197026847128,-3.259374306634125,-3.2202130019968935,0.0
2019-08-20,1.0,-0.5073268206039077,-2.0160968028419184,-1.116119005328597,-3.2586589698046184,-3.203041740674956,0.0
2019-08-21,1.0,-0.5140767013965861,-2.0107514963422743,-1.1397694524495678,-3.2420749279538903,-3.17734426956329,0.0
2019-08-22,1.0,-0.5093277403686941,-2.0129153328181917,-1.1154652831438348,-3.2290539794679325,-3.1718732751959373,0.0
2019-08-23,1.0,-0.5077805981679727,-2.00750469043152,-1.1168745171614611,-3.227679064120958,-3.1764705882352944,0.0
2019-08-26,1.0,-0.4856650140116405,-1.9429834015951715,-1.082129769346842,-3.168463030825609,-3.0989437378745417,0.0
2019-08-27,1.0,-0.4862187769164513,-1.9350775193798448,-1.0735357450473728,-3.1641903531438413,-3.1076658053402237,0.0
2019-08-28,1.0,-0.4769495906936665,-1.93548039638087,-1.069797501077122,-3.17266264541146,-3.1162214562688497,0.0
2019-08-29,1.0,-0.5068463611859839,-1.8929380053908356,-1.089056603773585,-3.186415094339623,-3.1064150943396225,0.0
2019-08-30,1.0,-0.4845810293492131,-1.8718630370055296,-1.0740110591237773,-3.1411101658868565,-3.062207571246278,0.0
2019-09-03,1.0,-0.5013771186440678,-1.8794491525423729,-1.0879237288135593,-3.1023305084745765,-3.0220338983050845,0.0
2019-09-04,1.0,-0.49333192209991533,-1.8567950889077054,-1.1039373412362405,-3.101185436071126,-3.0291066892464014,0.0
2019-09-05,1.0,-0.48530496155061625,-1.8620035815864322,-1.093963973454124,-3.0911197724639203,-3.0016854524386387,0.0
2019-09-06,1.0,-0.47389389809184307,-1.8436779198993498,-1.1024323757601173,-3.092996435311386,-2.9713776473055145,0.0
2019-09-09,1.0,-0.4758360415137855,-1.84600062899675,-1.101373309571234,-3.090994863193207,-2.9690743264493134,0.0
2019-09-10,1.0,-0.49905778894472363,-1.8221314907872699,-1.1401800670016753,-3.08249581239531,-2.925041876046901,0.0
2019-09-11,1.0,-0.5036069001568217,-1.8159958180867746,-1.1539989545216938,-3.0771562990067953,-2.904025091479352,0.0
2019-09-12,1.0,-0.5050114846523283,-1.7830444769262892,-1.162977657130925,-3.0845688035080387,-2.9049906034662767,0.0
2019-09-13,1.0,-0.5076874803890806,-1.790398493881393,-1.1500889028344317,-3.0866018198933163,-2.9243802949482274,0.0
2019-09-16,1.0,-0.5037021587235374,-1.7932005422880382,-1.1482949212639482,-3.0696631556992386,-2.9137553446657627,0.0
2019-09-17,1.0,-0.502814845704754,-1.7869057547956628,-1.1489783152627189,-3.072247706422018,-2.914303586321935,0.0
2019-09-18,1.0,-0.5032264779350542,-1.7746669442131557,-1.142901748542881,-3.06921315570358,-2.917985012489592,0.0
2019-09-19,1.0,-0.5008847715207662,-1.7821380243572396,-1.1451025294056416,-3.0608930987821377,-2.9201623815967523,0.0
2019-09-20,1.0,-0.5203591564000836,-1.798705366464815,-1.1650657757360616,-3.0492795990812276,-2.9070787220714136,0.0
2019-09-23,1.0,-0.5243583027763227,-1.8016762702985858,-1.176008381351493,-3.0590885280251445,-2.915557883708748,0.0
2019-09-24,1.0,-0.5329917389940395,-1.7997490327303147,-1.190107706786573,-3.0383770783227018,-2.895744013384921,0.0
2019-09-25,1.0,-0.5275606960508492,-1.7810774200270918,-1.1921433781390018,-3.036678128581849,-2.8824632697718036,0.0
2019-09-26,1.0,-0.5976525325155969,-1.7221106059003912,-1.386063233583589,-3.051707729724014,-2.816538014169398,0.0
2019-09-27,1.0,-0.5959455111015768,-1.7397833315456401,-1.4179984983374452,-3.1057599485144265,-2.8665665558296687,0.0
2019-09-30,1.0,-0.6372286966748637,-1.6208703089917675,-1.4793114508713783,-3.0921629423714316,-2.862183256709077,0.0
2019-10-01,1.0,-0.6373473323334047,-1.6071352046282408,-1.5014998928647951,-3.0989929290764944,-2.8685451039211483,0.0
2019-10-02,1.0,-0.6787950766573094,-1.6405743899805658,-1.5716907795292594,-3.0910170589505506,-2.8147268408551067,0.0
2019-10-03,1.0,-0.6627446785752487,-1.6976147181516739,-1.5387742004492457,-3.045673334046422,-2.751524227190074,0.0
2019-10-04,1.0,-0.6701909591110152,-1.741719710864171,-1.5697486244470817,-3.045096558420542,-2.7618944869996764,0.0
2019-10-07,1.0,-0.6540988904448993,-1.7856296455887106,-1.5757836906172573,-3.007648389529247,-2.7492190024776475,0.0
2019-10-08,1.0,-0.6585365853658536,-1.7854303212635652,-1.5754808208875042,-2.987213925002686,-2.7379391855592563,0.0
2019-10-09,1.0,-0.6505227224237252,-1.7829101770855558,-1.5515254960529123,-2.9720503520375505,-2.710689140174952,0.0
2019-10-10,1.0,-0.7073010304757729,-1.8748081561061172,-1.6543521157640868,-2.9550537162902875,-2.7709932032449025,0.0
2019-10-11,1.0,-0.7354860112794427,-1.8935087913303108,-1.7457702090014378,-2.914298352316709,-2.769213756496738,0.0
2019-10-14,1.0,-0.7872434830837494,-1.8279534109816973,-1.809761508596783,-2.943982251802552,-2.723793677204659,0.0
2019-10-15,1.0,-0.7938110026619343,-1.8266415261756876,-1.809117125110914,-2.939773735581189,-2.7221606033717833,0.0
2019-10-16,1.0,-0.7749192560418756,-1.864684263280989,-1.8502060363069386,-2.940193785499499,-2.7069829602405613,0.0
2019-10-17,1.0,-0.8000669792364367,-1.8620227729403884,-1.8641437820942173,-2.933355659745479,-2.70372851082831,0.0
2019-10-18,1.0,-0.8141493542953396,-1.8854576080853451,-1.8925322852330153,-2.923526108927569,-2.7138686131386858,0.0
2019-10-21,1.0,-0.824535734383793,-1.8628024760832864,-1.9000562746201464,-2.9317951603826673,-2.7357343837929093,0.0
2019-10-22,1.0,-0.8315010096477452,-1.8617904420013462,-1.8894996634507517,-2.9163114202378284,-2.719093560691048,0.0
2019-10-23,1.0,-0.8323796701447325,-1.8651408055649052,-1.881072590598003,-2.915292269718389,-2.7257937843599236,0.0
2019-10-24,1.0,-0.8876162395100932,-1.8412338398729873,-1.9777727375822183,-2.923792243139034,-2.7099115445679294,0.0
2019-10-25,1.0,-0.8824396326947059,-1.8451422741185806,-1.967577372180025,-2.9260854778369803,-2.7152250311756037,0.0
2019-10-28,1.0,-0.8980848153214774,-1.8782489740082078,-1.9960100319197445,-2.933424532603739,-2.6941404468764247,0.0
2019-10-29,1.0,-0.9464968152866242,-1.8925303995367693,-2.0748118123914305,-2.9558772437753333,-2.711059640995947,0.0
2019-10-30,1.0,-1.1765905903353309,-1.9956649241361724,-2.3575162565344896,-3.258702027285477,-2.961876832844575,0.0
2019-10-31,1.0,-1.183702187539977,-2.003454010489958,-2.366253038249968,-3.2589228604323903,-2.980299347575796,0.0
2019-11-01,1.0,-1.1986380573043813,-2.022484902993704,-2.3914942824103815,-3.2691764101246306,-2.9667223435693177,0.0
2019-11-04,1.0,-1.1907322068612394,-1.9973118279569895,-2.399641577060932,-3.267793138760881,-2.9452124935995907,0.0
2019-11-05,1.0,-1.2849566679601603,-2.0054326736515327,-2.5417151726814127,-3.2241624628120555,-2.8786702884491007,0.0
2019-11-06,1.0,-1.3066367594669483,-2.0409024937326827,-2.588863966222457,-3.2830188679245285,-2.975062673175881,0.0
2019-11-07,1.0,-1.3096560846560847,-2.0657407407407407,-2.588888888888889,-3.284920634920635,-2.9784391534391537,0.0
2019-11-08,1.0,-1.3123265953230283,-2.0402959439820325,-2.5961157352358306,-3.284978200554895,-2.9782005548949666,0.0
2019-11-11,1.0,-1.3230299814274342,-2.0127354736004244,-2.6564075351552137,-3.2860175112762007,-2.9877951711329263,0.0
2019-11-12,1.0,-1.3221273801707158,-1.9564018384766908,-2.625082074852265,-3.259093893630992,-2.9692711753118846,0.0
2019-11-13,1.0,-1.4111484217595702,-1.9834788448623235,-2.799328408327737,-3.270248488918737,-2.9676292813969107,0.0
2019-11-14,1.0,-1.411883317650222,-1.9845409329210917,-2.801451808038715,-3.2706008872160237,-2.974055652641484,0.0
2019-11-15,1.0,-1.4043693874815708,-1.9723897600857796,-2.8177188044498056,-3.2467497654469915,-2.9619353973998126,0.0
2019-11-18,1.0,-1.4160106737825218,-1.941160773849233,-2.80133422281521,-3.238292194796531,-2.945296864576384,0.0
2019-11-19,1.0,-1.4885737885462555,-2.120181718061674,-2.8269548458149782,-3.2943281938325994,-3.0364812775330394,0.0
2019-11-20,1.0,-1.4967777320718498,-2.110791169614699,-2.814753873577403,-3.2712189771013302,-3.0182366652954893,0.0
2019-11-21,1.0,-1.5485515021459226,-1.988868025751073,-2.7868830472103006,-3.118293991416309,-2.969286480686695,0.0
2019-11-22,1.0,-1.5571619812583668,-1.9755020080321286,-2.782730923694779,-3.114591700133869,-2.9568942436412313,0.0
2019-11-25,1.0,-1.5659949286000268,-1.9699719738422528,-2.7764580274923265,-3.1004937942079276,-2.9327372214066463,0.0
2019-11-26,1.0,-1.5572569906790945,-1.9444740346205058,-2.7768308921438085,-3.0998668442077233,-2.93728362183755,0.0
2019-11-27,1.0,-1.56807131280389,-1.9611021069692058,-2.802404105888709,-3.158427876823339,-3.0162074554294978,0.0
2019-11-29,1.0,-1.614600326264274,-1.948885263730288,-2.8743882544861337,-3.1924959216965743,-2.9639749864056553,0.0
2019-12-02,1.0,-1.6681906345247992,-1.9887780548628433,-2.9865613743419233,-3.230950401773345,-2.979772790246606,0.0
2019-12-03,1.0,-1.607438577439935,-1.9686439527623183,-2.8910004072213926,-3.1679109542554635,-2.939052531559658,0.0
2019-12-04,1.0,-1.6414058209774849,-2.0270455793520044,-2.9264140582097746,-3.1846512904997253,-2.9492037342119715,0.0
2019-12-05,1.0,-1.6576614020504297,-2.0157938487115543,-2.9804655029093934,-3.1892490994735385,-3.0110834026046,0.0
2019-12-06,1.0,-1.7581033262561925,-2.1037508846426043,-3.048124557678698,-3.2468506723283794,-2.997452229299363,0.0
2019-12-09,1.0,-1.7522174535050072,-2.0297567954220312,-3.148927038626609,-3.325464949928469,-3.049928469241774,0.0
2019-12-10,1.0,-2.0959183673469384,-2.1406593406593406,-3.6788069073783354,-3.6648351648351642,-3.118367346938775,0.0
2019-12-11,1.0,-2.0933271115258982,-2.0987711930315758,-3.6453569762015867,-3.6207808368331,-3.0962824700575515,0.0
2019-12-12,1.0,-2.0896798259247746,-2.100404103201741,-3.6422132421510724,-3.6168790798880948,-3.093099160708735,0.0
2019-12-13,1.0,-2.1024824952259706,-2.109325270528326,-3.773551877784851,-3.73742838956079,-3.190483768300446,0.0
2019-12-16,1.0,-2.1274494185120276,-2.0935160108332003,-3.81886251393978,-3.745419786522224,-3.145929584196272,0.0
2019-12-17,1.0,-2.304432222581689,-2.020867033322549,-3.945325137495956,-3.804432222581689,-3.1009382076997736,0.0
2019-12-18,1.0,-2.421555915721232,-2.0724473257698546,-3.8894651539708267,-3.740680713128039,-3.0833063209076177,0.0
2019-12-19,1.0,-2.4404567699836868,-2.1150081566068515,-3.9115823817292004,-3.744698205546493,-3.101468189233279,0.0
2019-12-20,1.0,-2.444716242661448,-2.154598825831702,-3.916014350945858,-3.7279843444227008,-3.064416177429876,0.0
2019-12-23,1.0,-2.201401311866428,-1.9429039952295766,-3.511329755515802,-3.44335122242099,-2.808437686344663,0.0
2019-12-24,1.0,-2.2066448152562574,-1.9472586412395712,-3.497020262216925,-3.4427890345649583,-2.804976162097735,0.0
2019-12-26,1.0,-2.216392470727731,-1.9463465243812064,-3.4649473840225284,-3.4216688898769823,-2.771898621609604,0.0
2019-12-27,1.0,-2.2237762237762237,-1.9657789019491143,-3.489064127361999,-3.4265734265734262,-2.773545603332837,0.0
2019-12-30,1.0,-2.265868263473054,-1.9688622754491019,-3.541766467065868,-3.451796407185629,-2.7417664670658684,0.0
2019-12-31,1.0,-2.252240143369175,-1.9704301075268815,-3.5330047789725207,-3.4442951015531658,-2.7343189964157704,0.0
2020-01-02,1.0,-2.2483611442193085,-1.9757151370679382,-3.5193682955899885,-3.43057210965435,-2.7245232419547083,0.0
2020-01-03,1.0,-2.2676646706586827,-1.9396706586826347,-3.5258982035928144,-3.472005988023952,-2.764820359281437,0.0
2020-01-06,1.0,-2.298572501878287,-1.968895567242675,-3.534034560480842,-3.4638617580766344,-2.7610818933132983,0.0
2020-01-07,1.0,-2.290627816161009,-1.9740162210874135,-3.5315410033042958,-3.4549414238510066,-2.7683989185941726,0.0
2020-01-08,1.0,-2.290133653701757,-1.9713170145667518,-3.5280072082895333,-3.449917405015768,-2.7780447514641837,0.0
2020-01-09,1.0,-2.3053883202889827,-1.9902167369054784,-3.5215231788079473,-3.449578567128236,-2.7843166767007825,0.0
2020-01-10,1.0,-2.3231698113207546,-1.9954716981132077,-3.5352452830188676,-3.45388679245283,-2.7865660377358488,0.0
2020-01-13,1.0,-2.3275914173466306,-1.9962224236929587,-3.5423088546388635,-3.457388939256573,-2.7866424901783016,0.0
2020-01-14,1.0,-2.416488222698073,-1.9819516671765067,-3.6283267054145,-3.500611807892322,-2.7678189048638733,0.0
2020-01-15,1.0,-2.4444444444444446,-1.9825046040515653,-3.645181092694905,-3.513812154696133,-2.760742786985881,0.0
2020-01-16,1.0,-2.445620493940788,-1.9753029605767756,-3.628624022089278,-3.5154164749194665,-2.7749654855039116,0.0
2020-01-17,1.0,-2.41062509459664,-1.9308309368851215,-3.5745421522627514,-3.453761162403511,-2.7655516876040562,0.0
2020-01-21,1.0,-2.4173503494378608,-1.9518383470069887,-3.5808264965056216,-3.46703129747797,-2.7759039805530232,0.0
2020-01-22,1.0,-2.4214687547514067,-1.9581876235365667,-3.576706705184735,-3.4746845066139582,-2.773452942070853,0.0
2020-01-23,1.0,-2.4445292232565237,-1.9539142377537002,-3.5618800549366703,-3.493056615290706,-2.806806043033725,0.0
2020-01-24,1.0,-2.443665192864766,-1.95426132032322,-3.56136606189968,-3.489861259338314,-2.7972251867662754,0.0
2020-01-27,1.0,-2.4194625778047674,-1.9386670715044787,-3.560649764688022,-3.4648550174586306,-2.7977835129801125,0.0
2020-01-28,1.0,-2.3948008513225902,-1.9948312557008208,-3.616448768622681,-3.452113104287017,-2.7439951352994827,0.0
2020-01-29,1.0,-1.741087458322647,-1.506924852526289,-3.13541933829187,-3.1333675301359327,-2.3070017953321367,0.0
2020-01-30,1.0,-1.8208160083160083,-1.498570686070686,-3.1817827442827444,-3.2229729729729732,-2.269620582120582,0.0
2020-01-31,1.0,-1.8182888540031399,-1.5244636316064888,-3.2152014652014653,-3.2405808477237055,-2.2837519623233913,0.0
2020-02-03,1.0,-1.7981792537504808,-1.473394024874984,-3.1369406334145404,-3.1739966662392614,-2.2396461084754455,0.0
2020-02-04,1.0,-1.7695568400770711,-1.4503532434168271,-3.14373795761079,-3.2,-2.2815671162491973,0.0
2020-02-05,1.0,-1.7146483879157146,-1.4385630870779385,-3.1132267072861133,-3.178217821782178,-2.2489210459507487,0.0
2020-02-06,1.0,-1.8054914036438288,-1.4305876315114192,-3.2508339748524504,-3.1801385681293306,-2.1633307672568645,0.0
2020-02-07,1.0,-1.7973094170403587,-1.4422805893657913,-3.2322869955156954,-3.1736066623959003,-2.16668802049968,0.0
2020-02-10,1.0,-1.7924913804111862,-1.4339164857617162,-3.2211722640786613,-3.166006895671051,-2.1560464819307876,0.0
2020-02-11,1.0,-1.7639822447685476,-1.4139505389980978,-3.1879518072289152,-3.1370957514267594,-2.1792010145846543,0.0
2020-02-12,1.0,-1.9645642358735804,-1.452729511561089,-3.553974551922287,-3.4404159255712137,-2.270214803666712,0.0
2020-02-13,1.0,-1.9607438016528926,-1.4792011019283746,-3.6141873278236916,-3.4679063360881544,-2.2519283746556473,0.0
2020-02-14,1.0,-1.9675190048375952,-1.4885970974429856,-3.629578438147892,-3.467311679336559,-2.2686938493434696,0.0
2020-02-18,1.0,-1.9588381057268724,-1.489262114537445,-3.6130231277533045,-3.447824889867842,-2.257433920704846,0.0
2020-02-19,1.0,-1.8957197382769904,-1.5826063249727371,-3.5410305343511452,-3.3615049073064345,-2.2505452562704473,0.0
2020-02-20,1.0,-1.913347022587269,-1.5916495550992469,-3.5548254620123205,-3.3708418891170426,-2.2587268993839835,0.0
2020-02-21,1.0,-1.8971694243128676,-1.6015315192123616,-3.5536715438260633,-3.3653767263776837,-2.256392725283741,0.0
2020-02-24,1.0,-1.8701942951632908,-1.646410362408709,-3.597492076615682,-3.392310872261265,-2.273391208488356,0.0
2020-02-25,1.0,-1.6712166951043446,-1.673579209870062,-3.5156844730279566,-3.1582884893030587,-2.1061819136369606,0.0
2020-02-26,1.0,-1.6623658661216145,-1.5735820132856413,-3.4532447623914155,-3.1129279509453243,-1.9726622381195706,0.0
2020-02-27,1.0,-1.6721602434077076,-1.5624999999999998,-3.4018762677484786,-3.0881085192697766,-1.9530933062880322,0.0
2020-02-28,1.0,-1.5060329067641682,-1.7689213893967093,-3.193053016453382,-2.8377818403412554,-1.8820231566118222,0.0
2020-03-02,1.0,-1.5505535953278988,-1.7140771383379974,-3.1663219369753013,-2.8527801435697775,-1.883197469278501,0.0
2020-03-03,1.0,-1.393942831215971,-1.8338248638838477,-2.730149727767695,-2.608779491833031,-1.7764292196007259,0.0
2020-03-04,1.0,-1.256136843274464,-1.9121403976452294,-2.7590803065644787,-2.5003887593024547,-1.6796623347772963,0.0
2020-03-05,1.0,-1.2021300199689373,-2.2341912580430443,-2.60372753494564,-2.4184601730641226,-1.6352340803195031,0.0
2020-03-06,1.0,-1.183905556157262,-2.354164410267519,-2.4604137333477745,-2.292321022419582,-1.5399111881295355,0.0
2020-03-09,1.0,-1.1655076495132128,-2.3343318711886165,-2.4348988980421526,-2.2644698833850434,-1.4994115759067081,0.0
2020-03-10,1.0,-1.4866171003717472,-1.58317843866171,-2.194981412639405,-1.982063197026022,-1.0468401486988848,0.0
2020-03-11,1.0,-1.3451781136745338,-1.6650755767700878,-2.0673561389551844,-1.8105719084239373,-0.9512065765049059,0.0
2020-03-12,1.0,-1.3725441016637407,-1.4396789566089792,-1.8766825516261183,-1.7677451718083772,-0.9039377978429897,0.0
2020-03-13,1.0,-1.3964681189838606,-1.1004559600492148,-1.556850256929869,-1.5474415575016285,-0.6363175797930086,0.0
2020-03-16,1.0,-1.2113164742777074,-1.285247214252352,-1.3805965169813839,-1.3840661906986054,-0.4112230599853206,0.0
2020-03-17,1.0,-1.0779645191409897,-0.9431022408963585,-0.9701797385620915,-1.2850723622782445,-0.5593487394957983,0.0
2020-03-18,1.0,-1.1612145080353173,-0.9789112621482564,-1.2056787143492347,-1.3194435622181286,-0.6867814266658198,0.0
2020-03-19,1.0,-1.1644299591002045,-0.9989135991820041,-1.2175357873210633,-1.3314161554192228,-0.6782975460122699,0.0
2020-03-20,1.0,-1.1623882503192848,-0.9977650063856961,-1.216219667943806,-1.3296296296296297,-0.6796934865900384,0.0
2020-03-23,1.0,-1.1575117073788128,-1.0950512593342616,-1.1065055056321986,-1.3135046196683964,-0.6557397797747121,0.0
2020-03-24,1.0,-1.1556791606093169,-1.0979710511345682,-1.0970229441881045,-1.3037102585171607,-0.666392769104355,0.0
2020-03-25,1.0,-1.1686176987929886,-1.090556195790623,-0.9087159580275369,-1.3054527809789533,-0.5921028689270335,0.0
2020-03-26,1.0,-1.1738050524020112,-1.0899618343732962,-0.8998606651723512,-1.302295995638214,-0.5921124371478766,0.0
2020-03-27,1.0,-1.164103781986582,-1.0670901858338777,-0.8480674464169091,-1.2944843555186132,-0.5634388173128303,0.0
2020-03-30,1.0,-1.1636633076467102,-1.0659158269116777,-0.8473621813870776,-1.2998221695317131,-0.550978067575578,0.0
2020-03-31,1.0,-1.1431026309552026,-1.0965276131784782,-0.8445129177530222,-1.2860274946669827,-0.555463379947855,0.0
2020-04-01,1.0,-1.1433222827373906,-1.1040137343121004,-0.8358394506275161,-1.2846909779777411,-0.5520956665877339,0.0
2020-04-02,1.0,-1.1568570091270771,-1.0491457992043063,-0.8190381465012873,-1.2931780950152119,-0.5324713316171308,0.0
2020-04-03,1.0,-1.1498481663162812,-1.057871992525111,-0.8192011212333566,-1.2762205092268162,-0.536615276804485,0.0
2020-04-06,1.0,-1.161050661050661,-1.036153036153036,-0.8192348192348192,-1.2917397917397917,-0.5418275418275418,0.0
2020-04-07,1.0,-1.1275720164609053,-0.9990283493369913,-0.7885230909922267,-1.2817786922725194,-0.5186899862825789,0.0
2020-04-08,1.0,-1.13022351797862,-0.9973132109986852,-0.7954038758360488,-1.2826273366489453,-0.5110044017607043,0.0
2020-04-09,1.0,-1.134316369269608,-1.012335762235355,-0.7943083366802456,-1.2922141258821505,-0.5043892363302542,0.0
2020-04-13,1.0,-1.150641760256704,-0.9659064863625945,-0.806325922530369,-1.2957254182901672,-0.5114600045840019,0.0
2020-04-14,1.0,-1.0933175835302058,-0.9356508043649454,-0.8092023849701878,-1.2588592642591967,-0.5278996512543593,0.0
2020-04-15,1.0,-1.0437604924454393,-0.9640179071068831,-0.766536094012311,-1.252546166759933,-0.5691102406267488,0.0
2020-04-16,1.0,-1.0474755927475594,-0.9477824267782428,-0.7639609483960949,-1.255676429567643,-0.5639609483960949,0.0
2020-04-17,1.0,-1.0297029702970297,-0.928480557552962,-0.7570662094142374,-1.2406659660379444,-0.5754189944134078,0.0
2020-04-20,1.0,-1.0455197528139482,-0.900297947472964,-0.7690355329949238,-1.2387993820348708,-0.5638931803133965,0.0
2020-04-21,1.0,-1.0521494398763864,-0.9062413774074278,-0.765741404999724,-1.23933557750676,-0.5549914463881684,0.0
2020-04-22,1.0,-1.0401648351648352,-0.9206593406593406,-0.7471428571428571,-1.2403846153846154,-0.5462087912087912,0.0
2020-04-23,1.0,-1.025934861278649,-0.9343129729136967,-0.7358811273165917,-1.236648755345981,-0.5502796359249919,0.0
2020-04-24,1.0,-1.0212112907645932,-0.9347766511372979,-0.7390517950123321,-1.2372156755275416,-0.548698273499589,0.0
2020-04-27,1.0,-1.0269469293672135,-0.9361176664288458,-0.7334943197409581,-1.2367597826683496,-0.5548542890071895,0.0
2020-04-28,1.0,-1.0196393897364773,-0.9913453536754507,-0.7312621359223301,-1.245603328710125,-0.5600554785020805,0.0
2020-04-29,1.0,-0.9885554859648124,-1.0881398394351762,-0.7084780504469623,-1.2748960883675908,-0.6337186129932243,0.0
2020-04-30,1.0,-0.9900686680665115,-1.0677033085522956,-0.7142613926564894,-1.2852278531297883,-0.6177855967311731,0.0
2020-05-01,1.0,-0.9717169413240577,-1.1025260877002907,-0.7118093174431203,-1.2839710326737754,-0.6322632149170326,0.0
2020-05-04,1.0,-0.9753557199772339,-1.0980079681274901,-0.707854297097325,-1.2900967558338077,-0.6202618099032442,0.0
2020-05-05,1.0,-0.9729283967468578,-1.095205596314622,-0.7058522436444293,-1.2893704146050162,-0.6239549564920662,0.0
2020-05-06,1.0,-0.987084976284359,-1.0955483170466882,-0.7325561460654895,-1.3001314360820617,-0.5992913880793188,0.0
2020-05-07,1.0,-0.9834786599357503,-1.1018815970628728,-0.7278568150527764,-1.312872877466728,-0.6104864616796696,0.0
2020-05-08,1.0,-0.9921160154226851,-1.1058295448005984,-0.7241756344593429,-1.3237612936640386,-0.6088507797663578,0.0
2020-05-11,1.0,-0.9983342906375645,-1.0754738655944858,-0.7356117174037908,-1.3322802986789202,-0.6021252153934521,0.0
2020-05-12,1.0,-1.0055795225769342,-1.0740293356341672,-0.748461317227495,-1.3328156456715559,-0.5911993097497843,0.0
2020-05-13,1.0,-1.0078241859394776,-1.0746749510988378,-0.7495109883787827,-1.3394315959038086,-0.5815786445748475,0.0
2020-05-14,1.0,-1.0094263708472238,-1.0697206575468445,-0.7532474997126106,-1.3423381997930797,-0.5731118519370042,0.0
2020-05-15,1.0,-1.025465624281444,-1.0648999770062082,-0.7552885720855369,-1.3432973097263738,-0.5594964359622902,0.0
2020-05-18,1.0,-1.027462720939605,-1.0510104208647588,-0.7478841614370428,-1.345443030686856,-0.5855259370142207,0.0
2020-05-19,1.0,-1.0388633754305396,-1.017451205510907,-0.7870838117106774,-1.3508610792192883,-0.5462686567164179,0.0
2020-05-20,1.0,-1.039664772401125,-1.0160725561104413,-0.787268239481086,-1.3522759887492108,-0.5449170541300729,0.0
2020-05-21,1.0,-1.045045045045045,-1.0065989556435415,-0.7946290239283869,-1.3539335513857806,-0.5380731049520858,0.0
2020-05-22,1.0,-1.0449251247920133,-1.012106259682139,-0.7912674278501348,-1.3528027999311492,-0.5364622181421769,0.0
2020-05-26,1.0,-1.0455067141053598,-1.0130838976242396,-0.7918053483300814,-1.353093079306783,-0.5350625502123264,0.0
2020-05-27,1.0,-1.0684640147160267,-0.9979880432283282,-0.8321453207633939,-1.3558289261899286,-0.4939641296849851,0.0
2020-05-28,1.0,-1.0666436662641596,-1.0021850382381692,-0.8283019952849175,-1.356621240871715,-0.4963486861020067,0.0
2020-05-29,1.0,-1.0627191721759126,-1.0046565104915206,-0.8245472837022133,-1.3558493820063238,-0.5010060362173039,0.0
2020-06-01,1.0,-1.0645962015817123,-1.025168850660971,-0.8014200773538072,-1.3688737516596434,-0.5126132886913353,0.0
2020-06-02,1.0,-1.0879775674728356,-1.0456244888421544,-0.8189040775791564,-1.3884215445729642,-0.500876270592359,0.0
2020-06-03,1.0,-1.0937536622524318,-1.046349466776046,-0.8406773702097737,-1.388491737958514,-0.49039024961912575,0.0
2020-06-04,1.0,-1.0948609644491376,-1.0500410653525754,-0.8343892995424146,-1.3948726974070162,-0.49231491258946375,0.0
2020-06-05,1.0,-1.075130598109996,-1.036626166578623,-0.8131126372013852,-1.4008334800727829,-0.5438750953806422,0.0
2020-06-08,1.0,-1.0791603142957664,-1.014659317462179,-0.8443180485516595,-1.397208865955201,-0.5283804386067784,0.0
2020-06-09,1.0,-1.0802436284075454,-1.027496895511797,-0.8474957128496244,-1.4131038968718583,-0.5449115960026018,0.0
2020-06-10,1.0,-1.0662031259285671,-1.048731205800202,-0.8360373209722469,-1.4311523147322756,-0.5607060082011054,0.0
2020-06-11,1.0,-1.0531484347101534,-1.075348172836567,-0.8093679323890013,-1.4346506368289489,-0.579157243185335,0.0
2020-06-12,1.0,-1.0461836770668078,-1.0259122157588578,-0.8427052118220811,-1.4080733298078616,-0.5529114519066926,0.0
2020-06-15,1.0,-1.049955869373345,-1.0295380994410122,-0.8392468373050899,-1.4132391879964696,-0.5521035598705502,0.0
2020-06-16,1.0,-1.0523994354269584,-1.0188191013879089,-0.8348035756292637,-1.4177840508115738,-0.5571630204657728,0.0
2020-06-17,1.0,-1.0489896616541352,-1.0115718984962405,-0.8371123120300752,-1.417234492481203,-0.5592105263157895,0.0
2020-06-18,1.0,-1.049333411640336,-1.0097492218241615,-0.8381981558700887,-1.417043519116697,-0.5586421565748517,0.0
2020-06-19,1.0,-1.0492361927144536,-1.010458284371328,-0.8391304347826087,-1.4168037602820212,-0.5598119858989424,0.0
2020-06-22,1.0,-1.054236086494151,-1.010457284650833,-0.8776438615148292,-1.4146283823703178,-0.5511048091693254,0.0
2020-06-23,1.0,-1.0574012768976118,-1.0122369354457317,-0.8787538425159612,-1.416528730196264,-0.5466422322061952,0.0
2020-06-24,1.0,-1.053184581783838,-1.0032465615961277,-0.8773390000590284,-1.414792515199811,-0.5543356354406469,0.0
2020-06-25,1.0,-1.049596512929257,-0.9976438711197502,-0.8810743947693938,-1.4136773281498498,-0.5483300936561231,0.0
2020-06-26,1.0,-1.049343461108167,-0.9936406995230525,-0.8784078195842902,-1.4143555320025907,-0.5524936701407289,0.0
2020-06-29,1.0,-1.0431029420400495,-0.9839685242821069,-0.8810852075870574,-1.4076575253978507,-0.5565212284925715,0.0
2020-06-30,1.0,-1.0462305661484306,-0.9744206512173658,-0.8852449398650631,-1.4061601642710473,-0.5547667937811676,0.0
2020-07-01,1.0,-1.043483356774496,-0.9754453820909517,-0.8771683075480545,-1.4110407876230662,-0.5532114392873887,0.0
2020-07-02,1.0,-1.0407685098406747,-0.9804943767572634,-0.8761715089034675,-1.4076265229615743,-0.5524835988753515,0.0
2020-07-06,1.0,-1.0431701030927834,-0.9806115276476101,-0.8751171508903467,-1.4077436738519211,-0.5509606373008434,0.0
2020-07-07,1.0,-1.0312664675917795,-0.9977750453773641,-0.867556648515721,-1.4099186135019615,-0.548568417354646,0.0
2020-07-08,1.0,-1.0309169692001405,-0.9998828902681813,-0.8663192411289379,-1.4100597259632277,-0.548366319241129,0.0
2020-07-09,1.0,-0.969593267882188,-1.0253015427769987,-0.7681907433380084,-1.2992426367461432,-0.5477138849929873,0.0
2020-07-10,1.0,-0.9614133482894,-1.0276500280426248,-0.7619742007851936,-1.2993830622546272,-0.5581043185642176,0.0
2020-07-13,1.0,-0.9574217435207,-1.0325367440816784,-0.7594524851340738,-1.299169752047571,-0.561146639739706,0.0
2020-07-14,1.0,-0.9380044843049327,-1.028195067264574,-0.7448991031390135,-1.3114349775784753,-0.582847533632287,0.0
2020-07-15,1.0,-0.9399596367305751,-1.0227603991478864,-0.7485704675412042,-1.31062899428187,-0.5840901446350487,0.0
2020-07-16,1.0,-0.9366201132985585,-1.0322508273038309,-0.7433395030568176,-1.3102810028605083,-0.5864041729766112,0.0
2020-07-17,1.0,-0.9360973967684021,-1.0314183123877918,-0.7444456912028725,-1.3084043985637341,-0.5899910233393177,0.0
2020-07-20,1.0,-0.9629001244203144,-1.0304829770387967,-0.7525732383214568,-1.3222486144101346,-0.5872638841759982,0.0
2020-07-21,1.0,-0.944042505087045,-1.036231064888085,-0.7455347049513904,-1.327379606601854,-0.5991408546235587,0.0
2020-07-22,1.0,-0.9224289025838186,-1.0534856109006614,-0.7308192457737323,-1.336066037202465,-0.61101373890428,0.0
2020-07-23,1.0,-0.9261292878976565,-1.0577946337597646,-0.7342918600701913,-1.3365787388203327,-0.6057964451488735,0.0
2020-07-24,1.0,-0.9090600802577291,-1.0692364211835188,-0.7204544170010738,-1.3308087944384785,-0.6224495563217092,0.0
2020-07-27,1.0,-0.9127141161173612,-1.0697608683362543,-0.7206173328056985,-1.3337667476963084,-0.6163152241506021,0.0
2020-07-28,1.0,-0.9195291720898647,-1.0663233546488595,-0.7210684171806916,-1.3371625827627185,-0.614962367721125,0.0
2020-07-29,1.0,-0.9296022727272728,-1.061193181818182,-0.7259090909090911,-1.340284090909091,-0.6247727272727274,0.0
2020-07-30,1.0,-0.9370649321008786,-1.0751454981170832,-0.7311993609494465,-1.3524477918521054,-0.6100079881319184,0.0
2020-07-31,1.0,-0.9593183383061741,-1.0861257746155613,-0.740245581822355,-1.3567821895799863,-0.5954785402800092,0.0
2020-08-03,1.0,-0.935302229372558,-1.103539416226155,-0.7470121811077912,-1.3505515973339464,-0.6094001378993334,0.0
2020-08-04,1.0,-0.9319383766383076,-1.091917682225799,-0.74442400551851,-1.3600252931708439,-0.6201425615083928,0.0
2020-08-05,1.0,-0.9434522078073188,-1.0998894641922161,-0.7633370178602595,-1.38507184827506,-0.6259817325033452,0.0
2020-08-06,1.0,-0.9453688619967419,-1.0907028159180823,-0.7673958575750522,-1.3846869909239004,-0.6297998603676984,0.0
2020-08-07,1.0,-0.9463275188145381,-1.0947435972230326,-0.7748672772883728,-1.3786826906248177,-0.6392859226416194,0.0
2020-08-10,1.0,-0.9407165363519664,-1.1008285680942933,-0.7739526199089742,-1.3792741276695064,-0.640273077371922,0.0
2020-08-11,1.0,-0.9385162305495658,-1.0941197039454513,-0.7764438487091322,-1.3770616003263594,-0.6415875050993648,0.0
2020-08-12,1.0,-0.9235917132216015,-1.098812849162011,-0.7550046554934823,-1.3798300744878957,-0.6621857541899442,0.0
2020-08-13,1.0,-0.9167538658295548,-1.1070224392512498,-0.738809440762702,-1.37832810138356,-0.672421811417277,0.0
2020-08-14,1.0,-0.9179746541099871,-1.1084176258574585,-0.7389838390884781,-1.378502499709336,-0.6693989071038251,0.0
2020-08-17,1.0,-0.9184160027911844,-1.1109495842298074,-0.7385590509972669,-1.3768099087050067,-0.6702331802058498,0.0
2020-08-18,1.0,-0.9194853583279967,-1.1087500727717297,-0.7171217325493392,-1.3911626011527043,-0.685218606275834,0.0
2020-08-19,1.0,-0.9176463741124433,-1.10941683156792,-0.7176114538470493,-1.388778954720056,-0.6865906180886975,0.0
2020-08-20,1.0,-0.9168412476722533,-1.1124883612662944,-0.7165968342644321,-1.3873370577281192,-0.6860451582867784,0.0
2020-08-21,1.0,-0.9154396787522551,-1.1122039224815223,-0.7184426468020718,-1.387650584880405,-0.6859686899842867,0.0
2020-08-24,1.0,-0.9178161923054537,-1.1085501425993831,-0.7277224841394564,-1.3881613410162388,-0.678132821139631,0.0
2020-08-25,1.0,-0.9171907756813417,-1.1107034707663639,-0.7219892848823667,-1.3909270906126252,-0.6826228744467738,0.0
2020-08-26,1.0,-0.9128106629416216,-1.1103544613235552,-0.7265584075432163,-1.390664105698155,-0.6800535475234271,0.0
2020-08-27,1.0,-0.8979817367533298,-1.1208631419763857,-0.7192462048508114,-1.3874832780782878,-0.6907462339324144,0.0
2020-08-28,1.0,-0.8991914373800244,-1.1179105345820486,-0.7204932813681577,-1.387644697806992,-0.6918154848467221,0.0
2020-08-31,1.0,-0.8988306475071267,-1.1182151375879923,-0.719820815637908,-1.3881552155448251,-0.6926522776194078,0.0
2020-09-01,1.0,-0.8980743498749201,-1.1197859095933447,-0.7159229739949968,-1.3907149921461401,-0.6932340450287976,0.0
2020-09-02,1.0,-0.8876149458735887,-1.1099988359911535,-0.7163892445582587,-1.3920381794901642,-0.7139448259806774,0.0
2020-09-03,1.0,-0.8810536744565535,-1.1030945859315813,-0.7137945101695904,-1.3982749577481206,-0.7315694387784837,0.0
2020-09-04,1.0,-0.8392619584707041,-1.1078720573775234,-0.675458383943548,-1.4010064202672219,-0.7604257042049859,0.0
2020-09-08,1.0,-0.8338248048568951,-1.107487713211911,-0.672737785487135,-1.3965886094246893,-0.771379011274935,0.0
2020-09-09,1.0,-0.8104281767955801,-1.1191298342541436,-0.6382366482504604,-1.3931860036832413,-0.7940262430939227,0.0
2020-09-10,1.0,-0.7950057405281287,-1.1163605051664753,-0.6211825487944891,-1.3927095292766936,-0.8152698048220437,0.0
2020-09-11,1.0,-0.7917311772464017,-1.1214519181145708,-0.6216526176959689,-1.3872355066230861,-0.8122025345489994,0.0
2020-09-14,1.0,-0.7937281430946511,-1.1194175313879493,-0.6220833572206615,-1.3853694891933728,-0.8123602591297369,0.0
2020-09-15,1.0,-0.7949114663916108,-1.1126009970775315,-0.6156094206635723,-1.3897197868317004,-0.8174889691135179,0.0
2020-09-16,1.0,-0.7961326600872161,-1.1037411062657794,-0.6102249254073905,-1.3949965572641727,-0.8327977966490705,0.0
2020-09-17,1.0,-0.7965363000344076,-1.1006422754903085,-0.6098176396375731,-1.39345108383989,-0.834097947012272,0.0
2020-09-18,1.0,-0.7927437381784834,-1.0961196767352555,-0.6129993695191152,-1.3934773886628076,-0.8363042356852183,0.0
2020-09-21,1.0,-0.7910601719197708,-1.097650429799427,-0.6148424068767908,-1.391404011461318,-0.8357593123209169,0.0
2020-09-22,1.0,-0.8023402546747734,-1.0816221177010439,-0.6293449581277962,-1.390558678444419,-0.8320523115750832,0.0
2020-09-23,1.0,-0.7971222196743866,-1.075097454712222,-0.6324237560192616,-1.3880990598486584,-0.8398876404494382,0.0
2020-09-24,1.0,-0.7861962488563586,-1.0595265324794145,-0.6209972552607502,-1.3913540713632204,-0.8601326623970722,0.0
2020-09-25,1.0,-0.7847949201990734,-1.0633831016532236,-0.619815800011441,-1.3893941994165095,-0.8630513128539558,0.0
2020-09-28,1.0,-0.778482459147526,-1.0600502799680036,-0.6098160210261684,-1.3898982973374472,-0.8753285338818421,0.0
2020-09-29,1.0,-0.7795284580693042,-1.0552606039847006,-0.6060969344065765,-1.3903636467431637,-0.8774333504595536,0.0
2020-09-30,1.0,-0.78061457619374,-1.0558601782042494,-0.6105780214758967,-1.388907927804432,-0.8756568425862462,0.0
2020-10-01,1.0,-0.7805379475758095,-1.058534635372052,-0.6088744217920166,-1.3879275883730229,-0.8748786477071556,0.0
2020-10-02,1.0,-0.7740444951511694,-1.050656018254421,-0.605533371363377,-1.3899600684540785,-0.8843126069594979,0.0
2020-10-05,1.0,-0.7548041284142099,-1.0679705764954097,-0.5855619547242972,-1.3916861492843702,-0.9021497405485545,0.0
2020-10-06,1.0,-0.7555391012131912,-1.0607165233240303,-0.5822179187788347,-1.3938030415219,-0.9033433957965483,0.0
2020-10-07,1.0,-0.7516931307267657,-1.0648796312105173,-0.5794206362756815,-1.390643674235957,-0.9046155597290991,0.0
2020-10-08,1.0,-0.7527444400204768,-1.0595529264546955,-0.5806268130368011,-1.3929241795119731,-0.9021102326375063,0.0
2020-10-09,1.0,-0.7531706762213501,-1.0583518170960589,-0.5803901495762953,-1.3916851504293921,-0.9037138144798955,0.0
2020-10-12,1.0,-0.7475976573605505,-1.0569170409961903,-0.5783817592539945,-1.3884118951498265,-0.9147097287769376,0.0
2020-10-13,1.0,-0.640178280247853,-1.0713664528753126,-0.5269050983802587,-1.2892705728883573,-0.9077073594955973,0.0
2020-10-14,1.0,-0.6407956954182293,-1.0706560139137997,-0.5285613348551552,-1.2891461492472418,-0.9059731507147128,0.0
2020-10-15,1.0,-0.6401434860590249,-1.0715799771726726,-0.529485298114028,-1.2875699766291646,-0.906299255394315,0.0
2020-10-16,1.0,-0.6438199804326558,-1.0662572018697685,-0.5347320360908794,-1.287694314599413,-0.9029242308946623,0.0
2020-10-19,1.0,-0.6453292828469133,-1.0702506238472387,-0.5487685797981989,-1.2795920581534121,-0.8808180535966149,0.0
2020-10-20,1.0,-0.6439328277356448,-1.0692307692307692,-0.5515167930660889,-1.2765980498374867,-0.875839653304442,0.0
2020-10-21,1.0,-0.6418169021709706,-1.0655080937686103,-0.5555194629419089,-1.2745384657029937,-0.8765091224080991,0.0
2020-10-22,1.0,-0.6418984738608075,-1.062452646390302,-0.5519536746401126,-1.2758415412923476,-0.8797488905725729,0.0
2020-10-23,1.0,-0.6403831583504709,-1.0641844355449726,-0.5498971750189415,-1.276490962225349,-0.8808853772053252,0.0
2020-10-26,1.0,-0.6387145639471975,-1.0608634494698117,-0.5508547933347759,-1.2736420688162735,-0.8860636225925125,0.0
2020-10-27,1.0,-0.6356610096205816,-1.0604258999027134,-0.551832234353043,-1.2744568154794078,-0.882499189276835,0.0
2020-10-28,1.0,-0.6417603806228374,-1.0604455017301038,-0.5545523356401384,-1.2756271626297577,-0.8741890138408304,0.0
