Date,EL,IWF,IWM,MTUM,SPY,VLUE,VXX
2018-09-24,1.0,-0.3625132368513943,-0.5239734086363103,-0.08527473820449465,-0.4972055535945406,-0.47255559477585596,0.0
2018-09-25,1.0,-0.3637753601881799,-0.5225521905321964,-0.08753307850632167,-0.4959129667744781,-0.47053807703616585,0.0
2018-09-26,1.0,-0.36337132255499605,-0.5228671555202168,-0.08457755396530907,-0.4980416408987838,-0.476043231145272,0.0
2018-09-27,1.0,-0.36458333333333337,-0.5188323917137477,-0.0856873822975518,-0.49776365348399254,-0.4756650188323917,0.0
2018-09-28,1.0,-0.36937787746428996,-0.5187699209066227,-0.08529099279896116,-0.5002065871797899,-0.4776000472199268,0.0
2018-10-01,1.0,-0.36881590217680243,-0.5206604247275305,-0.08571344182886849,-0.500221519922025,-0.47821720766754294,0.0
2018-10-02,1.0,-0.36947020258697066,-0.5137322071939047,-0.08835863209497372,-0.5016833028173174,-0.4799480243340618,0.0
2018-10-03,1.0,-0.369817676782601,-0.5162376998315653,-0.08885671227209598,-0.5012263230991992,-0.47888655772583555,0.0
2018-10-04,1.0,-0.374249815225425,-0.5101847745750185,-0.08946045824094605,-0.5073170731707317,-0.47515151515151516,0.0
2018-10-05,1.0,-0.389073691150469,-0.5296832389343402,-0.09239114147861788,-0.5109832479247206,-0.4746321436063412,0.0
2018-10-08,1.0,-0.38803956834532377,-0.527937649880096,-0.08690047961630695,-0.5184652278177458,-0.47625899280575534,0.0
2018-10-09,1.0,-0.3854498467455977,-0.5312518781176753,-0.07722819881002464,-0.5256926497986658,-0.48539575695654785,0.0
2018-10-10,1.0,-0.3866490416391276,-0.5299525325962867,-0.07853151475094634,-0.5263474133269243,-0.4827555128282161,0.0
2018-10-11,1.0,-0.3969985114074794,-0.5392958045994471,-0.08014096059786736,-0.5364097578758696,-0.4850988850745815,0.0
2018-10-12,1.0,-0.40413900819992193,-0.5314330339711051,-0.07752380380260114,-0.5224221307782416,-0.46811642086925176,0.0
2018-10-15,1.0,-0.38280283602353293,-0.5815055061095187,-0.04073012520742193,-0.5303364006637501,-0.48167144365666004,0.0
2018-10-16,1.0,-0.38203704821094553,-0.5843540698726846,-0.03861702769564956,-0.5303807397574368,-0.4815664031859049,0.0
2018-10-17,1.0,-0.37200785994998214,-0.5594557580088126,-0.02977253781112302,-0.5285518637608669,-0.48746576158151717,0.0
2018-10-18,1.0,-0.3710143201643395,-0.557861204561017,-0.030545714370776144,-0.5301437970764238,-0.4876298788293786,0.0
2018-10-19,1.0,-0.3651507530254165,-0.5504334704263693,-0.022990206231322308,-0.5327100038464953,-0.4875876557090866,0.0
2018-10-22,1.0,-0.36481486962441173,-0.5516322846065054,-0.024832035990173734,-0.5316541865214431,-0.4868440524462071,0.0
2018-10-23,1.0,-0.3670080511484727,-0.5512964717025811,-0.02959981056121241,-0.5274982240113664,-0.4845488988870472,0.0
2018-10-24,1.0,-0.3674839549259117,-0.5498802164975896,-0.026352370530300786,-0.5284079145840112,-0.4854928869302889,0.0
2018-10-25,1.0,-0.34123714310409403,-0.5128640986487655,-0.019245728773516955,-0.5447866547581319,-0.462963496499467,0.0
2018-10-26,1.0,-0.33393352196404585,-0.5055588899368373,-0.010889136585784104,-0.549229757923919,-0.45845837263139844,0.0
2018-10-29,1.0,-0.3232271472086998,-0.5137358726905229,-0.0,-0.5449938793520653,-0.46465681669371134,0.0
2018-10-30,1.0,-0.30865675044167096,-0.5155297201800878,-0.0,-0.5471305636291104,-0.4781729070496381,0.0
2018-10-31,1.0,-0.30799588194921074,-0.5216197666437886,-0.0,-0.5493308167467399,-0.48078242964996565,0.0
2018-11-01,1.0,-0.3339138511552305,-0.5126843144084524,-0.0060083594566353185,-0.5603738534773018,-0.4896087309880413,0.0
2018-11-02,1.0,-0.3333236439741875,-0.5162490552874833,-0.006511249345968257,-0.5600255799081448,-0.490669147142608,0.0
2018-11-05,1.0,-0.3286300293835278,-0.5321618712361447,-0.005731242545020801,-0.5626800104733367,-0.48008611410118407,0.0
2018-11-06,1.0,-0.33696380209091703,-0.539241096129765,-0.0014560703573196659,-0.5600629022394362,-0.4744459652290399,0.0
2018-11-07,1.0,-0.33536053075714367,-0.538671943199674,-0.004015596810801373,-0.5582843508118489,-0.47352033987080255,0.0
2018-11-08,1.0,-0.3097634333969576,-0.544565908959454,-0.0,-0.5535311469720632,-0.48415177280351673,0.0
2018-11-09,1.0,-0.3098791138874429,-0.5445080687142114,-0.0,-0.5534733067268205,-0.48415177280351673,0.0
2018-11-12,1.0,-0.30951900631142104,-0.5342228882676734,-0.0,-0.5564425487766218,-0.481742989711519,0.0
2018-11-13,1.0,-0.2848012381416411,-0.5335186724370182,-0.0,-0.5652747126766214,-0.48244532974119403,0.0
2018-11-14,1.0,-0.28748742996695875,-0.5340899296078149,-0.0,-0.5680792989513,-0.48346501939376524,0.0
2018-11-15,1.0,-0.28744683296930684,-0.5376480055178756,-0.0,-0.574836188067594,-0.4739625244280952,0.0
2018-11-16,1.0,-0.28375587931627855,-0.5295399793506941,-0.0,-0.5745382585751979,-0.4801250430193874,0.0
2018-11-19,1.0,-0.2867265268653719,-0.5289308356521988,-0.0,-0.5731948707650821,-0.4798186981841131,0.0
2018-11-20,1.0,-0.2562551710364897,-0.5222390231377136,-0.0,-0.5778437134461214,-0.4966477418618585,0.0
2018-11-21,1.0,-0.2624189759121402,-0.5169124515270741,-0.0,-0.5766084519799598,-0.47459594101163355,0.0
2018-11-23,1.0,-0.26432029900614434,-0.5019678908174533,-0.0,-0.5866013534558429,-0.4786363507659201,0.0
2018-11-26,1.0,-0.26399660345315595,-0.5033965468440419,-0.0,-0.5855363713557883,-0.47755448627228986,0.0
2018-11-27,1.0,-0.257045428925713,-0.5057772517190846,-0.0,-0.5818960658324879,-0.4734246420922106,0.0
2018-11-28,1.0,-0.25606248590119557,-0.5112508459282653,-0.0,-0.5799402210692532,-0.4725073313782991,0.0
2018-11-29,1.0,-0.22655223505073946,-0.5037600290738308,-0.0,-0.5825948393950408,-0.48265354616868417,0.0
2018-11-30,1.0,-0.22731726435430136,-0.5059768763472468,-0.0,-0.5865457294028722,-0.479633828840178,0.0
2018-12-03,1.0,-0.22680845109836295,-0.505918567231006,-0.0,-0.5862879529872674,-0.47936197005736675,0.0
2018-12-04,1.0,-0.24032286061447666,-0.5245906381993867,-0.0,-0.622027425794133,-0.5060753341433779,0.0
2018-12-06,1.0,-0.23669435691778856,-0.5093955886565453,-0.0,-0.620910913778287,-0.4975365224863936,0.0
2018-12-07,1.0,-0.22925105576144097,-0.5129995116205579,-0.0,-0.6248958602660231,-0.5056450917866069,0.0
2018-12-10,1.0,-0.21930676107811786,-0.5125913659205117,-0.0,-0.6247144814984011,-0.49854385564184556,0.0
2018-12-11,1.0,-0.22472872644203312,-0.510850942318675,-0.0,-0.6262707024557396,-0.4936607652769846,0.0
2018-12-12,1.0,-0.2264312649982859,-0.5108559021826077,-0.0,-0.6272711690092561,-0.49225802765398236,0.0
2018-12-13,1.0,-0.22578803106441298,-0.5069095477386935,-0.0,-0.632052306989493,-0.49043513019643675,0.0
2018-12-14,1.0,-0.23139764060670112,-0.49133080065126106,-0.0,-0.6424633665628838,-0.4912165443171756,0.0
2018-12-17,1.0,-0.2332445818660712,-0.49279967934953767,-0.0,-0.6479429700249076,-0.4889346960977984,0.0
2018-12-18,1.0,-0.23140306706340122,-0.4921892881666285,-0.0,-0.6488326848249028,-0.4886415655756466,0.0
2018-12-19,1.0,-0.23371198031417206,-0.49163066182151133,-0.0,-0.6477152422100775,-0.4882543134281381,0.0
2018-12-20,1.0,-0.23327156094084106,-0.4847327156094084,-0.0,-0.64823948681397,-0.48478973627940125,0.0
2018-12-21,1.0,-0.2315094232192678,-0.48419973808574845,-0.0,-0.6492341855036156,-0.48192222285486536,0.0
2018-12-24,1.0,-0.2086630925027657,-0.46373358295747874,-0.0,-0.6520296145008936,-0.5122117266615607,0.0
2018-12-26,1.0,-0.2088996672494501,-0.4650611922621398,-0.0,-0.6411369917094355,-0.5048220630534094,0.0
2018-12-27,1.0,-0.1818181818181818,-0.44435618614588185,-0.0,-0.6003725108877263,-0.5125037661946369,0.0
2018-12-28,1.0,-0.18143228810078052,-0.4446391893742298,-0.0,-0.6003012460632617,-0.5122004655620979,0.0
2018-12-31,1.0,-0.18132770991948294,-0.44508955469135125,-0.0,-0.6001807525880484,-0.5121049460480911,0.0
2019-01-02,1.0,-0.18067836513455063,-0.44485203536915874,-0.0,-0.5997700457171015,-0.5122505406663199,0.0
2019-01-03,1.0,-0.1783013698630137,-0.44624657534246576,-0.0,-0.5983561643835617,-0.5168493150684932,0.0
2019-01-04,1.0,-0.18510263606846072,-0.4453800011006549,-0.0,-0.6047548291233283,-0.5163997578559243,0.0
2019-01-07,1.0,-0.17732076394360075,-0.43049254258469394,-0.0,-0.6026243581732729,-0.5062892227444376,0.0
2019-01-08,1.0,-0.17870320130222464,-0.4247151383613673,-0.0,-0.6049647314161694,-0.5045849158979924,0.0
2019-01-09,1.0,-0.17766456193599087,-0.41982602097504135,-0.0,-0.6049429554754614,-0.507520121405924,0.0
2019-01-10,1.0,-0.17839463968275673,-0.4189525502529742,-0.0,-0.6247777929714208,-0.5127307534527554,0.0
2019-01-11,1.0,-0.17680331694994372,-0.4105274719239957,-0.0,-0.6326093522611823,-0.525879348691617,0.0
2019-01-14,1.0,-0.17860184040653757,-0.41085015794533725,-0.0,-0.63101222359566,-0.5264112072517512,0.0
2019-01-15,1.0,-0.17488998899889988,-0.4081408140814082,-0.0,-0.6297029702970297,-0.5375687568756876,0.0
2019-01-16,1.0,-0.16966002087109353,-0.4051738342395782,-0.0,-0.6271488987751963,-0.5441863019717691,0.0
2019-01-17,1.0,-0.17051943773336262,-0.40355260267955195,-0.0,-0.6273336261805403,-0.5440643531737316,0.0
2019-01-18,1.0,-0.16832749054572557,-0.3982388826013747,-0.0,-0.6278742374472079,-0.5659590912855053,0.0
2019-01-22,1.0,-0.0,-0.37699957977307746,-0.0,-0.8338702899565766,-0.5906429471914834,0.0
2019-01-23,1.0,-0.0,-0.3620278720242268,-0.0,-0.8414883773098168,-0.6004822925721336,0.0
2019-01-24,1.0,-0.0,-0.36458858455161597,-0.0,-0.8344815997311377,-0.601607572956926,0.0
2019-01-25,1.0,-0.0,-0.2919367678835437,-0.0,-0.9570396906630275,-0.5941658137154555,0.0
2019-01-28,1.0,-0.0,-0.2953814632480578,-0.0,-0.9544406818246493,-0.5958851484021513,0.0
2019-01-29,1.0,-0.0,-0.29786684275501707,-0.0,-0.9464270333897964,-0.626711837156556,0.0
2019-01-30,1.0,-0.0,-0.300074716937755,-0.0,-0.948933846772803,-0.6247198114834186,0.0
2019-01-31,1.0,-0.0,-0.305056860820874,-0.0,-0.959244934480171,-0.6220342896726895,0.0
2019-02-01,1.0,-0.0,-0.30441695091634385,-0.0,-0.9717292015956523,-0.6145285309591259,0.0
2019-02-04,1.0,-0.0,-0.3009013173099145,-0.0,-0.9721804945689854,-0.6157557198983129,0.0
2019-02-05,1.0,-0.0,-0.2894204657075172,-0.0,-0.9662853180793898,-0.6332986652799445,0.0
2019-02-06,1.0,-0.0,-0.3091309130913092,-0.0,-1.1322332233223322,-0.7018073235895018,0.0
2019-02-07,1.0,-0.0,-0.3124665764887225,-0.0,-1.1404888483437667,-0.6928182704709176,0.0
2019-02-08,1.0,-0.0,-0.3224706328154604,-0.0,-1.1630668182392319,-0.6721927497789566,0.0
2019-02-11,1.0,-0.0,-0.31667828401242,-0.0,-1.1784107471009442,-0.6732779925226537,0.0
2019-02-12,1.0,-0.0,-0.3125317258883249,-0.0,-1.1822969543147208,-0.6777918781725889,0.0
2019-02-13,1.0,-0.0,-0.32545223738495715,-0.0,-1.1782608695652175,-0.6698825769596953,0.0
2019-02-14,1.0,-0.0,-0.2942524345999618,-0.0,-1.1978231812106168,-0.6903761695627267,0.0
2019-02-15,1.0,-0.0,-0.2898541494172346,-0.0,-1.201261066174129,-0.6933953251385261,0.0
2019-02-19,1.0,-0.0,-0.27832065442276477,-0.0,-1.2125282490371454,-0.692141197440876,0.0
2019-02-20,1.0,-0.0,-0.27959385046312507,-0.0,-1.2128147181462265,-0.6905815322914345,0.0
2019-02-21,1.0,-0.0,-0.2735374626010567,-0.0,-1.2141447577821631,-0.6952065694824623,0.0
2019-02-22,1.0,-0.0,-0.2731091100009546,-0.0,-1.217392687816209,-0.6914754828650523,0.0
2019-02-25,1.0,-0.0,-0.2719979544219644,-0.0,-1.2284974590085338,-0.695720267203631,0.0
2019-02-26,1.0,-0.0,-0.2753998720409469,-0.0,-1.2318298144593731,-0.6917466410748561,0.0
2019-02-27,1.0,-0.0,-0.2771342634071419,-0.0,-1.2383207474721618,-0.6843402022270575,0.0
2019-02-28,1.0,-0.0,-0.2813500704495965,-0.0,-1.240553349558089,-0.6803509670808249,0.0
2019-03-01,1.0,-0.0,-0.28037772087067864,-0.0,-1.2447503201024326,-0.6758642765685019,0.0
2019-03-04,1.0,-0.0,-0.2703065562765719,-0.0,-1.2477383882619955,-0.6785794201323403,0.0
2019-03-05,1.0,-0.0,-0.2606342088404869,-0.0,-1.260922485586163,-0.6815182575272262,0.0
2019-03-06,1.0,-0.0,-0.26164966258355454,-0.0,-1.2597307064956664,-0.6768797774010937,0.0
2019-03-07,1.0,-0.0,-0.2608570790388972,-0.0,-1.2631226267589903,-0.6669325760234851,0.0
2019-03-08,1.0,-0.0,-0.24336511208451433,-0.0,-1.3097461994331359,-0.6677402731254832,0.0
2019-03-11,1.0,-0.0,-0.24302555941671264,-0.0,-1.3001201649832743,-0.7045565262576726,0.0
2019-03-12,1.0,-0.0,-0.2136659791114167,-0.0,-1.318992895262417,-0.7414137445568544,0.0
2019-03-13,1.0,-0.0,-0.2270871740848038,-0.0,-1.32239267843034,-0.7425928364498289,0.0
2019-03-14,1.0,-0.0,-0.23016682570497843,-0.0,-1.3188443947221216,-0.741436609522556,0.0
2019-03-15,1.0,-0.0,-0.22729518727146952,-0.0,-1.3228579899199524,-0.7439470303389664,0.0
2019-03-18,1.0,-0.0,-0.24199880231552331,-0.0,-1.3251713354181915,-0.7597311863730122,0.0
2019-03-19,1.0,-0.0,-0.24329284570208223,-0.0,-1.3239455419113721,-0.769654297917779,0.0
2019-03-20,1.0,-0.0,-0.2561208426834578,-0.0,-1.3217335968114678,-0.7714438825066149,0.0
2019-03-21,1.0,-0.0,-0.25699933020763566,-0.0,-1.3354320160750168,-0.7565304755525787,0.0
2019-03-22,1.0,-0.0,-0.25345280603651554,-0.0,-1.3624267331402007,-0.752678030047834,0.0
2019-03-25,1.0,-0.0,-0.18367278797996664,-0.0,-1.3992320534223706,-0.7559933222036729,0.0
2019-03-26,1.0,-0.0,-0.19471758901902875,-0.0,-1.3980266469778837,-0.7632983186226802,0.0
2019-03-27,1.0,-0.0,-0.18208955223880594,-0.0,-1.4069763541841354,-0.7649505282575884,0.0
2019-03-28,1.0,-0.0,-0.17744588018123847,-0.0,-1.3983218660849137,-0.7805000839066958,0.0
2019-03-29,1.0,-0.0,-0.17488939536130846,-0.0,-1.3986459310899584,-0.778153908030567,0.0
2019-04-01,1.0,-0.0,-0.18051691193724648,-0.0,-1.3976400388857229,-0.7740605410479031,0.0
2019-04-02,1.0,-0.0,-0.19761601821469232,-0.0,-1.4169624321971475,-0.733744056786982,0.0
2019-04-03,1.0,-0.0,-0.19923628324512627,-0.0,-1.4110671936758892,-0.7393314128759965,0.0
2019-04-04,1.0,-0.0,-0.19855159927579963,-0.0,-1.4071950647086435,-0.7470327901830617,0.0
2019-04-05,1.0,-0.0,-0.1989400597054976,-0.0,-1.413812766242914,-0.7414550699359339,0.0
2019-04-08,1.0,-0.0,-0.1930077431032749,-0.0,-1.415848221767841,-0.7431367948245232,0.0
2019-04-09,1.0,-0.0,-0.1816959634322589,-0.0,-1.442039458205895,-0.7373038012973482,0.0
2019-04-10,1.0,-0.0,-0.1709585361759275,-0.0,-1.4474399865704213,-0.738996138996139,0.0
2019-04-11,1.0,-0.0,-0.1734875744022598,-0.0,-1.455123247133201,-0.7342031812220465,0.0
2019-04-12,1.0,-0.0,-0.17344948203955335,-0.0,-1.4530135880532762,-0.7369164536526301,0.0
2019-04-15,1.0,-0.0,-0.17619721155789048,-0.0,-1.4468916279383042,-0.7445611908129589,0.0
2019-04-16,1.0,-0.0,-0.18360776686005567,-0.014252657701465509,-1.4261712331064085,-0.7295348603239545,0.0
2019-04-17,1.0,-0.0,-0.24890983711683984,-0.0,-1.3034821085032706,-0.6539694754392715,0.0
2019-04-18,1.0,-0.0,-0.2503523833931317,-0.0,-1.2888262429523323,-0.6643067657611481,0.0
2019-04-22,1.0,-0.0,-0.25102801336417374,-0.0,-1.291602415831406,-0.66991133384734,0.0
2019-04-23,1.0,-0.0,-0.2666517084428489,-0.0,-1.2872299506378615,-0.6514520161548818,0.0
2019-04-24,1.0,-0.0,-0.24789875683103765,-0.0,-1.290690613914544,-0.6572177303377967,0.0
2019-04-25,1.0,-0.0,-0.24558541266794628,-0.0,-1.2960972488803584,-0.6572936660268714,0.0
2019-04-26,1.0,-0.0,-0.23649232937257791,-0.0,-1.309707587355475,-0.6565672741248438,0.0
2019-04-29,1.0,-0.0,-0.23896128846338577,-0.0,-1.3100765265281293,-0.652908968652941,0.0
2019-04-30,1.0,-0.0,-0.23764088114754098,-0.0,-1.313140368852459,-0.6510309938524591,0.0
2019-05-01,1.0,-0.0,-0.2312147977470558,-0.0,-1.3272529441884282,-0.6417370711725551,0.0
2019-05-02,1.0,-0.0,-0.22584768783356235,-0.0,-1.3295516282637179,-0.6404077849860982,0.0
2019-05-03,1.0,-0.0,-0.22675273215312838,-0.0,-1.3290407106793636,-0.6397072921326772,0.0
2019-05-06,1.0,-0.0,-0.21921749136939012,-0.0,-1.3287942718322465,-0.6485104206623193,0.0
2019-05-07,1.0,-0.0,-0.20733703501620823,-0.0,-1.3444169849472027,-0.6577976056744872,0.0
2019-05-08,1.0,-0.0,-0.21523675724001404,-0.011111465883329608,-1.304320061304639,-0.6622816820460423,0.0
2019-05-09,1.0,-0.0,-0.2141629535327817,-0.0086569064290261,-1.2933481858688733,-0.6664863144493953,0.0
2019-05-10,1.0,-0.0,-0.21468351207714095,-0.009165261114470294,-1.291760812143971,-0.6667727460777138,0.0
2019-05-13,1.0,-0.0,-0.2164193363480033,-0.001496719954143048,-1.2942487739634418,-0.6723138653588943,0.0
2019-05-14,1.0,-0.0,-0.14899586998329076,-0.09782780037201676,-1.244932059648791,-0.6609287808568995,0.0
2019-05-15,1.0,-0.0,-0.15279267907857366,-0.10277690123067214,-1.2502997791101294,-0.6496686651940675,0.0
2019-05-16,1.0,-0.0,-0.15226870576339738,-0.10243933265925177,-1.2550556117290192,-0.6499936804853388,0.0
2019-05-17,1.0,-0.0,-0.13642392471420453,-0.12000252636897618,-1.2309417040358746,-0.6705930651171604,0.0
2019-05-20,1.0,-0.0,-0.1384814767985839,-0.11844101656340879,-1.2329308382854978,-0.6710709318497914,0.0
2019-05-21,1.0,-0.0,-0.1403852226081465,-0.12459741079886329,-1.2231449321124093,-0.6694032207136091,0.0
2019-05-22,1.0,-0.0,-0.1293995206257096,-0.13627475715907658,-1.2217106093099535,-0.6664248770026492,0.0
2019-05-23,1.0,-0.0,-0.1381062935307774,-0.1635816025600803,-1.201135721905001,-0.634529710736023,0.0
2019-05-24,1.0,-0.0,-0.12121781031947182,-0.17043712256328422,-1.20125786163522,-0.6360649582277292,0.0
2019-05-28,1.0,-0.0,-0.11416067521100343,-0.17514848390121912,-1.2015317286652079,-0.6351047202250703,0.0
2019-05-29,1.0,-0.0,-0.11957810647194657,-0.17683954315671221,-1.2080758909068212,-0.6160519253572989,0.0
2019-05-30,1.0,-0.0,-0.11927349893895892,-0.1770378229933841,-1.2093995755835725,-0.6149981275745849,0.0
2019-05-31,1.0,-0.0,-0.11575331772053084,-0.18295081967213117,-1.2123653395784544,-0.6114597970335676,0.0
2019-06-03,1.0,-0.0,-0.11172400897531788,-0.18654948890550985,-1.212883320867614,-0.6052729992520569,0.0
2019-06-04,1.0,-0.0,-0.11696143991000561,-0.17486407099556278,-1.1982376101493657,-0.6347415786513343,0.0
2019-06-05,1.0,-0.0,-0.11805899851264254,-0.18393653941497273,-1.1938212692117005,-0.6028445711452652,0.0
2019-06-06,1.0,-0.0,-0.1347289650267479,-0.17928816599152725,-1.1742478122390922,-0.6040075450694208,0.0
2019-06-07,1.0,-0.0,-0.12866621194270478,-0.18704656786755133,-1.1743969740187263,-0.6102498914863274,0.0
2019-06-10,1.0,-0.0,-0.13056407397082057,-0.1918037357122944,-1.165226280085494,-0.6100114611405383,0.0
2019-06-11,1.0,-0.0,-0.12610313335998277,-0.17425663417484086,-1.1742566341748408,-0.6003505427262384,0.0
2019-06-12,1.0,-0.0,-0.12634135842326968,-0.1752913322879193,-1.173753958736894,-0.5993604526027734,0.0
2019-06-13,1.0,-0.0,-0.13480588199101703,-0.18282778563957422,-1.1636005660493447,-0.5951209007567834,0.0
2019-06-14,1.0,-0.0,-0.12794261893084846,-0.204665277096616,-1.1605259931338892,-0.5720941638057871,0.0
2019-06-17,1.0,-0.0,-0.1285635460732021,-0.20492305805897862,-1.1595855557599166,-0.5723438170559745,0.0
2019-06-18,1.0,-0.0,-0.1345104530684814,-0.20516829133713446,-1.1563975231438905,-0.5693397093985654,0.0
2019-06-19,1.0,-0.0,-0.13230750405335126,-0.2127932943803726,-1.1549144972314844,-0.5591483373611918,0.0
2019-06-20,1.0,-0.0,-0.13498453908091726,-0.2104828092949209,-1.1556807396748614,-0.5604200471481493,0.0
2019-06-21,1.0,-0.0,-0.13808722264728387,-0.21257842387146136,-1.1534200459066566,-0.5563886763580719,0.0
2019-06-24,1.0,-0.0,-0.13034279757159503,-0.21950696020114063,-1.1428221009382473,-0.5734653829643711,0.0
2019-06-25,1.0,-0.0,-0.11729512472003191,-0.22535513760623446,-1.1502469855490443,-0.5752155370785138,0.0
2019-06-26,1.0,-0.0,-0.12295456623091688,-0.22649846116342137,-1.1307858731754883,-0.5669927171892617,0.0
2019-06-27,1.0,-0.0,-0.11673424590713696,-0.24590713697753114,-1.1301484710831986,-0.5559281729215573,0.0
2019-06-28,1.0,-0.0,-0.09857138505589569,-0.2530689329556185,-1.1388711200463004,-0.5555454019312193,0.0
2019-07-01,1.0,-0.0,-0.09532795617105463,-0.25469487140465685,-1.1446963932430374,-0.5489271039415614,0.0
2019-07-02,1.0,-0.0,-0.10306737264926052,-0.24852413121538555,-1.1388229566064147,-0.5526139614143996,0.0
2019-07-03,1.0,-0.0,-0.0993945663086799,-0.25239587453223405,-1.1382153396817671,-0.5524050016733093,0.0
2019-07-05,1.0,-0.0,-0.09970201897348577,-0.2518243736317198,-1.1356725857455607,-0.5533933349549988,0.0
2019-07-08,1.0,-0.0,-0.09977193249201764,-0.25078303177740613,-1.1353504637372664,-0.5549642694237494,0.0
2019-07-09,1.0,-0.0,-0.09480819502705332,-0.2511094899385981,-1.1363304760167792,-0.5574199039455285,0.0
2019-07-10,1.0,-0.0,-0.06825917821541454,-0.2427060539752006,-1.162047167517627,-0.5661317772915148,0.0
2019-07-11,1.0,-0.0,-0.06848232469072009,-0.24362442627435485,-1.1617678348885985,-0.5657314812000365,0.0
2019-07-12,1.0,-0.0,-0.07261076862340186,-0.24088189741565183,-1.150353791490783,-0.573020741595554,0.0
2019-07-15,1.0,-0.0,-0.0666646456072273,-0.24082944279391258,-1.1545807312193053,-0.5695143394167222,0.0
2019-07-16,1.0,-0.0,-0.063865851443792,-0.22622434772080635,-1.1537623342817362,-0.5829650705248501,0.0
2019-07-17,1.0,-0.0,-0.07145669887620029,-0.22215490867234122,-1.1532426619816436,-0.58228576621331,0.0
2019-07-18,1.0,-0.0,-0.07190195188379482,-0.2269934937206839,-1.1512482977757603,-0.5760326827054016,0.0
2019-07-19,1.0,-0.0,-0.07242432489642868,-0.2236838126341891,-1.1552813813541383,-0.5725906438053766,0.0
2019-07-22,1.0,-0.0,-0.04872375774052257,-0.21129738710164628,-1.1583446609273522,-0.6023259326385741,0.0
2019-07-23,1.0,-0.0,-0.05517909002904162,-0.20737536302032913,-1.158307115198451,-0.6042775895450145,0.0
2019-07-24,1.0,-0.0,-0.05543130024783896,-0.2147131717342683,-1.1545668862963188,-0.5977452699026778,0.0
2019-07-25,1.0,-0.0,-0.039177867518534144,-0.22539328551624374,-1.1598155626544513,-0.5892652642999217,0.0
2019-07-26,1.0,-0.0,-0.034534670159274986,-0.22759160569656461,-1.1612019389997894,-0.5875410230933671,0.0
2019-07-29,1.0,-0.0,-0.023071594229089484,-0.22794494141742716,-1.1606276919369898,-0.6003132435770006,0.0
2019-07-30,1.0,-0.0,-0.021213125621478292,-0.2311447253442613,-1.1560249495284298,-0.6048754030192546,0.0
2019-07-31,1.0,-0.0,-0.006495272046161747,-0.23343705628228753,-1.1642850669164073,-0.61683937041177,0.0
2019-08-01,1.0,-0.0,-0.011946889271995888,-0.24510782445634094,-1.1527084656564741,-0.614765750234401,0.0
2019-08-02,1.0,-0.0,-0.0036889211417513302,-0.24869980648282536,-1.149915336236091,-0.6214320270924044,0.0
2019-08-05,1.0,-0.0,-0.001448007481371987,-0.24803161483000996,-1.1535491266704878,-0.6136535038764367,0.0
2019-08-06,1.0,-0.0,-0.008980077311923879,-0.24374070770145703,-1.1263157894736842,-0.5944692239072257,0.0
2019-08-07,1.0,-0.0,-0.03889463573222994,-0.2406975025860795,-1.095699719225654,-0.5802275749963056,0.0
2019-08-08,1.0,-0.0,-0.04389724792337935,-0.24981524727304977,-1.091637352567324,-0.5706937834402437,0.0
2019-08-09,1.0,-0.0,-0.034659141017726436,-0.25063938618925835,-1.0807243437104979,-0.5736837463621131,0.0
2019-08-12,1.0,-0.0,-0.03293087747128463,-0.24593872095414354,-1.0846626127317058,-0.5741018183954643,0.0
2019-08-13,1.0,-0.0,-0.030509173366316224,-0.24192360927054807,-1.0972111788438321,-0.5752569426038815,0.0
2019-08-14,1.0,-0.0,-0.03447972298843829,-0.24030166089559246,-1.0920241798227595,-0.5676096015024356,0.0
2019-08-15,1.0,-0.0,-0.04855326929216124,-0.25179208869025166,-1.069826160141626,-0.5319964013117799,0.0
2019-08-16,1.0,-0.0,-0.04899570416811796,-0.25269940787182166,-1.0673400673400673,-0.5335539301056543,0.0
2019-08-19,1.0,-0.0,-0.04121292863762743,-0.25359128822984245,-1.0709279425393883,-0.5304969879518072,0.0
2019-08-20,1.0,-0.0,-0.01760828625235405,-0.2460765850596359,-1.2146264908976774,-0.6604205900816071,0.0
2019-08-21,1.0,-0.0,-0.021795032614149522,-0.254421726041144,-1.2106121424987457,-0.6491783743100853,0.0
2019-08-22,1.0,-0.0,-0.02506187149525391,-0.24711005294320357,-1.2097991917546445,-0.6507628207136368,0.0
2019-08-23,1.0,-0.0,-0.025636204086749406,-0.24837031465463208,-1.210856211608374,-0.6491475492039614,0.0
2019-08-26,1.0,-0.0,-0.01537983532701569,-0.24965045828802238,-1.2067422712443685,-0.635264874941743,0.0
2019-08-27,1.0,-0.0,-0.013003134407100518,-0.2501008596344226,-1.2045743723427365,-0.635695000465506,0.0
2019-08-28,1.0,-0.0,-0.005364174754271185,-0.2563951505379678,-1.2104430870360607,-0.6284766363833679,0.0
2019-08-29,1.0,-0.0,-0.0,-0.2595703790955023,-1.213043613031214,-0.6271039335420476,0.0
2019-08-30,1.0,-0.0,-0.0,-0.2619732244998918,-1.2158426862072162,-0.6140123055993568,0.0
2019-09-03,1.0,-0.0,-0.0006835907155951901,-0.2728459124382438,-1.2391635335425535,-0.5945374887362894,0.0
2019-09-04,1.0,-0.0,-0.0,-0.27799191793596517,-1.2346596207646876,-0.595834628535903,0.0
2019-09-05,1.0,-0.0,-0.0,-0.27138469175638363,-1.2415066240575845,-0.5897117681734976,0.0
2019-09-06,1.0,-0.0,-0.0,-0.280646956952004,-1.244835477486393,-0.5670460168233548,0.0
2019-09-09,1.0,-0.0,-0.0,-0.2799171074201231,-1.2441000896971945,-0.568989514707247,0.0
2019-09-10,1.0,-0.0,-0.0,-0.30831812416865156,-1.2480898320289542,-0.5369814705973335,0.0
2019-09-11,1.0,-0.0,-0.0,-0.36665735827981005,-1.2564770858543546,-0.47969220267460977,0.0
2019-09-12,1.0,-0.0,-0.0,-0.3748253485267177,-1.2585773279100816,-0.4715434532865526,0.0
2019-09-13,1.0,-0.0,-0.0,-0.3695672405770125,-1.2560881029936404,-0.4765937645416472,0.0
2019-09-16,1.0,-0.0,-0.0,-0.3745732199391644,-1.2549506487056925,-0.4743311192501086,0.0
2019-09-17,1.0,-0.0,-0.0,-0.37569489735706074,-1.2549768626354856,-0.475014752010932,0.0
2019-09-18,1.0,-0.0,-0.0,-0.36346129954031553,-1.2576407007081625,-0.48484283761958,0.0
2019-09-19,1.0,-0.0,-0.0,-0.3670992176828511,-1.2466161678877437,-0.49074878927107907,0.0
2019-09-20,1.0,-0.0,-0.0,-0.3491985203452528,-1.2400739827373612,-0.4933415536374845,0.0
2019-09-23,1.0,-0.0,-0.0,-0.35736078153409967,-1.2291596043021356,-0.49523868223982254,0.0
2019-09-24,1.0,-0.0,-0.0,-0.3709165922596139,-1.2173404353582313,-0.4906555004772314,0.0
2019-09-25,1.0,-0.0,-0.0,-0.3718288177339902,-1.2254926108374384,-0.48152709359605916,0.0
2019-09-26,1.0,-0.0,-0.0,-0.3412352796859666,-1.2753925417075567,-0.45010426889106975,0.0
2019-09-27,1.0,-0.0,-0.0,-0.34403287095677965,-1.2864160153233033,-0.4589267509036424,0.0
2019-09-30,1.0,-0.0,-0.0,-0.3934046950674029,-1.248419039392911,-0.44297745010334083,0.0
2019-10-01,1.0,-0.0,-0.0,-0.4012286605130738,-1.2432933041089125,-0.44256475164387366,0.0
2019-10-02,1.0,-0.0,-0.0,-0.42916485832971674,-1.2447764895529791,-0.42603385206770417,0.0
2019-10-03,1.0,-0.0,-0.0,-0.42482690405539075,-1.2486708704253215,-0.41750123639960435,0.0
2019-10-04,1.0,-0.0,-0.0,-0.4359744765208772,-1.236247057365878,-0.4252570932969892,0.0
2019-10-07,1.0,-0.0,-0.0,-0.4242911474598807,-1.2427259515784919,-0.42500231903775393,0.0
2019-10-08,1.0,-0.0,-0.0,-0.41623077161162525,-1.2550063449812747,-0.4238757002692748,0.0
2019-10-09,1.0,-0.0,-0.0,-0.4153979452902587,-1.259004827330115,-0.42000866443866813,0.0
2019-10-10,1.0,-0.0,-0.0,-0.47308826296970075,-1.2017439307446207,-0.46170252807226647,0.0
2019-10-11,1.0,-0.0,-0.0,-0.5202561999116553,-1.1700952861740392,-0.4648198397172967,0.0
2019-10-14,1.0,-0.0,-0.0,-0.5425140974466198,-1.1768675156814294,-0.44861559906228227,0.0
2019-10-15,1.0,-0.0,-0.0,-0.5636386679762998,-1.1716675643991001,-0.43316117993726433,0.0
2019-10-16,1.0,-0.0,-0.0,-0.5806216763737656,-1.1677956444669537,-0.41694099772094206,0.0
2019-10-17,1.0,-0.0,-0.0,-0.5474197608558842,-1.1857457520453114,-0.41346758967904335,0.0
2019-10-18,1.0,-0.0,-0.0,-0.5484788171737276,-1.1884813445802926,-0.42229804441917046,0.0
2019-10-21,1.0,-0.0,-0.0,-0.5515693649840376,-1.1742579890634384,-0.43502860574643615,0.0
2019-10-22,1.0,-0.0,-0.0,-0.5537490134175217,-1.1669139700078928,-0.43643251775848463,0.0
2019-10-23,1.0,-0.0,-0.0,-0.5457243905519767,-1.1711506883920677,-0.4408866995073891,0.0
2019-10-24,1.0,-0.0,-0.0,-0.6021348243217485,-1.1503272126564583,-0.4243598703856662,0.0
2019-10-25,1.0,-0.0,-0.0,-0.6030561026748841,-1.149755384713133,-0.42401041997585615,0.0
2019-10-28,1.0,-0.0,-0.0,-0.6128221444479796,-1.1480750874960228,-0.4207763283487114,0.0
2019-10-29,1.0,-0.0,-0.0,-0.6744849242205774,-1.1137492390015702,-0.415937710275882,0.0
2019-10-30,1.0,-0.0,-0.0,-0.6789865776122279,-1.1127095241153426,-0.4194014514160941,0.0
2019-10-31,1.0,-0.0,-0.0,-0.6928787197120637,-1.0900764830644643,-0.43061893437881615,0.0
2019-11-01,1.0,-0.0,-0.0,-0.7165451304488738,-1.0849781234807974,-0.4394425538810565,0.0
2019-11-04,1.0,-0.0,-0.0,-0.7219794802084344,-1.0919506748227983,-0.42263002880538564,0.0
2019-11-05,1.0,-0.0,-0.0,-0.8489083827043306,-1.0491964256489148,-0.3751104710156787,0.0
2019-11-06,1.0,-0.0,-0.0,-0.8410342666798589,-1.0430394775897893,-0.4139705154843178,0.0
2019-11-07,1.0,-0.0,-0.0,-0.8485828356485301,-1.0350744052529117,-0.41587752004487416,0.0
2019-11-08,1.0,-0.0,-0.0,-0.8518494055482166,-1.0351387054161163,-0.4154887714663144,0.0
2019-11-11,1.0,-0.0,-0.0,-0.8788733328909826,-1.0204034237940416,-0.4183531285249817,0.0
2019-11-12,1.0,-0.0,-0.0,-0.8786060083559917,-1.0212547251143973,-0.41600901916572713,0.0
2019-11-13,1.0,-0.0,-0.0,-0.9726265769835694,-0.9664023023123516,-0.40735535254157884,0.0
2019-11-14,1.0,-0.0,-0.0,-0.9722482278988899,-0.9549284472381971,-0.41641032499665637,0.0
2019-11-15,1.0,-0.0,-0.0,-0.9773352108898276,-0.9590625628646148,-0.4163816804130624,0.0
2019-11-18,1.0,-0.0,-0.0,-0.9613894543305536,-0.9219581062446648,-0.39989493729069536,0.0
2019-11-19,1.0,-0.0,-0.0,-0.9701234895764175,-0.9406785287478423,-0.4088102509626875,0.0
2019-11-20,1.0,-0.0,-0.0,-0.990919033573062,-0.9321910317170982,-0.3911112584098366,0.0
2019-11-21,1.0,-0.0,-0.0,-1.027339818852734,-0.9183830929218384,-0.408889634350889,0.0
2019-11-22,1.0,-0.0,-0.0,-1.0313506981740064,-0.9178638560687433,-0.40739124597207305,0.0
2019-11-25,1.0,-0.0,-0.0,-1.0299308771223408,-0.9171532111938796,-0.4083954097040467,0.0
2019-11-26,1.0,-0.0,-0.0,-1.0323186267936169,-0.9106544186670242,-0.40958160118009923,0.0
2019-11-27,1.0,-0.0,-0.0,-1.0255989277936002,-0.9080583012229854,-0.41695426369576144,0.0
2019-11-29,1.0,-0.0,-0.0,-1.035243475921442,-0.9142453591606133,-0.4134382566585956,0.0
2019-12-02,1.0,-0.0,-0.0,-1.053917752580809,-0.915417160264004,-0.4153325435775935,0.0
2019-12-03,1.0,-0.0,-0.0,-1.0413119848669097,-0.9183556276178894,-0.4182880691798405,0.0
2019-12-04,1.0,-0.0,-0.0,-1.0442997184627385,-0.9247990230996234,-0.42291645466571687,0.0
2019-12-05,1.0,-0.0,-0.0,-1.0585782638414216,-0.9194463431305535,-0.43961038961038956,0.0
2019-12-06,1.0,-0.0,-0.0,-1.070563128183946,-0.9560099132589839,-0.4155307724080958,0.0
2019-12-09,1.0,-0.0,-0.0,-1.1000489750227385,-0.9756873994262926,-0.4224795354369272,0.0
2019-12-10,1.0,-0.0,-0.0,-1.2637407711238722,-1.0843463345514208,-0.38075173391006045,0.0
2019-12-11,1.0,-0.0,-0.0,-1.2689248235425925,-1.0831683907831349,-0.38241774657355193,0.0
2019-12-12,1.0,-0.0,-0.0,-1.2685140232288905,-1.0836912275460282,-0.3823804010904881,0.0
2019-12-13,1.0,-0.0,-0.0,-1.2863236669784848,-1.0798503274087934,-0.3756407857811038,0.0
2019-12-16,1.0,-0.0,-0.0,-1.307088380439659,-1.082585613877673,-0.34888589801106623,0.0
2019-12-17,1.0,-0.0,-0.0,-1.3419706784861918,-1.1058832443080655,-0.34045535477516387,0.0
2019-12-18,1.0,-0.0,-0.0,-1.4049719640826572,-1.1466886248676627,-0.36940752068384114,0.0
2019-12-19,1.0,-0.0,-0.0,-1.4122572529286894,-1.1407343344602563,-0.37809576224545954,0.0
2019-12-20,1.0,-0.0,-0.0,-1.4217807733238736,-1.145244570572701,-0.37444326199203815,0.0
2019-12-23,1.0,-0.0,-0.0,-1.3983563343153975,-1.1045510931927431,-0.37370134904636376,0.0
2019-12-24,1.0,-0.0,-0.0,-1.3837101628212052,-1.1045219538544642,-0.3700902847441932,0.0
2019-12-26,1.0,-0.0,-0.0,-1.3829442407871888,-1.1068107273779664,-0.3690140845070423,0.0
2019-12-27,1.0,-0.0,-0.0,-1.3911917098445594,-1.1050189467171911,-0.3704276544737452,0.0
2019-12-30,1.0,-0.0,-0.0,-1.416592328278323,-1.1213978202691697,-0.3405344606911531,0.0
2019-12-31,1.0,-0.0,-0.0,-1.415659383232605,-1.1198667286533395,-0.3386409421974275,0.0
2020-01-02,1.0,-0.0,-0.0,-1.4183538903110697,-1.1213249553952371,-0.33895741214801023,0.0
2020-01-03,1.0,-0.0,-0.0,-1.4329491472626743,-1.1099602834670197,-0.3508683124367261,0.0
2020-01-06,1.0,-0.0,-0.0,-1.4394378327591608,-1.1161916692765423,-0.3591841528343251,0.0
2020-01-07,1.0,-0.0,-0.0,-1.4377154497022877,-1.123707301786274,-0.3558445628329677,0.0
2020-01-08,1.0,-0.0,-0.0,-1.4295323009541685,-1.1168074456436727,-0.3641873924605037,0.0
2020-01-09,1.0,-0.0,-0.0,-1.42803548399703,-1.1136035015045527,-0.3662511235296416,0.0
2020-01-10,1.0,-0.03133098673268093,-0.0,-1.413298263257649,-1.0868371175492206,-0.33655668587784787,0.0
2020-01-13,1.0,-0.02898662750251217,-0.0,-1.412614980289093,-1.0864574476308264,-0.33682461157919147,0.0
2020-01-14,1.0,-0.046932109806361304,-0.0,-1.4254996500505481,-1.0897425927366047,-0.32615288902714046,0.0
2020-01-15,1.0,-0.04472432348124463,-0.0,-1.430866411916088,-1.088005926850191,-0.3356078920689386,0.0
2020-01-16,1.0,-0.04402245964282929,-0.0,-1.4312953287062309,-1.0874600327536459,-0.33646572564922406,0.0
2020-01-17,1.0,-0.05950387476147825,-0.0,-1.4146578916624477,-1.0938120643327232,-0.32625881070135127,0.0
2020-01-21,1.0,-0.0,-0.0,-1.257374403351533,-0.8745922186738093,-0.30198138800178564,0.0
2020-01-22,1.0,-0.0,-0.0,-1.2490129433171973,-0.8724207779723282,-0.3118069145466406,0.0
2020-01-23,1.0,-0.0,-0.0,-1.2297703332757728,-0.9097565187359696,-0.3141080987739596,0.0
2020-01-24,1.0,-0.0,-0.0,-1.2274945488526632,-0.9112587824040426,-0.3222925968227598,0.0
2020-01-27,1.0,-0.0,-0.0,-1.2276878372768782,-0.9115815691158156,-0.31998062819980627,0.0
2020-01-28,1.0,-0.0,-0.0,-1.2218665181989004,-0.9311016772217968,-0.32674507620572063,0.0
2020-01-29,1.0,-0.0,-0.0,-1.225204605354418,-0.9215910667221529,-0.3211263698155084,0.0
2020-01-30,1.0,-0.0,-0.0,-1.2197649831883253,-0.9441575097923671,-0.3024021629865853,0.0
2020-01-31,1.0,-0.0,-0.0,-1.2180124439500852,-0.947582467239042,-0.31040355938684,0.0
2020-02-03,1.0,-0.0,-0.0,-1.2053682037164486,-0.933344803854095,-0.3024432209222298,0.0
2020-02-04,1.0,-0.0,-0.0,-1.2006112427457847,-0.928367844510834,-0.30496892277050924,0.0
2020-02-05,1.0,-0.0,-0.0,-1.196771214556897,-0.9241714266169578,-0.29938092143516776,0.0
2020-02-06,1.0,-0.0,-0.0,-1.2114865557415697,-0.9186169667566367,-0.2864805767193959,0.0
2020-02-07,1.0,-0.0,-0.0,-1.2504010042541323,-0.9477648371574029,-0.2888276727805287,0.0
2020-02-10,1.0,-0.0,-0.0,-1.2504095646415003,-0.9476105824532051,-0.28763637631147826,0.0
2020-02-11,1.0,-0.0,-0.0,-1.2436995265942634,-0.936229462545252,-0.3009955444165971,0.0
2020-02-12,1.0,-0.0,-0.0,-1.243368377079997,-0.9355287892501565,-0.30226972081041564,0.0
2020-02-13,1.0,-0.0,-0.0,-1.2414323144104804,-0.9490305676855896,-0.30298689956331876,0.0
2020-02-14,1.0,-0.0,-0.0,-1.2448051493738193,-0.9435038130553418,-0.30990694745679703,0.0
2020-02-18,1.0,-0.0,-0.0,-1.2405373259637584,-0.9407752046456307,-0.316903379276569,0.0
2020-02-19,1.0,-0.0,-0.0,-1.243175917479475,-0.9400743807452109,-0.32527541926882325,0.0
2020-02-20,1.0,-0.0,-0.0,-1.2343448517803892,-0.947167163655499,-0.3266795299070338,0.0
2020-02-21,1.0,-0.0,-0.0,-1.2356551627384962,-0.9470749158249159,-0.32460016835016836,0.0
2020-02-24,1.0,-0.0,-0.0,-1.2370981907605831,-0.9516599332513613,-0.32432812225540136,0.0
2020-02-25,1.0,-0.03946506738358667,-0.0,-1.1950849619136248,-0.8790886843828628,-0.3331265294867818,0.0
2020-02-26,1.0,-0.043249265674060566,-0.0,-1.166480975049799,-0.8657956041729971,-0.30061784665248653,0.0
2020-02-27,1.0,-0.046971486418086725,-0.0,-1.1629492154546988,-0.8649569765480006,-0.2994769697992239,0.0
2020-02-28,1.0,-0.07251232161840028,-0.0,-1.0706761588763973,-0.7680636536417228,-0.3100537963470026,0.0
2020-03-02,1.0,-0.09829362524146813,-0.0,-1.0503219575016098,-0.7735350933676755,-0.2974243399871217,0.0
2020-03-03,1.0,-0.11332174560804519,-0.0,-0.9631882798435656,-0.7278229561114904,-0.29949096778198525,0.0
2020-03-04,1.0,-0.08513451191391237,-0.0,-0.98619523443505,-0.7128670253651038,-0.2903305149884704,0.0
2020-03-05,1.0,-0.09483815046178679,-0.044504886869713364,-0.9079116477867113,-0.6689780912813462,-0.27267836327225997,0.0
2020-03-06,1.0,-0.10885521486918433,-0.08426068426660352,-0.8864093761098614,-0.6309340594293832,-0.249171303421333,0.0
2020-03-09,1.0,-0.10937176950113714,-0.06810999202528281,-0.8977464039932659,-0.6303866261039077,-0.24798416870957266,0.0
2020-03-10,1.0,-0.2981872609346416,-0.0208714452020622,-0.7476578524308443,-0.5149121348190032,-0.19017129552635959,0.0
2020-03-11,1.0,-0.26883654999454804,-0.06280667320902847,-0.7460200632428308,-0.48301711918002393,-0.16527641478573765,0.0
2020-03-12,1.0,-0.27191602473689924,-0.053216881848757724,-0.7384452641857437,-0.4818813062818705,-0.16691982206791797,0.0
2020-03-13,1.0,-0.3308817856867334,-0.03669606809473603,-0.639133900789467,-0.4375241083138324,-0.12731761256975338,0.0
2020-03-16,1.0,-0.3110547590951317,-0.08644455045318739,-0.6000401717341636,-0.4170830299530493,-0.09613598132014362,0.0
2020-03-17,1.0,-0.32570292948623586,-0.12284704843220964,-0.46834977182393644,-0.3843907944452623,-0.15221551597232444,0.0
2020-03-18,1.0,-0.3193007060644163,-0.13997968855788762,-0.42221201276719217,-0.38255634007157363,-0.15395589515427024,0.0
2020-03-19,1.0,-0.34695974196631224,-0.043937402938717,-0.408027714729423,-0.3915183371162346,-0.1987576155775893,0.0
2020-03-20,1.0,-0.34689732622876396,-0.045375259850421734,-0.40754103844591527,-0.3913884972879979,-0.1982509378509474,0.0
2020-03-23,1.0,-0.34687967336862346,-0.06803237828471052,-0.3802312056400883,-0.3863080684596577,-0.19232321314121584,0.0
2020-03-24,1.0,-0.3435685042368847,-0.06924212129867657,-0.38707988193849374,-0.38736551461487195,-0.19301628106255356,0.0
2020-03-25,1.0,-0.3445780319831913,-0.06746819189914789,-0.3539161900315163,-0.3826777168203572,-0.18587603595190846,0.0
2020-03-26,1.0,-0.33116760828625236,-0.07003295668549905,-0.3768361581920904,-0.3901836158192091,-0.1858286252354049,0.0
2020-03-27,1.0,-0.3325426724338402,-0.06188084275149993,-0.3589135389051672,-0.3933072880331147,-0.1788521464117948,0.0
2020-03-30,1.0,-0.34538171425894254,-0.06545011595492985,-0.347677387617419,-0.40029047295556236,-0.1837241443931692,0.0
2020-03-31,1.0,-0.3416890550169373,-0.06737530662305806,-0.3511505665226025,-0.3960985866137134,-0.17986216563485574,0.0
2020-04-01,1.0,-0.33990735541830436,-0.0641961444881153,-0.3591381246490736,-0.3947922515440764,-0.18149915777653003,0.0
2020-04-02,1.0,-0.347071684421082,-0.04372703167883891,-0.35604968135088616,-0.40038144857421964,-0.17867609433874496,0.0
2020-04-03,1.0,-0.3447007611909029,-0.05658884052235852,-0.3618566540189483,-0.38120067971787047,-0.18345399101468843,0.0
2020-04-06,1.0,-0.35235517812565614,-0.03907799267433451,-0.35998413550148145,-0.39427944847537505,-0.18729440309824325,0.0
2020-04-07,1.0,-0.3412192483833107,-0.024854440429889765,-0.35348537500287663,-0.3973948864290152,-0.18436011322578416,0.0
2020-04-08,1.0,-0.33885895841967123,-0.02516461758069715,-0.347423677303495,-0.3978219827784685,-0.19307454989178985,0.0
2020-04-09,1.0,-0.3426204300828495,-0.012783145525899067,-0.35239712666100564,-0.3973332109333762,-0.18984233355518326,0.0
2020-04-13,1.0,-0.34972815489435893,-0.0,-0.35768851368401733,-0.3964579844463306,-0.19017687137253103,0.0
2020-04-14,1.0,-0.3469879518072289,-0.0,-0.35506597819850827,-0.39860011474469303,-0.1942398164084911,0.0
2020-04-15,1.0,-0.33616213372372306,-0.000503236727131322,-0.3464784866299151,-0.3998673284992108,-0.20442848319875565,0.0
2020-04-16,1.0,-0.3294360385144429,-0.008069692801467217,-0.3416552040348464,-0.4020861989912884,-0.21125630444750115,0.0
2020-04-17,1.0,-0.33340977366019214,-0.0,-0.3497832916733552,-0.40190795055839657,-0.20810878987318548,0.0
2020-04-20,1.0,-0.31672334420616743,-0.03090660929511648,-0.33988016748791267,-0.4101834501584658,-0.2156753880676429,0.0
2020-04-21,1.0,-0.3172332235774243,-0.0287761443212911,-0.3375226081714047,-0.41448314241988593,-0.2207485043825071,0.0
2020-04-22,1.0,-0.31607717786579576,-0.02777198712158062,-0.3362054988071248,-0.41620920482709095,-0.21997544761772403,0.0
2020-04-23,1.0,-0.3156115407771037,-0.027763627101375445,-0.33619691566711435,-0.4162923169545686,-0.21970082897235216,0.0
2020-04-24,1.0,-0.3162224797219003,-0.02208574739281576,-0.34169177288528385,-0.41921205098493625,-0.21828505214368482,0.0
2020-04-27,1.0,-0.32917595689334816,-0.03082032701597919,-0.3255063173541434,-0.41854793756967673,-0.21852935711631363,0.0
2020-04-28,1.0,-0.3389130081489564,-0.012792236435818262,-0.32923176932184894,-0.4255566131915585,-0.21512316300234488,0.0
2020-04-29,1.0,-0.32234398216939075,-0.026792347696879645,-0.32099739970282315,-0.42129457652303126,-0.2302888187221397,0.0
2020-04-30,1.0,-0.32340494791666663,-0.031063988095238096,-0.32026599702380953,-0.42092168898809523,-0.22951543898809523,0.0
2020-05-01,1.0,-0.32976301115241635,-0.021189591078066915,-0.32221189591078064,-0.4249767657992565,-0.22525557620817843,0.0
2020-05-04,1.0,-0.3326915493284465,-0.015681180263982002,-0.32255445498619784,-0.4286575889025494,-0.22011644900136865,0.0
2020-05-05,1.0,-0.333325598663449,-0.01696213105624652,-0.3223268980879896,-0.42809077408576196,-0.21969556339335436,0.0
2020-05-06,1.0,-0.3296943231441048,-0.017165288488339682,-0.31452661897240547,-0.4325931431756945,-0.22876985970454333,0.0
2020-05-07,1.0,-0.3309867335796101,-0.01884249901256941,-0.314444366998908,-0.43151878441486025,-0.22757370878929392,0.0
2020-05-08,1.0,-0.33055316776247007,-0.0197244615849267,-0.3142671282206166,-0.4314755012429431,-0.22723787840066909,0.0
2020-05-11,1.0,-0.3322111812778603,-0.009565378900445766,-0.3182578008915305,-0.4352015230312036,-0.22645802377414562,0.0
2020-05-12,1.0,-0.3278996865203762,-0.011540694299314988,-0.3080691977243702,-0.4382445141065831,-0.2363171949378846,0.0
2020-05-13,1.0,-0.327461115875849,-0.002642497855867968,-0.3083841357409425,-0.44157529959898933,-0.23791752625113,0.0
2020-05-14,1.0,-0.3254908323868246,-0.004890939013931062,-0.3068310887554762,-0.4415521197932361,-0.23921559537331077,0.0
2020-05-15,1.0,-0.3407942907456323,-0.004981695166597154,-0.3086797349274758,-0.4401733166504472,-0.22241531118216784,0.0
2020-05-18,1.0,-0.3431657182673325,-0.0169318313784694,-0.3158285913366624,-0.4391824410637557,-0.20750203228428754,0.0
2020-05-19,1.0,-0.3398286539088327,-0.026307212366717885,-0.30672347162080366,-0.4413791497881455,-0.21383340317549007,0.0
2020-05-20,1.0,-0.33827430539395914,-0.0312979941359892,-0.30357890817703725,-0.44091776422953416,-0.21291943966119048,0.0
2020-05-21,1.0,-0.33839312737177846,-0.033734547063068936,-0.3011198286499197,-0.4417386445649896,-0.2131399436593486,0.0
2020-05-22,1.0,-0.3384164086326915,-0.0332922031057202,-0.30114310991083276,-0.4420645822177729,-0.21318650618117477,0.0
2020-05-26,1.0,-0.33830753113723666,-0.033034571062740076,-0.30084972645792113,-0.4421138400651845,-0.21371202421138402,0.0
2020-05-27,1.0,-0.3264491739008681,-0.04188835993652572,-0.27963688976010453,-0.44611686735741624,-0.23949873984878184,0.0
2020-05-28,1.0,-0.32032619108816035,-0.046451854101923026,-0.27574362688973525,-0.4448442647849148,-0.24922307638385868,0.0
2020-05-29,1.0,-0.3205766220415411,-0.045419499544403164,-0.2757879488796991,-0.4459007967103572,-0.24870914230975913,0.0
2020-06-01,1.0,-0.32165165516434674,-0.04070651538191601,-0.2836823020236285,-0.446321207158732,-0.24709322727804423,0.0
2020-06-02,1.0,-0.3224183128920513,-0.04196704428424305,-0.2832365883344256,-0.44588521674000564,-0.24709765003276846,0.0
2020-06-03,1.0,-0.32241754640574893,-0.041993399030921565,-0.282952178085719,-0.44612719739706475,-0.2472788558320264,0.0
2020-06-04,1.0,-0.32321695994009736,-0.03966211156870086,-0.2888431299138899,-0.4446836390864844,-0.2435417446649195,0.0
2020-06-05,1.0,-0.32606965639921354,-0.03981368785694223,-0.28957962737571386,-0.44515962924819774,-0.2399588053553038,0.0
2020-06-08,1.0,-0.32744273024777937,-0.04032258064516129,-0.292122487143525,-0.4407900888265544,-0.23683964469378213,0.0
2020-06-09,1.0,-0.3351654777219039,-0.03870892293299029,-0.29458542860484155,-0.4425213425330371,-0.22790316921997428,0.0
2020-06-10,1.0,-0.3322652321365922,-0.0388726464740966,-0.28878493743421824,-0.4431996257747632,-0.23576189919307683,0.0
2020-06-11,1.0,-0.3321950649046895,-0.04167933575020465,-0.28934627528943985,-0.44118816512688575,-0.23449888901882823,0.0
2020-06-12,1.0,-0.33064497331064546,-0.04137432693876599,-0.29745227383977063,-0.431901354280786,-0.22959837766019442,0.0
2020-06-15,1.0,-0.33345766505035435,-0.03844181275643417,-0.2986059306229019,-0.4326044386422977,-0.2280632226781052,0.0
2020-06-16,1.0,-0.33450605778191983,-0.033760484622553585,-0.2949906803355079,-0.4348555452003728,-0.23180335507921712,0.0
2020-06-17,1.0,-0.3344049948746622,-0.033547665641599105,-0.29493989376572544,-0.4348849128692573,-0.2319215357375827,0.0
2020-06-18,1.0,-0.3342108328479907,-0.033896330809551546,-0.2946301688992429,-0.4348281887012231,-0.23207920792079206,0.0
2020-06-19,1.0,-0.33488675552241587,-0.0350452045857023,-0.2945288470500513,-0.4347096653928605,-0.23096281107279337,0.0
2020-06-22,1.0,-0.3398912460034073,-0.03540339331139583,-0.2851408434269178,-0.44257742304371167,-0.2307638451305748,0.0
2020-06-23,1.0,-0.3404131170498308,-0.035289998833002684,-0.28519080406115066,-0.4427821216011203,-0.2303419302135605,0.0
2020-06-24,1.0,-0.3414873255216843,-0.037066430138648986,-0.28448718547220014,-0.4428364688856729,-0.22828065916623871,0.0
2020-06-25,1.0,-0.3414474759026303,-0.03589516185497234,-0.28366046631036007,-0.44397507410087056,-0.22890750811025276,0.0
2020-06-26,1.0,-0.3416085302970205,-0.03331855619589817,-0.28278774586434585,-0.4445040714902354,-0.23101332275601388,0.0
2020-06-29,1.0,-0.3402530229957364,-0.029426155029006782,-0.2839169637240512,-0.44306982595932065,-0.23317257286642903,0.0
2020-06-30,1.0,-0.3414861402282786,-0.02520382017237363,-0.2850687165152574,-0.4435825762869788,-0.2340554390868856,0.0
2020-07-01,1.0,-0.34062965722801786,-0.025079172876304026,-0.2841141952309985,-0.4446488450074516,-0.23414213859910582,0.0
2020-07-02,1.0,-0.339651197988218,-0.027149742706126155,-0.28404777982164064,-0.44354669709176425,-0.23405592940135514,0.0
2020-07-06,1.0,-0.3406984866123399,-0.025844004656577418,-0.2849126891734575,-0.44295692665890574,-0.23387660069848662,0.0
2020-07-07,1.0,-0.33638076627817715,-0.03061390652988113,-0.28178286458696816,-0.44397143322399796,-0.233535720101426,0.0
2020-07-08,1.0,-0.33592314312963784,-0.03210123519970225,-0.2803973109400079,-0.44299704575589105,-0.23478099048593828,0.0
2020-07-09,1.0,-0.33363568704065494,-0.03302632803051447,-0.2791189878128198,-0.44297143920364684,-0.237022048562657,0.0
2020-07-10,1.0,-0.334232683630274,-0.033074382471972835,-0.27929478531888174,-0.44306182257989485,-0.23624226636274828,0.0
2020-07-13,1.0,-0.335984742766769,-0.03437529072471858,-0.27904921388036097,-0.4425993115638664,-0.23374267373709184,0.0
2020-07-14,1.0,-0.32724908271794156,-0.035669499790999024,-0.2740002786679671,-0.44628674933816354,-0.23902744879476104,0.0
2020-07-15,1.0,-0.32602886157135225,-0.03873771291799317,-0.27402226198498825,-0.44670369251504666,-0.23830548648711455,0.0
2020-07-16,1.0,-0.32437584267051,-0.043818866520991206,-0.27281603049886094,-0.44499976753916964,-0.2386210423543633,0.0
2020-07-17,1.0,-0.3246994815038713,-0.043967541677323356,-0.2733846404240973,-0.44376758352902884,-0.23925224952916835,0.0
2020-07-20,1.0,-0.3249918600865157,-0.04623470859109726,-0.27366389134378344,-0.44085771431229365,-0.23991813572724316,0.0
2020-07-21,1.0,-0.31009749303621165,-0.05197307335190343,-0.2646239554317549,-0.4433147632311978,-0.25123026926648095,0.0
2020-07-22,1.0,-0.3109770248317475,-0.04996518913901137,-0.26597818519378047,-0.44274773729403577,-0.2510559294499884,0.0
2020-07-23,1.0,-0.31167142624968075,-0.05110166933667665,-0.26649021383297344,-0.44273409022312,-0.24972719463211906,0.0
2020-07-24,1.0,-0.3062559439586185,-0.05328106515738443,-0.2653847045997541,-0.4421841293405395,-0.25248776414372204,0.0
2020-07-27,1.0,-0.30602270094973366,-0.05429696548529071,-0.2643039147556173,-0.4407458883483901,-0.2510308084317813,0.0
2020-07-28,1.0,-0.30516758159034585,-0.05334352488824033,-0.26308109234938504,-0.4417112547193848,-0.2529358626919603,0.0
2020-07-29,1.0,-0.3054660142390019,-0.053894854015444915,-0.26390853644396,-0.44038867373205637,-0.25542079265323164,0.0
2020-07-30,1.0,-0.30499907252828784,-0.04651270636245595,-0.2647468002225932,-0.44133741420886663,-0.2611064737525505,0.0
2020-07-31,1.0,-0.3085237156442074,-0.046967412733387455,-0.2652209207932274,-0.4403803780586803,-0.25828597935753217,0.0
2020-08-03,1.0,-0.29210472995790093,-0.04754722078389879,-0.25146896598302526,-0.40588486908755267,-0.2542830770616178,0.0
2020-08-04,1.0,-0.290766252476139,-0.044998199171618944,-0.25031514496668467,-0.407640014406627,-0.25731586529803707,0.0
2020-08-05,1.0,-0.29085055608086813,-0.045026790940609664,-0.25043901121167095,-0.40740240443063624,-0.25762078436669816,0.0
2020-08-06,1.0,-0.29050342219020175,-0.046312139769452455,-0.2500225144092219,-0.4074207492795389,-0.25715958213256485,0.0
2020-08-07,1.0,-0.28858682175785033,-0.04950294177317915,-0.25303757805279414,-0.402944027411465,-0.2601834945109443,0.0
2020-08-10,1.0,-0.28631313245137585,-0.050979243199386994,-0.2520339861621329,-0.40274052872371596,-0.2616573888350499,0.0
2020-08-11,1.0,-0.28126338571138715,-0.05286651486800279,-0.24604910160741258,-0.4026421985255991,-0.2716144013346259,0.0
2020-08-12,1.0,-0.27768014059753954,-0.05218331756117345,-0.23800189265918617,-0.4063584335992069,-0.2789419133883106,0.0
2020-08-13,1.0,-0.2781046414643493,-0.05265886702283537,-0.23838506796510447,-0.40619012195396853,-0.2788936227767634,0.0
2020-08-14,1.0,-0.27608245566657663,-0.050409577819785764,-0.23847781078404898,-0.40275902421460075,-0.2826987127554236,0.0
2020-08-17,1.0,-0.27871325019134663,-0.05506280671739228,-0.23765251451983252,-0.40146774120931067,-0.27824051145828643,0.0
2020-08-18,1.0,-0.2788708297690334,-0.055603079555175364,-0.23810274188465175,-0.40097249110800953,-0.27758768177929855,0.0
2020-08-19,1.0,-0.2783707106187517,-0.05703413491849049,-0.23698549941457261,-0.40011708547239483,-0.279136269476718,0.0
2020-08-20,1.0,-0.2789221314243263,-0.05857589878660994,-0.2367348776479593,-0.399540757749713,-0.2774138357983837,0.0
2020-08-21,1.0,-0.26725193956717025,-0.06424390907853546,-0.2265550564856404,-0.41102944512499434,-0.29939657910258155,0.0
2020-08-24,1.0,-0.2687143603607697,-0.05945430174705227,-0.21687075448122317,-0.41590749028784335,-0.31090260581139106,0.0
2020-08-25,1.0,-0.26740909090909093,-0.06472727272727272,-0.20913636363636365,-0.4168636363636364,-0.3145681818181818,0.0
2020-08-26,1.0,-0.26855388813096864,-0.06475670759436107,-0.21048203728967713,-0.41728058208276486,-0.31268758526603,0.0
2020-08-27,1.0,-0.26553518278690386,-0.06666212255469975,-0.20802944584554564,-0.41685411128530203,-0.3149978415468157,0.0
2020-08-28,1.0,-0.2654461202980193,-0.06798564419407595,-0.20761402871161183,-0.4163865164455751,-0.3140559694711975,0.0
2020-08-31,1.0,-0.265227184819458,-0.06766626470387477,-0.2088689677140452,-0.41762417237377986,-0.31589724920934675,0.0
2020-09-01,1.0,-0.2648209654670367,-0.06833795896082624,-0.20642431411802173,-0.41839938122753534,-0.3169161472314482,0.0
2020-09-02,1.0,-0.2611819814903245,-0.06614821383905224,-0.2064033472042204,-0.41792300520726744,-0.3222821020078677,0.0
2020-09-03,1.0,-0.26243747157798997,-0.06957708049113233,-0.20864029104138243,-0.41568894952251023,-0.3174170077307867,0.0
2020-09-04,1.0,-0.24746069449157335,-0.06754891980545187,-0.19581495305960864,-0.4198846284356973,-0.331478339554349,0.0
2020-09-08,1.0,-0.2496380418061714,-0.07105691792597955,-0.19410008144059362,-0.4162519229029047,-0.33119174735318074,0.0
2020-09-09,1.0,-0.24099373281031608,-0.07682943324766671,-0.17834437981874748,-0.41631723702601564,-0.3418774516434465,0.0
2020-09-10,1.0,-0.23850794651298907,-0.07926252757642609,-0.17245959209400746,-0.41553734635991174,-0.3453694115528342,0.0
2020-09-11,1.0,-0.23955613577023496,-0.08051228954713245,-0.17353920950751778,-0.41347798685513637,-0.3437696947870712,0.0
2020-09-14,1.0,-0.23898465277465233,-0.08125928259597642,-0.17343264773392142,-0.4132949277645258,-0.3433547864440344,0.0
2020-09-15,1.0,-0.23923218866735677,-0.08062919123272874,-0.1719699356406679,-0.41415005175750486,-0.3443449300148521,0.0
2020-09-16,1.0,-0.23882477334593147,-0.08281028548289128,-0.17113225799194617,-0.4128591032822658,-0.34406425052304784,0.0
2020-09-17,1.0,-0.23879052397129294,-0.08283650925780107,-0.17113995815428917,-0.412810186955837,-0.34419222029741947,0.0
2020-09-18,1.0,-0.23787575600872363,-0.08336893225712166,-0.1705150976909414,-0.4116059986060211,-0.34500978033590396,0.0
2020-09-21,1.0,-0.23836712673650137,-0.0832171919255496,-0.1691992986557569,-0.41183743200107903,-0.3452771658499303,0.0
2020-09-22,1.0,-0.23661687071773557,-0.0870493092216107,-0.16670785128608334,-0.4108053465124116,-0.34525440862630574,0.0
2020-09-23,1.0,-0.23658257138364072,-0.08694089367151168,-0.16685013366881585,-0.41075640824028936,-0.34540471322984295,0.0
2020-09-24,1.0,-0.2331629450273518,-0.08014976235315217,-0.16242937853107345,-0.41213792484978923,-0.35407138373240066,0.0
2020-09-25,1.0,-0.23385794995964487,-0.07911846471168506,-0.16265357367052283,-0.41265357367052286,-0.35366783248139183,0.0
2020-09-28,1.0,-0.23429827118416038,-0.07899634504563087,-0.16292575733793754,-0.4128080364150055,-0.35327488396080453,0.0
2020-09-29,1.0,-0.23570532353468365,-0.07584244488259545,-0.1606694748162753,-0.4131340742068471,-0.3551935830794049,0.0
2020-09-30,1.0,-0.2358133387100388,-0.07460178775455341,-0.16199565382978248,-0.4119228442771692,-0.3559378990523557,0.0
2020-10-01,1.0,-0.23438723680383075,-0.08151529390705063,-0.16106151126625048,-0.40970217717213764,-0.3509431429146809,0.0
2020-10-02,1.0,-0.23274955825449015,-0.08009573016618579,-0.16063879755753874,-0.4101635017557986,-0.3530161712406898,0.0
2020-10-05,1.0,-0.23004694835680753,-0.08195841716968477,-0.1578582606751621,-0.41050748938072884,-0.3552872792309412,0.0
2020-10-06,1.0,-0.23022097102129277,-0.07976405925330116,-0.15653417342538595,-0.4111535625712179,-0.35659226489711104,0.0
2020-10-07,1.0,-0.23090161369630324,-0.07860623128156989,-0.15696660855571948,-0.4121630682580126,-0.3564212596665326,0.0
2020-10-08,1.0,-0.23025375268048606,-0.07824785561115082,-0.15542351679771266,-0.4128171908506076,-0.35699606862044314,0.0
2020-10-09,1.0,-0.23003037884203,-0.07782344531808436,-0.1552224803431022,-0.41254914224446027,-0.35811293781272335,0.0
2020-10-12,1.0,-0.2303778258831931,-0.07741748309491396,-0.1522685174853266,-0.40853399986609834,-0.36309669932379657,0.0
2020-10-13,1.0,-0.2323819709021233,-0.07581935253882316,-0.1494106900162645,-0.40592206403315284,-0.3645032640420649,0.0
2020-10-14,1.0,-0.23113596364203443,-0.07650321919486712,-0.1462784325082986,-0.4070443558268541,-0.36685454585960303,0.0
2020-10-15,1.0,-0.2303710286602977,-0.07485003332592757,-0.14345700955343257,-0.4061541879582315,-0.36687402799377916,0.0
2020-10-16,1.0,-0.23097264505233217,-0.0751538854692118,-0.1420412879713784,-0.40583542587942484,-0.3681918179596009,0.0
2020-10-19,1.0,-0.22889642785871084,-0.07146499922392958,-0.13159937027428545,-0.4050865872857491,-0.3802745071952815,0.0
2020-10-20,1.0,-0.2285226794300782,-0.07084136586230583,-0.1325533470717277,-0.403864477387046,-0.38011035032905666,0.0
2020-10-21,1.0,-0.22973481911429142,-0.07273089789317441,-0.1287135293205432,-0.4045725425906644,-0.37962737322492746,0.0
2020-10-22,1.0,-0.2322494728664965,-0.06818333148374209,-0.12606813894129398,-0.41111974253689937,-0.381866607479747,0.0
2020-10-23,1.0,-0.2340784479122733,-0.0664165686252747,-0.12766099136495815,-0.41117449887899843,-0.38045239627960664,0.0
2020-10-26,1.0,-0.2350668383887729,-0.06843718079673136,-0.12737043122973754,-0.4125549584758183,-0.3771372740595994,0.0
2020-10-27,1.0,-0.23408692565393918,-0.0668249284494043,-0.1277705056242096,-0.4129966942515475,-0.376944068511082,0.0
2020-10-28,1.0,-0.2347029329546967,-0.0669343745840174,-0.12750144207303546,-0.4130097173536851,-0.3764254337311976,0.0
2020-10-29,1.0,-0.23415629644417826,-0.06432865286927975,-0.12639471174108827,-0.4160067434174043,-0.37734300481355787,0.0
2020-10-30,1.0,-0.23486226323027104,-0.06285764982477932,-0.12489464578804951,-0.416182406955596,-0.3791864436854013,0.0
2020-11-02,1.0,-0.23669032830523515,-0.06419698314108252,-0.12462289263531501,-0.4160825199645075,-0.37668589174800354,0.0
2020-11-03,1.0,-0.23638822381839142,-0.060898288551919845,-0.1210871685732021,-0.4161346102686885,-0.38241553604682094,0.0
2020-11-04,1.0,-0.23719013756895063,-0.056046609512416655,-0.12057774528698965,-0.4173589419817904,-0.3841075740457677,0.0
2020-11-05,1.0,-0.2297691695409923,-0.05828247987972053,-0.11315998938710534,-0.4184133722472804,-0.39139471124082426,0.0
2020-11-06,1.0,-0.23148968204764858,-0.059981401115933045,-0.11236825790452575,-0.4181649101053937,-0.3921707554689576,0.0
