Date,ELAN,IWF,IWM,MTUM,SDY,SPY,USMV,VLUE,XLB,XLC,XLE,XLF,XLI,XLK,XLP,XLRE,XLU,XLV,XLY
2019-01-02,,,,,,,,,,,,,,,,,,,
2019-01-03,,,,,,,,,,,,,,,,,,,
2019-01-04,,,,,,,,,,,,,,,,,,,
2019-01-07,,,,,,,,,,,,,,,,,,,
2019-01-08,,,,,,,,,,,,,,,,,,,
2019-01-09,,,,,,,,,,,,,,,,,,,
2019-01-10,,,,,,,,,,,,,,,,,,,
2019-01-11,,,,,,,,,,,,,,,,,,,
2019-01-14,,,,,,,,,,,,,,,,,,,
2019-01-15,,,,,,,,,,,,,,,,,,,
2019-01-16,,,,,,,,,,,,,,,,,,,
2019-01-17,,,,,,,,,,,,,,,,,,,
2019-01-18,,,,,,,,,,,,,,,,,,,
2019-01-22,,,,,,,,,,,,,,,,,,,
2019-01-23,,,,,,,,,,,,,,,,,,,
2019-01-24,,,,,,,,,,,,,,,,,,,
2019-01-25,,,,,,,,,,,,,,,,,,,
2019-01-28,,,,,,,,,,,,,,,,,,,
2019-01-29,,,,,,,,,,,,,,,,,,,
2019-01-30,,,,,,,,,,,,,,,,,,,
2019-01-31,,,,,,,,,,,,,,,,,,,
2019-02-01,,,,,,,,,,,,,,,,,,,
2019-02-04,,,,,,,,,,,,,,,,,,,
2019-02-05,,,,,,,,,,,,,,,,,,,
2019-02-06,,,,,,,,,,,,,,,,,,,
2019-02-07,,,,,,,,,,,,,,,,,,,
2019-02-08,,,,,,,,,,,,,,,,,,,
2019-02-11,,,,,,,,,,,,,,,,,,,
2019-02-12,,,,,,,,,,,,,,,,,,,
2019-02-13,,,,,,,,,,,,,,,,,,,
2019-02-14,,,,,,,,,,,,,,,,,,,
2019-02-15,,,,,,,,,,,,,,,,,,,
2019-02-19,,,,,,,,,,,,,,,,,,,
2019-02-20,,,,,,,,,,,,,,,,,,,
2019-02-21,,,,,,,,,,,,,,,,,,,
2019-02-22,,,,,,,,,,,,,,,,,,,
2019-02-25,,,,,,,,,,,,,,,,,,,
2019-02-26,,,,,,,,,,,,,,,,,,,
2019-02-27,,,,,,,,,,,,,,,,,,,
2019-02-28,,,,,,,,,,,,,,,,,,,
2019-03-01,,,,,,,,,,,,,,,,,,,
2019-03-04,,,,,,,,,,,,,,,,,,,
2019-03-05,,,,,,,,,,,,,,,,,,,
2019-03-06,,,,,,,,,,,,,,,,,,,
2019-03-07,,,,,,,,,,,,,,,,,,,
2019-03-08,,,,,,,,,,,,,,,,,,,
2019-03-11,,,,,,,,,,,,,,,,,,,
2019-03-12,,,,,,,,,,,,,,,,,,,
2019-03-13,,,,,,,,,,,,,,,,,,,
2019-03-14,,,,,,,,,,,,,,,,,,,
2019-03-15,,,,,,,,,,,,,,,,,,,
2019-03-18,1.0,-0.0,-0.3472981740661785,-0.0,-0.3057743998517008,-0.0,-1.3231532116044118,-0.0,-0.22198535545462972,-0.0,-0.018722773194920755,-0.0639076837519696,-0.0,-0.0,-0.21878765409213088,-0.0,-1.1347668922050236,-0.0,-0.0
2019-03-19,1.0,-0.0,-0.29944183969636073,-0.0,-0.3725385130609511,-0.0,-1.252065193123465,-0.0,-0.1659298950658629,-0.0,-0.09609287787452557,-0.0391158740790355,-0.0,-0.0,-0.1938825630721143,-0.0,-1.0462156731413261,-0.0,-0.0
2019-03-20,1.0,-0.0,-0.22153151908642998,-0.0,-0.4059032094672377,-0.0,-1.342082239720035,-0.0,-0.27093981673343465,-0.0,-0.0,-0.029009531703273934,-0.0,-0.0,-0.3613758806464981,-0.0,-0.973845374591334,-0.0,-0.0
2019-03-21,1.0,-0.0,-0.22218106043065525,-0.0,-0.38508914100486225,-0.0,-1.3377170641352165,-0.0,-0.3003473026163464,-0.0,-0.0,-0.010650613567955545,-0.0,-0.0,-0.36777031720305625,-0.0,-1.0069923593424404,-0.0,-0.0
2019-03-22,1.0,-0.0,-0.21705073321796156,-0.0,-0.3049002641406321,-0.0,-1.196238273066764,-0.0,-0.3041260588396029,-0.0,-0.003643319063667001,-0.1810274159759541,-0.0,-0.0,-0.24542308042626834,-0.0,-1.101694143364605,-0.0,-0.0
2019-03-25,1.0,-0.0,-0.12436758347898078,-0.0,-0.2972587618434367,-0.0,-1.3304203845092448,-0.0,-0.30121423972035694,-0.0,-0.0,-0.15886303008002944,-0.0,-0.0,-0.28805997608315703,-0.0,-1.099208904424616,-0.0,-0.0
2019-03-26,1.0,-0.0,-0.2007230851633637,-0.0,-0.33788609176932694,-0.0,-1.3174879485806106,-0.0,-0.23509194786645243,-0.0,-0.00901624709873237,-0.06472058560971256,-0.0,-0.0,-0.19309051955008036,-0.0,-1.105472237100518,-0.0,-0.0
2019-03-27,1.0,-0.0,-0.10537596780543283,-0.0,-0.3097414811250601,-0.0,-1.3278509251563797,-0.0,-0.28502690171033634,-0.0,-0.04181794322208127,-0.06998818949302305,-0.0,-0.0,-0.1828441450505227,-0.0,-1.0516600323695375,-0.0,-0.0
2019-03-28,1.0,-0.0,-0.053929729256111454,-0.0,-0.3312888811004995,-0.0,-1.3067554543064925,-0.0,-0.31818978358012795,-0.0,-0.047621133794795406,-0.07504600017523877,-0.0,-0.0,-0.184132130027162,-0.0,-1.0640059581179357,-0.0,-0.0
2019-03-29,1.0,-0.0,-0.0,-0.0,-0.3045377123640651,-0.0,-1.3193868192339606,-0.0,-0.40957330654670915,-0.0,-0.026772066209547103,-0.0005677599685548324,-0.0,-0.0,-0.24496658950954273,-0.0,-1.0615364458225969,-0.0,-0.0
2019-04-01,1.0,-0.0,-0.0,-0.0,-0.32964001051064207,-0.0,-1.31317333800473,-0.0,-0.38420776035736187,-0.0,-0.04125426994832268,-0.009065428746605939,-0.0,-0.0,-0.2306210037663134,-0.0,-1.0715161601121135,-0.0,-0.0
2019-04-02,1.0,-0.0,-0.0,-0.0,-0.3278688524590164,-0.0,-1.3174366616989568,-0.0,-0.3837117559393355,-0.0,-0.041991759445954235,-0.007495397562899973,-0.0,-0.0,-0.22736039274129918,-0.0,-1.0773647760147278,-0.0,-0.0
2019-04-03,1.0,-0.0,-0.0,-0.0,-0.32087912087912085,-0.0,-1.2725274725274724,-0.0,-0.3884835164835165,-0.0,-0.03230769230769231,-0.03138461538461538,-0.0,-0.0,-0.2592087912087912,-0.0,-1.0908131868131867,-0.0,-0.0
2019-04-04,1.0,-0.0,-0.0,-0.0,-0.32380868647793215,-0.0,-1.1838842975206612,-0.0,-0.5091436609811852,-0.0,-0.0,-0.004308071039212239,-0.0,-0.0,-0.2776507824863724,-0.0,-1.0971953578336557,-0.0,-0.0
2019-04-05,1.0,-0.0,-0.0,-0.0,-0.2790509571313023,-0.0,-1.3393097870045834,-0.0,-0.5017524939336748,-0.0,-0.0,-0.03770108744495372,-0.0,-0.0,-0.2382493034960007,-0.0,-1.097465624157455,-0.0,-0.0
2019-04-08,1.0,-0.0,-0.0,-0.0,-0.34333037009310813,-0.0,-1.3985870022926123,-0.0,-0.43297618490619005,-0.0,-0.0,-0.092125579001544,-0.0,-0.0,-0.2807748093388855,-0.0,-1.131053197960043,-0.0,-0.0
2019-04-09,1.0,-0.0,-0.0,-0.0,-0.326409078120604,-0.0,-1.4181749976554439,-0.0,-0.4306949263809434,-0.0,-0.0,-0.08932758135609116,-0.0,-0.0,-0.3196567570102222,-0.0,-1.1048954328050267,-0.0,-0.0
2019-04-10,1.0,-0.0,-0.0,-0.0,-0.36756477171204216,-0.0,-1.4060751398880895,-0.0,-0.4232378802840081,-0.0,-0.0,-0.08144072976912586,-0.0,-0.0,-0.32143696807260075,-0.0,-1.1023651666901773,-0.0,-0.0
2019-04-11,1.0,-0.0,-0.0,-0.0,-0.36410501193317424,-0.0,-1.5119331742243436,-0.0,-0.4090692124105012,-0.0,-0.0,-0.08797136038186157,-0.0,-0.0,-0.2821002386634845,-0.010071599045346062,-1.108019093078759,-0.0,-0.0
2019-04-12,1.0,-0.0,-0.0,-0.0,-0.36258451576040374,-0.0,-1.5242834015808018,-0.0,-0.4355299495286163,-0.0,-0.0,-0.05047138367774497,-0.0,-0.0,-0.26383201599847633,-0.02509284830016189,-1.099609560994191,-0.0,-0.0
2019-04-15,1.0,-0.0,-0.0,-0.0,-0.3916189044442357,-0.0,-1.5057314666917223,-0.0,-0.42614864230010335,-0.0,-0.0,-0.010006577092924927,-0.0,-0.0,-0.27356008644179275,-0.022784929061354882,-1.0681198910081744,-0.0,-0.0
2019-04-16,1.0,-0.0,-0.0,-0.0,-0.32665273556231,-0.0,-1.432133358662614,-0.0,-0.42310980243161095,-0.0,-0.0,-0.05138677811550152,-0.0,-0.0,-0.3888677811550152,-0.03229483282674772,-1.0947948328267478,-0.0,-0.0
2019-04-17,1.0,-0.0,-0.0,-0.0,-0.2708806818181818,-0.0,-1.3098484848484848,-0.0,-0.41927083333333337,-0.0,-0.0,-0.1568181818181818,-0.0,-0.0,-0.417376893939394,-0.06482007575757576,-1.0957859848484848,-0.0,-0.0
2019-04-18,1.0,-0.0,-0.0,-0.0,-0.3216103871841577,-0.0,-1.2782681799075242,-0.0,-0.42319368548876746,-0.0,-0.02251179300359628,-0.1496427070197562,-0.0,-0.0,-0.3213768623604689,-0.02125075895567699,-1.1325953948904768,-0.0,-0.0
2019-04-22,1.0,-0.0,-0.0,-0.0,-0.29926154421387174,-0.0,-1.2628996074032528,-0.0,-0.42442512619181155,-0.0,-0.019302673396896616,-0.15689848569826137,-0.0,-0.0,-0.3344550383249205,-0.02430360815105627,-1.1522247148999814,-0.0,-0.0
2019-04-23,1.0,-0.0,-0.0,-0.0,-0.27702072055254806,-0.0,-1.2502800074668656,-0.0,-0.41674444651857384,-0.0,-0.046481239499719995,-0.14845062535000933,-0.0,-0.0,-0.34548254620123203,-0.0,-1.1823315288407692,-0.0,-0.0
2019-04-24,1.0,-0.0,-0.0,-0.0,-0.17393773067095675,-0.0,-1.1871865240844137,-0.0,-0.37740134380618906,-0.0,-0.025882464275574904,-0.2360177912368695,-0.0,-0.0,-0.42859846692533354,-0.12496451216049967,-1.1777704173369925,-0.0,-0.0
2019-04-25,1.0,-0.0,-0.0,-0.0,-0.2032974519689331,-0.0,-0.8571558341281736,-0.0,-0.3121678702820548,-0.0,-0.0,-0.33487759458600175,-0.0,-0.0,-0.4735885906345097,-0.21887632284144068,-1.1419357768996683,-0.0,-0.0
2019-04-26,1.0,-0.0,-0.0,-0.0,-0.20657406133956818,-0.0,-0.8211158483473158,-0.0,-0.31802136340714254,-0.0,-0.0,-0.34378581579791867,-0.0,-0.0,-0.5572823545592078,-0.2585155641131436,-1.0791271260257644,-0.0,-0.0
2019-04-29,1.0,-0.0,-0.0,-0.0,-0.21729774277734537,-0.0,-0.8218030309967493,-0.0,-0.3142255391236665,-0.0,-0.0,-0.3381713291515956,-0.0,-0.0,-0.5478686873311662,-0.25639851655143997,-1.0827800924866078,-0.0,-0.0
2019-04-30,1.0,-0.0,-0.0,-0.0,-0.14165516627342742,-0.0,-0.9029515202777902,-0.0,-0.21502025553131818,-0.0,-0.0,-0.3957619196011219,-0.0,-0.0,-0.46747985576281,-0.25611004763388684,-1.0727418421404087,-0.0,-0.0
2019-05-01,1.0,-0.0,-0.0,-0.0,-0.15079675220355174,-0.0,-0.824367157309713,-0.0,-0.17541574399722115,-0.02665971950848856,-0.003994615952411967,-0.42837914115757025,-0.0,-0.0,-0.4355868177673571,-0.30207112153184845,-0.9947027918891929,-0.0,-0.0
2019-05-02,1.0,-0.0,-0.0,-0.0,-0.0892693765520847,-0.0,-0.7925325665490349,-0.0,-0.09915915130919704,-0.0,-0.0211301354942709,-0.5328715200627369,-0.0,-0.0,-0.43223108090445694,-0.40142900710146817,-0.9881932644970156,-0.0,-0.0
2019-05-03,1.0,-0.0,-0.0,-0.0,-0.09583006193841054,-0.0,-0.7910669109308209,-0.0,-0.10163133560150049,-0.0,-0.018058099973828838,-0.5317979586495682,-0.0,-0.0,-0.433525255168804,-0.4012474919305592,-0.9887027828666144,-0.0,-0.0
2019-05-06,1.0,-0.0,-0.0,-0.0,-0.1096442652726709,-0.0,-0.8348469410357507,-0.0,-0.11345412661143846,-0.0,-0.016878571745005094,-0.5298365303681389,-0.0,-0.0,-0.4100917024764099,-0.399282328445488,-1.015948256766934,-0.0,-0.0
2019-05-07,1.0,-0.0,-0.0,-0.0,-0.121776252090485,-0.0,-0.8810844115834873,-0.0,-0.0736290819470117,-0.0,-0.0005721327347944723,-0.538464923862336,-0.0,-0.0,-0.411275415896488,-0.39600387289851247,-0.9782149458674412,-0.0,-0.0
2019-05-08,1.0,-0.0,-0.0,-0.0,-0.11736216216216216,-0.0,-0.8401297297297298,-0.0,-0.096,-0.030659459459459457,-0.0,-0.5338378378378378,-0.0,-0.0,-0.34724324324324324,-0.3776432432432432,-0.9814486486486486,-0.0,-0.0
2019-05-09,1.0,-0.0,-0.0,-0.0,-0.08190310666956332,-0.0,-0.9093200086899847,-0.0,-0.09580708233760592,-0.027243102324570934,-0.0,-0.5454703454268955,-0.0,-0.0,-0.375016293721486,-0.38466217684119053,-0.9254833804040843,-0.0,-0.0
2019-05-10,1.0,-0.0,-0.0,-0.0,-0.10038008884004213,-0.0,-1.0201492879058478,-0.0,-0.03947428676100197,-0.004899940468013005,-0.020607226267344413,-0.5775060676832898,-0.0,-0.0,-0.4060997389751339,-0.43385080368182444,-0.9764619682190777,-0.0,-0.0
2019-05-13,1.0,-0.0,-0.0,-0.0,-0.15350697758989046,-0.0,-1.0464566571207783,-0.0,-0.0,-0.0037274421564616575,-0.018909950452293284,-0.5884358379926361,-0.0,-0.0,-0.3716078003545616,-0.41720078185372067,-0.9457702622846493,-0.0,-0.0
2019-05-14,1.0,-0.0,-0.0,-0.0,-0.21829447688672937,-0.0,-1.0804618196407079,-0.0,-0.0,-0.0024517451968082736,-0.0225114786252396,-0.5796817188962688,-0.0,-0.0,-0.30958855257879014,-0.3645076449872955,-0.8802211028395667,-0.0,-0.0
2019-05-15,1.0,-0.0,-0.0,-0.0,-0.219598057127579,-0.0,-1.0861369814179405,-0.0,-0.0,-0.0011585936455594669,-0.0234838019696092,-0.5784055968985339,-0.0,-0.0,-0.31718729111893407,-0.3654917338799519,-0.8647119112339022,-0.0,-0.0
2019-05-16,1.0,-0.0,-0.0,-0.0,-0.22827733713572765,-0.0,-1.0921040905445147,-0.0,-0.0,-0.01180821673647625,-0.018982265395241064,-0.5698244363247482,-0.0,-0.0,-0.3147223955084217,-0.3591925853310757,-0.860974957668657,-0.0,-0.0
2019-05-17,1.0,-0.0,-0.0,-0.0,-0.22555410691003913,-0.0,-1.0408667895517691,-0.0,-0.0,-0.0,-0.059794092523490536,-0.576271186440678,-0.0,-0.0,-0.3595288405341006,-0.3921233646540485,-0.8416130917592052,-0.0,-0.0
2019-05-20,1.0,-0.0,-0.0,-0.0,-0.19488180044466627,-0.0,-1.0494124052815463,-0.0,-0.0,-0.0,-0.03198874722083579,-0.6027496710377059,-0.0,-0.0,-0.38785788828894235,-0.37805708062979265,-0.892463360406552,-0.0,-0.0
2019-05-21,1.0,-0.0,-0.0,-0.0,-0.13856419902369116,-0.0,-1.0201979488557482,-0.0,-0.0,-0.0,-0.10009404809888485,-0.5991759595145326,-0.0,-0.0,-0.3357069282099512,-0.40557123023870306,-0.8791258005284608,-0.0,-0.0
2019-05-22,1.0,-0.0,-0.0,-0.0,-0.07716985277960887,-0.0,-0.9882663150955834,-0.0,-0.0,-0.047593935398813444,-0.1010766864425401,-0.6521643594814327,-0.0,-0.0,-0.2631070094484729,-0.365062623599209,-0.900197758734344,-0.0,-0.0
2019-05-23,1.0,-0.0,-0.0,-0.0,-0.06809861950337406,-0.0,-0.9648921624840119,-0.0,-0.0,-0.0445022714241609,-0.11837868830767874,-0.6622414325409077,-0.0,-0.0,-0.2757023772769373,-0.3712786133286288,-0.9054822917126099,-0.0,-0.0
2019-05-24,1.0,-0.0,-0.0,-0.0,-0.030281375614113443,-0.0,-1.0348369807949978,-0.0,-0.0,-0.04859312192943279,-0.08811969629298795,-0.6858865564984369,-0.0,-0.0,-0.29066547565877626,-0.3816882536846807,-0.9062081286288522,-0.0,-0.0
2019-05-28,1.0,-0.0,-0.0,-0.0,-0.01654634321330882,-0.0,-1.0466346800591901,-0.0,-0.0,-0.050177122102147885,-0.08017577687099232,-0.6924353168019372,-0.0,-0.0,-0.30429128738621586,-0.37913098067351236,-0.9147123447379041,-0.0,-0.0
2019-05-29,1.0,-0.0,-0.0,-0.0,-0.03835628531073446,-0.0,-1.0201271186440677,-0.0,-0.0,-0.0994438559322034,-0.06333862994350282,-0.676465395480226,-0.0,-0.0,-0.2319915254237288,-0.3772510593220339,-0.9068237994350282,-0.0,-0.0
2019-05-30,1.0,-0.0,-0.0,-0.0,-0.05157404150545199,-0.0,-1.049375659514597,-0.0,-0.0,-0.07659162856137883,-0.08472564192754133,-0.6703306366514246,-0.0,-0.0,-0.2033943017938797,-0.36479950756243407,-0.8959285965529371,-0.0,-0.0
2019-05-31,1.0,-0.0,-0.0,-0.0,-0.07935649587670678,-0.0,-0.9872470821504213,-0.0,-0.0,-0.08485422017935199,-0.06516155198053265,-0.8041097742327971,-0.0,-0.0,-0.2260826461177955,-0.3946645036275968,-0.864810058131675,-0.0,-0.0
2019-06-03,1.0,-0.0,-0.0,-0.0,-0.06667562242521942,-0.0,-0.9832079527135948,-0.0,-0.0,-0.09551316496507253,-0.0508687085796167,-0.7860469281748165,-0.0,-0.0,-0.19975819451907575,-0.4534748343184668,-0.8423338706788466,-0.0,-0.0
2019-06-04,1.0,-0.0,-0.0,-0.0,-0.0757608275743658,-0.0,-1.0310340387174313,-0.0,-0.0,-0.09889685367214664,-0.0,-0.7693694467098768,-0.0,-0.0,-0.22080096149718847,-0.5238013478130231,-0.572734686869554,-0.0,-0.0
2019-06-05,1.0,-0.0,-0.0,-0.0,-0.04922800564560968,-0.0,-1.0367392327103204,-0.0,-0.0,-0.0874641803173517,-0.0,-0.777383345451435,-0.0,-0.0,-0.21628672854026773,-0.5438603994696548,-0.5659723707283693,-0.0,-0.0
2019-06-06,1.0,-0.0,-0.0,-0.0,-0.08801904921046035,-0.0,-0.9707995655443229,-0.028657364859219648,-0.0,-0.11162168936419083,-0.027696549419333274,-0.709541315063915,-0.0,-0.0,-0.23138942267524437,-0.48918038265519254,-0.5205530954966998,-0.0,-0.0
2019-06-07,1.0,-0.0,-0.0,-0.0,-0.10282452679733076,-0.0,-0.9594997272002349,-0.03621941494942712,-0.0,-0.11130230410878414,-0.0,-0.7342090905275528,-0.0,-0.0,-0.2028371175557141,-0.5266294539807781,-0.5233978259957192,-0.0,-0.0
2019-06-10,1.0,-0.0,-0.0,-0.0,-0.09514620128371859,-0.0,-0.9612786843982045,-0.03381297982128623,-0.0,-0.10899022528002685,-0.0024331920963208457,-0.7226580526072912,-0.0,-0.0,-0.21856777279020012,-0.5303519738222092,-0.5218777530729538,-0.0,-0.0
2019-06-11,1.0,-0.0,-0.0,-0.0,-0.07628440173641843,-0.0,-0.9694019471488178,-0.0,-0.0,-0.09200488894508366,-0.02389682640030345,-0.6950731234458634,-0.0,-0.0,-0.27580393644371387,-0.4984616681417794,-0.48809373287815566,-0.09562945167952121,-0.0
2019-06-12,1.0,-0.0,-0.0,-0.0,-0.0794173356182917,-0.0,-0.9270316586993776,-0.014972490303959593,-0.0,-0.0646252367637774,-0.03238026517543068,-0.6619915216018761,-0.0,-0.0,-0.33164967980517723,-0.6596013348967259,-0.6043113556417427,-0.04802922341481014,-0.08582123207359971
2019-06-13,1.0,-0.0,-0.0,-0.0,-0.10505415162454873,-0.0,-0.9401173285198555,-0.021435018050541516,-0.0,-0.06028880866425993,-0.0,-0.6386281588447654,-0.0,-0.0,-0.2936371841155235,-0.6632220216606498,-0.6205776173285199,-0.04305054151624549,-0.12666967509025273
2019-06-14,1.0,-0.0,-0.0,-0.0,-0.06917057902973396,-0.0,-0.8978761457634697,-0.03040465012295998,-0.0,-0.06693494299128103,-0.0,-0.6216409568522244,-0.0,-0.0,-0.30619271182651464,-0.6846858931365973,-0.5589537223340041,-0.07252403308741337,-0.16293315448245027
2019-06-17,1.0,-0.0,-0.0,-0.0,-0.022916096046745184,-0.0,-0.9382817492924312,-0.15119145439605586,-0.0,-0.04866246690404455,-0.0,-0.5372957180681092,-0.0,-0.0,-0.42125445083538754,-0.7249155482516205,-0.4766274080160687,-0.07390669223043915,-0.1699077878206884
2019-06-18,1.0,-0.0,-0.0,-0.0,-0.017875430593054648,-0.0,-0.965831859230984,-0.13522949446047852,-0.0,-0.06107438785960338,-0.0,-0.5711293175681965,-0.0,-0.0,-0.4394842193464295,-0.7356856903454054,-0.4946466809421841,-0.05469695559072712,-0.17940601433758493
2019-06-19,1.0,-0.0,-0.0,-0.0,-0.2027968100640234,-0.0,-1.0095473435920477,-0.21734246883073122,-0.0,-0.007694035718297203,-0.22677749073346062,-0.5919353027069527,-0.0,-0.0,-0.45776704481635405,-0.9836010333595417,-0.9185106143996405,-0.0,-0.0
2019-06-20,1.0,-0.0,-0.0,-0.0,-0.0,-0.0,-1.3162337662337662,-0.0,-0.0,-0.03168831168831169,-0.5048701298701299,-0.7645454545454545,-0.0,-0.0,-0.43870129870129865,-1.3245454545454545,-0.8894805194805194,-0.0,-0.22337662337662337
2019-06-21,1.0,-0.0,-0.0,-0.0,-0.0,-0.0,-1.3894066684169073,-0.0,-0.0,-0.049553688632186926,-0.424061433447099,-0.8325019690207405,-0.0,-0.0,-0.4267524284589131,-1.3156340246783933,-0.9062746127592545,-0.0,-0.21915200840115517
2019-06-24,1.0,-0.0,-0.0,-0.0,-0.0,-0.0,-1.4209528965890634,-0.0,-0.0,-0.11017866811044937,-0.4970221981591771,-0.8461017866811045,-0.0,-0.0,-0.4380752571737953,-1.2514889009204115,-1.0567135896047646,-0.0,-0.14726583649160802
2019-06-25,1.0,-0.0,-0.0,-0.0,-0.0,-0.0,-1.4946869712351947,-0.0,-0.0,-0.10829103214890018,-0.47871404399323186,-0.8400676818950931,-0.0,-0.0,-0.4380372250423012,-1.2167851099830795,-1.0435871404399324,-0.0,-0.14795262267343487
2019-06-26,1.0,-0.0,-0.0,-0.0,-0.01755425524035257,-0.0,-1.7706836530627361,-0.0,-0.0,-0.0,-0.41967261684319684,-0.928449744463373,-0.0,-0.0,-0.6717280201466559,-1.3567143174579661,-1.1481371750240725,-0.09088215687726836,-0.0028886749129694096
2019-06-27,1.0,-0.0,-0.0,-0.0,-0.0,-0.0,-1.8399236047251892,-0.0729291928980689,-0.0,-0.0,-0.4342505482068331,-0.8438141048312937,-0.0,-0.0,-0.47888519487868714,-1.121666548772724,-1.0518497559595388,-0.06953384735092312,-0.16078375893046615
2019-06-28,1.0,-0.0,-0.0,-0.0,-0.0,-0.0,-2.1322534989778266,-0.16252555433244223,-0.0,-0.09364679981129109,-0.4965403365309011,-0.9417361220317662,-0.0,-0.0,-0.5209938669602139,-0.9742884101273787,-1.2720553546155058,-0.09663469098914926,-0.17219688630287783
2019-07-01,1.0,-0.0,-0.0,-0.0,-0.0,-0.0,-2.1837106221307585,-0.08651258508785815,-0.0,-0.06870349849612158,-0.48622763970239036,-0.9164160202627829,-0.0,-0.0,-0.6241095456704132,-0.9533006173816685,-1.2590628462877946,-0.12228906126325786,-0.21473800854836156
2019-07-02,1.0,-0.0,-0.0,-0.0,-0.0,-0.0,-2.1372772398079585,-0.10293758645943527,-0.0,-0.12702416795508178,-0.5003661811376028,-0.8782651151436244,-0.0,-0.0,-0.6745870290503703,-1.0480917894051591,-1.3115794613068597,-0.09691594108552365,-0.2602327284563431
2019-07-03,1.0,-0.0,-0.0,-0.0,-0.0,-0.0,-2.2279622450699477,-0.08798247092533287,-0.0,-0.08031350075846957,-0.628602730490477,-0.9281139389853363,-0.0,-0.0,-0.7213888420697792,-1.0001685487948762,-1.39019046013821,-0.0784594640148323,-0.28434181695600874
2019-07-05,1.0,-0.0,-0.0,-0.0,-0.0,-0.0,-2.133671206841939,-0.2466740576496674,-0.0,-0.1023915109280963,-0.6147450110864745,-0.8192112765283497,-0.0,-0.0,-0.5683401963889768,-1.0145707950586,-1.3277636997149194,-0.02486537852391511,-0.06659803611023124
2019-07-08,1.0,-0.0,-0.0,-0.0,-0.0024451806278592836,-0.0,-2.1564915601829937,-0.17849818583372773,-0.0,-0.11760530052058683,-0.6378766366934847,-0.8283640952831677,-0.0,-0.0,-0.5393595204290897,-0.9934532260608929,-1.3414576431613818,-0.010017352894778356,-0.0821107430194037
2019-07-09,1.0,-0.0,-0.0,-0.0,-0.02178217821782178,-0.0,-2.3036303630363038,-0.341996699669967,-0.0,-0.1226072607260726,-0.6317656765676567,-0.6930693069306931,-0.0,-0.0,-0.4531353135313531,-0.8826732673267327,-1.6304455445544555,-0.029455445544554454,-0.14034653465346536
2019-07-10,1.0,-0.0,-0.0,-0.0,-0.0,-0.0,-2.282393711436058,-0.1804581185022399,-0.0,-0.19913785816921648,-0.6401825712112248,-0.7976502408925703,-0.0,-0.0,-0.45346969825035927,-0.9009382131687939,-1.7061955878623956,-0.1546783872876342,-0.13735102696306314
2019-07-11,1.0,-0.0,-0.0,-0.0,-0.0,-0.0,-2.2469968023507048,-0.14398064125831822,-0.0,-0.15789473684210528,-0.58983666061706,-1.0299023420620517,-0.0,-0.0,-0.37110016420361247,-0.9543686803214935,-1.8285368593898539,-0.15780831388816868,-0.16187019272318728
2019-07-12,1.0,-0.0,-0.0,-0.0,-0.0,-0.0,-2.315863772719252,-0.17734250926416092,-0.0,-0.15625551438150698,-0.6006705487912476,-1.0359978824775014,-0.0,-0.0,-0.38971236986059643,-0.8795659078877713,-1.9145050291159342,-0.18140109405329097,-0.1716957826010235
2019-07-15,1.0,-0.0,-0.0,-0.0,-0.08775456690848703,-0.0,-2.294379861900184,-0.0899396905864872,-0.0,-0.10777029979896863,-0.6479328730006119,-1.0518311336421642,-0.0,-0.0,-0.44550301547067567,-0.8360283192028669,-1.7810506074643826,-0.25093960318154007,-0.14718993095009178
2019-07-16,1.0,-0.0,-0.0,-0.0,-0.07680477655147458,-0.0,-2.359236475483988,-0.15559978288402387,-0.0,-0.16374163198842048,-0.6855436945901936,-1.011579518726253,-0.0,-0.0,-0.5416138954224715,-0.8375248778722634,-1.8222362945540076,-0.2190157409082685,-0.17369278089379409
2019-07-17,1.0,-0.0,-0.0,-0.0,-0.08305383936451897,-0.0,-2.3352162400706087,-0.14642541924095323,-0.0,-0.12886142983230361,-0.5864077669902913,-0.9848190644307149,-0.0,-0.0,-0.6328331862312445,-0.7501323918799647,-1.7548984995586938,-0.2155339805825243,-0.20785525154457196
2019-07-18,1.0,-0.0,-0.0,-0.0,-0.04424545693968923,-0.0,-2.3439557545430607,-0.15240101834781847,-0.0,-0.12009481169344219,-0.5742252655605302,-0.9808620841014836,-0.0,-0.0,-0.6309367044157669,-0.7166183829338951,-1.775963479940304,-0.245017996664033,-0.1945395487665701
2019-07-19,1.0,-0.0,-0.0,-0.0,-0.14646420058267856,-0.0,-2.3365410082104705,-0.06418292575262648,-0.0,-0.16606338836408582,-0.590800741590889,-0.9412024366557782,-0.0,-0.0,-0.6288514169683058,-0.7171360466142844,-1.7757570406992145,-0.22671492893087317,-0.23492539948794916
2019-07-22,1.0,-0.0,-0.0,-0.0,-0.2843654304185097,-0.0,-2.2205682204831576,-0.10854031983667915,-0.0,-0.12019394351820348,-0.6264886015651582,-0.8180503572643757,-0.0,-0.0,-0.5747703300442328,-0.553249404559374,-1.709424974481116,-0.26616195985028923,-0.22448111602585913
2019-07-23,1.0,-0.0,-0.0,-0.0,-0.2989375265618359,-0.0,-2.2158096047598805,-0.11185720356991075,-0.0,-0.1131321716957076,-0.6311092222694432,-0.8114747131321717,-0.0,-0.0,-0.5723756906077347,-0.5619209519762006,-1.7015724606884828,-0.2709732256693582,-0.21070973225669357
2019-07-24,1.0,-0.0,-0.0,-0.0,-0.0,-0.0,-2.2611373607829903,-0.02514343570705366,-0.0,-0.04615254809314884,-0.6697603779952751,-0.7707559905501181,-0.0,-0.0,-0.505062436719541,-0.5451400607492406,-1.7053661829227134,-0.3515862301721228,-0.5574586567667904
2019-07-25,1.0,-0.0,-0.0,-0.0,-0.2907633150617688,-0.0,-1.3599770923668493,-0.10864763151435818,-0.0,-0.6907469524666612,-0.5802994354904688,-0.4380266710300253,-0.0,-0.0,-0.8805530557146364,-0.2243311789249775,-1.950666775750634,-0.4772968992882271,-0.17990673320788675
2019-07-26,1.0,-0.0,-0.0,-0.0,-0.27150166490700883,-0.0,-1.3156826118736296,-0.07642329245512873,-0.0,-0.6751400958336716,-0.5347194022577763,-0.42345488508080886,-0.0,-0.0,-0.8928774466011532,-0.20929099325915698,-1.9502152196865101,-0.4759197596036709,-0.29635344757573295
2019-07-29,1.0,-0.0,-0.0,-0.0,-0.23409402467542942,-0.0,-1.3315055237480848,-0.09668575114910088,-0.0,-0.5203612611886139,-0.5789049270220145,-0.34537537295379406,-0.05854366583340053,-0.0,-0.7897750181436981,-0.26030158858156605,-1.9541166034997177,-0.46722038545278605,-0.42682041770824936
2019-07-30,1.0,-0.0,-0.0,-0.0,-0.22790210916116566,-0.0,-1.3323941394300434,-0.0916116567380454,-0.0,-0.5177910159394623,-0.5788922878763484,-0.364997584929963,-0.04717436805667364,-0.0,-0.791659958138786,-0.2589760103042988,-1.946465947512478,-0.4654644984704557,-0.42682337787795843
2019-07-31,1.0,-0.0,-0.0,-0.0,-0.25944744363289934,-0.0,-1.166878374087012,-0.08280406478247063,-0.0,-0.4703080342966022,-0.6205938393140681,-0.35939980946332173,-0.09923785328675772,-0.0,-0.8678945697046683,-0.35947919974595116,-1.8382819942839,-0.4987297554779295,-0.31581454429977773
2019-08-01,1.0,-0.0,-0.0,-0.0,-0.12016031457955234,-0.0,-1.1556261343012706,-0.05958862673926195,-0.0,-0.4353448275862069,-0.6723381730187539,-0.46922262552934063,-0.06268905021173624,-0.0,-0.6374773139745916,-0.39511494252873564,-1.7285238959467635,-0.5424228675136117,-0.28349969751966125
2019-08-02,1.0,-0.0,-0.0,-0.0,-0.0,-0.0,-1.2205155501482778,-0.13314576838263253,-0.0,-0.46232225686259604,-0.6528020682837807,-0.41426507489924724,-0.07603984487871646,-0.0,-0.647099079917877,-0.37928674625503767,-1.7909664664284086,-0.5735685499201582,-0.2540491217397917
2019-08-05,1.0,-0.0,-0.0,-0.0,-0.0,-0.0,-1.216525295365041,-0.10330202968797335,-0.0,-0.4513783701908513,-0.6410178733717057,-0.4552408361102696,-0.06747955165101485,-0.0,-0.6543471675249926,-0.4098757952135717,-1.7609057861254167,-0.5773250530142382,-0.2359890942138746
2019-08-06,1.0,-0.0,-0.0,-0.0,-0.21857404947175302,-0.0,-0.7311950401720757,-0.0565572214841526,-0.0,-0.24229771620168283,-0.46536344657430256,-0.2124375276776112,-0.1488581008413994,-0.0,-0.3791358258999178,-0.1434174732713355,-1.555450117036756,-0.7635857531473399,-0.4095653824255078
2019-08-07,1.0,-0.0,-0.0,-0.0,-0.2967614825760374,-0.0,-0.6134096786110085,-0.07406723309937199,-0.03207733037803226,-0.23069818987809385,-0.4926117473217584,-0.16783647334072158,-0.09130648934860237,-0.0,-0.3943479867011451,-0.15219800517177687,-1.483807412880187,-0.7616672823543899,-0.36608792020687103
2019-08-08,1.0,-0.0,-0.0,-0.0,-0.19732119969238657,-0.0,-0.6225326839271982,-0.05075621635478082,-0.0,-0.24282235324275825,-0.5478082542937708,-0.3734298897718534,-0.10458856703409382,-0.0,-0.34273263265829274,-0.15585747244296333,-1.64976928992566,-0.7829402717251986,-0.3381184311714945
2019-08-09,1.0,-0.0,-0.0,-0.0,-0.0293690393481968,-0.0,-0.4721783616497189,-0.19490936651297922,-0.0,-0.1959199141034548,-0.4267037200783174,-0.44704099033663863,-0.18493020905703278,-0.0,-0.45537800795806227,-0.12019200404219035,-1.6566664561359186,-0.9188403966399292,-0.21379397460999178
2019-08-12,1.0,-0.0,-0.0,-0.0,-0.06900245762177831,-0.0,-0.440733505576911,-0.2379482008948264,-0.0,-0.1905602117335686,-0.42649190245132024,-0.4242233285021111,-0.14474762114815048,-0.0,-0.46165479866406206,-0.10403932194845296,-1.6794378977881406,-0.8830424097296616,-0.239838679185834
2019-08-13,1.0,-0.0,-0.0,-0.0,-0.06264834478450969,-0.0,-0.42373516552154905,-0.24896939412866959,-0.0,-0.18844472204871957,-0.42667083073079326,-0.40580886945658967,-0.15015615240474703,-0.0,-0.4524672079950032,-0.10312304809494068,-1.6770143660212369,-0.8818863210493443,-0.22523422860712058
2019-08-14,1.0,-0.0,-0.0,-0.0,-0.05707691348013224,-0.0,-0.4425800012475828,-0.2507017653296737,-0.0,-0.17952716611565092,-0.44426423803879983,-0.4229305720167176,-0.15270413573700953,-0.0,-0.40933191940615055,-0.15806874181273783,-1.7038238413074667,-0.8359428607073793,-0.18096188634520616
2019-08-15,1.0,-0.0,-0.0,-0.0,-0.11559249142790726,-0.0,-0.3529377578892311,-0.21247166850700297,-0.0,-0.12419364212239205,-0.355204277328994,-0.2945894112861045,-0.20747370256291045,-0.0,-0.3879235194978788,-0.11826582204916604,-1.6360783402103793,-0.8050793281803916,-0.20172023013889695
2019-08-16,1.0,-0.0,-0.0,-0.0,-0.13866373320981934,-0.0,-0.3535780453913849,-0.21352477999073646,-0.0,-0.1184576192681797,-0.3551991662806855,-0.2759958314034275,-0.1992820750347383,-0.0,-0.3655048633626679,-0.11220472440944881,-1.6308476146364055,-0.8001968503937007,-0.22626215840666972
2019-08-19,1.0,-0.0,-0.0,-0.0,-0.09333103170493123,-0.0,-0.41544392657805396,-0.16197709879739916,-0.0,-0.09781920708901548,-0.36918119569595487,-0.28189193854652167,-0.14954830542608896,-0.0,-0.33902986362851717,-0.12549628862420162,-1.635364520398182,-0.775591230795788,-0.30928131653144597
2019-08-20,1.0,-0.0,-0.0,-0.0,-0.030180861190436194,-0.0,-0.42325998096198,-0.22397670642253206,-0.0,-0.09115851951397054,-0.29923287978050284,-0.2800268772047707,-0.14116131922280084,-0.0,-0.33327733915672775,-0.12665882748194188,-1.5619575564141328,-0.7883980066073129,-0.3001847807827986
2019-08-21,1.0,-0.0,-0.0,-0.0,-0.08209045713592822,-0.0,-0.5037589426458106,-0.3328483084758094,-0.0,-0.1279859342791318,-0.3520674184551958,-0.341033102946526,-0.08506123438826241,-0.0,-0.4740511701224687,-0.21801867345701467,-1.6362919849642295,-0.7953195101248939,-0.11422335394688977
2019-08-22,1.0,-0.0,-0.0,-0.0,-0.0,-0.0,-0.5005297600498598,-0.24774072919912746,-0.0,-0.19638516671860393,-0.38217513244001244,-0.4169523215955126,-0.14845746338423185,-0.0,-0.6183234652539732,-0.27080087254596447,-1.6627609847304456,-0.7882829541913369,-0.0
2019-08-23,1.0,-0.0,-0.0,-0.0,-0.0,-0.0,-0.5552206944182834,-0.2705468700948076,-0.0,-0.1675770703836253,-0.3547435172976706,-0.4536949833615873,-0.12864946317573933,-0.0,-0.6392289822314309,-0.2738117661832109,-1.6460727067244303,-0.7890374835185534,-0.0
2019-08-26,1.0,-0.0,-0.0,-0.0,-0.0,-0.0,-0.5071569743067617,-0.2244115709408876,-0.0,-0.1309217224651135,-0.2874767922381266,-0.501647002455531,-0.08588369168114032,-0.0,-0.6388572797508534,-0.31209199257351616,-1.5589027969096245,-0.7416901239743666,-0.0
2019-08-27,1.0,-0.0,-0.0,-0.0,-0.0,-0.0,-0.5865711510441962,-0.25819572608062163,-0.0,-0.06659786304031083,-0.3293467702768334,-0.4830014570179699,-0.10089849441476444,-0.0,-0.5896066051481301,-0.3630403108305002,-1.5647765905779503,-0.7287518212724623,-0.0
2019-08-28,1.0,-0.0,-0.0,-0.0,-0.0,-0.0,-0.5997328313801688,-0.240937518975044,-0.0,-0.07565729552492562,-0.32794948084279557,-0.4882506527415143,-0.10079543384540653,-0.0,-0.5970611451818568,-0.35533426437549337,-1.5574108931932722,-0.7288845710122047,-0.0
2019-08-29,1.0,-0.0,-0.0,-0.0,-0.0,-0.0,-0.628297652980775,-0.2203287039844745,-0.0,-0.08460185578264297,-0.34107586876099216,-0.48935654072411905,-0.09030262599308629,-0.0,-0.5735945175571593,-0.353690339013888,-1.5631633210018798,-0.7202377342470738,-0.0
2019-08-30,1.0,-0.0,-0.0,-0.0,-0.0,-0.0,-0.639296543359612,-0.19357186173438445,-0.0,-0.07313523347483324,-0.3456640388114009,-0.49126743480897517,-0.04166161309884779,-0.0,-0.675379017586416,-0.3606428138265616,-1.5138872043662828,-0.7298969072164948,-0.0
2019-09-03,1.0,-0.0,-0.0,-0.0,-0.0,-0.0,-0.627873390299675,-0.18491996630160068,-0.0,-0.06944277289685882,-0.32771693344566133,-0.48327115176314844,-0.07919123841617523,-0.0,-0.67751835359249,-0.35076423155614395,-1.4932001444217113,-0.7236731255265375,-0.0
2019-09-04,1.0,-0.0,-0.0,-0.0,-0.0,-0.0,-0.619574924093588,-0.10519735667083409,-0.0,-0.0629874382330178,-0.3273203548252664,-0.49252842769542177,-0.1393105911769959,-0.0,-0.6712508185985593,-0.3103530392331964,-1.4231708043102935,-0.8017503125558135,-0.0
2019-09-05,1.0,-0.0,-0.0,-0.0,-0.0,-0.0,-0.5498793242156074,-0.04114469601195265,-0.0,-0.018158832318124353,-0.33042179059878174,-0.5787265831513618,-0.09814963797264682,-0.0,-0.6379726468222042,-0.32749109297781864,-1.3389265601654983,-0.8255947592230777,-0.0
2019-09-06,1.0,-0.0,-0.0,-0.0,-0.0,-0.0,-0.550129273197357,-0.047055443837977586,-0.0,-0.01752370008618213,-0.3282964665326056,-0.5821890261419133,-0.09382361390405056,-0.0,-0.6355644929617925,-0.32186153404194195,-1.3396725079000287,-0.8293593794886527,-0.0
2019-09-09,1.0,-0.0,-0.0,-0.0,-0.0,-0.0,-0.596477089569422,-0.11173152198940824,-0.0,-0.045648169468109595,-0.30514621229564814,-0.5173842965691918,-0.04990789776652084,-0.0,-0.6460971678563205,-0.3422173612710108,-1.3032466037301402,-0.8384757080359199,-0.0
2019-09-10,1.0,-0.0,-0.0,-0.0,-0.0,-0.0,-0.6050358905338716,-0.023889636608344547,-0.0,-0.03858232391206819,-0.2925078510542844,-0.6239905787348586,-0.08445491251682369,-0.0,-0.5668461193360251,-0.33411843876177655,-1.3528488111260655,-0.6856213548676536,-0.0
2019-09-11,1.0,-0.0,-0.0,-0.0,-0.07082669095877932,-0.0,-0.3982578000455477,-0.17678205420177637,-0.0,-0.0,-0.24669779093600547,-0.614894101571396,-0.1155773172398087,-0.0,-0.5462309268959235,-0.2312115691186518,-1.5159986335686633,-0.7767023457071284,-0.0
2019-09-12,1.0,-0.0,-0.0,-0.0,-0.16018015937175195,-0.0,-0.5479270123570851,-0.389248181083266,-0.0,-0.030950456172768218,-0.22964545559533434,-0.3818570273703661,-0.08736574662201177,-0.0,-0.5050814181776186,-0.2902182700080841,-1.5072756669361358,-0.6445317011202217,-0.0
2019-09-13,1.0,-0.0,-0.0,-0.0,-0.14923606021311384,-0.0,-0.4459040423972487,-0.34701471500253706,-0.08304673845633422,-0.0,-0.25297400913344986,-0.4690195636240627,-0.058465354907819816,-0.0,-0.38529627332694366,-0.3264362631786661,-1.3652816147037266,-0.7552009922760332,-0.0
2019-09-16,1.0,-0.0,-0.0,-0.0,-0.11016758519851534,-0.0,-0.40158587335507817,-0.28045214261612866,-0.14149139579349904,-0.0,-0.27162298953998426,-0.5118659318411877,-0.0712518276909234,-0.0,-0.3670565740636598,-0.29856034191879427,-1.3799347654931953,-0.7896749521988526,-0.0
2019-09-17,1.0,-0.0,-0.0,-0.0,-0.19411598302687413,-0.0,-0.4005657708628006,-0.27343705799151347,-0.1452899575671853,-0.0,-0.25533239038189537,-0.5327298444130127,-0.02461103253182461,-0.0,-0.3943988684582744,-0.26698727015558704,-1.3854031117397454,-0.7848373408769449,-0.0
2019-09-18,1.0,-0.0,-0.0,-0.0,-0.13013387792148853,-0.0,-0.3169389607442705,-0.31308146131154985,-0.10891763104152484,-0.0,-0.2933401406852734,-0.546233265259814,-0.021499886544134334,-0.0,-0.4309053778080327,-0.2427955525300658,-1.423360562741094,-0.8456432947583391,-0.0
2019-09-19,1.0,-0.0,-0.0,-0.0,-0.11692994505494507,-0.0,-0.32978479853479853,-0.3674450549450549,-0.1024496336996337,-0.0,-0.3010531135531136,-0.5129349816849818,-0.023351648351648355,-0.0,-0.43137591575091583,-0.2753548534798535,-1.4242216117216118,-0.8385989010989012,-0.0
2019-09-20,1.0,-0.0,-0.0,-0.0,-0.03223788947009324,-0.0,-0.2976461223561519,-0.40931316806913803,-0.08937912212872413,-0.0,-0.25676597680236524,-0.46315669774846485,-0.12855355924493975,-0.0,-0.463327268592222,-0.21315669774846488,-1.4323970889242663,-0.8997043438708209,-0.0
2019-09-23,1.0,-0.0,-0.0,-0.0,-0.0,-0.0,-0.28469690063810393,-0.4180720145852324,-0.10272333637192342,-0.0,-0.26185050136736554,-0.47476071103008205,-0.1346855059252507,-0.0,-0.4385255241567912,-0.20117365542388332,-1.454819963536919,-0.9261052871467639,-0.0
2019-09-24,1.0,-0.0,-0.0,-0.0,-0.08677139075896197,-0.0,-0.3109499971229645,-0.418148339950515,-0.04913976638471719,-0.0,-0.2783819552333276,-0.46642499568444673,-0.10276770815351861,-0.0,-0.5182116347315726,-0.17515392139939007,-1.4518096553311466,-0.8963116404856435,-0.0
2019-09-25,1.0,-0.0,-0.0,-0.0,-0.06620269182100541,-0.0,-0.2961003105947314,-0.35954216035890946,-0.0,-0.0,-0.3144484067640631,-0.4705510180605085,-0.15178879558265274,-0.0,-0.5620039111929139,-0.1730702864373634,-1.4301737029794088,-0.9279880363510872,-0.0
2019-09-26,1.0,-0.0,-0.0,-0.0,-0.013969394852770692,-0.0,-0.29869000695571524,-0.3365986552283793,-0.0,-0.0,-0.33155576165082307,-0.46788778112682583,-0.16711105958729422,-0.0,-0.5835845119406445,-0.17655923950846278,-1.4496869928124274,-0.9707859958265708,-0.0
2019-09-27,1.0,-0.0,-0.0,-0.0,-0.04410904410904411,-0.0,-0.27992277992277986,-0.33514683514683513,-0.0,-0.0,-0.3834093834093834,-0.43968643968643967,-0.14338364338364337,-0.0,-0.5645255645255645,-0.1793026793026793,-1.491107991107991,-0.9893529893529892,-0.0
2019-09-30,1.0,-0.0,-0.0,-0.0,-0.0346797225622195,-0.0,-0.2421752054554992,-0.3265139593168969,-0.0,-0.0,-0.36999475432767964,-0.4503118260768199,-0.18027627207553767,-0.0,-0.5294631928658856,-0.1870956460919741,-1.5218861106254007,-0.9860698257271084,-0.0
2019-10-01,1.0,-0.0,-0.0,-0.0,-0.036596736596736595,-0.0,-0.2451048951048951,-0.32534965034965035,-0.0,-0.0,-0.37039627039627043,-0.45069930069930075,-0.17907925407925407,-0.0,-0.5289044289044289,-0.18834498834498836,-1.5193473193473193,-0.9837412587412586,-0.0
2019-10-02,1.0,-0.0,-0.0,-0.0,-0.023184728069669532,-0.0,-0.25618547782455736,-0.3828940538670051,-0.0,-0.0,-0.35175038929580715,-0.41905530884134035,-0.09729511505853856,-0.0,-0.5899417498125613,-0.1648884018686199,-1.494319164888402,-0.987830901436069,-0.0
2019-10-03,1.0,-0.0,-0.0,-0.0,-0.04611242006058566,-0.0,-0.3007404914170313,-0.37765062268596433,-0.0,-0.0,-0.3057331986985302,-0.40811174688657015,-0.09794681925277685,-0.0,-0.42931672837428475,-0.26208908336138226,-1.4088410187366767,-0.9732413328845507,-0.0
2019-10-04,1.0,-0.0,-0.0,-0.0,-0.026854364540931704,-0.0,-0.3043871551334238,-0.37206015377657164,-0.0,-0.0,-0.3171076436001809,-0.41536635006784256,-0.1081524197195839,-0.0,-0.43747173224785163,-0.2819425599276345,-1.4169493441881502,-0.9732587064676617,-0.0
2019-10-07,1.0,-0.0,-0.0,-0.0,-0.09782242675945674,-0.0,-0.2333595240767763,-0.4520709394993826,-0.02503086766191492,-0.0,-0.339263665955775,-0.28605904141878996,-0.10657761813896059,-0.0,-0.3834886070266023,-0.3922437984061061,-1.3790548883151867,-0.9173307890896847,-0.0
2019-10-08,1.0,-0.0,-0.0,-0.0,-0.05267619962697112,-0.0,-0.16605437178545188,-0.4882156785169276,-0.03170745492567682,-0.0,-0.33679986435313397,-0.20737014638557622,-0.113547730740971,-0.0,-0.3150398462668852,-0.4908155767817781,-1.3945063019273158,-1.0552760978918214,-0.0
2019-10-09,1.0,-0.0,-0.0,-0.0,-0.12785336141629192,-0.0,-0.21574543177548816,-0.45232538282006035,-0.026982410200944957,-0.0,-0.36050549325439746,-0.09022599191666192,-0.10320487277281266,-0.0,-0.2569590709853703,-0.5757386007855638,-1.3569761484601812,-1.1259179142710765,-0.0
2019-10-10,1.0,-0.0,-0.0,-0.0,-0.14623069936421434,-0.0,-0.19976158038147138,-0.45277020890099906,-0.0028950953678474113,-0.0,-0.3499659400544959,-0.07073115349682108,-0.1368074477747502,-0.0,-0.2469913714804723,-0.5932107175295186,-1.3525772025431426,-1.124659400544959,-0.0
2019-10-11,1.0,-0.0,-0.0,-0.0,-0.1266472702378915,-0.0,-0.1832962519253808,-0.47749443778880707,-0.0,-0.0,-0.3196417365508586,-0.06874322551200868,-0.15123509612641908,-0.0,-0.25911346910833477,-0.6126419076958184,-1.3815391636716299,-1.1244794340806663,-0.0
2019-10-14,1.0,-0.0,-0.017519752662315355,-0.0,-0.11147372037100653,-0.0,-0.22220313752433296,-0.48013282949730907,-0.0,-0.0,-0.3047062864994847,-0.05696782319935875,-0.15366998740409937,-0.0,-0.20365281117599907,-0.6358067101797777,-1.3755868544600938,-1.163746707889614,-0.0
2019-10-15,1.0,-0.0,-0.0,-0.0,-0.0925588804187052,-0.0,-0.2290931846626465,-0.48737057685743546,-0.005290704289452726,-0.0,-0.3223916258960064,-0.055125725338491305,-0.14785527363750142,-0.0,-0.19751962680623508,-0.6290818068039595,-1.3472522471270907,-1.1754465809534647,-0.0
2019-10-16,1.0,-0.0,-0.0,-0.0,-0.11415083608235696,-0.0,-0.2368331247867137,-0.4902172676601069,-0.0,-0.0,-0.3189625753611648,-0.017631668752132863,-0.19514275964054145,-0.0,-0.22403594585371403,-0.6263223751564099,-1.349846433852804,-1.1145489705380502,-0.0
2019-10-17,1.0,-0.0,-0.012283894449499545,-0.0,-0.1221565059144677,-0.0,-0.22747952684258418,-0.46673111919927207,-0.005630118289353958,-0.0,-0.29885122838944495,-0.025250227479526845,-0.20581210191082802,-0.0,-0.23390582347588718,-0.6215309372156506,-1.3459963603275706,-1.1213603275705186,-0.0
2019-10-18,1.0,-0.0,-0.0,-0.0,-0.025282036447787096,-0.0,-0.3389644200173561,-0.5654035290714492,-0.026496962684408445,-0.0,-0.30992189759907435,-0.034249349146658954,-0.17564362163725775,-0.0,-0.20104136534567546,-0.6320509111946775,-1.4132484813422042,-1.06317616430431,-0.0
2019-10-21,1.0,-0.0,-0.0,-0.0,-0.0,-0.0,-0.3271324079940103,-0.5409203478661522,-0.06571445026781086,-0.0,-0.2911939181017105,-0.0,-0.2214479064677763,-0.0,-0.22467315556067502,-0.5937338017623682,-1.4802741461728965,-1.014283245982837,-0.0
2019-10-22,1.0,-0.0,-0.0,-0.0,-0.0,-0.0,-0.47256575509493126,-0.43848342332926904,-0.17883063345526332,-0.0,-0.35220344887650235,-0.0,-0.15223828601288975,-0.0,-0.2522789293386751,-0.4942809034430703,-1.514021947395924,-0.9512860709516345,-0.0
2019-10-23,1.0,-0.0,-0.0,-0.0,-0.0,-0.0,-0.6373401833148462,-0.4340591978515967,-0.22558234572946465,-0.0,-0.35880670208418475,-0.0,-0.08383443283320684,-0.0,-0.21308891353844356,-0.49203105843890477,-1.4871270944013077,-0.9061824975188277,-0.0
2019-10-24,1.0,-0.0,-0.0,-0.0,-0.0,-0.0,-0.6396259497369958,-0.4510227936879018,-0.21373465809468145,-0.0,-0.3466393921683226,-0.0,-0.10169491525423728,-0.0,-0.21057860900058445,-0.5005260081823495,-1.489187609585038,-0.8915254237288136,-0.0
2019-10-25,1.0,-0.0,-0.0,-0.0,-0.0,-0.0,-0.6114892618237296,-0.449067010914212,-0.2608848726675273,-0.0,-0.3278371083206197,-0.0,-0.14792864687243282,-0.0,-0.2039666705785706,-0.5080389625630796,-1.540722919845089,-0.8179204318741932,-0.0
2019-10-28,1.0,-0.0,-0.0,-0.0,-0.0,-0.0,-0.5423506237688771,-0.550647645197875,-0.32131558526831017,-0.0,-0.2824568733958097,-0.0,-0.14403390437533575,-0.0,-0.15167432698621142,-0.5727929326090849,-1.5206828627708469,-0.8831254103742613,-0.0
2019-10-29,1.0,-0.0,-0.0,-0.0,-0.0,-0.0,-0.5221338713505815,-0.7021125089010206,-0.3063731307856634,-0.0,-0.21510799905055777,-0.0,-0.09808924756705435,-0.0,-0.11250890102065038,-0.512936150011868,-1.570555423688583,-0.8942558746736292,-0.0
2019-10-30,1.0,-0.0,-0.0,-0.0,-0.0,-0.0,-0.41229676488541145,-0.7929082736807057,-0.36612840574884853,-0.0,-0.13700682537040118,-0.0,-0.017979024471449973,-0.0,-0.12490982742356138,-0.41912213528661,-1.4623494811608677,-0.8163808889628766,-0.0
2019-10-31,1.0,-0.0,-0.0,-0.0,-0.0,-0.0,-0.3915158371040724,-0.7774321266968325,-0.4294683257918552,-0.0,-0.18733031674208142,-0.0,-0.0,-0.0,-0.14547511312217193,-0.4279411764705882,-1.5629524886877828,-0.7339366515837102,-0.0
2019-11-01,1.0,-0.0,-0.0,-0.0,-0.0,-0.0,-0.4069035878251998,-0.7906818568270703,-0.420620075950802,-0.0,-0.1806382134557615,-0.0,-0.0,-0.0,-0.15224168225358498,-0.42073343535679875,-1.545202063141189,-0.7509493850252225,-0.0
2019-11-04,1.0,-0.0,-0.0,-0.0,-0.0,-0.0,-0.4043372402468717,-0.7868184134533719,-0.4219466621369119,-0.0,-0.17937829114999151,-0.0,-0.0,-0.0,-0.14727365381348734,-0.41384972538361364,-1.5576694411414984,-0.7509767283845762,-0.0
2019-11-05,1.0,-0.0,-0.0,-0.0,-0.0,-0.0,-0.38721868125669806,-0.7811495290202493,-0.4308759659315246,-0.0,-0.2031699475435727,-0.0,-0.0,-0.0,-0.13147949686953578,-0.40955496643916744,-1.5527666535055558,-0.7442608156128377,-0.0
2019-11-06,1.0,-0.0,-0.0,-0.0,-0.0,-0.0,-0.4156480594829043,-0.7129499239565144,-0.45372613079479523,-0.0,-0.2121331605925759,-0.046977975553427594,-0.0,-0.0,-0.2524080437109221,-0.30732833887230326,-1.5243057511406524,-0.7073734016785895,-0.0
2019-11-07,1.0,-0.0,-0.0054375822792055405,-0.0,-0.0,-0.0,-0.3910480224371816,-0.709232442333009,-0.46912025642493277,-0.0,-0.28452864747295514,-0.0,-0.0,-0.0,-0.2723370156258943,-0.3284872073722168,-1.558868982885925,-0.7047679010932403,-0.0
2019-11-08,1.0,-0.0,-0.0,-0.0,-0.0,-0.0,-0.42212434936795745,-0.6745981810902019,-0.502259337642281,-0.0,-0.30429560144140017,-0.0,-0.0,-0.0,-0.26774581021563804,-0.33970142424069094,-1.488360121260653,-0.7207001086770005,-0.0
2019-11-11,1.0,-0.0,-0.0,-0.0,-0.0,-0.0,-0.4282271944922547,-0.6696500286861733,-0.5583476764199655,-0.0,-0.29208261617900166,-0.0,-0.0,-0.0,-0.17286288009179573,-0.3876649454962708,-1.465748709122203,-0.7626506024096384,-0.0
2019-11-12,1.0,-0.0,-0.0,-0.0,-0.0,-0.0,-0.42932537861404313,-0.6426686553464892,-0.5489903625516291,-0.0,-0.29233593391463975,-0.0,-0.0,-0.0,-0.18632400183570447,-0.3731642955484167,-1.4691372189077558,-0.7946305644791188,-0.0
2019-11-13,1.0,-0.0,-0.03448672261179446,-0.0,-0.0,-0.0,-0.5156339809173468,-0.574836188067594,-0.5665593746407633,-0.0,-0.35130474767214626,-0.0,-0.0,-0.0,-0.16381193240602368,-0.3801011610529946,-1.420278192895735,-0.740774801701345,-0.0
2019-11-14,1.0,-0.0,-0.042573805995668526,-0.0,-0.0,-0.0,-0.49589650062692353,-0.5731790721531973,-0.5992248945628633,-0.0,-0.33540408070215433,-0.014704206086857402,-0.0,-0.0,-0.12857631368972985,-0.39063034309814204,-1.3704548045138494,-0.748603670352217,-0.0
2019-11-15,1.0,-0.0,-0.0,-0.0,-0.0,-0.0,-0.38541666666666674,-0.6863818267419962,-0.5097693032015066,-0.0,-0.3503413370998117,-0.0,-0.0,-0.0,-0.3035546139359699,-0.30514359698681737,-1.5070032956685502,-0.8374529190207157,-0.0
2019-11-18,1.0,-0.0,-0.00532487734833074,-0.0,-0.0,-0.0,-0.29215029316740454,-0.7283115950700012,-0.46230704798372624,-0.0,-0.35616848151250446,-0.0,-0.0,-0.0,-0.3181763790834031,-0.34186909177934666,-1.5869331099676915,-0.8917075505564197,-0.0
2019-11-19,1.0,-0.0,-0.0045637422686603014,-0.0,-0.0,-0.0,-0.29364078544406413,-0.7043775896234912,-0.4740287035369002,-0.0,-0.3726655857803398,-0.0,-0.0,-0.0,-0.3052302888368462,-0.33603554915030326,-1.5982705818771392,-0.9160511619528012,-0.0
2019-11-20,1.0,-0.0,-0.11449310723435402,-0.0,-0.0,-0.0,-0.29864584604123456,-0.6268146883005978,-0.44314993290228133,-0.0,-0.34067341710381843,-0.0,-0.0,-0.0,-0.44144199097230696,-0.2929120409906063,-1.5351958033426865,-1.0064047822374038,-0.0
2019-11-21,1.0,-0.0,-0.08427665132479163,-0.0,-0.0,-0.0,-0.23093668366712278,-0.5765642492847369,-0.5779325786789402,-0.0,-0.38319442716755814,-0.0,-0.0,-0.0,-0.4684040303520338,-0.29052120910561013,-1.6365841522577433,-0.971202885931086,-0.0
2019-11-22,1.0,-0.0,-0.09187323501725761,-0.0,-0.0,-0.0,-0.24901160966426109,-0.6150611860684029,-0.6305616567304676,-0.0,-0.37276435519297146,-0.0,-0.0,-0.0,-0.4622529024160653,-0.1909005334170066,-1.6682773768434267,-0.9948540947599624,-0.0
2019-11-25,1.0,-0.0,-0.07218973359324236,-0.0,-0.0,-0.0,-0.2849252761533463,-0.6176088369070825,-0.7137102014294996,-0.0,-0.32995451591942815,-0.03534762833008447,-0.0,-0.0,-0.3774528914879792,-0.27725795971410006,-1.8241715399610134,-0.9651721897335932,-0.0
2019-11-26,1.0,-0.0,-0.051718472760728135,-0.0,-0.0,-0.0,-0.3024906354734836,-0.5313793783268713,-0.783268712624039,-0.0,-0.4044818295327594,-0.0,-0.0,-0.0,-0.44732864559374386,-0.22415719261352435,-1.8241440494184136,-1.0026286390221464,-0.0
2019-11-27,1.0,-0.0,-0.04330450733752621,-0.0,-0.0,-0.0,-0.2815775681341719,-0.541732180293501,-0.7657232704402516,-0.0,-0.41024633123689724,-0.0,-0.0,-0.0,-0.4591850104821803,-0.2028301886792453,-1.8142033542976939,-1.0325602725366876,-0.0
2019-11-29,1.0,-0.0,-0.0384967919340055,-0.0,-0.0,-0.0,-0.28204792457771377,-0.5451093361267514,-0.7652219457902318,-0.0,-0.41056697656147706,-0.0,-0.0,-0.0,-0.45842608354065734,-0.20184627471520233,-1.8150451748068612,-1.030378420845882,-0.0
2019-12-02,1.0,-0.0,-0.0582892243350977,-0.0,-0.0,-0.0,-0.3200026138665621,-0.5223158857740312,-0.7720054891197804,-0.0,-0.40011762399529505,-0.0,-0.0,-0.0,-0.42671371626478466,-0.16173299353068027,-1.8508135659674572,-1.0226752924263216,-0.0
2019-12-03,1.0,-0.0,-0.053296205154772694,-0.0,-0.0,-0.0,-0.31051677243880327,-0.47856495272633076,-0.7142857142857143,-0.0,-0.4290894961792514,-0.0,-0.0,-0.0,-0.5614557699779821,-0.04494236497862971,-1.8265768682813106,-1.057116953762466,-0.0
2019-12-04,1.0,-0.0,-0.10560441676831225,-0.0,-0.0,-0.0,-0.25589009436990434,-0.4644026449252103,-0.7193297810875008,-0.0,-0.4293509661680683,-0.0,-0.0,-0.0,-0.5575528022083842,-0.05193554599730372,-1.8336650189381782,-1.0019901136290685,-0.0
2019-12-05,1.0,-0.0,-0.08578022823438902,-0.0,-0.0,-0.0,-0.3430568021541223,-0.4889088344659571,-0.7611873317091935,-0.0,-0.39120400051288623,-0.0,-0.0,-0.0,-0.48826772663161944,-0.052186177715091674,-1.8635722528529297,-0.9368508783177331,-0.0
2019-12-06,1.0,-0.0,-0.091904,-0.0,-0.0,-0.0,-0.330816,-0.481536,-0.747776,-0.0,-0.39628800000000003,-0.0,-0.0,-0.0,-0.49241599999999996,-0.062848,-1.849472,-0.946944,-0.0
2019-12-09,1.0,-0.0,-0.0920729015576717,-0.0,-0.0,-0.0,-0.25950684240398564,-0.47682411553257237,-0.7240966134830045,-0.0,-0.3624266885287255,-0.0,-0.0,-0.0,-0.5558428454310399,-0.06426184019675853,-1.849467112316327,-0.9219272245695908,-0.0
2019-12-10,1.0,-0.0,-0.10109876231371559,-0.0,-0.0,-0.0,-0.2601667087648396,-0.47253094215711033,-0.7082596615306895,-0.0,-0.3650543066430917,-0.0,-0.0,-0.0,-0.5693988380904269,-0.07299823187673656,-1.846046981561,-0.9192346552159637,-0.0
2019-12-11,1.0,-0.0,-0.0629509034029241,-0.0,-0.0,-0.0,-0.2864713017940369,-0.3551682308625423,-0.8057843325033518,-0.0,-0.4648534763455277,-0.0,-0.0,-0.0,-0.5910745067994637,-0.0712507182532082,-1.8687990806358938,-0.8781204111600588,-0.0
2019-12-12,1.0,-0.0,-0.10438796155791603,-0.0,-0.0,-0.0,-0.2883788568538189,-0.36532625189681334,-0.7998229640870005,-0.0,-0.4279210925644917,-0.0,-0.0,-0.0,-0.5981284774911483,-0.10856095093576126,-1.8005816894284268,-0.8296661608497724,-0.0
2019-12-13,1.0,-0.0,-0.1067063517193338,-0.0,-0.0,-0.0,-0.2874422139193211,-0.36634791970109554,-0.7997593565955292,-0.0,-0.43252485593059337,-0.0,-0.0,-0.0,-0.5926160471154455,-0.10309670065227028,-1.804698879108353,-0.8394655183332279,-0.0
2019-12-16,1.0,-0.0,-0.1375298512032331,-0.0,-0.0,-0.0,-0.3231277937664564,-0.35349947951748206,-0.7000183699712204,-0.0,-0.4308982915926765,-0.0,-0.0,-0.0,-0.46218847590472106,-0.18896577062029268,-1.6983650725613861,-0.8287306349886717,-0.0
2019-12-17,1.0,-0.0,-0.22401299350324838,-0.0,-0.0,-0.0,-0.29666416791604194,-0.21739130434782608,-0.7117691154422788,-0.0,-0.370439780109945,-0.0,-0.033483258370814596,-0.0,-0.5417916041979011,-0.19371564217891055,-1.7742378810594703,-0.8833708145927037,-0.0
2019-12-18,1.0,-0.0,-0.31927446180882446,-0.0,-0.0,-0.0,-0.3087303081654428,-0.20724282934789431,-0.7177556015816231,-0.0,-0.3448816920856085,-0.0,-0.0,-0.0,-0.5309106885081277,-0.16688633653423712,-1.8151634971442918,-0.8654365154082723,-0.0
2019-12-19,1.0,-0.0,-0.3403935330241885,-0.0,-0.0,-0.0,-0.3713497932071688,-0.16900614112044116,-0.7268454693570623,-0.0,-0.3335631031457576,-0.040167940844717386,-0.03935330241884948,-0.0,-0.48395788945983204,-0.09117683920290763,-1.8558716631156786,-0.8147010903622007,-0.0
2019-12-20,1.0,-0.0,-0.34887931572704,-0.0,-0.0,-0.0,-0.3370169195230068,-0.17300368358618964,-0.6917649996878317,-0.0,-0.3315851907348442,-0.0,-0.09789598551538989,-0.0,-0.4616969469938191,-0.13360804145595304,-1.854467128675782,-0.8134482112755197,-0.0
2019-12-23,1.0,-0.0,-0.31702507856306616,-0.0,-0.0,-0.0,-0.24758148992544213,-0.20192248444143202,-0.6569720870047446,-0.0,-0.2231191077700413,-0.03105551790005546,-0.15028652412348265,-0.0,-0.4291700043132664,-0.226631338961119,-1.842565777312219,-0.8354796968389919,-0.0
2019-12-24,1.0,-0.0,-0.30953268704946557,-0.0,-0.0,-0.0,-0.23893860303256273,-0.14025602783992044,-0.6493288590604026,-0.0,-0.2531071339796172,-0.0,-0.21874223216505095,-0.0,-0.4597315436241611,-0.244220730797912,-1.8089734029331346,-0.8915610241113595,-0.0
2019-12-26,1.0,-0.0,-0.3243800362296208,-0.0,-0.0,-0.0,-0.25010931351114996,-0.13723530514085827,-0.6661877693797238,-0.0,-0.257667561996377,-0.0,-0.195015303891561,-0.0,-0.4646136548191642,-0.24854769192329312,-1.8204759822599785,-0.8823786620026235,-0.0
2019-12-27,1.0,-0.0,-0.3292348021470478,-0.0,-0.0,-0.0,-0.24403944576207717,-0.13069529397079016,-0.6448008987641992,-0.0,-0.2647609536886781,-0.0,-0.1952939707901635,-0.0,-0.4869554362751217,-0.23860941205841968,-1.816002995880664,-0.8909624266633378,-0.0
2019-12-30,1.0,-0.0,-0.3034835056622353,-0.0,-0.0008616445100935498,-0.0,-0.16771294928606598,-0.12099950763170851,-0.6932545544066961,-0.0,-0.25504677498769074,-0.0,-0.18697685869030034,-0.0,-0.5618537666174298,-0.2006400787789266,-1.7764647956671589,-0.8873092072870506,-0.0
2019-12-31,1.0,-0.0,-0.3046053426810105,-0.0,-0.0,-0.0,-0.2158225553003747,-0.11718844433699989,-0.6556267375800797,-0.0,-0.3139731657198115,-0.0,-0.09379910552399372,-0.0,-0.5873927233168137,-0.20421854224586003,-1.6833071437205367,-0.8678834763689109,-0.0
2020-01-02,1.0,-0.0,-0.3599474877670366,-0.0,-0.0,-0.0,-0.19172932330827067,-0.11928631101563432,-0.623344074471894,-0.0,-0.29931972789115646,-0.0,-0.05513784461152882,-0.0,-0.5713688984365676,-0.2563551736484067,-1.617138083303497,-0.8736722759279151,-0.0
2020-01-03,1.0,-0.0,-0.29386405244197716,-0.0,-0.0,-0.0,-0.30012401818933443,-0.12437252701824837,-0.45975314474694384,-0.0,-0.28600956711746295,-0.0,-0.26841079548810015,-0.0,-0.5403059115336916,-0.2122482726037914,-1.5494596350321856,-0.8710801393728222,-0.0
2020-01-06,1.0,-0.0,-0.3126435427831106,-0.0,-0.0,-0.0,-0.30463459160237916,-0.09540074200577116,-0.43801896236970733,-0.0,-0.2948000706672163,-0.0,-0.28891113597550205,-0.0,-0.5392497497202756,-0.2154761203698251,-1.5423119957599674,-0.8574877804605147,-0.0
2020-01-07,1.0,-0.0,-0.30667219229175297,-0.0,-0.0,-0.0,-0.3219465987804156,-0.1340950802202356,-0.45521283523770056,-0.0,-0.29157539518086556,-0.0,-0.26392753537386776,-0.0,-0.5165472736960511,-0.22183411284115803,-1.5693564620211946,-0.8390859037357172,-0.0
2020-01-08,1.0,-0.0,-0.2811427895421744,-0.0,-0.0,-0.0,-0.32177924997042473,-0.14746243937063766,-0.45735241925943454,-0.0,-0.28208919910091096,-0.0,-0.3230805631136875,-0.0,-0.4837335857092157,-0.21909381284750976,-1.5825150834023425,-0.816869750384479,-0.0
2020-01-09,1.0,-0.0,-0.2820012995451592,-0.0,-0.0,-0.0,-0.33486915943056295,-0.17118553960659225,-0.4594482840096875,-0.0,-0.2877311122925158,-0.0,-0.2835961958768976,-0.0,-0.49867091972355126,-0.1554728572272432,-1.6316970878374386,-0.8022919250989426,-0.0
2020-01-10,1.0,-0.0,-0.35704754973313924,-0.0,-0.0,-0.0,-0.2952450266860747,-0.26467734109655505,-0.42382338670548275,-0.0,-0.2410844250363901,-0.0,-0.19468704512372634,-0.0,-0.4301916545366328,-0.2774138767588549,-1.7089398350315381,-0.8719068413391557,-0.0
2020-01-13,1.0,-0.0,-0.35902034757869994,-0.0,-0.0,-0.0,-0.2740429216401757,-0.2817737646112932,-0.43305089987012185,-0.0,-0.24596449996907663,-0.0,-0.16457418516915084,-0.0,-0.4258148308491558,-0.34887748160059373,-1.7502010019172491,-0.9012925969447708,-0.0
2020-01-14,1.0,-0.0,-0.3562097516099356,-0.0,-0.0,-0.0,-0.2974547684759276,-0.31499540018399264,-0.3215578043544925,-0.0,-0.2648267402637228,-0.0,-0.11444342226310947,-0.0,-0.4248390064397424,-0.27414903403863844,-1.7659000306654402,-0.998589389757743,-0.0
2020-01-15,1.0,-0.0,-0.35522963147100867,-0.0,-0.0,-0.0,-0.2803430489093282,-0.3114784662233547,-0.29960847678826674,-0.0,-0.26915667143123484,-0.0,-0.12186936796967249,-0.0,-0.4592007954757318,-0.25082344167547077,-1.818718538313343,-1.0482257162388913,-0.0
2020-01-16,1.0,-0.0,-0.408364631739767,-0.0,-0.0,-0.0,-0.26933604939843403,-0.2637978229040677,-0.3378954739321408,-0.0,-0.2751289069959896,-0.0,-0.1134381564708129,-0.0,-0.4480870838372907,-0.2633522184734865,-1.9125978738302882,-1.0738430199248838,-0.0
2020-01-17,1.0,-0.0,-0.38818726878428367,-0.0,-0.0,-0.0,-0.25092486286516136,-0.24945783901007781,-0.3462176297997194,-0.0,-0.30501339456563337,-0.0,-0.05689501211889272,-0.0,-0.5487944890929966,-0.23057787983161118,-1.8923969894119148,-1.109835438193647,-0.0
2020-01-21,1.0,-0.0,-0.3931300160513644,-0.0,-0.0,-0.0,-0.19563402889245587,-0.23640449438202246,-0.31235955056179776,-0.0,-0.32295345104333867,-0.0,-0.06735152487961477,-0.0,-0.5901765650080257,-0.26542536115569826,-1.876725521669342,-1.1603210272873195,-0.0
2020-01-22,1.0,-0.0,-0.3073302817355425,-0.0,-0.0,-0.0,-0.3073947521114048,-0.3933337631358391,-0.24266649474566437,-0.0,-0.27399909741473794,-0.0,-0.03610341048288312,-0.0,-0.5205338147121398,-0.20675649539036814,-1.9650570562826382,-1.193926890593772,-0.0
2020-01-23,1.0,-0.0,-0.2773224043715847,-0.0,-0.0,-0.0,-0.40280054644808744,-0.6099043715846995,-0.20792349726775955,-0.0,-0.18565573770491803,-0.0,-0.0,-0.0,-0.7777322404371585,-0.07254098360655738,-2.098155737704918,-1.1987021857923497,-0.0
2020-01-24,1.0,-0.0,-0.2879912812478714,-0.0,-0.0,-0.0,-0.40467270621892243,-0.6007765138614536,-0.20053129895783667,-0.0,-0.19303862134731967,-0.0,-0.0,-0.0,-0.8070976091546898,-0.06900074926776105,-2.05449220080376,-1.1938560043593762,-0.0
2020-01-27,1.0,-0.0,-0.2879456706281834,-0.0,-0.0,-0.0,-0.4343633276740238,-0.629609507640068,-0.2304244482173175,-0.0,-0.1933446519524618,-0.0,-0.0,-0.0,-0.7561290322580645,-0.03137521222410866,-2.113752122241087,-1.114295415959253,-0.0
2020-01-28,1.0,-0.0,-0.5501400973307772,-0.0,-0.0,-0.0,-0.5424716118566584,-0.6014599616575727,-0.0,-0.0,-0.188836454800177,-0.0,-0.0,-0.0,-1.2122843238460406,-0.0,-2.126751216634715,-1.1515263235510989,-0.0
2020-01-29,1.0,-0.0,-0.539533474704635,-0.0,-0.0,-0.0,-0.6600272644653137,-0.5917903665555893,-0.0,-0.0,-0.1644956073916995,-0.0,-0.049833383823083915,-0.0,-1.1919115419569828,-0.0,-2.1998636776734326,-1.1759315358982128,-0.0
2020-01-30,1.0,-0.0,-0.5262233925828397,-0.0,-0.0,-0.0,-0.5461926706166338,-0.4558554604637554,-0.033135834979152956,-0.0,-0.11469534050179211,-0.0,-0.14666081486357982,-0.0,-1.3255065467047036,-0.0016823933874625119,-2.02911272035696,-1.135688684075781,-0.0
2020-01-31,1.0,-0.0,-0.673648499151855,-0.0,-0.0,-0.0,-0.6967327974039383,-0.21152002360056055,-0.20628364923666936,-0.0,-0.2472896231285493,-0.0,-0.026255623571059813,-0.0,-1.2052511247142121,-0.09646729109816359,-1.8991076038055905,-1.1126189246994618,-0.0
2020-02-03,1.0,-0.0,-0.6655287675129791,-0.0,-0.0,-0.0,-0.737998719863452,-0.33546689424649734,-0.13533888059170754,-0.0,-0.15446981011307873,-0.0,-0.0,-0.0,-1.1541142166275513,-0.0,-1.9283834720147925,-1.000497830879738,-0.0
2020-02-04,1.0,-0.0,-0.6579060749676863,-0.0,-0.0,-0.0,-0.7640384891569726,-0.3540858825219015,-0.11575470343242855,-0.0,-0.17492460146488584,-0.0,-0.0,-0.0,-1.1908660060318828,-0.0,-1.9287663363492749,-0.9944707740916272,-0.0
2020-02-05,1.0,-0.0,-0.6431559209577383,-0.0,-0.0,-0.0,-0.7620077888360017,-0.36643588634068947,-0.09505264676186355,-0.0,-0.18289340833693926,-0.0,-0.0,-0.0,-1.2632338093177558,-0.0,-1.89564402134718,-1.0034617048896581,-0.0
2020-02-06,1.0,-0.0,-0.679368932038835,-0.0,-0.0,-0.0,-1.2124595469255663,-0.502831715210356,-0.046844660194174756,-0.08066343042071197,-0.12775080906148867,-0.0,-0.03640776699029126,-0.0,-1.2716019417475728,-0.0,-2.1133495145631067,-0.9715210355987055,-0.047815533980582525
2020-02-07,1.0,-0.0,-0.6570933399356276,-0.0,-0.0,-0.0,-1.2248906495007015,-0.49806057605017745,-0.033836758273500044,-0.1206569282825782,-0.12131715771230502,-0.0,-0.062144095073037885,-0.0,-1.3920112239003053,-0.0,-2.158702649170587,-0.9749938103490963,-0.00899562598002806
2020-02-10,1.0,-0.0,-0.7642655132257529,-0.0,-0.0,-0.0,-1.1395774413575115,-0.47804025952420565,-0.0,-0.12601896523041092,-0.08725669605722841,-0.0,-0.14223922808184997,-0.0,-1.5865912493761438,-0.011395774413575113,-2.071701879886874,-0.910663783064382,-0.0
2020-02-11,1.0,-0.0,-0.7194862635025943,-0.0,-0.0,-0.0,-1.1412775367865953,-0.46729607893170033,-0.018882367951007912,-0.2213149612996513,-0.18380539253210854,-0.0,-0.070256017691588,-0.0,-1.6777239091605003,-0.007995236880156503,-2.1065748064982563,-0.8908735221570129,-0.0
2020-02-12,1.0,-0.0,-0.7169632265717675,-0.0,-0.0,-0.0,-1.027125345986556,-0.41565836298932385,-0.0,-0.19509687623566627,-0.15674179517595888,-0.0,-0.0771846579675761,-0.0,-1.4827995255041517,-0.0,-1.972241992882562,-0.8645314353499406,-0.0
2020-02-13,1.0,-0.0,-0.6856992004827275,-0.0,-0.0,-0.0,-1.009956252828481,-0.4544426006939206,-0.0,-0.0,-0.129732991401418,-0.0,-0.0,-0.0,-1.226655604163524,-0.0,-1.8988535224015686,-0.9107708553326294,-0.22650475184794086
2020-02-14,1.0,-0.0,-0.6085487661574618,-0.0,-0.0,-0.0,-0.9106933019976498,-0.4366921269095182,-0.024456521739130436,-0.0,-0.13351938895417156,-0.0,-0.0,-0.0,-1.1153055229142186,-0.0,-1.834900117508813,-1.0232814336075207,-0.2568301997649824
2020-02-18,1.0,-0.0,-0.8268401926814839,-0.0,-0.0,-0.0,-1.0123383757288937,-0.3567987830643117,-0.0,-0.028395166061015803,-0.24473928843066,-0.0,-0.0,-0.0,-1.343530803684611,-0.0,-2.053156426941604,-1.0676075382405137,-0.5176202146539339
2020-02-19,1.0,-0.0,-0.8793188548864758,-0.0,-0.0,-0.0,-0.8245310957551826,-0.2885817703191839,-0.0,-0.14256334320500166,-0.19768015794669297,-0.0,-0.0,-0.0,-1.4860151365580783,-0.0,-1.935505100361961,-1.0502632444883186,-0.4217670286278381
2020-02-20,1.0,-0.0,-0.9632352941176471,-0.0,-0.0,-0.0,-0.804857898215466,-0.32683410442828814,-0.0,-0.07584269662921349,-0.1691176470588235,-0.0,-0.0,-0.0,-1.5109054857898214,-0.0,-1.9420852610707204,-1.0489094514210178,-0.4199438202247191
2020-02-21,1.0,-0.0,-1.0428799194428129,-0.0,-0.0,-0.0,-0.7479231350172023,-0.2725518167323991,-0.0,-0.0,-0.19677771251153814,-0.0,-0.0,-0.0,-1.6770160275237056,-0.0,-1.9031635478727869,-1.0307124276244022,-0.5203490811445834
2020-02-24,1.0,-0.0,-1.1192457507082152,-0.0,-0.0,-0.0,-0.9273194050991501,-0.27859419263456087,-0.0,-0.0,-0.20750708215297448,-0.0,-0.008144475920679886,-0.0,-1.7626593484419264,-0.0,-2.0131019830028327,-1.0872875354107647,-0.4488314447592068
2020-02-25,1.0,-0.0,-1.0020248770610356,-0.0,-0.13045993636100667,-0.0,-1.021478160254556,-0.24009256580850452,-0.0,-0.0,-0.0,-0.0,-0.17515186577957767,-0.0,-1.130676887474689,-0.006653167486259764,-1.7181081862886898,-0.8069135088226786,-0.0
2020-02-26,1.0,-0.0,-0.7696632762650831,-0.0,-0.1715838018826205,-0.0,-0.7215237854570725,-0.1776486196222124,-0.0,-0.0,-0.0,-0.0,-0.0,-0.0,-1.2630614694547981,-0.0,-1.3803146124202414,-0.7798976562006444,-0.053888432623665425
2020-02-27,1.0,-0.0,-0.7255591857250565,-0.0,-0.16769288766021612,-0.0,-0.7836768032168886,-0.19684594119125406,-0.0,-0.01784367931641116,-0.0,-0.0,-0.0,-0.0,-1.2832369942196533,-0.0,-1.3047248052274443,-0.7711736617240513,-0.03216888665493843
2020-02-28,1.0,-0.0,-0.7283837752008854,-0.0,-0.16864745224462302,-0.0,-0.27493624597026417,-0.005629601116296974,-0.0,-0.0,-0.0,-0.0,-0.010778039744021556,-0.0,-0.9244093730452775,-0.0,-0.7702449117066834,-0.9187797719289805,-0.009767598518019536
2020-03-02,1.0,-0.0,-0.6840175297379483,-0.0,-0.03988909757624542,-0.0,-0.04690993649941865,-0.05071102763616849,-0.0,-0.13156247205080046,-0.0,-0.0,-0.0,-0.0,-0.8845362668813165,-0.0,-0.6690814775064842,-0.9162865575529916,-0.0488775601466774
2020-03-03,1.0,-0.0,-0.8401441851641055,-0.0,-0.060937203566685645,-0.0,-0.0,-0.00405995067349649,-0.0,-0.16782394232593434,-0.0,-0.0,-0.028609372035666856,-0.0,-0.49842534623411117,-0.0,-0.38474672737620946,-0.6519066590779737,-0.15769303737431226
2020-03-04,1.0,-0.0,-0.8357614926790083,-0.0,-0.004235586227042027,-0.0,-0.0,-0.0,-0.0,-0.09011574834775624,-0.0,-0.0,-0.0,-0.0,-0.5543506043013109,-0.0,-0.34585752364260414,-0.6508562456640011,-0.17022674991784423
2020-03-05,1.0,-0.0,-0.986305497890578,-0.0,-0.07965579588830107,-0.0,-0.0,-0.0,-0.0,-0.11960088394830243,-0.0,-0.0,-0.0,-0.0,-0.4466952387330075,-0.03365030469430121,-0.17347485434942747,-0.33241813433335565,-0.17648831447130517
2020-03-06,1.0,-0.0,-0.9841614090431126,-0.0,-0.04725289169295479,-0.0,-0.0,-0.0,-0.0,-0.09884332281808623,-0.0,-0.0,-0.0,-0.0,-0.4595820189274449,-0.02914695057833859,-0.1672910094637224,-0.34259989484752895,-0.15713722397476343
2020-03-09,1.0,-0.0,-0.9703776360961255,-0.0,-0.038254046101029913,-0.0,-0.0,-0.0,-0.0,-0.0926271047899297,-0.0,-0.0,-0.0,-0.0,-0.46676475396436157,-0.035769167892757886,-0.16226908615334315,-0.3515775707045937,-0.15193722412947522
2020-03-10,1.0,-0.0,-0.33644746787603935,-0.06790627362055934,-0.10975056689342404,-0.0,-0.10246409674981105,-0.0,-0.0,-0.17514739229024945,-0.0,-0.0,-0.0,-0.0,-0.40647014361300077,-0.005835222978080121,-0.13995464852607709,-0.4502796674225246,-0.2292365835222978
2020-03-11,1.0,-0.0,-0.3897718608879245,-0.03970441616327488,-0.07049439915547476,-0.0,-0.0966512228021817,-0.0,-0.0,-0.12618028268136766,-0.0,-0.0,-0.0,-0.0,-0.39290950677379627,-0.0,-0.20567708638789511,-0.46155650694973904,-0.14943405078881003
2020-03-12,1.0,-0.0,-0.30063299886668327,-0.032727976338557646,-0.07471597976614976,-0.0,-0.12662741520855791,-0.0,-0.0,-0.1516985930287199,-0.0,-0.0,-0.0,-0.0,-0.32349282693424,-0.0,-0.14954252701992982,-0.5174005583658126,-0.08732067335599968
2020-03-13,1.0,-0.0,-0.20922832140015912,-0.10837375214925449,-0.12377139630969795,-0.0,-0.12271922395873432,-0.0,-0.0,-0.13601252341725048,-0.0,-0.0,-0.0,-0.0,-0.21592629660995202,-0.0,-0.09207791207945185,-0.5001154823312033,-0.05804911848487181
2020-03-16,1.0,-0.0,-0.2446351931330472,-0.07340031213421772,-0.06901092469761998,-0.0,-0.14063109637143972,-0.0,-0.02462934061646508,-0.04482052282481467,-0.0,-0.0,-0.0,-0.0,-0.09320132657042528,-0.0,-0.14553257900897384,-0.46659188451033945,-0.13607101053452986
2020-03-17,1.0,-0.0,-0.20013987363140887,-0.0657406067621666,-0.09431823662759851,-0.0,-0.14148941301307097,-0.0,-0.0587710413350697,-0.071118506728404,-0.0,-0.0,-0.0,-0.0,-0.13837843052139104,-0.0,-0.12578980369459317,-0.409781507741282,-0.10608691458062028
2020-03-18,1.0,-0.0,-0.24520813391543902,-0.05003151775500199,-0.013494268437886677,-0.010459225363621507,-0.20969812994653655,-0.0,-0.04246725655452572,-0.09826535615063153,-0.0,-0.0,-0.026895150935026733,-0.0,-0.08486447365349147,-0.0,-0.0,-0.39117035930240707,-0.16214133962132002
2020-03-19,1.0,-0.0,-0.33101200177804113,-0.05205709487825357,-0.10320047414431767,-0.0,-0.24588827974514743,-0.0,-0.05151380451424902,-0.0,-0.028596829159875537,-0.0,-0.07934508816120905,-0.0,-0.029634019854793303,-0.0,-0.0,-0.343557070183237,-0.20467229713043905
2020-03-20,1.0,-0.0,-0.372616004718836,-0.034383602044828945,-0.10007864726700746,-0.0,-0.2087347620920173,-0.0,-0.08321863940228078,-0.010174990169091623,-0.05190719622493118,-0.0,-0.038119347227683835,-0.0,-0.0,-0.0,-0.0,-0.29822060558395597,-0.2602241447109713
2020-03-23,1.0,-0.0,-0.4073394495412844,-0.0,-0.017310478029937227,-0.0,-0.18032351521004347,-0.0,-0.08573153066151618,-0.0,-0.11207146306132304,-0.0,-0.0,-0.0,-0.0,-0.0,-0.0,-0.32691936262675036,-0.28457267020762916
2020-03-24,1.0,-0.0,-0.4276871944317333,-0.0,-0.0,-0.0,-0.1792346041762,-0.0,-0.07562438284241708,-0.0,-0.10385106331735747,-0.0,-0.0,-0.0,-0.0,-0.0,-0.0,-0.3162255244334192,-0.30582115074299754
2020-03-25,1.0,-0.0,-0.4453505789486198,-0.0,-0.0,-0.0,-0.158467866568392,-0.0,-0.040752276563874555,-0.05344872678855893,-0.08012553793480587,-0.0,-0.0,-0.0,-0.008797165886017262,-0.0,-0.0,-0.3132028816662308,-0.27746736726978766
2020-03-26,1.0,-0.0,-0.4243168486813868,-0.0,-0.0,-0.0,-0.1749964232915256,-0.0,-0.0482617196814345,-0.004625876293576232,-0.09361438313701179,-0.0,-0.012971529400543661,-0.0,-0.0,-0.00467356573990176,-0.0,-0.3221660546521055,-0.298869760122085
2020-03-27,1.0,-0.0,-0.4423361496968829,-0.0,-0.0,-0.0,-0.18251467850494055,-0.0,-0.04186357344025968,-0.0,-0.08881092176237529,-0.0,-0.012697503460785717,-0.0,-0.0,-0.0006205546804143395,-0.0,-0.3257912072175283,-0.2921141820611962
2020-03-30,1.0,-0.0,-0.4408690009853164,-0.0,-0.0,-0.0,-0.1756026050803874,-0.0,-0.019874552402009082,-0.0,-0.06111364783350557,-0.0,-0.0,-0.0,-0.031794477421835575,-0.06498281704357022,-0.0,-0.3277018096176492,-0.28127177909687345
2020-03-31,1.0,-0.0,-0.4436374967042976,-0.0,-0.0,-0.0,-0.17475611802209917,-0.0,-0.016969871287840655,-0.0,-0.06289398624194051,-0.0,-0.0,-0.0,-0.02730040027803744,-0.0679274226408763,-0.0,-0.3216845233815105,-0.28170465712710624
2020-04-01,1.0,-0.0,-0.44987294433523517,-0.0,-0.0,-0.0,-0.16948746224289207,-0.0,-0.020161096993815027,-0.0,-0.06475044349618833,-0.0,-0.0,-0.0,-0.024284412906937718,-0.05645586613606943,-0.0,-0.33782423167281966,-0.2744162631250899
2020-04-02,1.0,-0.0,-0.5038868573365946,-0.0,-0.0,-0.0,-0.16743758021940763,-0.0,-0.014142832925677475,-0.0,-0.04240428159736517,-0.0,-0.0,-0.0,-0.0,-0.06976969462136438,-0.0,-0.34906642772382723,-0.2749860751216913
2020-04-03,1.0,-0.0,-0.4942525954069163,-0.0,-0.0,-0.0,-0.1700989763569925,-0.0,-0.011591607579314184,-0.0,-0.053965104179270626,-0.0,-0.0,-0.0,-0.0,-0.06734748203179827,-0.0,-0.3514265663189991,-0.27130169639183993
2020-04-06,1.0,-0.0,-0.49868035545654854,-0.0,-0.0,-0.0,-0.16905978352986753,-0.0,-0.014552410469987166,-0.0,-0.052059371897624634,-0.0,-0.0,-0.0,-0.0,-0.06438412552362043,-0.0,-0.35126758517155376,-0.2713382890626892
2020-04-07,1.0,-0.0,-0.498808348780664,-0.0,-0.0,-0.0,-0.16483304846048294,-0.0,-0.0017333108644887938,-0.0,-0.06037699511302632,-0.0,-0.0,-0.0,-0.0,-0.06569729651652664,-0.0,-0.35672500541659646,-0.25920219552709506
2020-04-08,1.0,-0.0,-0.4770480736776122,-0.0,-0.0,-0.0,-0.157818602632721,-0.0,-0.04590385264477555,-0.0,-0.061068518250638894,-0.0,-0.0,-0.0,-0.0,-0.06143015574521433,-0.0,-0.331356381696321,-0.2762669366893293
2020-04-09,1.0,-0.0,-0.4807747973755307,-0.0,-0.0,-0.0,-0.17481184870706293,-0.0,-0.038836356619065995,-0.0,-0.053213045156310305,-0.0,-0.0,-0.0,-0.019056348900038596,-0.014473176379776149,-0.0,-0.32974720185256656,-0.3012591663450405
2020-04-13,1.0,-0.0,-0.5133314082202329,-0.0,-0.0,-0.0,-0.16642602752911734,-0.0,-0.04117335643469054,-0.0,-0.04341130041389932,-0.0,-0.0,-0.0,-0.010876889017229762,-0.02526710944267976,-0.0,-0.32238425257483877,-0.2834969679468669
2020-04-14,1.0,-0.0,-0.5377176481937009,-0.0,-0.010394057782279458,-0.0,-0.17329860608691458,-0.0,-0.04987218444026432,-0.0,-0.02845704914870014,-0.0,-0.0,-0.0,-0.0,-0.05701056287078571,-0.0,-0.3078184536728887,-0.2469975401533787
2020-04-15,1.0,-0.0,-0.5423684020853855,-0.0,-0.008697114576075728,-0.0,-0.171828075823463,-0.0,-0.05749225187997021,-0.0,-0.03462028205559426,-0.0,-0.0,-0.0,-0.0,-0.05660332027965308,-0.0,-0.29928164716623024,-0.2316027196501934
2020-04-16,1.0,-0.0,-0.5490511264125141,-0.0,-0.013723279191957967,-0.0,-0.16335980422734578,-0.0,-0.05398143038794654,-0.0,-0.0373791415752981,-0.0,-0.0,-0.0,-0.0,-0.05808401909743048,-0.0,-0.29838535543772937,-0.22521052757851298
2020-04-17,1.0,-0.0,-0.5505292399061258,-0.0,-0.013242971406676565,-0.0,-0.1637051582930217,-0.0,-0.05495952871306097,-0.0,-0.04245893002538435,-0.0,-0.0,-0.0,-0.0,-0.06276641601609273,-0.0,-0.2882321950284975,-0.21883231955553428
2020-04-20,1.0,-0.0,-0.5545561392146986,-0.0,-0.015998656784437886,-0.0,-0.16708642152982658,-0.0,-0.045141637283826246,-0.0,-0.059917008467055236,-0.0,-0.0,-0.0,-0.0,-0.061044350099541865,-0.0,-0.28279484780887965,-0.2120361708762083
2020-04-21,1.0,-0.0,-0.577124339894383,-0.0,-0.012265962554008641,-0.0,-0.16603456553048485,-0.0,-0.023187710033605376,-0.0,-0.054896783485357654,-0.0,-0.0,-0.0,-0.0,-0.04884781565050408,-0.0,-0.3030484877580413,-0.21495439270283245
2020-04-22,1.0,-0.0,-0.5785893904921566,-0.0,-0.012740989103101426,-0.0,-0.16314213866602803,-0.0,-0.020548437312896663,-0.0,-0.056975212549395284,-0.0,-0.0,-0.0,-0.0,-0.05414920368818106,-0.0,-0.29682672733804333,-0.21195066459106693
2020-04-23,1.0,-0.0,-0.5908525202240199,-0.0,-0.02120530371930496,-0.0,-0.15638313149203004,-0.0,-0.018524723565171604,-0.0,-0.05107462543679096,-0.0,-0.0,-0.0,-0.0,-0.05239098176248145,-0.0,-0.3013498635776171,-0.20157005409027812
2020-04-24,1.0,-0.0,-0.5832094740374933,-0.0,-0.022893992424605648,-0.0,-0.16687443064678525,-0.0,-0.017092582825909766,-0.0,-0.04413386393057486,-0.0,-0.0,-0.0,-0.0,-0.05844560579182049,-0.0,-0.2958958623004267,-0.2087548544853047
2020-04-27,1.0,-0.0,-0.576028151481783,-0.0,-0.018073442811318046,-0.0,-0.17063245080672187,-0.0,-0.01328577584143247,-0.0,-0.049289031454971995,-0.0,-0.0,-0.0,-0.0,-0.0667400775602049,-0.0,-0.29470484033130656,-0.2050797146550486
2020-04-28,1.0,-0.0,-0.5725499581189423,-0.0,-0.015699413665190856,-0.0,-0.17240636592078498,-0.0,-0.012683977503888956,-0.0,-0.0502094052889793,-0.0,-0.0,-0.0,-0.0,-0.0664831877467991,-0.0,-0.2966614813928443,-0.20653344501615412
2020-04-29,1.0,-0.0,-0.5649583123092818,-0.0,-0.004373002715106081,-0.0,-0.17102765563804992,-0.0,-0.0,-0.0,-0.05048175112328504,-0.0,-0.0,-0.0,-0.0,-0.06595545303827578,-0.0,-0.3333333333333333,-0.21261923640644897
2020-04-30,1.0,-0.0,-0.5495963091118801,-0.0,-0.0,-0.0,-0.17260188389081124,-0.0,-0.0,-0.0,-0.04654459823144944,-0.0,-0.0,-0.0,-0.0,-0.07869569396386006,-0.0,-0.340638216070742,-0.21482122260668973
2020-05-01,1.0,-0.0,-0.5174897366336157,-0.0,-0.0,-0.0,-0.17110412215206589,-0.0,-0.0,-0.0,-0.04573500108035436,-0.0,-0.0,-0.0,-0.0,-0.0899815139365712,-0.0,-0.34482510263366384,-0.23165198185004682
2020-05-04,1.0,-0.0,-0.515295358649789,-0.0,-0.0,-0.0,-0.17661584196394323,-0.0,-0.0,-0.0,-0.04118718833908708,-0.0,-0.0,-0.0,-0.0,-0.09148446490218642,-0.0,-0.346686804756425,-0.22612197928653627
2020-05-05,1.0,-0.0,-0.5158482785077203,-0.0,-0.0,-0.0,-0.1768485662223075,-0.0,-0.0,-0.0,-0.03809820657907356,-0.0,-0.0,-0.0,-0.0,-0.0937230267574566,-0.0,-0.3462645056104344,-0.22683897573606981
2020-05-06,1.0,-0.0,-0.5148088829393063,-0.0,-0.0,-0.0,-0.17364281787105873,-0.0,-0.002796835034542108,-0.0,-0.03898835847297589,-0.0,-0.0,-0.0,-0.0,-0.10039920636817824,-0.0,-0.33325365142351737,-0.22656754237085555
2020-05-07,1.0,-0.0,-0.5025468524747717,-0.0,-0.0,-0.0,-0.18428640076886113,-0.0,-0.02256126862085536,-0.0,-0.04195098510331571,-0.0,-0.0,-0.0,-0.0,-0.1004324843825084,-0.0,-0.344738106679481,-0.20615088899567516
2020-05-08,1.0,-0.0,-0.5216773092732866,-0.0,-0.0,-0.0,-0.15550270158475737,-0.0,-0.0,-0.0,-0.0,-0.0,-0.0,-0.0,-0.14800548072697192,-0.045035030118145865,-0.0,-0.4864145187559784,-0.228613531191024
2020-05-11,1.0,-0.0,-0.4801473808971683,-0.0,-0.0,-0.0,-0.16915307515910438,-0.0,-0.0,-0.0,-0.0,-0.0,-0.0,-0.0,-0.11463244956326815,-0.061116693720852336,-0.0,-0.510216175826441,-0.2413491020586947
2020-05-12,1.0,-0.0,-0.47574075035026725,-0.0,-0.0,-0.0,-0.16561154065694567,-0.0,-0.0,-0.0,-0.0,-0.0,-0.0,-0.0,-0.12225623994603291,-0.03801048207150641,-0.0,-0.5449120440039438,-0.24804109802293603
2020-05-13,1.0,-0.0,-0.47306227163181214,-0.0,-0.0,-0.0,-0.1648656352846666,-0.0,-0.0,-0.0,-0.0,-0.0,-0.0,-0.0,-0.1239472388504496,-0.043069268444375336,-0.0,-0.5362149835445333,-0.2502526626758921
2020-05-14,1.0,-0.0,-0.4651174826622503,-0.0,-0.0,-0.0,-0.16111168616085292,-0.0,-0.0,-0.0,-0.0,-0.0,-0.0,-0.0,-0.12485767518890384,-0.042568057136942346,-0.0,-0.5244022357933961,-0.26964082393127004
2020-05-15,1.0,-0.0,-0.46799099868084115,-0.0,-0.0,-0.0,-0.15801453661312434,-0.0,-0.0,-0.0,-0.0,-0.0,-0.0,-0.0,-0.12710483432916894,-0.043635705232663406,-0.0,-0.5233180724761387,-0.26652181785261636
2020-05-18,1.0,-0.0,-0.4528414085526656,-0.0,-0.0,-0.0,-0.16510677904752055,-0.0,-0.0,-0.0,-0.0,-0.0,-0.0,-0.0,-0.1214385438750711,-0.05925849320026888,-0.0,-0.5197528310667563,-0.267025182274161
2020-05-19,1.0,-0.0,-0.43507584175301683,-0.0,-0.0,-0.0,-0.16729114447401744,-0.0,-0.0,-0.0,-0.0,-0.0,-0.0,-0.0,-0.12176025220289931,-0.05302462595932712,-0.0,-0.5412026150546525,-0.2656916199384997
2020-05-20,1.0,-0.0,-0.4168985776128633,-0.0,-0.0,-0.0,-0.1773603380746238,-0.0,-0.0,-0.0,-0.0,-0.0,-0.0,-0.0,-0.11721809936095652,-0.060837971552257265,-0.0,-0.5303545660688518,-0.2741187384044527
2020-05-21,1.0,-0.0,-0.4048894842598794,-0.0,-0.0,-0.0,-0.1807924158895358,-0.0,-0.0,-0.0,-0.0,-0.0,-0.0,-0.0,-0.11334947704673089,-0.06618063784842083,-0.0,-0.5325879746509351,-0.27832448863929105
2020-05-22,1.0,-0.0,-0.4009772997569678,-0.0,-0.0,-0.0,-0.18622989813330573,-0.0,-0.0,-0.0,-0.0,-0.0,-0.0,-0.0,-0.1234810486581519,-0.06287812192977921,-0.0,-0.5385490459692849,-0.27333367805987896
2020-05-26,1.0,-0.0,-0.4008378804727301,-0.0,-0.0,-0.0,-0.1868938943339626,-0.0,-0.0,-0.0,-0.0,-0.0,-0.0,-0.0,-0.1233287646435129,-0.060591171222426236,-0.0,-0.5392433215237012,-0.275155809563216
2020-05-27,1.0,-0.0,-0.40201550387596896,-0.0,-0.0,-0.0,-0.1854263565891473,-0.0,-0.0,-0.0,-0.0,-0.0,-0.0,-0.0,-0.11808785529715761,-0.06857881136950905,-0.0,-0.5350129198966408,-0.2748578811369509
2020-05-28,1.0,-0.0,-0.43773485744317436,-0.0,-0.0,-0.0,-0.16654841676520826,-0.0,-0.0,-0.0,-0.0,-0.0,-0.0,-0.0,-0.16247536460386283,-0.05891472868217054,-0.0,-0.5318880567599528,-0.2702141637104191
2020-05-29,1.0,-0.0,-0.4246340949773613,-0.0,-0.0,-0.0,-0.1735284826787407,-0.0,-0.0,-0.0,-0.0,-0.0,-0.0,-0.0,-0.16297251763714857,-0.06478361587869853,-0.0,-0.5430135832368116,-0.26347794040223227
2020-06-01,1.0,-0.0,-0.42535663525819867,-0.0,-0.0,-0.0,-0.17279044059588355,-0.0,-0.0,-0.0,-0.0,-0.0,-0.0,-0.0,-0.16360477970205822,-0.06569458335526662,-0.0,-0.5414275938306048,-0.26312049270937515
2020-06-02,1.0,-0.0,-0.4294785655942877,-0.0,-0.0,-0.0,-0.1751640186546518,-0.0,-0.0,-0.0,-0.0,-0.0,-0.0,-0.0,-0.1600137011566938,-0.05456749137090612,-0.0,-0.5551339815034385,-0.260453719073591
2020-06-03,1.0,-0.0,-0.4310216849583798,-0.0,-0.0,-0.0,-0.16767403637134828,-0.0,-0.0,-0.0,-0.0,-0.0,-0.0,-0.0,-0.16918509092837072,-0.050739621441068875,-0.0,-0.5624569216902603,-0.2699220613965325
2020-06-04,1.0,-0.0,-0.4369402787345663,-0.0,-0.0,-0.0,-0.16660484341052412,-0.0,-0.0,-0.0,-0.0,-0.0,-0.0,-0.0,-0.16512108526310212,-0.0530708494515394,-0.0,-0.5573896454877856,-0.2704149223676541
2020-06-05,1.0,-0.0,-0.43355662050888294,-0.0,-0.0,-0.0,-0.16502952156530487,-0.0,-0.0,-0.0,-0.0,-0.0,-0.0,-0.0,-0.16142868490031506,-0.06094945590298922,-0.0,-0.5575736715295613,-0.26913606396780426
2020-06-08,1.0,-0.0,-0.43692120442398263,-0.0,-0.0,-0.0,-0.15883473567232895,-0.0,-0.0,-0.0,-0.0,-0.0,-0.0,-0.0,-0.1611631475895645,-0.07712864475842726,-0.0,-0.5492935386569296,-0.26255490289463934
2020-06-09,1.0,-0.0,-0.4421624486550947,-0.0,-0.0,-0.0,-0.15129190406784152,-0.0,-0.0,-0.0,-0.0,-0.0,-0.0,-0.0,-0.16470120577712996,-0.0815423347025308,-0.0,-0.5471313104544853,-0.2632304226845104
2020-06-10,1.0,-0.0,-0.443637712650379,-0.0,-0.0,-0.0,-0.15207483173459113,-0.0,-0.0,-0.0,-0.0,-0.0,-0.0,-0.0,-0.16521808256929357,-0.08082039323758546,-0.0,-0.54531241719222,-0.26278552122529014
2020-06-11,1.0,-0.0,-0.4534618848333951,-0.0,-0.0,-0.0,-0.139031625787996,-0.0,-0.0,-0.0,-0.0,-0.0,-0.0,-0.0,-0.16464480584838692,-0.09448005509350003,-0.0,-0.5419558192509403,-0.25515177199766914
2020-06-12,1.0,-0.0,-0.42938445802407615,-0.0,-0.0,-0.0,-0.13470062157412993,-0.0,-0.0,-0.0,-0.0,-0.0,-0.0,-0.0,-0.16598914212279367,-0.10986388313357286,-0.0,-0.5206011172598285,-0.26216265834404257
2020-06-15,1.0,-0.0,-0.42922230950510604,-0.0,-0.0,-0.0,-0.13665881120712228,-0.0,-0.0,-0.0,-0.0,-0.0,-0.0,-0.0,-0.16171772715370517,-0.10699135899450117,-0.0,-0.5203456402199529,-0.2635244828489133
2020-06-16,1.0,-0.0,-0.4032342749133676,-0.0,-0.0,-0.0,-0.14879764780006302,-0.0,-0.0,-0.0,-0.0021526829780531345,-0.0,-0.0,-0.0,-0.1529980048304106,-0.10613777171059541,-0.0,-0.5377507088102489,-0.2741783051559383
2020-06-17,1.0,-0.0,-0.39911924296836093,-0.0,-0.0,-0.0,-0.15646543815041022,-0.0,-0.0,-0.0,-0.00041940811030433307,-0.0,-0.0,-0.0,-0.152402422081837,-0.11101208419617814,-0.0,-0.5260688353561037,-0.27578704553199296
2020-06-18,1.0,-0.0,-0.4010685383547652,-0.0,-0.0,-0.0,-0.15245004321294817,-0.0,-0.0,-0.0,-0.002697535552470995,-0.0,-0.0,-0.0,-0.15111437026949165,-0.1134536311971296,-0.0,-0.5267789330330253,-0.27137731451169367
2020-06-19,1.0,-0.0,-0.39845266194597434,-0.0,-0.0,-0.0,-0.15843168109100447,-0.0,-0.0,-0.0,-0.006320482559664306,-0.0,-0.0,-0.0,-0.16084447941253607,-0.1042223970626803,-0.0,-0.519669551534225,-0.2746656176239182
2020-06-22,1.0,-0.0,-0.4067382684278249,-0.0,-0.0,-0.0,-0.15267456211759145,-0.0,-0.0,-0.0,-0.003229957196502193,-0.0,-0.0,-0.0,-0.1557469604264594,-0.09794910847929414,-0.0,-0.5404269845854889,-0.2691893595231218
2020-06-23,1.0,-0.0,-0.40614164127351055,-0.0,-0.0,-0.0,-0.1521487863822633,-0.0,-0.0,-0.0,-0.0030209099506146894,-0.0,-0.0,-0.0,-0.15632552274876535,-0.09690553745928338,-0.0,-0.5410843753283597,-0.2712514447830199
2020-06-24,1.0,-0.0,-0.40751741358917076,-0.0,-0.0,-0.0,-0.15105795768169272,-0.0,-0.0,-0.0,-0.0021290576948350634,-0.0,-0.0,-0.0,-0.15602575896964122,-0.0938099618872388,-0.0,-0.5434354054409252,-0.27451701931922723
2020-06-25,1.0,-0.0,-0.40979808881985946,-0.0,-0.0,-0.0,-0.14805064890620476,-0.0,-0.0,-0.0,-0.003817095322083871,-0.0,-0.0,-0.0,-0.15539526680180063,-0.09126806539079159,-0.0,-0.5510569405322874,-0.27311975149393214
2020-06-26,1.0,-0.0,-0.4078109374177588,-0.0,-0.0,-0.0,-0.14827096162955947,-0.0,-0.0,-0.0,-0.0036844044423390704,-0.0,-0.0,-0.0,-0.1553502815937681,-0.09271540607400389,-0.0,-0.5489499447339333,-0.27493552292225903
2020-06-29,1.0,-0.0,-0.40554387808723064,-0.0,-0.0,-0.0,-0.14921177088807147,-0.0,-0.0,-0.0,-0.0045191802417235945,-0.0,-0.0,-0.0,-0.14755648975302155,-0.0943510246978455,-0.0,-0.5561481870730426,-0.2700998423541776
2020-06-30,1.0,-0.0,-0.3736211786952411,-0.0,-0.0,-0.0,-0.1663252442483454,-0.0,-0.0,-0.0,-0.011870994852400462,-0.0,-0.0,-0.0,-0.1326557411492804,-0.0979882340581994,-0.0,-0.5688360121861541,-0.2750026263262948
2020-07-01,1.0,-0.0,-0.37646440767008144,-0.0,-0.0,-0.0,-0.16448647228789073,-0.0,-0.0,-0.0,-0.009246125558182296,-0.0,-0.0,-0.0,-0.13175728920409774,-0.09879169950091936,-0.0,-0.57123719464145,-0.27475702653007616
2020-07-02,1.0,-0.0,-0.3850925147182507,-0.0,-0.0,-0.0,-0.1762773338940286,-0.0,-0.0,-0.0,-0.01595353238015139,-0.0,-0.0,-0.0,-0.14345037846930192,-0.07574642556770395,-0.0,-0.5661532800672834,-0.26555929352396973
2020-07-06,1.0,-0.0,-0.387595474946849,-0.0,-0.0,-0.0,-0.1778786844799076,-0.0,-0.0,-0.0,-0.015905929289482666,-0.0,-0.0,-0.0,-0.14149977689703142,-0.06716711724717185,-0.0,-0.5623244704585423,-0.2723693535263393
2020-07-07,1.0,-0.0,-0.38655175132038777,-0.0,-0.0,-0.0,-0.1782589273983761,-0.0,-0.0,-0.0,-0.014005307827732084,-0.0,-0.0,-0.0,-0.14415219276348634,-0.06689965052421368,-0.0,-0.556612449746433,-0.2811572115510944
2020-07-08,1.0,-0.0,-0.37937090432503273,-0.0,-0.0,-0.0,-0.17986893840104848,-0.0,-0.0,-0.0,-0.015019659239842725,-0.0,-0.0,-0.0,-0.149305373525557,-0.07384010484927916,-0.0,-0.541992136304063,-0.2818610747051114
2020-07-09,1.0,-0.0,-0.36499402628434885,-0.0,-0.0,-0.0,-0.1658355410108566,-0.0,-0.0,-0.0,-0.024700015583606048,-0.0,-0.0,-0.0,-0.13687600644122383,-0.08147628694613268,-0.0,-0.5259986494208093,-0.2974131213962911
2020-07-10,1.0,-0.0,-0.3700020770588846,-0.0,-0.0,-0.0,-0.1690466299719597,-0.0,-0.0,-0.0,-0.02064077266590508,-0.0,-0.0,-0.0,-0.1310624156194828,-0.08290061273237097,-0.0,-0.5244314051303355,-0.2982396925952851
2020-07-13,1.0,-0.0,-0.3689565443663805,-0.0,-0.0,-0.0,-0.17621649752797294,-0.0,-0.0,-0.0,-0.0249024199843872,-0.0,-0.0,-0.0,-0.15037730939370286,-0.07275565964090554,-0.0,-0.5061930783242259,-0.30273224043715846
2020-07-14,1.0,-0.0,-0.370845724422184,-0.0,-0.0,-0.0,-0.16885793290551468,-0.0,-0.0,-0.0,-0.030025564772786558,-0.0,-0.010356341628841236,-0.0,-0.15625815203213858,-0.046538321072677,-0.0,-0.5346689622789169,-0.2910992852298221
2020-07-15,1.0,-0.0,-0.35766103007615846,-0.0,-0.0,-0.0,-0.14162901768426486,-0.0,-0.0,-0.0,-0.04037692009810249,-0.0,-0.022847553891829093,-0.0,-0.14315218794372014,-0.06918807280237511,-0.0,-0.5281786497999225,-0.2786110752549374
2020-07-16,1.0,-0.0,-0.35922330097087374,-0.0,-0.0,-0.0,-0.14111237347655442,-0.0,-0.0,-0.0,-0.04074571369551745,-0.0,-0.020605246849824413,-0.0,-0.14348791571989258,-0.06790952282586242,-0.0,-0.5302107002685396,-0.27876471803346414
2020-07-17,1.0,-0.0,-0.35875319577512066,-0.0,-0.0,-0.0,-0.14229269426439067,-0.0,-0.0,-0.0,-0.0407509748728146,-0.0,-0.021460114144048754,-0.0,-0.14407458099837306,-0.06667871807452934,-0.0,-0.5297626733465898,-0.2786974149730134
2020-07-20,1.0,-0.0,-0.35400356561506857,-0.0,-0.0,-0.0,-0.13774126036741338,-0.0,-0.0,-0.0,-0.0449577552127742,-0.0,-0.01948169392553549,-0.0,-0.1503501020592719,-0.06139058987675374,-0.0,-0.5233444435831848,-0.2925096245769062
2020-07-21,1.0,-0.0,-0.3546454578319475,-0.0,-0.0,-0.0,-0.13246914217838146,-0.0,-0.0,-0.0,-0.04642875587460621,-0.0,-0.023266022827041266,-0.0,-0.15558023033620824,-0.0645819346175696,-0.0,-0.5224138821463616,-0.2828848835407736
2020-07-22,1.0,-0.0,-0.35730516965346276,-0.0,-0.0,-0.0,-0.1333212828590611,-0.0,-0.0,-0.0,-0.04735836388989309,-0.0,-0.0148737282445902,-0.0,-0.15630325879254248,-0.06713835665960853,-0.0,-0.5230852657129577,-0.2828848835407736
2020-07-23,1.0,-0.0,-0.3616911442066954,-0.0,-0.0,-0.0,-0.12918462690034327,-0.0,-0.0,-0.0,-0.05040910616111297,-0.0,-0.010582556848979172,-0.0,-0.15708644142167616,-0.06473427457863357,-0.0,-0.5257207753658726,-0.28170250109697237
2020-07-24,1.0,-0.0,-0.3638475236792526,-0.0,-0.0,-0.0,-0.1289648230830774,-0.0,-0.0,-0.0,-0.050610369835084004,-0.0,-0.011304100962655174,-0.0,-0.1598317289080445,-0.06462435801481406,-0.0,-0.5242728469300849,-0.27744083412909387
2020-07-27,1.0,-0.0,-0.34683021304067146,-0.0,-0.0,-0.0,-0.12785022595222725,-0.0,-0.0,-0.0,-0.05533892834086508,-0.0,-0.009554551323434475,-0.0,-0.16970948999354424,-0.06910264686894771,-0.0,-0.5120464816010329,-0.29187863137508074
2020-07-28,1.0,-0.0,-0.3198120009613587,-0.0,-0.0,-0.0,-0.18305872299516648,-0.0,-0.0,-0.0,-0.04876225064758191,-0.0,-0.016556733516703608,-0.0,-0.2218068203060325,-0.00977381365663471,-0.0,-0.5310705797527171,-0.33962667236360716
2020-07-29,1.0,-0.0,-0.3226082080585298,-0.0,-0.0,-0.0,-0.17890042989506288,-0.0,-0.0,-0.0,-0.054124055432431706,-0.0,-0.020426690876078075,-0.0,-0.22036794745133642,-0.0011214653814317374,-0.0,-0.5444714426851085,-0.32813543029558623
2020-07-30,1.0,-0.0,-0.3164939089549049,-0.0,-0.0,-0.0,-0.1788042316734345,-0.0,-0.0,-0.0,-0.05546056849754221,-0.0,-0.017712117973926054,-0.0,-0.22643727292156446,-0.0,-0.0,-0.5425571703355417,-0.3340457362684335
2020-07-31,1.0,-0.0,-0.34403108780129893,-0.0,-0.0,-0.0,-0.18467893149270362,-0.0,-0.0,-0.0,-0.018777684176200442,-0.0,-0.009157857550476916,-0.0,-0.2590287779559227,-0.0,-0.0,-0.537433082420718,-0.36438490176363486
2020-08-03,1.0,-0.0,-0.31212587182162665,-0.0,-0.0,-0.0,-0.2128068537536383,-0.0,-0.0,-0.0,-0.018754462079191608,-0.0,-0.000411884233071558,-0.0,-0.2755780108737438,-0.0,-0.0,-0.5207040474490636,-0.405541215882256
2020-08-04,1.0,-0.0,-0.29560267304677834,-0.0,-0.0,-0.0,-0.2185738250419382,-0.0,-0.0,-0.0,-0.02117537056898496,-0.0,-0.0007150125127189725,-0.0,-0.28564749883122953,-0.0,-0.0,-0.5087864037620659,-0.4195473420784864
2020-08-05,1.0,-0.0,-0.27886776744831415,-0.0,-0.0,-0.0,-0.21373664492854172,-0.0,-0.0,-0.0,-0.033023449424170945,-0.0,-0.0,-0.0,-0.3352851394477591,-0.0,-0.0,-0.47426113500763145,-0.4399056472873595
2020-08-06,1.0,-0.0,-0.2843861012433393,-0.0,-0.0,-0.0,-0.21211700710479575,-0.0,-0.0,-0.0,-0.031638543516873896,-0.0,-0.0,-0.0,-0.33559058614564835,-0.0,-0.0,-0.47227464476021314,-0.43927619893428066
2020-08-07,1.0,-0.0,-0.2848478103611374,-0.0,-0.0,-0.0,-0.20263201825162763,-0.0,-0.0,-0.0,-0.03308107506538312,-0.0,-0.0,-0.0,-0.3401035000834678,-0.0,-0.0,-0.4876189416281787,-0.4339769628846475
2020-08-10,1.0,-0.0,-0.2765785813630042,-0.0,-0.0,-0.0,-0.20211404728789986,-0.0,-0.0,-0.0,-0.03474269819193324,-0.0,-0.0,-0.0,-0.33869262865090405,-0.0,-0.0,-0.48815020862308767,-0.44133518776077885
2020-08-11,1.0,-0.0,-0.2758026885901566,-0.0,-0.0,-0.0,-0.19458949005666035,-0.0,-0.0,-0.0,-0.03907899122319742,-0.0,-0.0,-0.0,-0.3364348405732696,-0.0,-0.0,-0.4897789134540606,-0.441839795578269
2020-08-12,1.0,-0.0,-0.26984569104785244,-0.0,-0.0,-0.0,-0.18375020890201102,-0.0,-0.0,-0.0,-0.039802796501587655,-0.0,-0.0,-0.0,-0.3400089131524706,-0.0,-0.0,-0.4981895159044064,-0.45376302155868753
2020-08-13,1.0,-0.0,-0.28252128338093785,-0.0,-0.0,-0.0,-0.1828845567233299,-0.0,-0.0,-0.0,-0.03666010371315272,-0.0,-0.0,-0.0,-0.3261140844679848,-0.0,-0.0,-0.4766922714289676,-0.46820664984332105
2020-08-14,1.0,-0.0,-0.27524416372186206,-0.0,-0.0,-0.0,-0.16873034864631736,-0.0,-0.0,-0.0,-0.04137566432009794,-0.0,-0.0,-0.0,-0.3312557388908985,-0.0,-0.0,-0.48779877013828987,-0.4780600461893764
2020-08-17,1.0,-0.0,-0.2672789058331227,-0.0,-0.0,-0.0,-0.17123037604965316,-0.0,-0.0,-0.0,-0.04459797230881568,-0.0,-0.00853764709186396,-0.0,-0.33953997809419495,-0.0,-0.0,-0.49838514898755865,-0.4788945993765271
2020-08-18,1.0,-0.0,-0.26636353429886606,-0.0,-0.0,-0.0,-0.1719434152913439,-0.0,-0.0,-0.0,-0.04417873582575503,-0.0,-0.013640956551027282,-0.0,-0.3377680476030089,-0.0,-0.0,-0.49862467722016396,-0.47428988436061525
2020-08-19,1.0,-0.0,-0.24023232752514523,-0.0,-0.0,-0.0,-0.2035415781272135,-0.0,-0.0,-0.0,-0.05255701940784814,-0.0,-0.0,-0.0,-0.35905935684941215,-0.0,-0.0,-0.4819096189261935,-0.4959626009349767
2020-08-20,1.0,-0.0,-0.24117797114594255,-0.0,-0.0,-0.0,-0.20691023497066408,-0.0,-0.0,-0.0,-0.05169921487486182,-0.0,-0.0,-0.0,-0.3594285876250673,-0.0,-0.0,-0.48082537343045834,-0.494345398373062
2020-08-21,1.0,-0.0,-0.21090102707749764,-0.0,-0.0,-0.0,-0.3078898225957049,-0.0,-0.0,-0.0,-0.03265056022408964,-0.0,-0.0,-0.0,-0.4066584967320261,-0.0,-0.0,-0.47619047619047616,-0.48351423902894486
2020-08-24,1.0,-0.0,-0.21419800011695225,-0.0,-0.0,-0.0,-0.30580083036079764,-0.0,-0.0,-0.0,-0.032220337991930297,-0.0,-0.0,-0.0,-0.4037775568680194,-0.0,-0.0,-0.4847962107479095,-0.4830126893164143
2020-08-25,1.0,-0.0,-0.18894337940258582,-0.0,-0.0,-0.0,-0.31570812899390693,-0.0,-0.0,-0.0,-0.024193788081438548,-0.0,-0.0,-0.0,-0.4253826720166443,-0.0,-0.0,-0.5460543914400356,-0.47192747807995244
2020-08-26,1.0,-0.0,-0.19244140742072768,-0.0,-0.0,-0.0,-0.3226338188575196,-0.0,-0.0,-0.00041958880297308633,-0.011568662710543668,-0.0,-0.0,-0.0,-0.42252592459389793,-0.0,-0.0,-0.567673679793802,-0.47976982557094044
2020-08-27,1.0,-0.0,-0.20034184958618206,-0.0,-0.0,-0.0,-0.31816000959577784,-0.0,-0.0,-0.0,-0.014483627204030227,-0.0,-0.0,-0.0,-0.42584262924313304,-0.0,-0.0,-0.5754468034065011,-0.4643756747031306
2020-08-28,1.0,-0.0,-0.1885336935314423,-0.0,-0.0,-0.0,-0.3029866426534594,-0.0,-0.0,-0.005282905598078943,-0.09842413327330031,-0.0,-0.0,-0.0,-0.4189104007203962,-0.0,-0.0,-0.5630796938316074,-0.4244334383911151
2020-08-31,1.0,-0.0,-0.1503382990988804,-0.0,-0.0,-0.0,-0.2897539367092448,-0.0,-0.0,-0.027974149701143848,-0.10610152007039049,-0.0,-0.0,-0.0,-0.42704572347461994,-0.0,-0.0,-0.5626687702903608,-0.4701598956279013
2020-09-01,1.0,-0.0,-0.182416635905008,-0.0,-0.0,-0.0,-0.2671034822197613,-0.0,-0.0,-0.020025839793281656,-0.09047003814445675,-0.0,-0.0,-0.0,-0.46936138796603916,-0.0,-0.0,-0.5456810631229236,-0.5011074197120708
2020-09-02,1.0,-0.0,-0.17712261084384343,-0.0,-0.0,-0.0,-0.2782147965154076,-0.0,-0.0,-0.04596281367832531,-0.08971525159277076,-0.0,-0.0,-0.0,-0.6044727603692627,-0.0,-0.0,-0.48342218177090096,-0.5716746846963984
2020-09-03,1.0,-0.0,-0.0977289776989702,-0.0,-0.0,-0.042931187342290116,-0.1903771397394803,-0.0,-0.0,-0.1952192593602946,-0.12698629202755235,-0.033894837345700056,-0.0,-0.0,-0.7746027415944895,-0.0,-0.0,-0.4632408102025506,-0.4849962490622655
2020-09-04,1.0,-0.0,-0.060760889542363535,-0.0,-0.0,-0.0,-0.06712001470317955,-0.0,-0.0,-0.2441462966366477,-0.10681859952214666,-0.06112846903142804,-0.0,-0.0,-0.8284874104024995,-0.0,-0.0,-0.5621393126263554,-0.7451938981804814
2020-09-08,1.0,-0.0,-0.09345831045572202,-0.0,-0.0,-0.0,-0.0,-0.0,-0.0,-0.20868303396344812,-0.011295003529688605,-0.1263236332261354,-0.0,-0.0,-1.188642246450702,-0.0,-0.0,-0.603223782257432,-0.6902894344654483
2020-09-09,1.0,-0.0,-0.09100545124167171,-0.0,-0.0,-0.0,-0.0,-0.0,-0.0,-0.1631586917019988,-0.0,-0.1067534827377347,-0.0,-0.0,-1.1400287704421561,-0.0,-0.0,-0.6134918231374924,-0.6711084191399151
2020-09-10,1.0,-0.0,-0.034644833598665756,-0.0,-0.0,-0.0,-0.020127359563338637,-0.0,-0.0,-0.13592601015844138,-0.0,-0.12375862330376772,-0.0,-0.0,-1.2669244181638997,-0.0,-0.0,-0.667235236145857,-0.5418846183003563
2020-09-11,1.0,-0.0,-0.0,-0.0,-0.0,-0.0,-0.18824620845434012,-0.0,-0.0,-0.20550984188447888,-0.0,-0.055622781542433046,-0.0,-0.0,-1.6352855759922555,-0.0,-0.0,-0.5270248467247499,-0.42191029364311067
2020-09-14,1.0,-0.0,-0.0,-0.0,-0.0,-0.0,-0.21232377248420028,-0.0,-0.0,-0.1400907470426187,-0.0,-0.12562793712526332,-0.0,-0.0,-1.6308134824177605,-0.0027548209366391185,-0.0,-0.655444822557122,-0.2841111651272079
2020-09-15,1.0,-0.0,-0.0,-0.0,-0.0,-0.0,-0.14685074818848348,-0.0,-0.0,-0.0,-0.0,-0.19431462504823566,-0.0,-0.0,-1.7783304034643914,-0.0,-0.0,-0.745958924666638,-0.4221155082965313
2020-09-16,1.0,-0.0,-0.0,-0.0,-0.0,-0.0,-0.07718982789622399,-0.0,-0.0,-0.023375288980220905,-0.0,-0.2050261152495933,-0.0,-0.0,-1.842966007363644,-0.0,-0.0,-0.7387618802979706,-0.39386933812826436
2020-09-17,1.0,-0.0,-0.0,-0.0,-0.0,-0.0,-0.3562784705286891,-0.0,-0.0,-0.08880504302213225,-0.0,-0.19734965260203377,-0.0,-0.0,-1.9948465467261767,-0.0,-0.0,-0.8406110523167533,-0.12336078774214329
2020-09-18,1.0,-0.0,-0.0,-0.0,-0.0,-0.0,-0.33670447815589266,-0.0,-0.0,-0.1588538107603298,-0.0,-0.1677372329278848,-0.08701198123092341,-0.0,-1.8182315156484896,-0.0,-0.0,-0.8609174980638695,-0.12619015079039678
2020-09-21,1.0,-0.0,-0.0,-0.0,-0.0,-0.0,-0.34020073956682517,-0.0,-0.0,-0.23498055035297508,-0.0,-0.1648177496038035,-0.0,-0.0,-2.0281899822311864,-0.0,-0.0,-1.0341449358882007,-0.0
2020-09-22,1.0,-0.0,-0.0,-0.0,-0.0,-0.0,-0.4892114175133043,-0.0,-0.0,-0.177552007740687,-0.0,-0.13352685050798258,-0.0,-0.0,-2.110498306724722,-0.0,-0.0,-0.9104983067247219,-0.01664247701983551
2020-09-23,1.0,-0.0,-0.0,-0.0,-0.0,-0.0,-0.49269433080070135,-0.0,-0.0,-0.18395675043834014,-0.0,-0.1296512760568868,-0.0,-0.0,-2.123514513929476,-0.0,-0.0,-0.9160822131307228,-0.024547048509643486
2020-09-24,1.0,-0.0,-0.0,-0.0,-0.0,-0.0,-0.4626777542685627,-0.0,-0.0,-0.1285243320375929,-0.0,-0.13442897210057572,-0.0,-0.0,-2.1974610047729173,-0.0,-0.0,-0.9974413226393741,-0.0
2020-09-25,1.0,-0.0,-0.0,-0.0,-0.0,-0.0,-0.43925554900805347,-0.0,-0.0,-0.11215871145158123,-0.0,-0.1332744058141819,-0.0,-0.0,-2.22142015321155,-0.0,-0.0,-1.0045668827342369,-0.0
2020-09-28,1.0,-0.0,-0.0,-0.0,-0.0,-0.0,-0.5779724523721569,-0.0,-0.0,-0.14206554435590268,-0.0,-0.0819040582616497,-0.0,-0.0,-2.350044857248404,-0.0,-0.0,-1.0467570848065861,-0.07847379808960896
2020-09-29,1.0,-0.0,-0.0,-0.0,-0.0,-0.0,-0.5770784159454498,-0.0,-0.0,-0.10983477576711252,-0.0,-0.05843168109100447,-0.0,-0.0,-2.4177812745869396,-0.0,-0.0,-1.0820875950694993,-0.0
2020-09-30,1.0,-0.0,-0.0,-0.0,-0.0,-0.0,-0.6135301614273577,-0.0,-0.0,-0.07667799490229397,-0.0,-0.06600467289719626,-0.0,-0.0,-2.1941907391673747,-0.0,-0.12457519116397622,-1.2351316907391674,-0.0
2020-10-01,1.0,-0.0,-0.0,-0.0,-0.0,-0.0,-0.6289988858825402,-0.0,-0.0,-0.07538861478062497,-0.0,-0.06949970820733196,-0.0,-0.0,-2.1763488779245583,-0.0,-0.1343837869382991,-1.2207013634675579,-0.0
2020-10-02,1.0,-0.0,-0.0,-0.0,-0.0,-0.0,-0.6246555013779945,-0.0,-0.0,-0.06571973712105152,-0.0,-0.0714437142251431,-0.0,-0.0,-2.1730973076107696,-0.0,-0.11887852448590205,-1.246184015263939,-0.0
2020-10-05,1.0,-0.0,-0.0,-0.0,-0.0,-0.0,-0.5063654799459215,-0.0,-0.0,-0.0,-0.0,-0.0,-0.0,-0.0,-2.6300698512843623,-0.0,-0.11210004506534475,-1.3102748986029742,-0.0743578188373141
2020-10-06,1.0,-0.0,-0.0,-0.0,-0.0,-0.0,-0.5611287039131418,-0.0,-0.0,-0.0,-0.0,-0.0,-0.0,-0.0,-2.6435195657091155,-0.0,-0.129382492648722,-1.229020583578376,-0.0917778783080751
2020-10-07,1.0,-0.0,-0.0,-0.0,-0.0,-0.0,-0.45977855609535645,-0.0,-0.0,-0.0,-0.0,-0.0,-0.0,-0.0,-2.6417353971302675,-0.0,-0.17037622867472602,-1.3122810981809965,-0.06496441080103943
2020-10-08,1.0,-0.0,-0.0,-0.0,-0.0,-0.0,-0.4808984682448386,-0.0,-0.0,-0.0,-0.0,-0.0,-0.0,-0.0,-2.824120603015075,-0.0,-0.18193376521160015,-1.453290549131198,-0.11412484107283404
2020-10-09,1.0,-0.0,-0.0,-0.0,-0.0,-0.0,-0.5409856062454257,-0.0,-0.0,-0.0,-0.0,-0.0,-0.0,-0.0,-2.8132471334471822,-0.0,-0.28537448158087336,-1.330690412295682,-0.12875091485728227
2020-10-12,1.0,-0.0,-0.0,-0.0,-0.0,-0.0,-0.5895026932230991,-0.0,-0.0,-0.0,-0.0,-0.0,-0.0,-0.0,-2.839220844294125,-0.0,-0.2574220217963172,-1.4276587748966554,-0.1495051985469122
2020-10-13,1.0,-0.0,-0.0,-0.0,-0.0,-0.0,-0.5904594966821085,-0.0,-0.0,-0.0,-0.0,-0.0,-0.0,-0.0,-2.7118442469012147,-0.0,-0.3448103167647427,-1.4384625015650434,-0.17453361712783272
2020-10-14,1.0,-0.0,-0.0,-0.0,-0.0,-0.0,-0.6163668385960498,-0.0,-0.0,-0.0,-0.0,-0.0,-0.0,-0.0,-2.7431123411749905,-0.0,-0.35671153604226946,-1.4152723613033085,-0.15863630645364196
2020-10-15,1.0,-0.0,-0.0,-0.0,-0.0,-0.0,-0.5713206121292272,-0.0,-0.0,-0.0,-0.0,-0.0,-0.0,-0.0,-2.753196045091001,-0.0,-0.34599156118143465,-1.440581900623465,-0.1865356760501291
2020-10-16,1.0,-0.0,-0.0,-0.0,-0.0,-0.0,-0.5744613833942296,-0.0,-0.0,-0.0,-0.0,-0.0,-0.0,-0.0,-2.738692201083533,-0.0,-0.3522741590021419,-1.4344840619881567,-0.19969761874763764
2020-10-19,1.0,-0.0,-0.0,-0.0,-0.0,-0.0,-0.5749669124598222,-0.0,-0.0,-0.0,-0.0,-0.0,-0.0,-0.0,-2.76618138274406,-0.0,-0.3345307871683368,-1.3952858133232495,-0.23136068569988025
2020-10-20,1.0,-0.0,-0.0,-0.0,-0.0,-0.0,-0.4892453064776825,-0.0,-0.0,-0.0,-0.0,-0.0,-0.0,-0.0,-2.775643416635584,-0.0,-0.376165609847072,-1.3711923411662315,-0.20427701106552282
2020-10-21,1.0,-0.0,-0.0,-0.0,-0.0,-0.0,-0.5647486523755798,-0.0,-0.0,-0.0,-0.0,-0.0,-0.0,-0.0,-2.7716560110317165,-0.0,-0.42353014917888937,-1.3246834649617651,-0.18340228155948354
