Date,ENPH,IWF,IWM,MTUM,SPY,VLUE,VXX
2018-09-24,1.0,-3.585233441910966,-5.997176981541803,-1.6894679695982626,-4.851465798045602,-4.592182410423453,0.0
2018-09-25,1.0,-3.5824295010845986,-5.991106290672451,-1.68763557483731,-4.8455531453362255,-4.585249457700651,0.0
2018-09-26,1.0,-3.6482789055604585,-6.1255516328331865,-1.7034421888790823,-4.938658428949691,-4.649161518093557,0.0
2018-09-27,1.0,-3.6447570894702133,-6.0793581006814685,-1.7058694218509562,-4.921521213453506,-4.631347548911848,0.0
2018-09-28,1.0,-3.671387475105112,-6.131666297853507,-1.693737552555875,-4.964151360920558,-4.6678468687762775,0.0
2018-10-01,1.0,-3.6808510638297873,-6.136303191489362,-1.696808510638298,-4.97406914893617,-4.675310283687943,0.0
2018-10-02,1.0,-3.69063470927652,-6.107634265423879,-1.7126054150022192,-4.990013315579227,-4.691522414558366,0.0
2018-10-03,1.0,-3.6879574184963406,-6.068973164781548,-1.70791749833666,-5.0008871146595695,-4.712131292969616,0.0
2018-10-04,1.0,-3.712825072238275,-6.055790175594577,-1.7168259613247387,-5.032673927539453,-4.7090464547677255,0.0
2018-10-05,1.0,-3.5962083242536504,-5.926781433863587,-1.6264981477446065,-4.976247548485509,-4.665286554804968,0.0
2018-10-08,1.0,-3.5593952483801297,-5.867602591792657,-1.5961123110151185,-4.949676025917927,-4.625701943844493,0.0
2018-10-09,1.0,-3.559766132524903,-5.887613685578173,-1.575790385448246,-4.975530532698138,-4.655695106106539,0.0
2018-10-10,1.0,-3.556972972972973,-5.876324324324325,-1.5762162162162163,-4.969297297297297,-4.642810810810811,0.0
2018-10-11,1.0,-3.1356955908999398,-5.623515200322126,-1.1411314676867326,-4.694382927320314,-4.53815180189249,0.0
2018-10-12,1.0,-3.252032520325203,-5.71890243902439,-1.1327235772357724,-4.702032520325203,-4.519512195121951,0.0
2018-10-15,1.0,-3.1566727236018575,-5.82434887946699,-1.010498687664042,-4.678376741368868,-4.519685039370079,0.0
2018-10-16,1.0,-3.1856937897110065,-5.9903668784587,-0.9594179135068661,-4.761631481861037,-4.5988932158229145,0.0
2018-10-17,1.0,-3.1269906084115964,-5.864026133115557,-0.8434054716210697,-4.836668027766435,-4.745610453246223,0.0
2018-10-18,1.0,-3.124336463862801,-5.858513679052674,-0.8462637811351572,-4.841159657002858,-4.746018783176806,0.0
2018-10-19,1.0,-3.040668411516006,-5.765451983088384,-0.7700825447956513,-4.832091805919066,-4.724783571572377,0.0
2018-10-22,1.0,-3.037133681252509,-5.730028101164191,-0.7541148133279807,-4.829586511441188,-4.7213970293055,0.0
2018-10-23,1.0,-3.037698014838581,-5.722478443954282,-0.7621816723481052,-4.817926609183878,-4.71185081211149,0.0
2018-10-24,1.0,-3.022935779816514,-5.688671719186279,-0.7337455125648186,-4.801356202632629,-4.6976465895492625,0.0
2018-10-25,1.0,-2.693465491923642,-5.174008810572688,-0.6119676945668135,-4.575991189427312,-4.30011013215859,0.0
2018-10-26,1.0,-2.590143369175627,-5.058243727598566,-0.5037634408602151,-4.554659498207885,-4.214336917562724,0.0
2018-10-29,1.0,-2.4896236370031657,-5.029370383397819,-0.4310587407667956,-4.461660218079494,-4.175342947590574,0.0
2018-10-30,1.0,-2.4590941011235956,-5.026158707865169,-0.41046348314606745,-4.46067415730337,-4.19996488764045,0.0
2018-10-31,1.0,-2.454876147583579,-4.894682141001213,-0.40689416248051274,-4.420405335181015,-4.145158496448987,0.0
2018-11-01,1.0,-2.4018547140649154,-4.90194058045681,-0.3554868624420402,-4.39378327322686,-4.120212948651898,0.0
2018-11-02,1.0,-2.373259520214729,-4.720684448917966,-0.315215567857742,-4.340882402281496,-4.025666834423754,0.0
2018-11-05,1.0,-2.370608108108108,-4.816891891891892,-0.3054054054054054,-4.380405405405405,-4.018581081081081,0.0
2018-11-06,1.0,-2.371095728515955,-4.819348303224717,-0.2991727165287861,-4.378862063143677,-4.014857335809556,0.0
2018-11-07,1.0,-2.3814959959107176,-4.8682910206168,-0.32169023683762143,-4.413869483728063,-4.053501448287613,0.0
2018-11-08,1.0,-2.238189300411523,-4.761481481481482,-0.2167901234567901,-4.277530864197531,-3.9670781893004117,0.0
2018-11-09,1.0,-2.2378360547583704,-4.7717301665842,-0.21804387267029524,-4.290780141843971,-3.975259772389906,0.0
2018-11-12,1.0,-2.2100813008130085,-4.661138211382115,-0.20796747967479673,-4.262276422764227,-3.918536585365854,0.0
2018-11-13,1.0,-2.1179667519181584,-4.619245524296675,-0.11349104859335038,-4.249840153452685,-3.884111253196931,0.0
2018-11-14,1.0,-2.119367209971237,-4.615851709811442,-0.11457334611697029,-4.248162352189198,-3.8815915627996165,0.0
2018-11-15,1.0,-2.1146679407548974,-4.610288262462176,-0.10622710622710622,-4.2482879439401176,-3.846631629240325,0.0
2018-11-16,1.0,-2.0946352270928945,-4.558949200822916,-0.08814685868017093,-4.231049216648204,-3.8526665611647415,0.0
2018-11-19,1.0,-2.0999683143219268,-4.557192648922688,-0.10693916349809887,-4.227027883396705,-3.8517110266159698,0.0
2018-11-20,1.0,-1.9601749180071841,-4.506325160081212,-0.0,-4.232078713103233,-3.919256598469467,0.0
2018-11-21,1.0,-1.9260664946105968,-4.388796113557007,-0.0,-4.124791255503264,-3.7417640807651433,0.0
2018-11-23,1.0,-1.922123090881597,-4.340087706033571,-0.0,-4.125964010282776,-3.7335551187055804,0.0
2018-11-26,1.0,-1.9210725647629148,-4.368126041508862,-0.0,-4.126950462051204,-3.732919254658385,0.0
2018-11-27,1.0,-1.8728393206072447,-4.367803998196302,-0.0,-4.0919885765819926,-3.698181271606794,0.0
2018-11-28,1.0,-1.8746618575293057,-4.363841298467087,-0.0,-4.091974752028855,-3.6982266305981364,0.0
2018-11-29,1.0,-1.7176332747510252,-4.253075571177504,-0.0,-4.016549502050381,-3.658318687756298,0.0
2018-11-30,1.0,-1.7155614112135853,-4.2520860781730345,-0.0,-4.015956668130582,-3.6555409164104815,0.0
2018-12-03,1.0,-1.7088459285295843,-4.2590802577621565,-0.0,-4.019478617457529,-3.658318687756298,0.0
2018-12-04,1.0,-1.6642505073934473,-4.236155407364454,-0.0,-3.976659901420702,-3.6198898231371412,0.0
2018-12-06,1.0,-1.5985778025655326,-3.93335192414947,-0.0,-3.938650306748466,-3.4725320691578356,0.0
2018-12-07,1.0,-1.6124930128563444,-3.941447736165456,-0.0,-3.9489938513135834,-3.4712129681386252,0.0
2018-12-10,1.0,-1.4905711943153868,-3.90967477452856,-0.0,-3.896009838753758,-3.3686799672041543,0.0
2018-12-11,1.0,-1.4933734116682604,-3.9080475474791636,-0.0,-3.8950676321901896,-3.3667167645853255,0.0
2018-12-12,1.0,-1.494603087853532,-3.9075010247301543,-0.0,-3.8945211094411802,-3.366443503210821,0.0
2018-12-13,1.0,-1.4906612133606,-3.8882072256305387,-0.0,-3.8992501704158147,-3.3551465576005457,0.0
2018-12-14,1.0,-1.500952899537163,-3.8529812142662676,-0.0,-3.9082493874217263,-3.350667029676014,0.0
2018-12-17,1.0,-1.434418478995002,-3.837228150749696,-0.0,-3.852897473997028,-3.383628258813994,0.0
2018-12-18,1.0,-1.3736687965921193,-3.7662406815761447,-0.0,-3.8099041533546325,-3.362087326943557,0.0
2018-12-19,1.0,-1.361995185878577,-3.7893821877507357,-0.0,-3.8372559507889807,-3.3839261834715164,0.0
2018-12-20,1.0,-1.34574609064405,-3.723032069970846,-0.0,-3.834349324145242,-3.349059104161145,0.0
2018-12-21,1.0,-1.315679351379626,-3.6917745521119394,-0.0,-3.8037138747221135,-3.265855891199163,0.0
2018-12-24,1.0,-1.2338595815684765,-3.58285200872802,-0.0,-3.7444487228853807,-3.274162495186754,0.0
2018-12-26,1.0,-1.2145472913246622,-3.5847960601086,-0.0,-3.635181209748706,-3.1933324914761965,0.0
2018-12-27,1.0,-0.9645789350222846,-3.352451325357729,-0.0,-3.312925170068027,-3.0988740323715693,0.0
2018-12-28,1.0,-0.9521626704278325,-3.378114715561824,-0.0,-3.321579689703808,-3.1019040902679826,0.0
2018-12-31,1.0,-0.9564859461366577,-3.3749264965306365,-0.0,-3.3240032929554277,-3.1050217570269316,0.0
2019-01-02,1.0,-0.9464622641509434,-3.3873820754716983,-0.0,-3.332547169811321,-3.126179245283019,0.0
2019-01-03,1.0,-0.9506536332587445,-3.381344953480155,-0.0,-3.3338829348722174,-3.1114120833824046,0.0
2019-01-04,1.0,-0.8450360381306673,-3.389560567309928,-0.0,-3.2783073703789816,-3.1124157172750526,0.0
2019-01-07,1.0,-0.748490270632968,-3.239655558040707,-0.0,-3.2021919033773205,-2.992842764482219,0.0
2019-01-08,1.0,-0.7512515296473469,-3.190788741795528,-0.0,-3.208810768717321,-2.9738569362554235,0.0
2019-01-09,1.0,-0.741011984021305,-3.1567909454061254,-0.0,-3.2083888149134485,-2.990124278739458,0.0
2019-01-10,1.0,-0.7368129432624113,-3.1513741134751774,-0.0,-3.207779255319149,-2.9855939716312054,0.0
2019-01-11,1.0,-0.7441343266985433,-3.1268764594684755,-0.0,-3.2270654953853,-3.0216835316357167,0.0
2019-01-14,1.0,-0.7619735526169575,-3.121902433603734,-0.0,-3.2193577064118237,-3.0090010001111236,0.0
2019-01-15,1.0,-0.7509762356353898,-3.112016066049314,-0.0,-3.234184982706683,-3.059801405779315,0.0
2019-01-16,1.0,-0.7157024793388429,-3.0937741046831957,-0.0,-3.1694765840220387,-3.0403305785123966,0.0
2019-01-17,1.0,-0.6986058862580217,-3.123257357822527,-0.0,-3.18743084753264,-3.055100685992476,0.0
2019-01-18,1.0,-0.7163375224416516,-3.130947037701975,-0.0,-3.2280071813285454,-3.1456463195691198,0.0
2019-01-22,1.0,-0.0,-3.264992254923656,-0.0,-3.633215313122372,-3.166297853507413,0.0
2019-01-23,1.0,-0.0,-3.1689796824691907,-0.0,-3.679804596425003,-3.253691573220828,0.0
2019-01-24,1.0,-0.0,-3.1082118188795085,-0.0,-3.659467163688192,-3.1960311369367393,0.0
2019-01-25,1.0,-0.0,-3.114397966258377,-0.0,-4.013057545643632,-3.4277790617055697,0.0
2019-01-28,1.0,-0.0,-3.059775696612325,-0.0,-4.0742282344779746,-3.427910741126142,0.0
2019-01-29,1.0,-0.0,-3.0648137469726677,-0.0,-4.0399031253603965,-3.42809364548495,0.0
2019-01-30,1.0,-0.0,-3.0580927182790756,-0.0,-4.026227999539859,-3.41918785229495,0.0
2019-01-31,1.0,-0.0,-3.055242390078918,-0.0,-3.836640360766629,-3.3820744081172487,0.0
2019-02-01,1.0,-0.0,-3.060534057479068,-0.0,-3.86071509391265,-3.3935279474994346,0.0
2019-02-04,1.0,-0.0,-3.069751616195985,-0.0,-3.879210615855733,-3.3928773959396623,0.0
2019-02-05,1.0,-0.0,-3.028703808339926,-0.0,-3.860323200361623,-3.4116849361509773,0.0
2019-02-06,1.0,-0.0,-3.0004516711833786,-0.0,-3.8696928635953025,-3.421747967479675,0.0
2019-02-07,1.0,-0.0,-2.960313024035774,-0.0,-3.8320849636668526,-3.38703186137507,0.0
2019-02-08,1.0,-0.0,-2.9768226822682267,-0.0,-3.885013501350135,-3.3892889288928894,0.0
2019-02-11,1.0,-0.0,-2.9801219787666593,-0.0,-3.8982380844815907,-3.41597018296815,0.0
2019-02-12,1.0,-0.0,-2.9893366258839373,-0.0,-3.871366034347289,-3.3639016724660458,0.0
2019-02-13,1.0,-0.0,-2.8865262939529095,-0.0,-3.499844414479826,-2.9859973031843174,0.0
2019-02-14,1.0,-0.0,-2.8363333680158154,-0.0,-3.5519716990947874,-3.016439496410363,0.0
2019-02-15,1.0,-0.0,-2.8728884254431697,-0.0,-3.543691345151199,-3.010948905109489,0.0
2019-02-19,1.0,-0.0,-2.845430809399478,-0.0,-3.5765013054830286,-3.022036553524804,0.0
2019-02-20,1.0,-0.0,-2.857217573221757,-0.0,-3.5826359832635983,-3.0203974895397487,0.0
2019-02-21,1.0,-0.0,-2.859711851929751,-0.0,-3.6114207592806817,-3.0452203175938584,0.0
2019-02-22,1.0,-0.0,-2.8404366995591013,-0.0,-3.626915809363846,-3.0302330463993283,0.0
2019-02-25,1.0,-0.0,-2.8463002114164904,-0.0,-3.666596194503171,-3.0579281183932343,0.0
2019-02-26,1.0,-0.0,-2.8343357602616868,-0.0,-3.6646618128099613,-3.052864830642609,0.0
2019-02-27,1.0,-0.0,-2.8277355302070135,-0.0,-3.679446556822983,-3.054710604140262,0.0
2019-02-28,1.0,-0.0,-2.851643690349947,-0.0,-3.703711558854719,-3.0492046659597034,0.0
2019-03-01,1.0,-0.0,-2.860302677532014,-0.0,-3.69584082971743,-3.0269869827494973,0.0
2019-03-04,1.0,-0.0,-2.8313481606408772,-0.0,-3.68462106039844,-3.0247707389058713,0.0
2019-03-05,1.0,-0.0,-2.8053386790462125,-0.0,-3.713125131884364,-3.0322852922557497,0.0
2019-03-06,1.0,-0.0,-2.8012022780004218,-0.0,-3.715988188145961,-3.029002320185615,0.0
2019-03-07,1.0,-0.0,-2.7479291181713332,-0.0,-3.736814511901017,-3.000733983432945,0.0
2019-03-08,1.0,-0.0,-2.7265913649319122,-0.0,-3.8122031035574793,-3.017523487807453,0.0
2019-03-11,1.0,-0.0,-2.715480728504871,-0.0,-3.7912960609911055,-3.0818509106310885,0.0
2019-03-12,1.0,-0.0,-2.621194316846491,-0.0,-3.8561051169746823,-3.205319944450379,0.0
2019-03-13,1.0,-0.0,-2.644475167499734,-0.0,-3.829735190896522,-3.1606933957247687,0.0
2019-03-14,1.0,-0.0,-2.6256813417190776,-0.0,-3.75,-3.1064989517819708,0.0
2019-03-15,1.0,-0.0,-2.594418799832144,-0.0180444817456987,-3.748845992446496,-3.1297733948804027,0.0
2019-03-18,1.0,-0.0,-2.6378539493293593,-0.12795401319991484,-3.73674685969768,-3.1425377900787734,0.0
2019-03-19,1.0,-0.0,-2.6270634002733675,-0.08894963726211755,-3.6726947744716645,-3.1254337083377144,0.0
2019-03-20,1.0,-0.0,-2.6694600615254056,-0.078922244616527,-3.700859234114777,-3.1584809589477034,0.0
2019-03-21,1.0,-0.0,-2.6605010041221857,-0.09935524785963429,-3.7162033611668956,-3.093647605961315,0.0
2019-03-22,1.0,-0.0,-2.6543936637054477,-0.1662206999892968,-3.7800492347211816,-3.1024296264583113,0.0
2019-03-25,1.0,-0.0,-2.3726688441681594,-0.34211358128753555,-3.7636708460646933,-3.057844273522284,0.0
2019-03-26,1.0,-0.0,-2.3566353187042846,-0.40323928944618603,-3.6562173458725185,-3.0331243469174503,0.0
2019-03-27,1.0,-0.0,-2.3381022512097624,-0.42594151062486846,-3.700189354092152,-3.0554386703134857,0.0
2019-03-28,1.0,-0.0,-2.3322080388226607,-0.4555332841016985,-3.6880472623694485,-3.0737419559025216,0.0
2019-03-29,1.0,-0.0,-2.32584388185654,-0.45242616033755273,-3.693037974683545,-3.0772151898734177,0.0
2019-04-01,1.0,-0.0,-2.342860156085214,-0.4404134148913731,-3.690782535330099,-3.0722421430078044,0.0
2019-04-02,1.0,-0.0,-2.345328282828283,-0.5428240740740741,-3.651936026936027,-2.9816919191919196,0.0
2019-04-03,1.0,-0.0,-2.3460284061020515,-0.5426617569700158,-3.6553392951078383,-2.976854287217254,0.0
2019-04-04,1.0,-0.0,-2.3214470819944024,-0.5056494246916139,-3.576759614387893,-2.9621644034414847,0.0
2019-04-05,1.0,-0.0,-2.2596764284251485,-0.5215031742781078,-3.5301044439893507,-2.928322752406308,0.0
2019-04-08,1.0,-0.0,-2.2506391246548727,-0.5222415379895694,-3.530115553737601,-2.9229982615809385,0.0
2019-04-09,1.0,-0.0,-2.2504091653027825,-0.5230155482815058,-3.5266980360065467,-2.9291121112929623,0.0
2019-04-10,1.0,-0.0,-2.2121675328645676,-0.5418322633241619,-3.51992255171711,-2.9166411902578218,0.0
2019-04-11,1.0,-0.03307888040712468,-2.153587786259542,-0.5798473282442748,-3.530381679389313,-2.8812213740458015,0.0
2019-04-12,1.0,-0.03238619003971891,-2.152765047357165,-0.585904878297179,-3.5344739790202673,-2.8787045523984114,0.0
2019-04-15,1.0,-0.021643695763144462,-2.162429811128127,-0.589382337927514,-3.540581929555896,-2.895354772843288,0.0
2019-04-16,1.0,-0.03019483831480159,-2.170151994287463,-0.592777721105784,-3.5252473732530856,-2.882586963174538,0.0
2019-04-17,1.0,-0.04876852124423511,-1.9850848788146405,-0.6557747031694633,-3.376018055146698,-2.747031694632519,0.0
2019-04-18,1.0,-0.06331599096888191,-1.9710415235103562,-0.6441543143221753,-3.3746932364778637,-2.7632276430745066,0.0
2019-04-22,1.0,-0.08953624318004677,-1.9682385035074046,-0.6050272798129385,-3.343530787217459,-2.736262665627436,0.0
2019-04-23,1.0,-0.1000097096805515,-1.9532964365472376,-0.6021943878046412,-3.319836877366735,-2.7343431401106906,0.0
2019-04-24,1.0,-0.0780827212988017,-1.9411480479319674,-0.6141283339775802,-3.301990722844994,-2.728353304986471,0.0
2019-04-25,1.0,-0.0768113134444014,-1.944401394808214,-0.6342502905850446,-3.304823711739636,-2.7257845796203024,0.0
2019-04-26,1.0,-0.1042785878741366,-1.920376055257099,-0.6704719877206446,-3.244339984650806,-2.6537797390636992,0.0
2019-04-29,1.0,-0.09136228549515867,-1.922346850733391,-0.6622567347330074,-3.255967788323267,-2.654874892148404,0.0
2019-04-30,1.0,-0.09474896803302295,-1.918306614188346,-0.6733224536814821,-3.26274359220505,-2.650571181722185,0.0
2019-05-01,1.0,-0.12860842044691664,-1.9017934209264409,-0.6626066941593939,-3.2673827563057447,-2.6300949458137524,0.0
2019-05-02,1.0,-0.4667562122229684,-2.120102977389747,-0.8830311170808148,-3.5768972464741435,-3.146518916498769,0.0
2019-05-03,1.0,-0.46408592526292236,-2.1244126202729916,-0.8793913627209666,-3.5748489594987696,-3.1453345267397625,0.0
2019-05-06,1.0,-0.4491044610078986,-2.088886416731561,-0.8819668483702303,-3.5719212370675266,-3.1329402603181666,0.0
2019-05-07,1.0,-0.4447168970129291,-2.0944048149799377,-0.8951181453410612,-3.5725590726705305,-3.138987962550156,0.0
2019-05-08,1.0,-0.44333929369691544,-2.0755476084041127,-0.9468037550290568,-3.55677246312025,-3.1532185963343764,0.0
2019-05-09,1.0,-0.44649240393208217,-2.0738382484361035,-0.9486148346738158,-3.553060768543342,-3.1486818588025023,0.0
2019-05-10,1.0,-0.4461298237787196,-2.068592460405978,-0.9492527325451706,-3.5487396832478253,-3.140419362034352,0.0
2019-05-13,1.0,-0.44361488745264094,-2.0678627145085806,-0.941609092935146,-3.5503677289948743,-3.1399598841096497,0.0
2019-05-14,1.0,-0.3082862113962592,-1.8780991735537191,-1.1338625489343193,-3.490430622009569,-3.0636146150500214,0.0
2019-05-15,1.0,-0.2982437002290826,-1.886004145303807,-1.1712664994000217,-3.5045271081051594,-3.0486527762626814,0.0
2019-05-16,1.0,-0.2999020994234744,-1.8819754160774502,-1.167192429022082,-3.4901555531382575,-3.0385075601000766,0.0
2019-05-17,1.0,-0.2953407359024603,-1.860222077073808,-1.1888743740474637,-3.4726758110167646,-3.0689092096668844,0.0
2019-05-20,1.0,-0.29429657794676806,-1.833025529603476,-1.2094513851167843,-3.463661053775122,-3.063335143943509,0.0
2019-05-21,1.0,-0.27791590098367747,-1.8382877526753865,-1.219111447411091,-3.431304723813642,-3.0430223759593558,0.0
2019-05-22,1.0,-0.2583253537610384,-1.79008405149484,-1.2283221619321203,-3.375997446536865,-2.986594318544526,0.0
2019-05-23,1.0,-0.26131402406559473,-1.780428069428176,-1.2689809391971036,-3.3856884250878503,-2.9520817804280695,0.0
2019-05-24,1.0,-0.24005040428436417,-1.7236165074031293,-1.2875144387272919,-3.340018901606637,-2.909692323847527,0.0
2019-05-28,1.0,-0.24359904633564838,-1.7102726236135586,-1.2554161915621436,-3.2854773504716492,-2.8711516533637402,0.0
2019-05-29,1.0,-0.2699119627136199,-1.73008803728638,-1.2546866908337648,-3.2784049715173484,-2.8242361470740547,0.0
2019-05-30,1.0,-0.0,-1.4181038256149874,-0.7990020134815723,-3.109515888995886,-2.4276459774139894,0.0
2019-05-31,1.0,-0.0,-1.4166085744161727,-0.7785813872429418,-3.0777274311606835,-2.4409201812478214,0.0
2019-06-03,1.0,-0.0,-1.41031031872845,-0.7731898074173744,-2.9429820872929104,-2.283323521991422,0.0
2019-06-04,1.0,-0.0,-1.3757095158597663,-0.756677796327212,-2.9191151919866445,-2.295659432387312,0.0
2019-06-05,1.0,-0.0,-1.3293768545994067,-0.8137157929442796,-2.9266402901417736,-2.1729310913287176,0.0
2019-06-06,1.0,-0.0,-1.361172885264805,-0.7824726134585289,-2.90107898855119,-2.1918293386047276,0.0
2019-06-07,1.0,-0.0,-1.399736256490563,-0.7847193604219896,-2.875793291024479,-2.181735761971483,0.0
2019-06-10,1.0,-0.0,-1.402674712549947,-0.8072249857294299,-2.7971132675528008,-2.147680013047378,0.0
2019-06-11,1.0,-0.0,-1.3851117025566577,-0.8899911283167997,-2.7128800709734655,-2.0771836438422455,0.0
2019-06-12,1.0,-0.0,-1.3746355685131195,-0.8791707159054097,-2.7351797862001943,-2.1095724003887266,0.0
2019-06-13,1.0,-0.0,-1.383014896373057,-0.8917584196891191,-2.7202072538860103,-2.1008743523316062,0.0
2019-06-14,1.0,-0.0,-1.372036572538231,-0.9055748846994094,-2.725382312484829,-2.0882757504652476,0.0
2019-06-17,1.0,-0.0,-1.363695038321904,-0.9068172650262202,-2.726986688180718,-2.0701895925776523,0.0
2019-06-18,1.0,-0.0,-1.3586877864436762,-0.901825199002975,-2.7188228672509447,-2.0611883894829948,0.0
2019-06-19,1.0,-0.0,-1.3512625250501002,-0.9046893787575151,-2.714789579158317,-2.045370741482966,0.0
2019-06-20,1.0,-0.0,-1.3675090252707582,-0.88455675892499,-2.718732450862415,-2.0515844364219817,0.0
2019-06-21,1.0,-0.0,-1.3865809562073121,-0.8791482523101647,-2.708236239453596,-2.0613901165126554,0.0
2019-06-24,1.0,-0.0,-1.3922692059393156,-0.8923499031633312,-2.7084409296320207,-2.0766623628147194,0.0
2019-06-25,1.0,-0.0,-1.380072609923356,-0.8971359419120613,-2.7124647035094798,-2.0780153287615977,0.0
2019-06-26,1.0,-0.0,-1.3806785974572842,-0.9058223337922099,-2.7335006883148436,-2.0778200664021376,0.0
2019-06-27,1.0,-0.0,-1.3564822326788901,-0.9228460165503813,-2.7343014765536267,-2.099302287846828,0.0
2019-06-28,1.0,-0.0,-1.362683778734465,-0.9165786694825765,-2.7408821379254324,-2.1027536349606044,0.0
2019-07-01,1.0,-0.0,-1.3362424242424242,-0.9284040404040405,-2.7377777777777776,-2.0783838383838384,0.0
2019-07-02,1.0,-0.0,-1.3504232164449819,-0.9187424425634825,-2.720999596936719,-2.071100362756953,0.0
2019-07-03,1.0,-0.0,-1.3464516129032258,-0.9229838709677419,-2.7236290322580645,-2.0714516129032257,0.0
2019-07-05,1.0,-0.0,-1.2996792301523656,-0.9366479550922213,-2.71355252606255,-2.0692862870890134,0.0
2019-07-08,1.0,-0.0,-1.3056758056758055,-0.9324194324194324,-2.711720378387045,-2.0668590668590667,0.0
2019-07-09,1.0,-0.0,-1.2902061442207426,-0.9357503810058554,-2.7160503729846797,-2.0790887944172614,0.0
2019-07-10,1.0,-0.0,-1.2729241877256319,-0.933894905736061,-2.7331728840754113,-2.0824709185720014,0.0
2019-07-11,1.0,-0.0,-1.261232349165597,-0.9618100128369704,-2.732589858793325,-2.06747432605905,0.0
2019-07-12,1.0,-0.0,-1.2975173624970064,-0.9436417338548735,-2.6853197094276364,-2.056278438572683,0.0
2019-07-15,1.0,-0.0,-1.2700990099009901,-0.9399603960396039,-2.676435643564356,-2.0342970297029703,0.0
2019-07-16,1.0,-0.0,-1.2742088607594937,-0.9819620253164556,-2.6621044303797468,-1.9930379746835438,0.0
2019-07-17,1.0,-0.0,-1.2849330268685106,-0.9789173337560434,-2.662518823809146,-1.99944519299358,0.0
2019-07-18,1.0,-0.0,-1.2795951988703225,-0.9883109751314035,-2.6132423315289874,-1.9639130775868832,0.0
2019-07-19,1.0,-0.0,-1.2824960753532182,-0.9954474097331238,-2.609183673469387,-1.9621664050235477,0.0
2019-07-22,1.0,-0.0,-1.2254780040416602,-0.9593502254002798,-2.5873620394839114,-2.000233172703249,0.0
2019-07-23,1.0,-0.0,-1.2157089898053752,-0.9567500772320049,-2.5619400679641644,-1.9888785912882299,0.0
2019-07-24,1.0,-0.0,-1.2312357249744035,-1.0250452862880994,-2.6167598645349295,-2.002835315428842,0.0
2019-07-25,1.0,-0.0,-1.1981309879063924,-1.042720276425318,-2.628317889115753,-1.9839013664206062,0.0
2019-07-26,1.0,-0.0,-1.1877695021560173,-1.0458643669149352,-2.6274402195217563,-1.978988631909055,0.0
2019-07-29,1.0,-0.0,-1.175353218210361,-1.0436420722135007,-2.6379120879120874,-1.992386185243328,0.0
2019-07-30,1.0,-0.0,-1.1648428951070815,-1.0464280131311552,-2.6186493668907302,-1.986165390026575,0.0
2019-07-31,1.0,-0.0,-1.1963185459026493,-1.0239525569932224,-2.545979667282809,-1.9355360443622918,0.0
2019-08-01,1.0,-0.2998692566305566,-1.5638774747852073,-1.2556966753828913,-2.879435935748973,-2.3399327605528577,0.0
2019-08-02,1.0,-0.3058455114822547,-1.5428923894477131,-1.337160751565762,-2.934807363826153,-2.3687606756500283,0.0
2019-08-05,1.0,-0.28861330326944756,-1.5326005261180007,-1.3068395340097707,-2.9073656520105224,-2.359639233370913,0.0
2019-08-06,1.0,-0.24446065469134676,-1.502963435761831,-1.2624236345399835,-2.80723990152275,-2.3011762560408497,0.0
2019-08-07,1.0,-0.21587617668356265,-1.5342143374366404,-1.2320782041998553,-2.7763396089790007,-2.2929036929761044,0.0
2019-08-08,1.0,-0.22010572366022604,-1.53855267954794,-1.2443492526430917,-2.8041378053226396,-2.306963179001094,0.0
2019-08-09,1.0,-0.19200144770177344,-1.50542888165038,-1.2314513210278684,-2.7863735070575464,-2.3327904451682953,0.0
2019-08-12,1.0,-0.19174121261407787,-1.4887503388452155,-1.2676425408873226,-2.791452064696846,-2.296286256438059,0.0
2019-08-13,1.0,-0.18700716845878135,-1.4451612903225806,-1.2569892473118278,-2.7776881720430104,-2.293727598566308,0.0
2019-08-14,1.0,-0.1606825453252755,-1.4544081052257376,-1.2503554923569145,-2.752577319587629,-2.2692854603626023,0.0
2019-08-15,1.0,-0.1500388701736201,-1.455040165846074,-1.234948604992658,-2.6668394229938674,-2.1308629178543663,0.0
2019-08-16,1.0,-0.1644675236230527,-1.46258619221929,-1.202349536051758,-2.5958116966033877,-2.0875117051161998,0.0
2019-08-19,1.0,-0.1620686745971484,-1.4263055766472623,-1.1958154053826036,-2.588796085379229,-2.06378132118451,0.0
2019-08-20,1.0,-0.14881102428367363,-1.4267708595916309,-1.1978825308797578,-2.5833123266952356,-2.045962524157634,0.0
2019-08-21,1.0,-0.1523084643693543,-1.4345935095349616,-1.1711274673803949,-2.574272331883573,-2.0316995650719303,0.0
2019-08-22,1.0,-0.1491542371469044,-1.4314640446629447,-1.1714857095242062,-2.56836930255812,-2.0121656528622616,0.0
2019-08-23,1.0,-0.15265708556149735,-1.4359124331550803,-1.1762199197860963,-2.5778743315508024,-2.0129512032085564,0.0
2019-08-26,1.0,-0.14204498640520719,-1.3875751833237209,-1.1724478866276675,-2.5686743017220066,-1.968443602208124,0.0
2019-08-27,1.0,-0.14081498521196187,-1.3800525796910943,-1.164147223135064,-2.5614525139664805,-1.969027275714755,0.0
2019-08-28,1.0,-0.1341383275833744,-1.3789222934121899,-1.1635452603909973,-2.564728109084935,-1.972893050763923,0.0
2019-08-29,1.0,-0.16597879744274502,-1.3122926276604354,-1.152787893501659,-2.5246419033746057,-1.9369588087723557,0.0
2019-08-30,1.0,-0.1649246975557567,-1.2941321701917536,-1.2053328944119825,-2.602090362933092,-1.9632952020409842,0.0
2019-09-03,1.0,-0.17968038420137453,-1.3102591703237558,-1.2207501863045458,-2.6219259749937898,-1.947586321106235,0.0
2019-09-04,1.0,-0.18854943074780897,-1.3186993201736423,-1.181423540011467,-2.588582193463838,-1.9134245228929478,0.0
2019-09-05,1.0,-0.1919406150583245,-1.3280039154906598,-1.1620034260543273,-2.5905865078717674,-1.884737743698507,0.0
2019-09-06,1.0,-0.18184119483587882,-1.3177790903721205,-1.2892582904396255,-2.7493882372795544,-1.8998396759767107,0.0
2019-09-09,1.0,-0.18251624335499114,-1.3194667116699013,-1.2893426715045142,-2.748797569825331,-1.8979832925491518,0.0
2019-09-10,1.0,-0.2422207107634756,-1.2646658731508247,-1.414555347729978,-2.7741880632545484,-1.806410474409114,0.0
2019-09-11,1.0,-0.2618227635447291,-1.2118437631247376,-1.4214195716085678,-2.7361612767744643,-1.7685846283074338,0.0
2019-09-12,1.0,-0.25761517160359154,-1.2006377443987581,-1.4235126290173703,-2.7417974322396574,-1.7678106906100528,0.0
2019-09-13,1.0,-0.2538952745849298,-1.23252447850149,-1.3994891443167305,-2.7788846317581952,-1.8495530012771393,0.0
2019-09-16,1.0,-0.25150922540600285,-1.235694243686761,-1.4004761499872458,-2.7699175240200664,-1.8449961737947451,0.0
2019-09-17,1.0,-0.2434901391616153,-1.2761888499957312,-1.3975924186800992,-2.784171433450013,-1.8361649449329807,0.0
2019-09-18,1.0,-0.24398004815961474,-1.2777777777777777,-1.4331785345717234,-2.8130374957000344,-1.8319573443412454,0.0
2019-09-19,1.0,-0.23587497853340206,-1.2890262751159198,-1.434999141336081,-2.793577193886313,-1.833161600549545,0.0
2019-09-20,1.0,-0.2587612768910479,-1.2819222761970854,-1.4584489937543375,-2.820784177654407,-1.8546148507980569,0.0
2019-09-23,1.0,-0.24706700269401233,-1.2893021639002344,-1.4687581472147386,-2.8218475710437123,-1.8633005996350045,0.0
2019-09-24,1.0,-0.2547538421463923,-1.2898324216375792,-1.480420248328558,-2.8068941564643572,-1.8509160371624556,0.0
2019-09-25,1.0,-0.2448446880709997,-1.2925258853214998,-1.482641607935265,-2.824501870703907,-1.8563473418602627,0.0
2019-09-26,1.0,-0.30573476702508956,-1.253673835125448,-1.6853046594982077,-2.8816308243727597,-1.8342293906810034,0.0
2019-09-27,1.0,-0.24116798846431145,-1.2609949531362652,-1.6797945205479452,-2.9388067772170148,-1.891492429704398,0.0
2019-09-30,1.0,-0.28175645088275236,-1.1835219556360344,-1.7425079221367132,-2.9426889995473062,-1.903395201448619,0.0
2019-10-01,1.0,-0.2981639050604568,-1.1176892073443798,-1.7665920286609942,-2.890461262875056,-1.883743842364532,0.0
2019-10-02,1.0,-0.336062655749377,-1.1598433606265575,-1.824937700249199,-2.815592737629049,-1.7635279458882163,0.0
2019-10-03,1.0,-0.3161296033994334,-1.2448654390934843,-1.8067457507082152,-2.790279745042493,-1.694493626062323,0.0
2019-10-04,1.0,-0.3316154256264439,-1.2737693264617025,-1.8301048516083172,-2.7631953083348146,-1.6871334636573663,0.0
2019-10-07,1.0,-0.31511453082161495,-1.2815954718316087,-1.8146281064827097,-2.7517467055806137,-1.681082515256036,0.0
2019-10-08,1.0,-0.3148492084549394,-1.286901919165119,-1.810117626249226,-2.7505085345361278,-1.6817900415671707,0.0
2019-10-09,1.0,-0.3234618104667609,-1.2940240452616691,-1.7882779349363507,-2.767503536067893,-1.666902404526167,0.0
2019-10-10,1.0,-0.37274805669867395,-1.379423868312757,-1.8937357110196615,-2.757750342935528,-1.7412894375857337,0.0
2019-10-11,1.0,-0.3959161045920724,-1.3975792294188303,-1.9878961470941512,-2.7128337799131477,-1.7453571098586345,0.0
2019-10-14,1.0,-0.45219831618334894,-1.3495790458372312,-2.061927034611787,-2.7675397567820395,-1.7232927970065481,0.0
2019-10-15,1.0,-0.47745805605023905,-1.3454869247352144,-2.0792014246883497,-2.764645233855094,-1.7061580279313902,0.0
2019-10-16,1.0,-0.4520068156001515,-1.3901931086709578,-2.1459674365770542,-2.7823741007194247,-1.6956645210147672,0.0
2019-10-17,1.0,-0.4780914361752685,-1.379241516966068,-2.1652884706776923,-2.780058929759529,-1.7021195703830434,0.0
2019-10-18,1.0,-0.4761539934878376,-1.4176402987933345,-2.194886037157633,-2.772361616548554,-1.7156674966481518,0.0
2019-10-21,1.0,-0.4963329840937232,-1.3472711686827317,-2.180207638822745,-2.746452043051719,-1.7544528050290504,0.0
2019-10-22,1.0,-0.4972901017400399,-1.3438242844917754,-2.177712275363697,-2.741656365883807,-1.7480270038984502,0.0
2019-10-23,1.0,-0.5233056905919359,-1.3310456581832044,-2.1950243065484702,-2.7635115813554476,-1.7191878753217043,0.0
2019-10-24,1.0,-0.5760023355391203,-1.3295056442195405,-2.2885363954846243,-2.7926235889451148,-1.7447450369793693,0.0
2019-10-25,1.0,-0.5726786582401556,-1.3368983957219254,-2.263393291200778,-2.793680116674769,-1.7562469615945553,0.0
2019-10-28,1.0,-0.5698198198198198,-1.3654524089306699,-2.289659224441833,-2.7987661574618095,-1.7687034860947903,0.0
2019-10-29,1.0,-0.6212677313758557,-1.3624640412657474,-2.376153159408789,-2.7823628608272992,-1.7774030354131536,0.0
2019-10-30,1.0,-0.6255336046857937,-1.360667129951355,-2.3763526258314305,-2.7845726198749134,-1.7803037823885635,0.0
2019-10-31,1.0,-0.7748070253943394,-1.5787000783085356,-2.606779281798859,-3.0550397136144984,-2.17171943170377,0.0
2019-11-01,1.0,-0.789586385664375,-1.6003606446523158,-2.641722078214809,-3.0792291220556747,-2.1593598557421387,0.0
2019-11-04,1.0,-0.8090053306113191,-1.56640580696382,-2.7061358738800045,-3.122490643075876,-2.1376885561982535,0.0
2019-11-05,1.0,-0.92917682572855,-1.5979333565540463,-2.93927783582956,-3.1037965865552075,-2.040287936839661,0.0
2019-11-06,1.0,-0.9402115773208131,-1.6264115060026152,-2.989896588612861,-3.173184357541899,-2.156781171995721,0.0
2019-11-07,1.0,-0.9428367274026438,-1.648088603072526,-2.9886864356317733,-3.1718470882458023,-2.1576753602477075,0.0
2019-11-08,1.0,-0.9460714285714285,-1.6233333333333333,-2.998095238095238,-3.1755952380952377,-2.161785714285714,0.0
2019-11-11,1.0,-0.9617230621550276,-1.599352051835853,-3.0715142788576912,-3.1845452363810898,-2.181905447564195,0.0
2019-11-12,1.0,-0.962905162064826,-1.5947178871548622,-3.0774309723889557,-3.1864345738295317,-2.183193277310924,0.0
2019-11-13,1.0,-1.0537674189172526,-1.6195585152299914,-3.2809224318658283,-3.1957084720680724,-2.1821432975706005,0.0
2019-11-14,1.0,-1.0566666666666666,-1.62358024691358,-3.2767901234567898,-3.1966666666666663,-2.1919753086419753,0.0
2019-11-15,1.0,-1.0571463836089856,-1.6162675882498152,-3.29684028634905,-3.1843989138484328,-2.18797827696865,0.0
2019-11-18,1.0,-1.0827740492170022,-1.6234153616703952,-3.3235147899577426,-3.20333084762615,-2.195625155356699,0.0
2019-11-19,1.0,-1.1628597238353335,-1.825009678668215,-3.3539811588592077,-3.2662279003742416,-2.2966834430249063,0.0
2019-11-20,1.0,-1.1550257731958762,-1.8310567010309278,-3.346134020618557,-3.262886597938144,-2.2914948453608246,0.0
2019-11-21,1.0,-1.2689187391940415,-1.8038302965819921,-3.5131001462960496,-3.3120095757414547,-2.401782151881899,0.0
2019-11-22,1.0,-1.2761752136752138,-1.7938034188034186,-3.5198985042735047,-3.3394764957264957,-2.425347222222222,0.0
2019-11-25,1.0,-1.2737109270638527,-1.7936147475287203,-3.5216403954047553,-3.3418380977825275,-2.42733101790008,0.0
2019-11-26,1.0,-1.2578322890281297,-1.775496600453273,-3.5284628716171182,-3.34195440607919,-2.4278096253832824,0.0
2019-11-27,1.0,-1.2544339245232698,-1.7927723696492865,-3.5191358847846383,-3.337244965995466,-2.431390852113615,0.0
2019-11-29,1.0,-1.316260162601626,-1.7937669376693766,-3.635772357723577,-3.4096205962059623,-2.3947154471544714,0.0
2019-12-02,1.0,-1.3694267515923566,-1.8379950152312376,-3.780116311271116,-3.4505677097756853,-2.408474106895597,0.0
2019-12-03,1.0,-1.3616347873950736,-1.8200082565019953,-3.7363423696160725,-3.429062887023531,-2.413788358332187,0.0
2019-12-04,1.0,-1.4006772009029345,-1.9229683972911964,-3.859339729119639,-3.4923814898419865,-2.43298532731377,0.0
2019-12-05,1.0,-1.4422356669547682,-1.9248055315471044,-3.9684528954191878,-3.5328435609334488,-2.5368769806972056,0.0
2019-12-06,1.0,-1.582302994190377,-2.048860420080441,-4.088633993743483,-3.641739907641889,-2.534932221063608,0.0
2019-12-09,1.0,-1.601720958819914,-1.9844806392132759,-4.302089735709895,-3.81699446834665,-2.660264290104487,0.0
2019-12-10,1.0,-2.0623014472290855,-2.1316625485351217,-5.206141899046947,-4.4285210024708785,-2.8203318037416167,0.0
2019-12-11,1.0,-2.070110701107011,-2.097170971709717,-5.191354770690563,-4.39992971358285,-2.8130381303813037,0.0
2019-12-12,1.0,-2.070110701107011,-2.1003338604814616,-5.19047619047619,-4.399051133368476,-2.8114566859954313,0.0
2019-12-13,1.0,-2.089041095890411,-2.0941341763259573,-5.275904460835968,-4.371970495258166,-2.7311204776958204,0.0
2019-12-16,1.0,-2.101861608710924,-2.0828942746750965,-5.302599227256762,-4.374956094134176,-2.700035124692659,0.0
2019-12-17,1.0,-2.382772494513533,-2.0226773957571327,-5.5961960497439645,-4.563825896122896,-2.7229334308705195,0.0
2019-12-18,1.0,-2.7646356033452806,-2.220230983671844,-6.043608124253286,-4.902628434886499,-2.9812823576264433,0.0
2019-12-19,1.0,-2.781526104417671,-2.292570281124498,-6.090763052208835,-4.907028112449799,-3.0082329317269076,0.0
2019-12-20,1.0,-2.8009679370840894,-2.3551119177253477,-6.127041742286751,-4.908449284129865,-2.973785037305908,0.0
2019-12-23,1.0,-2.822707953855495,-2.394656952034001,-6.129933211900425,-4.925925925925926,-2.965391621129326,0.0
2019-12-24,1.0,-2.83603567085529,-2.4039319010944467,-6.121807863802188,-4.939197405755979,-2.966558573165788,0.0
2019-12-26,1.0,-2.8354276449128495,-2.40433725172274,-6.122415889744629,-4.939197405755979,-2.9663558978516416,0.0
2019-12-27,1.0,-2.816750756811302,-2.4339051463168517,-6.110595358224017,-4.8883955600403635,-2.9319878910191726,0.0
2019-12-30,1.0,-2.9115716044316784,-2.458965941731637,-6.249897414854329,-4.975995075913008,-2.9205990972507183,0.0
2019-12-31,1.0,-2.867958812840703,-2.420149404401373,-6.15162527760953,-4.881889763779528,-2.868160710680396,0.0
2020-01-02,1.0,-2.8789537712895377,-2.4363341443633413,-6.180251419302515,-4.901257096512571,-2.8789537712895377,0.0
2020-01-03,1.0,-2.8413999999999997,-2.3494,-6.078799999999999,-4.858,-2.8724,0.0
2020-01-06,1.0,-2.8891783567134266,-2.3881763527054107,-6.065330661322645,-4.832464929859719,-2.8647294589178354,0.0
2020-01-07,1.0,-2.8804804804804807,-2.3827827827827828,-6.064264264264264,-4.827227227227227,-2.8652652652652653,0.0
2020-01-08,1.0,-2.8804565478574293,-2.377452943532239,-6.064277132559071,-4.822787344813777,-2.8790548658390067,0.0
2020-01-09,1.0,-2.8905781156231245,-2.4054810962192437,-6.028605721144229,-4.7997599519903975,-2.8795759151830365,0.0
2020-01-10,1.0,-2.9023856858846924,-2.3888667992047714,-5.989662027833002,-4.754671968190856,-2.845129224652087,0.0
2020-01-13,1.0,-2.9061757719714962,-2.379255740300871,-5.971694378463974,-4.722882026920032,-2.814133016627078,0.0
2020-01-14,1.0,-3.0389143883456393,-2.3348633007383754,-6.076830971861904,-4.758930353222909,-2.7463580123727795,0.0
2020-01-15,1.0,-3.0708283313325335,-2.3405362144857946,-6.091436574629852,-4.767907162865146,-2.7372949179671866,0.0
2020-01-16,1.0,-3.058682634730539,-2.3239520958083832,-6.054890219560878,-4.756287425149701,-2.7664670658682637,0.0
2020-01-17,1.0,-3.070819281888514,-2.3132315016861735,-5.9892878397143425,-4.738147193017259,-2.7260464193612375,0.0
2020-01-21,1.0,-3.070366699702676,-2.3201189296333,-5.974826560951437,-4.731219028741328,-2.7250743310208123,0.0
2020-01-22,1.0,-3.073141724479683,-2.3165510406342915,-5.979583746283448,-4.732804757185332,-2.7195242814667986,0.0
2020-01-23,1.0,-3.0929772502472797,-2.289614243323442,-5.90761622156281,-4.727398615232443,-2.7647873392680515,0.0
2020-01-24,1.0,-3.0925449871465296,-2.289895194779514,-5.909036978445719,-4.7261222068420015,-2.7569705358908445,0.0
2020-01-27,1.0,-3.0807920792079204,-2.2455445544554453,-5.962574257425742,-4.723366336633663,-2.7895049504950493,0.0
2020-01-28,1.0,-2.9370349170005725,-2.2186605609616485,-5.780957832474719,-4.5340583858042365,-2.6096164854035493,0.0
2020-01-29,1.0,-2.879056603773585,-2.1966037735849056,-5.733018867924528,-4.486037735849057,-2.5735849056603772,0.0
2020-01-30,1.0,-2.9088507265521795,-2.187582562747688,-5.726363464804679,-4.5036799396112475,-2.545008492168334,0.0
2020-01-31,1.0,-2.85105580693816,-2.2424585218702866,-5.715309200603319,-4.494343891402715,-2.5507164404223226,0.0
2020-02-03,1.0,-2.7484093801127063,-2.140338120341756,-5.517905835302671,-4.328122159607344,-2.443737502272314,0.0
2020-02-04,1.0,-2.687196983300413,-2.108637098222302,-5.438498832824564,-4.28712515711977,-2.4350870892440293,0.0
2020-02-05,1.0,-2.573701696100717,-2.058576674243749,-5.31998601154048,-4.191641895436265,-2.341493268053856,0.0
2020-02-06,1.0,-2.6511505357456526,-2.0518180221324434,-5.41366590549798,-4.182329176181275,-2.266643246091691,0.0
2020-02-07,1.0,-2.6415425065731815,-2.052059596844873,-5.4068361086766,-4.1712532865907095,-2.2567922874671345,0.0
2020-02-10,1.0,-2.6428945988463557,-2.026918370914176,-5.400454466002448,-4.16465652857892,-2.2447124628561443,0.0
2020-02-11,1.0,-2.5763960260363135,-1.9826995546420008,-5.260877012675574,-4.057896539910928,-2.251284686536485,0.0
2020-02-12,1.0,-2.57790319822131,-1.977937403796819,-5.239952112194287,-4.052163502650932,-2.254660509663075,0.0
2020-02-13,1.0,-2.5677012278308324,-1.9895975443383356,-5.231923601637108,-4.0434856753069575,-2.220668485675307,0.0
2020-02-14,1.0,-2.583462000343112,-2.007205352547607,-5.262309143935495,-4.055241036198319,-2.2473837708011666,0.0
2020-02-18,1.0,-2.580728272071453,-2.0166609412573,-5.257643421504637,-4.056338028169014,-2.2648574373067674,0.0
2020-02-19,1.0,-2.581141868512111,-2.091522491349481,-5.282179930795849,-4.057958477508651,-2.288235294117647,0.0
2020-02-20,1.0,-3.491726251276813,-2.8416751787538304,-5.5109295199182835,-4.496833503575076,-3.087640449438202,0.0
2020-02-21,1.0,-3.4795501022494886,-2.861758691206544,-5.518200408997956,-4.497955010224949,-3.092229038854806,0.0
2020-02-24,1.0,-3.4829580665151827,-2.9274943193555054,-5.574261516215658,-4.544722164841975,-3.12745300557736,0.0
2020-02-25,1.0,-3.1439861218195837,-2.8068619892058595,-5.308596761757903,-4.1835003855050115,-2.832305319969159,0.0
2020-02-26,1.0,-2.9747018431514274,-2.5798698951933505,-5.012106975063245,-3.9371160101192624,-2.5663173111673294,0.0
2020-02-27,1.0,-3.008318264014467,-2.5609403254972873,-5.01012658227848,-3.953164556962025,-2.5506329113924053,0.0
2020-02-28,1.0,-2.656445763270689,-2.5217606330365974,-4.495878667985493,-3.5034619188921856,-2.3077810748433896,0.0
2020-03-02,1.0,-2.6921433267587114,-2.4669625246548326,-4.466305062458909,-3.5067389875082187,-2.30456936226167,0.0
2020-03-03,1.0,-2.457916602554239,-2.5130020003077393,-4.0203108170487765,-3.232805046930297,-2.162948145868595,0.0
2020-03-04,1.0,-2.3494566049288226,-2.6116638604010407,-4.107913669064748,-3.1653145568651464,-2.072554722179703,0.0
2020-03-05,1.0,-2.231293524966662,-2.7644095421543935,-3.836716550600089,-2.995703067121055,-1.9888872425544526,0.0
2020-03-06,1.0,-2.273418491484185,-3.0071472019464722,-3.9157542579075426,-3.0209854014598543,-1.989507299270073,0.0
2020-03-09,1.0,-2.233228746451516,-2.9487524279097563,-3.8676228895861344,-2.9645898700134468,-1.9267891827282233,0.0
2020-03-10,1.0,-2.042605346095483,-1.9805065950741216,-3.087545231703047,-2.3109606630092214,-1.2510797245243377,0.0
2020-03-11,1.0,-1.8267725341087004,-2.1423618877208677,-3.016886602549765,-2.1180943860433907,-1.0790650861104898,0.0
2020-03-12,1.0,-1.7945809703843731,-1.8772316740180635,-2.823881537492124,-2.031400966183575,-0.9747952110901071,0.0
2020-03-13,1.0,-1.6334142956280362,-1.4170714781401805,-2.306904927133935,-1.6846807772380292,-0.6324600971547537,0.0
2020-03-16,1.0,-1.452124128775307,-1.7239462329903752,-2.2421174908728845,-1.5817291735811483,-0.2973780285429804,0.0
2020-03-17,1.0,-1.2620380739081747,-1.272186450167973,-1.6217805151175813,-1.465075587905935,-0.37779955207166854,0.0
2020-03-18,1.0,-1.2149012689149759,-1.3041324557236886,-1.462102191762231,-1.4319739431363234,-0.37253172287439773,0.0
2020-03-19,1.0,-1.2063334655559963,-1.2109612587597514,-1.4142536030675656,-1.4096258098638106,-0.36995901097448103,0.0
2020-03-20,1.0,-1.2095459065296652,-1.249850845210474,-1.4068942658269803,-1.4125290023201855,-0.35028173682466024,0.0
2020-03-23,1.0,-1.1972420103261223,-1.3430494738905951,-1.2837723024638912,-1.3855957126985163,-0.32592641003855954,0.0
2020-03-24,1.0,-1.2336479224013632,-1.3811770874295453,-1.2212609778476866,-1.3753440817931577,-0.34244330842836546,0.0
2020-03-25,1.0,-1.1720666300567455,-1.3346146805784367,-1.0239794984440782,-1.2849472206968087,-0.2860455183354689,0.0
2020-03-26,1.0,-1.1711936662606577,-1.3323995127892814,-1.0163824604141292,-1.2813641900121802,-0.2887332521315469,0.0
2020-03-27,1.0,-1.1881905451910886,-1.316367807764294,-0.9665519531485842,-1.3067680975668658,-0.2596148040813862,0.0
2020-03-30,1.0,-1.179847474929442,-1.3124962469224764,-0.9729177925899236,-1.3058307812406171,-0.23383174202846335,0.0
2020-03-31,1.0,-1.1577780441035475,-1.340124640460211,-0.9663830297219559,-1.289729146692234,-0.23825503355704697,0.0
2020-04-01,1.0,-1.1620683464001438,-1.364354539469747,-0.939493686037465,-1.2910407564785447,-0.22778143515470703,0.0
2020-04-02,1.0,-1.1810527555346209,-1.2855628827131418,-0.9196891191709845,-1.3009891662741404,-0.20054168629298164,0.0
2020-04-03,1.0,-1.176678029857764,-1.2964617373927352,-0.9206535794051957,-1.2809451040319735,-0.20277418596449984,0.0
2020-04-06,1.0,-1.1772991372733141,-1.285932273020717,-0.9176594870590996,-1.281706672926815,-0.20629144902869886,0.0
2020-04-07,1.0,-1.1351643968317282,-1.2441164738731552,-0.8789104792295857,-1.2600717989629038,-0.18006724029859253,0.0
2020-04-08,1.0,-1.1328583642063266,-1.2455970361926476,-0.8725562838415504,-1.2599601025933316,-0.18865773724707893,0.0
2020-04-09,1.0,-1.1360960144927537,-1.2163156702898552,-0.8790194746376812,-1.2540760869565217,-0.17572463768115945,0.0
2020-04-13,1.0,-1.163402762055694,-1.1460833144668328,-0.9004414761150102,-1.262282091917591,-0.18768394838125424,0.0
2020-04-14,1.0,-1.1638945462774384,-1.1321000226295543,-0.9131590857660103,-1.2606924643584523,-0.18754243041412083,0.0
2020-04-15,1.0,-1.0617270901596025,-1.1151041116161082,-0.8136032131909946,-1.151886692738611,-0.14253250184969876,0.0
2020-04-16,1.0,-1.0748338782828815,-1.100516823119924,-0.8223288682628415,-1.154203143128362,-0.12187532960658157,0.0
2020-04-17,1.0,-1.0647967522539146,-1.1092950914746664,-0.8100912110507724,-1.1540043232983603,-0.13412769547108136,0.0
2020-04-20,1.0,-1.0968863600442547,-1.0632211158526947,-0.8412623149465254,-1.152310204941784,-0.11474632527264106,0.0
2020-04-21,1.0,-1.1048811277088153,-1.0751104565537555,-0.8392068167473175,-1.1448558804965283,-0.09578161161371765,0.0
2020-04-22,1.0,-1.100481978206203,-1.0844509639564124,-0.828059513830679,-1.1463746856663872,-0.07952640402347025,0.0
2020-04-23,1.0,-1.0957808333769017,-1.0890364406336592,-0.8236001463899201,-1.1444031996653945,-0.07539080880430805,0.0
2020-04-24,1.0,-1.0948969988497332,-1.0928578897835408,-0.8206629718707518,-1.1428422043291853,-0.07722472027606399,0.0
2020-04-27,1.0,-1.1112513807795488,-1.094892430698017,-0.8086371048340435,-1.1537004891904687,-0.09163116090684341,0.0
2020-04-28,1.0,-1.139891458980979,-1.0486853891142844,-0.822540702882133,-1.1736129406185785,-0.08430370409399864,0.0
2020-04-29,1.0,-1.10768901721741,-1.1141054432680997,-0.8019997861191317,-1.1854347128649343,-0.1378462196556518,0.0
2020-04-30,1.0,-1.1119127785794454,-1.1131954465287799,-0.8033242477686923,-1.1921329699107477,-0.12377745711079044,0.0
2020-05-01,1.0,-1.1197969543147208,-1.1090034731498797,-0.8019770237777184,-1.1958856532193427,-0.11659096981031257,0.0
2020-05-04,1.0,-1.1232023010546501,-1.1033876637903484,-0.8022264834345372,-1.2013422818791946,-0.09640992862469373,0.0
2020-05-05,1.0,-1.121704394141145,-1.1031691078561918,-0.7978695073235685,-1.202237017310253,-0.10125166444740345,0.0
2020-05-06,1.0,-1.1169584419730751,-1.1048262650987069,-0.7843345926674825,-1.2014579896770072,-0.11355291863991912,0.0
2020-05-07,1.0,-1.1870668485675306,-1.1202728512960436,-0.8358526603001365,-1.233724420190996,-0.0801637107776262,0.0
2020-05-08,1.0,-1.1855889246198288,-1.1144601297214805,-0.8382841881506513,-1.2317545102741594,-0.08044911974709762,0.0
2020-05-11,1.0,-1.189227421109902,-1.0942872687704026,-0.8450489662676823,-1.237431991294886,-0.07475516866158868,0.0
2020-05-12,1.0,-1.1928182807399348,-1.094450489662677,-0.850816104461371,-1.2362894450489663,-0.06632208922742111,0.0
2020-05-13,1.0,-1.1982524693368066,-1.0658851622707044,-0.8642678823401715,-1.24443720829263,-0.054271138608488007,0.0
2020-05-14,1.0,-1.2044567338972023,-1.0553567555844718,-0.8735090002168727,-1.2495120364346128,-0.03903708523096942,0.0
2020-05-15,1.0,-1.2249986449130035,-1.0624424088026452,-0.8813485825790016,-1.2474388855764542,-0.004227871429345764,0.0
2020-05-18,1.0,-1.2280597014925374,-1.0590502035278155,-0.8684396200814112,-1.2439620081411125,-0.02784260515603799,0.0
2020-05-19,1.0,-1.2388043537120268,-1.031190772729734,-0.8986841392754643,-1.2464395949531597,-0.0,0.0
2020-05-20,1.0,-1.2493899463152758,-1.01019467490917,-0.9128029933300797,-1.2503118052166369,-0.0,0.0
2020-05-21,1.0,-1.2592471536743477,-0.9761398921392384,-0.9486844255597319,-1.2634417388462167,-0.0,0.0
2020-05-22,1.0,-1.2672018348623852,-0.9698012232415901,-0.9527632153778942,-1.2711336828309305,-0.0,0.0
2020-05-26,1.0,-1.269380163028612,-0.9682695989933804,-0.9563433448219267,-1.2767109798129,-0.0,0.0
2020-05-27,1.0,-1.2703353208249002,-0.9648815710300311,-0.9599037251791477,-1.2750396586619988,-0.0,0.0
2020-05-28,1.0,-1.2874822034826414,-0.9378490855328003,-0.9745372905486802,-1.275982915343336,-0.0,0.0
2020-05-29,1.0,-1.2855655984661738,-0.9452752670501232,-0.9716789920569708,-1.275431388660641,-0.0,0.0
2020-06-01,1.0,-1.2862779482683033,-0.9416374397194214,-0.9758877685225777,-1.2762494519947392,-0.0,0.0
2020-06-02,1.0,-1.2851117440841369,-0.9407865907099037,-0.9762269938650306,-1.2755258545135846,-0.0,0.0
2020-06-03,1.0,-1.286812342154387,-0.9382343252443175,-0.9938508839354342,-1.2713846491709675,-0.0,0.0
2020-06-04,1.0,-1.30113165884626,-0.9053270770080044,-1.041126138559205,-1.2727021805133867,-0.0,0.0
2020-06-05,1.0,-1.3023332781730927,-0.9022008935958961,-1.0388879695515472,-1.2726019085443212,-0.0,0.0
2020-06-08,1.0,-1.3011504376066494,-0.8857819122584907,-1.052402708207189,-1.265151098144988,-0.0,0.0
2020-06-09,1.0,-1.3068619892058597,-0.8752615926864192,-1.0600837096596543,-1.264952087234277,-0.0,0.0
2020-06-10,1.0,-1.3023012552301256,-0.8771195771856419,-1.0613851574543052,-1.2645342435586875,-0.0,0.0
2020-06-11,1.0,-1.2967202289236188,-0.8868038740920097,-1.0471054369359454,-1.2723420647149462,-0.0,0.0
2020-06-12,1.0,-1.2829183429379145,-0.8157007719908667,-1.0899206262911818,-1.2480156572795476,-0.0,0.0
2020-06-15,1.0,-1.2880830705664892,-0.8030879634663477,-1.0970425138632163,-1.2483418506034576,-0.0,0.0
2020-06-16,1.0,-1.2903015484922575,-0.7969030154849226,-1.0941591958706873,-1.2518880738929639,-0.0,0.0
2020-06-17,1.0,-1.287721773099669,-0.7921979274049157,-1.0948402148554066,-1.2509359231729151,-0.0,0.0
2020-06-18,1.0,-1.330131103074141,-0.8607029837251357,-1.1277124773960217,-1.33250452079566,-0.0,0.0
2020-06-19,1.0,-1.3652408876624123,-0.8640910658847878,-1.1525813498907669,-1.3671955846843737,-0.0,0.0
2020-06-22,1.0,-1.3636938646426313,-0.8632051060893565,-1.1590477833362083,-1.364153872692772,-0.0,0.0
2020-06-23,1.0,-1.3618428620729324,-0.8583918095018982,-1.1600713217531349,-1.3714482917289774,-0.0,0.0
2020-06-24,1.0,-1.3598412972227014,-0.8555574722557645,-1.1622678396871944,-1.3724915186015756,-0.0,0.0
2020-06-25,1.0,-1.3593696077303579,-0.8384907396756011,-1.1823306108363052,-1.371620844357529,-0.0,0.0
2020-06-26,1.0,-1.3633642277358817,-0.8325945541419608,-1.1834091301594611,-1.3773530596971963,-0.0,0.0
2020-06-29,1.0,-1.358036739380023,-0.8229621125143513,-1.1884615384615385,-1.3710677382319174,-0.0,0.0
2020-06-30,1.0,-1.3608194181442588,-0.8143685086360245,-1.1914270958856945,-1.371664658288862,-0.0,0.0
2020-07-01,1.0,-1.3574746258386376,-0.8154137278513677,-1.1809736796834682,-1.380469063593096,-0.0,0.0
2020-07-02,1.0,-1.3566882632876553,-0.8173269881314145,-1.1811249354968176,-1.3784760048162374,-0.0,0.0
2020-07-06,1.0,-1.3581995412844037,-0.8180619266055046,-1.1791857798165137,-1.3784403669724772,-0.0,0.0
2020-07-07,1.0,-1.339788130766602,-0.8285112199567147,-1.153605194213464,-1.3734480009112655,-0.0,0.0
2020-07-08,1.0,-1.3409660514923674,-0.8245614035087719,-1.1592617908407383,-1.371326042378674,-0.0,0.0
2020-07-09,1.0,-1.3485730593607306,-0.8250000000000001,-1.162271689497717,-1.371917808219178,-0.0,0.0
2020-07-10,1.0,-1.3524374928644822,-0.8179015869391483,-1.1675990409864139,-1.370418997602466,-0.0,0.0
2020-07-13,1.0,-1.3623544188170815,-0.812514272664992,-1.16830326558575,-1.3658940397350992,-0.0,0.0
2020-07-14,1.0,-1.362184058880584,-0.8065841273463799,-1.165002567467336,-1.3717122154390369,-0.0,0.0
2020-07-15,1.0,-1.2614526338375711,-0.7655830919429246,-1.0965561635017702,-1.2405857740585775,-0.0,0.0
2020-07-16,1.0,-1.2549679487179486,-0.7704059829059828,-1.078258547008547,-1.2382478632478633,-0.0,0.0
2020-07-17,1.0,-1.2536460280997916,-0.7708210908702389,-1.0789037875954912,-1.2387948074149262,-0.0,0.0
2020-07-20,1.0,-1.2649095496269256,-0.7726125932685597,-1.0873369477696064,-1.2431155724944978,-0.0,0.0
2020-07-21,1.0,-1.2684722446128218,-0.7695738621097319,-1.0917835455962168,-1.2439679724864312,-0.0,0.0
2020-07-22,1.0,-1.2690202811460458,-0.7625281682583969,-1.0940015023071146,-1.2398326000643847,-0.0,0.0
2020-07-23,1.0,-1.273323301805675,-0.7651010318142735,-1.0963026655202064,-1.2393056749785039,-0.0,0.0
2020-07-24,1.0,-1.258156256707448,-0.7838591972526293,-1.0845675037561708,-1.239375402446877,-0.0,0.0
2020-07-27,1.0,-1.2588854289702565,-0.7844411038333511,-1.085364544185547,-1.240148179963492,-0.0,0.0
2020-07-28,1.0,-1.2608111737845822,-0.7829707225355895,-1.0844480257856566,-1.2437281762019876,-0.0,0.0
2020-07-29,1.0,-1.2741577894338398,-0.7862975179797761,-1.0939274320012977,-1.2530687287081597,-0.0,0.0
2020-07-30,1.0,-1.2736506564374088,-0.779026419579664,-1.0952509589929225,-1.2548489923820842,-0.0,0.0
2020-07-31,1.0,-1.2732379152038886,-0.779044018363489,-1.0952200918174453,-1.2535241695922223,-0.0,0.0
2020-08-03,1.0,-1.2706454226302997,-0.7817445314609776,-1.095976235484742,-1.2526600054010262,-0.0,0.0
2020-08-04,1.0,-1.2681531069481184,-0.7773038924580251,-1.093073476218755,-1.26021702747935,-0.0,0.0
2020-08-05,1.0,-1.27752056212212,-0.7843019772318754,-1.1074677270003812,-1.2776295005174574,-0.0,0.0
2020-08-06,1.0,-1.2777686807488673,-0.7964084929861908,-1.1038698760984662,-1.2801702963812018,-0.0,0.0
2020-08-07,1.0,-1.2773694602896006,-0.8135146994295743,-1.1149627029398859,-1.2790697674418603,-0.0,0.0
2020-08-10,1.0,-1.2709465020576132,-0.8221673525377229,-1.112866941015089,-1.281042524005487,-0.0,0.0
2020-08-11,1.0,-1.2714959420925642,-0.8161329238868172,-1.1171309497696864,-1.278898881333626,-0.0,0.0
2020-08-12,1.0,-1.27179459044275,-0.8164810446041587,-1.1180666044878478,-1.28002414001207,-0.0,0.0
2020-08-13,1.0,-1.2608529668411868,-0.8279886561954626,-1.099203752181501,-1.2657613438045374,-0.0,0.0
2020-08-14,1.0,-1.2623227917121047,-0.8260087241003272,-1.102453653217012,-1.2617775354416576,-0.0,0.0
2020-08-17,1.0,-1.2596122426750898,-0.8228951094652,-1.1028210434593182,-1.2607014486439385,-0.0,0.0
2020-08-18,1.0,-1.2585774970046835,-0.8216969828994662,-1.1001524888356387,-1.2656028755037578,-0.0,0.0
2020-08-19,1.0,-1.250202341768737,-0.83553661037069,-1.0693357794204932,-1.2407057680893543,-0.0,0.0
2020-08-20,1.0,-1.2496358241165364,-0.8371189641219315,-1.068626922039385,-1.2398165632587,-0.0,0.0
2020-08-21,1.0,-1.232513057993646,-0.8556351300414626,-1.0419471218566583,-1.2439287060470627,-0.010715631899197674,0.0
2020-08-24,1.0,-1.2301399354144242,-0.8594725511302476,-1.0363832077502693,-1.2421959095801938,-0.013939720129171152,0.0
2020-08-25,1.0,-1.2307568178150718,-0.8550911731482976,-1.043354311225862,-1.2394169221666398,-0.010327577860254962,0.0
2020-08-26,1.0,-1.215025077366343,-0.8499092946323764,-1.0481272009390674,-1.2225482872692348,-0.0,0.0
2020-08-27,1.0,-1.1982933333333332,-0.8644266666666667,-1.0401066666666667,-1.2208533333333333,-0.009653333333333333,0.0
2020-08-28,1.0,-1.2007460698108179,-0.8546229682920331,-1.042472688515854,-1.2187583266719957,-0.012416733280042632,0.0
2020-08-31,1.0,-1.1944104989107913,-0.8572870729504277,-1.030125923170926,-1.2128473513628395,-0.01854311673131077,0.0
2020-09-01,1.0,-1.195164718384697,-0.8570669500531349,-1.0320935175345376,-1.212221041445271,-0.01700318809776833,0.0
2020-09-02,1.0,-1.180442374854482,-0.8573923166472642,-1.0250291036088475,-1.2024552862736797,-0.026246163615197375,0.0
2020-09-03,1.0,-1.1894926384916853,-0.8663277195212372,-1.0331003071708507,-1.1987607244995233,-0.008314797161317658,0.0
2020-09-04,1.0,-1.1690785665421248,-0.8713887280955638,-1.0109982634320898,-1.201389254328264,-0.009472188601799715,0.0
2020-09-08,1.0,-1.155774677436274,-0.8641036399874122,-1.0076051610196162,-1.193957830693381,-0.02344487569495437,0.0
2020-09-09,1.0,-1.129944682183488,-0.8783008036739379,-0.9681661621960128,-1.1919423859722367,-0.05025571443481891,0.0
2020-09-10,1.0,-1.1134689218636504,-0.8685275500674484,-0.9560029054685069,-1.1852755006744837,-0.06506174120576944,0.0
2020-09-11,1.0,-1.1062661833247023,-0.8713102019678923,-0.9532884515794925,-1.1813568099430347,-0.06644225789746246,0.0
2020-09-14,1.0,-1.1077735770884043,-0.870267750789787,-0.9537521363094928,-1.180330415868248,-0.06680822414418147,0.0
2020-09-15,1.0,-1.1068413693096482,-0.8698534362214511,-0.9512144595784349,-1.18090009839971,-0.07012274069086954,0.0
2020-09-16,1.0,-1.1100165906262962,-0.8540543343011198,-0.9541165491497304,-1.184052260472833,-0.08233098299460805,0.0
2020-09-17,1.0,-1.104313562836997,-0.8575279966818747,-0.9504355039402739,-1.1828598092077975,-0.08938199917046868,0.0
2020-09-18,1.0,-1.114440282979609,-0.8582501040366209,-0.9560445276737413,-1.1896067415730338,-0.08354140657511445,0.0
2020-09-21,1.0,-1.1093424885559717,-0.8636600083229298,-0.9635871826883062,-1.1835726175613817,-0.08166874739908447,0.0
2020-09-22,1.0,-1.1273324298967997,-0.8350359637235484,-0.9897842176587095,-1.1832065047430418,-0.07677473157510685,0.0
2020-09-23,1.0,-1.1233847436431847,-0.8302417674030846,-0.9926010837849104,-1.1814297624010004,-0.08284701959149646,0.0
2020-09-24,1.0,-1.114765170407315,-0.8178512053200332,-0.9833229426433914,-1.1834995843724023,-0.09590606816292602,0.0
2020-09-25,1.0,-1.1115208809474342,-0.8232391439850405,-0.9794826511531269,-1.1794099314356952,-0.10061292333264076,0.0
2020-09-28,1.0,-1.1082174725046692,-0.8230442000415025,-0.9755654700145259,-1.1785640174310024,-0.1024071384104586,0.0
2020-09-29,1.0,-1.109062661833247,-0.8210771620921802,-0.9662868979803212,-1.1758674262040394,-0.10636975660279648,0.0
2020-09-30,1.0,-1.1104373963515755,-0.8215174129353234,-0.9710820895522388,-1.1746994195688227,-0.1046849087893864,0.0
2020-10-01,1.0,-1.1101787101787102,-0.8191660191660192,-0.9702667702667703,-1.1738409738409739,-0.10650090650090649,0.0
2020-10-02,1.0,-1.1153087701089777,-0.8258951738453555,-0.9743642968344577,-1.1737934613388687,-0.09994810586403735,0.0
2020-10-05,1.0,-1.1015341556960714,-0.8367886389551157,-0.9599875608997616,-1.1733699595729243,-0.11127811754949725,0.0
2020-10-06,1.0,-1.0885174868461778,-0.8359125141854946,-0.9433096048694934,-1.1661508304962342,-0.12447126792530691,0.0
2020-10-07,1.0,-1.08233293832758,-0.8440929465711783,-0.9379669225616981,-1.161265392343758,-0.12659075686537175,0.0
2020-10-08,1.0,-1.0853696257346117,-0.8440560882565211,-0.9432415712960098,-1.1610990823796268,-0.12130116506856375,0.0
2020-10-09,1.0,-1.0932330052053807,-0.8466731948667732,-0.949028500747307,-1.1616244910580837,-0.10328299747461732,0.0
2020-10-12,1.0,-1.0907779495105616,-0.8461617722823287,-0.9483771251931994,-1.160844925296239,-0.10582174137042762,0.0
2020-10-13,1.0,-1.0729957152444376,-0.8610293738062051,-0.950802746373445,-1.1604976511279748,-0.11703061277166898,0.0
2020-10-14,1.0,-1.0275654618077814,-0.8322895606292224,-0.918536416983086,-1.0758420040435919,-0.07702549435376498,0.0
2020-10-15,1.0,-1.022820247424713,-0.8286263492532899,-0.9195623244122432,-1.072945931292819,-0.08482428902360886,0.0
2020-10-16,1.0,-1.016774891774892,-0.8375639512003149,-0.9055489964580874,-1.0661157024793388,-0.09327036599763873,0.0
2020-10-19,1.0,-1.0132515337423313,-0.8344049079754602,-0.8901104294478528,-1.0628711656441718,-0.10738650306748466,0.0
2020-10-20,1.0,-1.0109922465403869,-0.834282068897831,-0.8924820885268427,-1.057022278928256,-0.11252330945136912,0.0
2020-10-21,1.0,-1.0096630205523127,-0.8315102761563742,-0.8940501299847942,-1.0564575464756953,-0.11340560160886841,0.0
2020-10-22,1.0,-1.0183818064707921,-0.8441262448595351,-0.9120051528514096,-1.0674825348065202,-0.11271862458504682,0.0
2020-10-23,1.0,-1.0195204122076893,-0.8429944510503369,-0.9124554102259216,-1.067627824019025,-0.11182124455013873,0.0
2020-10-26,1.0,-1.0183827172728173,-0.8401050440987018,-0.9125458329204241,-1.0670399365771481,-0.11688633435734813,0.0
2020-10-27,1.0,-1.0171278649571804,-0.8394633929013415,-0.9207464976981338,-1.065590812336023,-0.10732141973169645,0.0
2020-10-28,1.0,-1.0083791957955277,-0.8388616193167733,-0.9238435222370964,-1.0684218354901085,-0.11859784818285488,0.0
