Date,ESI,IWF,IWM,MTUM,SPY,VLUE,VXX
2018-09-24,1.0,-0.39888947249943724,-0.8790800630299392,-0.048172882119006534,-0.704547159900953,-0.7210925189464996,0.0
2018-09-25,1.0,-0.3994223772551667,-0.8782491279396871,-0.049247965192603424,-0.7037995574059487,-0.7200405086080792,0.0
2018-09-26,1.0,-0.3994449028580001,-0.8783662140874653,-0.04932113119795964,-0.7037731603030529,-0.719750956417373,0.0
2018-09-27,1.0,-0.40029237574031035,-0.875103081190494,-0.050266136891820974,-0.7033885598620586,-0.7193192893020466,0.0
2018-09-28,1.0,-0.39892799580194155,-0.8760823119307319,-0.05090145807564001,-0.7031372989992128,-0.7192173619700888,0.0
2018-10-01,1.0,-0.4011329106801216,-0.8750046891998351,-0.050643358217353794,-0.7048805191882058,-0.7197359042652962,0.0
2018-10-02,1.0,-0.4053149902270335,-0.8519771462937904,-0.05965268380694632,-0.7133513757329725,-0.728574650428507,0.0
2018-10-03,1.0,-0.40942261882255077,-0.8717056755019473,-0.06204862555299279,-0.7135024766514161,-0.7244678035315915,0.0
2018-10-04,1.0,-0.40981437374768437,-0.8706665154436505,-0.06264413443726136,-0.7136214131790858,-0.7238289667687421,0.0
2018-10-05,1.0,-0.39956298975286314,-0.8659584086799277,-0.05074593128390596,-0.7196353224834237,-0.7313893911995177,0.0
2018-10-08,1.0,-0.3975627186218829,-0.8626772482792343,-0.04645127317862113,-0.7234738782111558,-0.731109188701245,0.0
2018-10-09,1.0,-0.39875084656482807,-0.8631198735796523,-0.048724508992399725,-0.7225148619158702,-0.7294002558507036,0.0
2018-10-10,1.0,-0.4002738475581926,-0.8810284497185457,-0.04149551194279629,-0.7317434961204929,-0.7488970028906131,0.0
2018-10-11,1.0,-0.36815827713402133,-0.8765974887290883,-0.0,-0.723611162860017,-0.7575543053019859,0.0
2018-10-12,1.0,-0.3794260843906757,-0.8720492770728828,-0.0,-0.7030466214222484,-0.7338447919740335,0.0
2018-10-15,1.0,-0.3593244038857816,-0.8886517515454813,-0.0,-0.6982631733882838,-0.7335148660582866,0.0
2018-10-16,1.0,-0.3600397467981746,-0.8878257029294863,-0.0,-0.6985867805093477,-0.7338068600029442,0.0
2018-10-17,1.0,-0.3451195581074206,-0.8601642561232649,-0.0,-0.6924558470819101,-0.7362453666690894,0.0
2018-10-18,1.0,-0.34590485888856565,-0.8627800407331976,-0.0,-0.6914823974396276,-0.7367253418679081,0.0
2018-10-19,1.0,-0.3316350496838302,-0.853297199638663,-0.0,-0.6921409214092141,-0.7362962962962963,0.0
2018-10-22,1.0,-0.331525864873658,-0.8422080034703394,-0.0,-0.6988757546180819,-0.7423634457578715,0.0
2018-10-23,1.0,-0.32963137141410126,-0.8429258763520602,-0.0,-0.7011539992041385,-0.74384111710017,0.0
2018-10-24,1.0,-0.32764727141308275,-0.8391398626671486,-0.0,-0.7015540296349837,-0.745681243223708,0.0
2018-10-25,1.0,-0.32042809941100414,-0.8312383278264616,-0.0,-0.6998994397356701,-0.7399080591868984,0.0
2018-10-26,1.0,-0.32988422575976845,-0.8394717800289436,-0.0,-0.7022431259044862,-0.7463820549927642,0.0
2018-10-29,1.0,-0.30203934307886665,-0.8565601876917524,-0.0,-0.6920772423750224,-0.7587800036094567,0.0
2018-10-30,1.0,-0.32084844089920234,-0.8610224800580131,-0.0,-0.6957577955039884,-0.748223350253807,0.0
2018-10-31,1.0,-0.3249369369369369,-0.8418738738738738,-0.0,-0.6935135135135135,-0.7433153153153153,0.0
2018-11-01,1.0,-0.3314203212416531,-0.8385129038079768,-0.0,-0.6951452806352644,-0.7444143656379715,0.0
2018-11-02,1.0,-0.3372594082160299,-0.8098606722206263,-0.0,-0.7041080149382362,-0.7396940534329216,0.0
2018-11-05,1.0,-0.3336085582998277,-0.8199669730040208,-0.0,-0.7048391728891442,-0.731476163124641,0.0
2018-11-06,1.0,-0.3363600473746546,-0.821770807163622,-0.0,-0.7026522628575531,-0.7282058644079963,0.0
2018-11-07,1.0,-0.3357124923783222,-0.8218141386607367,-0.0,-0.7013736953480865,-0.7277716007316811,0.0
2018-11-08,1.0,-0.3091245683363595,-0.8238456335220193,-0.0,-0.6927266901634093,-0.7344156075331981,0.0
2018-11-09,1.0,-0.30777453146155487,-0.8248414451649683,-0.0,-0.695610347039122,-0.7348393073469678,0.0
2018-11-12,1.0,-0.3069384276684895,-0.812690860024146,-0.0,-0.6990980754207798,-0.7321568070449543,0.0
2018-11-13,1.0,-0.2954722320481075,-0.8116731517509728,-0.0,-0.6990449239476476,-0.7310930314821366,0.0
2018-11-14,1.0,-0.29708785959449424,-0.8109408725805881,-0.0,-0.699656770814904,-0.7307597041859808,0.0
2018-11-15,1.0,-0.2962112108574256,-0.8110906906057821,-0.0,-0.700784618647063,-0.7262670530854598,0.0
2018-11-16,1.0,-0.3032684407929988,-0.8303982854081087,-0.0,-0.7110198249687445,-0.7274156099303447,0.0
2018-11-19,1.0,-0.2985352576728862,-0.8349031264548938,-0.0,-0.716828421014934,-0.7310102782652295,0.0
2018-11-20,1.0,-0.27169690273372066,-0.8292761164771715,-0.0,-0.7191075310974089,-0.7440923833624408,0.0
2018-11-21,1.0,-0.27178886878791103,-0.825972828207584,-0.0,-0.7167535738356213,-0.7327515873860452,0.0
2018-11-23,1.0,-0.27161984586426113,-0.8311965053095145,-0.0,-0.7156657314344568,-0.732997123273076,0.0
2018-11-26,1.0,-0.27072902240687474,-0.8365469976208231,-0.0,-0.7132914314122367,-0.7304073008770995,0.0
2018-11-27,1.0,-0.2651638474060443,-0.8373204048411069,-0.0,-0.7095335834100078,-0.7268030292306604,0.0
2018-11-28,1.0,-0.26422375641706497,-0.8433351035581519,-0.0,-0.7073110285006197,-0.7255797486280758,0.0
2018-11-29,1.0,-0.25211059518784296,-0.8357253412128888,-0.0,-0.7038131419727031,-0.7260095680315183,0.0
2018-11-30,1.0,-0.2515568377722267,-0.8360130879921192,-0.0,-0.7038665869190445,-0.7268761214509377,0.0
2018-12-03,1.0,-0.2525971053280276,-0.8364615980561326,-0.0,-0.7047223298235729,-0.7277529316477093,0.0
2018-12-04,1.0,-0.24808435852372587,-0.8379964850615116,-0.0,-0.7023198594024604,-0.7265377855887523,0.0
2018-12-06,1.0,-0.24185213257079857,-0.7944945910562944,-0.0,-0.7015089919382622,-0.7073313580927444,0.0
2018-12-07,1.0,-0.2400330794941594,-0.7950794252437889,-0.0,-0.7020088901140553,-0.7086592467523517,0.0
2018-12-10,1.0,-0.22112030640859034,-0.7981328226523493,-0.0,-0.7023801381574447,-0.6981054647424936,0.0
2018-12-11,1.0,-0.22224122012105463,-0.7976951749136545,-0.0,-0.7024245118489895,-0.697260882946346,0.0
2018-12-12,1.0,-0.2236738602551387,-0.79746229351209,-0.0,-0.702999418584767,-0.6959540339956908,0.0
2018-12-13,1.0,-0.22379080499059992,-0.7956588617330371,-0.0,-0.7038454964963256,-0.6949239446248505,0.0
2018-12-14,1.0,-0.2246641829305807,-0.7944765355299587,-0.0,-0.7040708206583041,-0.6947739002631849,0.0
2018-12-17,1.0,-0.21154304793703793,-0.7943851998228341,-0.0,-0.69411604374638,-0.7069605805594358,0.0
2018-12-18,1.0,-0.20696923338432768,-0.7922148563657997,-0.0,-0.693149753527112,-0.7072921978582356,0.0
2018-12-19,1.0,-0.21022031823745413,-0.7913776689786481,-0.0,-0.6916904664762682,-0.7066843465252278,0.0
2018-12-20,1.0,-0.21036564683535713,-0.7859711010107862,-0.0,-0.6917441150532528,-0.7038192795604097,0.0
2018-12-21,1.0,-0.20648539098125318,-0.786961661881439,-0.0,-0.6941057253842257,-0.6902550244891066,0.0
2018-12-24,1.0,-0.19251965857920558,-0.7729686134820888,-0.0,-0.6910746689965723,-0.7038779487868808,0.0
2018-12-26,1.0,-0.1905512339055794,-0.7742422210300429,-0.0,-0.6869299892703863,-0.7013143776824035,0.0
2018-12-27,1.0,-0.1787737091675448,-0.7561907270811381,-0.0,-0.6572378819810326,-0.7007376185458377,0.0
2018-12-28,1.0,-0.1787348941354671,-0.7562975402548651,-0.0,-0.6571503836148704,-0.7006157594915867,0.0
2018-12-31,1.0,-0.1796568869570944,-0.7550462642826566,-0.0,-0.6572491685600448,-0.7009121143271099,0.0
2019-01-02,1.0,-0.17836574851087636,-0.7547635502023893,-0.0,-0.6563991180439004,-0.7013854608878797,0.0
2019-01-03,1.0,-0.17085079009006038,-0.7592781974730314,-0.0,-0.6531851021014087,-0.7155675782667502,0.0
2019-01-04,1.0,-0.16953738533623705,-0.7598825315119119,-0.0,-0.654226885765195,-0.7160628258430675,0.0
2019-01-07,1.0,-0.1661249548573492,-0.7534718802324436,-0.0,-0.6521881873994549,-0.7113168521619225,0.0
2019-01-08,1.0,-0.16627273324141553,-0.7530693979384151,-0.0,-0.6522552688595628,-0.7111811437200446,0.0
2019-01-09,1.0,-0.16548579675916814,-0.7490651446565636,-0.0,-0.6522010102998097,-0.7134422357803581,0.0
2019-01-10,1.0,-0.16438401156107332,-0.752225178178474,-0.0,-0.6520511051991986,-0.7157026964889808,0.0
2019-01-11,1.0,-0.16955221919248334,-0.7310686947665824,-0.0,-0.6537008443115739,-0.7309372844048753,0.0
2019-01-14,1.0,-0.17546971488634872,-0.7298318223623703,-0.0,-0.6545788989620287,-0.7248718959400867,0.0
2019-01-15,1.0,-0.17470097861544037,-0.7342251804013312,-0.0,-0.6553757949191077,-0.7307324788296155,0.0
2019-01-16,1.0,-0.1444183197006325,-0.745372056826837,-0.0,-0.6495347219922509,-0.7722621452462164,0.0
2019-01-17,1.0,-0.13177384098398096,-0.7522429937033049,-0.0,-0.6307461420508303,-0.7477733189781736,0.0
2019-01-18,1.0,-0.13424666513716366,-0.746452099242896,-0.0,-0.634131952410606,-0.7626429812198879,0.0
2019-01-22,1.0,-0.0,-0.8032640063687928,-0.0,-0.685441337446512,-0.8283742992669254,0.0
2019-01-23,1.0,-0.0,-0.7785897820936364,-0.0,-0.6892581840024027,-0.8691560716788468,0.0
2019-01-24,1.0,-0.0,-0.7812030326308406,-0.0,-0.6879863732006279,-0.8707458000734778,0.0
2019-01-25,1.0,-0.0,-0.7525874315091661,-0.0,-0.7093959277548536,-0.9202462287762971,0.0
2019-01-28,1.0,-0.0,-0.7373802349595422,-0.0,-0.7313538951146019,-0.9168500524765547,0.0
2019-01-29,1.0,-0.0,-0.7208261267677281,-0.0,-0.7337809882321022,-0.9367178756740259,0.0
2019-01-30,1.0,-0.0,-0.7204136995591726,-0.0,-0.7317056629365887,-0.9388606307222788,0.0
2019-01-31,1.0,-0.0,-0.7245330350181363,-0.0,-0.7100579680667142,-0.9553205193396387,0.0
2019-02-01,1.0,-0.0,-0.7231985344008685,-0.0,-0.7210612023341023,-0.948330845433573,0.0
2019-02-04,1.0,-0.0,-0.719206609313123,-0.0,-0.7168168783285538,-0.9778779188857024,0.0
2019-02-05,1.0,-0.0,-0.7161092150170649,-0.0,-0.7077474402730376,-0.989146757679181,0.0
2019-02-06,1.0,-0.0,-0.7101488867641033,-0.0,-0.7038314437918317,-1.0008537085097666,0.0
2019-02-07,1.0,-0.0,-0.7110321985864035,-0.0,-0.702222829241643,-1.0011950694847542,0.0
2019-02-08,1.0,-0.0,-0.7021750299708854,-0.0,-0.7086487412228121,-1.0144545298852543,0.0
2019-02-11,1.0,-0.0,-0.6938102921487178,-0.0,-0.7218579422568575,-1.017336674791445,0.0
2019-02-12,1.0,-0.0,-0.6885392332004947,-0.0,-0.7419953277449498,-1.0049127387659749,0.0
2019-02-13,1.0,-0.0,-0.6894069249228659,-0.0,-0.7420980459376071,-0.9966746657524853,0.0
2019-02-14,1.0,-0.0,-0.6626021845160404,-0.0,-0.7708319021776465,-1.0013739094593668,0.0
2019-02-15,1.0,-0.0,-0.6221611406974746,-0.0,-0.7929221783198764,-1.0207524480329841,0.0
2019-02-19,1.0,-0.0,-0.6135841814879545,-0.0,-0.7964428909221754,-1.0168602858024056,0.0
2019-02-20,1.0,-0.0,-0.6254414537973597,-0.0,-0.794479684553403,-1.008811932110406,0.0
2019-02-21,1.0,-0.0,-0.6549027677744624,-0.0,-0.7855060534348527,-0.9892993106286655,0.0
2019-02-22,1.0,-0.0,-0.646667580910587,-0.0,-0.7947065277015908,-0.9870405924300604,0.0
2019-02-25,1.0,-0.0,-0.6389433494995357,-0.0,-0.8037698207959275,-0.9969043442369208,0.0
2019-02-26,1.0,-0.0,-0.6397729227593325,-0.0,-0.7995527266471701,-1.0012386031309133,0.0
2019-02-27,1.0,-0.0,-0.629124278251306,-0.0,-0.7976354138025846,-1.0101044817156997,0.0
2019-02-28,1.0,-0.0,-0.6484928006629606,-0.0,-0.8195849590829046,-0.9848762128379545,0.0
2019-03-01,1.0,-0.0,-0.6519011605618095,-0.0,-0.8115568257066184,-1.021712612832398,0.0
2019-03-04,1.0,-0.0,-0.6449545438712598,-0.0,-0.8111741962450799,-1.027064683548713,0.0
2019-03-05,1.0,-0.0,-0.6199381327334083,-0.0,-0.8692350956130483,-1.0259772215973004,0.0
2019-03-06,1.0,-0.0,-0.6194478635484438,-0.0,-0.8664322138209953,-1.0308774397749254,0.0
2019-03-07,1.0,-0.0,-0.6227534400449312,-0.0,-0.8647851727042964,-1.0227113170457736,0.0
2019-03-08,1.0,-0.0,-0.6164734808570425,-0.0,-0.8658236740428521,-1.0301721109940287,0.0
2019-03-11,1.0,-0.0,-0.6127844830637454,-0.0,-0.86684599865501,-1.059816656638233,0.0
2019-03-12,1.0,-0.0,-0.5743320474353479,-0.0,-0.8850192884697814,-1.11262323189027,0.0
2019-03-13,1.0,-0.0,-0.5858690971723841,-0.0,-0.8947897229797618,-1.107686235108368,0.0
2019-03-14,1.0,-0.0,-0.5953792533505803,-0.0,-0.889116452876289,-1.108619884301678,0.0
2019-03-15,1.0,-0.0,-0.5969169387014871,-0.0,-0.8892636924192964,-1.1409503083061299,0.0
2019-03-18,1.0,-0.0,-0.6159552696974127,-0.0,-0.8983335769624324,-1.1401476392340302,0.0
2019-03-19,1.0,-0.0,-0.6155424467812259,-0.0,-0.8966401641446524,-1.1517605246766571,0.0
2019-03-20,1.0,-0.0,-0.6251055549436428,-0.0,-0.8907735800565407,-1.1555604508572899,0.0
2019-03-21,1.0,-0.0,-0.6169987977704106,-0.0,-0.8806513898502677,-1.145469780319866,0.0
2019-03-22,1.0,-0.0,-0.6159385852677756,-0.0,-0.8991043684883933,-1.1405958691281302,0.0
2019-03-25,1.0,-0.0,-0.5684302262246269,-0.0,-0.9220378372489921,-1.1407458513381021,0.0
2019-03-26,1.0,-0.0,-0.5723717808419055,-0.0,-0.9148610199168309,-1.16053841103086,0.0
2019-03-27,1.0,-0.0,-0.5650173452620048,-0.0,-0.9296695271133832,-1.1569472338871645,0.0
2019-03-28,1.0,-0.0,-0.5588633288227334,-0.0,-0.9273671506418463,-1.1709761182020992,0.0
2019-03-29,1.0,-0.0,-0.5783955578285965,-0.0,-0.9160517279170015,-1.1586541974136042,0.0
2019-04-01,1.0,-0.0,-0.5844728877219852,-0.0,-0.9166393173613391,-1.145461838602633,0.0
2019-04-02,1.0,-0.0,-0.5972404252220767,-0.0,-0.9337410805300713,-1.1096548711227612,0.0
2019-04-03,1.0,-0.0,-0.5933606944393999,-0.0,-0.9383285511931138,-1.1003159844550174,0.0
2019-04-04,1.0,-0.0,-0.5913353202006252,-0.0,-0.9375227157083668,-1.1056553027549612,0.0
2019-04-05,1.0,-0.0,-0.587010520163647,-0.0,-0.9363676212741088,-1.129456458211572,0.0
2019-04-08,1.0,-0.0,-0.5816993464052288,-0.0,-0.9405192244495563,-1.1291488662504108,0.0
2019-04-09,1.0,-0.0,-0.5741005087661505,-0.0,-0.9665092785769189,-1.119578346327001,0.0
2019-04-10,1.0,-0.0,-0.5679774870258022,-0.0,-0.986148673342592,-1.1005774431693591,0.0
2019-04-11,1.0,-0.0,-0.5542965751672211,-0.0,-1.0150224788917723,-1.0858218502138237,0.0
2019-04-12,1.0,-0.0,-0.5554296160877513,-0.0,-1.016636197440585,-1.0842413162705666,0.0
2019-04-15,1.0,-0.0,-0.5547912626687643,-0.0,-1.0190260144158647,-1.085031649043211,0.0
2019-04-16,1.0,-0.0,-0.5544579811948925,-0.0,-1.019134379687557,-1.0850254271393553,0.0
2019-04-17,1.0,-0.0,-0.5213249303825297,-0.0,-1.0285798036054523,-1.1142092921002493,0.0
2019-04-18,1.0,-0.0,-0.5109571973028437,-0.0,-1.016893872764585,-1.136763412489006,0.0
2019-04-22,1.0,-0.0,-0.5032912881991689,-0.0,-1.0270290148199903,-1.1470966792924648,0.0
2019-04-23,1.0,-0.0,-0.5015277010859562,-0.0,-1.020099392600773,-1.1595803423522915,0.0
2019-04-24,1.0,-0.0,-0.4878640776699029,-0.0,-1.017872903795234,-1.1718152397764048,0.0
2019-04-25,1.0,-0.0,-0.48413341186864967,-0.0,-1.0254380798115152,-1.1717714622294215,0.0
2019-04-26,1.0,-0.0,-0.4897170817850705,-0.0,-1.015010485265443,-1.1743129391854603,0.0
2019-04-29,1.0,-0.0,-0.4910757001435248,-0.0,-1.016082140359916,-1.173002612887793,0.0
2019-04-30,1.0,-0.0,-0.4958379373848986,-0.0,-1.0136279926335174,-1.1737753222836096,0.0
2019-05-01,1.0,-0.0,-0.5025843609244628,-0.0,-1.033818208668685,-1.1555416082108838,0.0
2019-05-02,1.0,-0.0,-0.49746961693324965,-0.0,-1.0234198958294856,-1.1731373056037826,0.0
2019-05-03,1.0,-0.0,-0.514480408858603,-0.0,-1.0188504555218134,-1.170098511221391,0.0
2019-05-06,1.0,-0.0,-0.4795544536135884,-0.0,-1.0323798245938645,-1.1885800984346666,0.0
2019-05-07,1.0,-0.0,-0.4777423894526332,-0.0,-1.0334419672616844,-1.1922450188874898,0.0
2019-05-08,1.0,-0.0,-0.488839697472791,-0.0,-1.0231322634200333,-1.1773473528869212,0.0
2019-05-09,1.0,-0.0,-0.4848361565204527,-0.0,-1.0477476144685256,-1.1659146386567054,0.0
2019-05-10,1.0,-0.0,-0.4845997411721205,-0.0,-1.050730264374191,-1.162248105010168,0.0
2019-05-13,1.0,-0.0,-0.48302640337253167,-0.0,-1.0505140152355594,-1.1643739368389912,0.0
2019-05-14,1.0,-0.0,-0.43848441458310383,-0.0,-1.0667107243822742,-1.1662811616551014,0.0
2019-05-15,1.0,-0.0,-0.43844317973196256,-0.0,-1.0657242518817698,-1.1675784835689371,0.0
2019-05-16,1.0,-0.0,-0.4447820198396721,-0.0,-1.0563710238295692,-1.1593030491599254,0.0
2019-05-17,1.0,-0.0,-0.43610317285850364,-0.0,-1.0482523631567375,-1.1794533597127572,0.0
2019-05-20,1.0,-0.0,-0.451384796700059,-0.0,-1.0491676487919859,-1.1824175014731881,0.0
2019-05-21,1.0,-0.0,-0.45601009726037567,-0.0,-1.0639988120870145,-1.1922191699458013,0.0
2019-05-22,1.0,-0.0,-0.45312441985668134,-0.0,-1.066869639475736,-1.1929231797423236,0.0
2019-05-23,1.0,-0.0,-0.4257655599366179,-0.0,-1.041382614143052,-1.2178575376791834,0.0
2019-05-24,1.0,-0.0,-0.41436138905238373,-0.0,-1.0407224838140081,-1.2235506180105944,0.0
2019-05-28,1.0,-0.0,-0.3914117213416882,-0.0,-1.0611500184297824,-1.233394765941762,0.0
2019-05-29,1.0,-0.0,-0.40561064621963355,-0.0,-1.0741327828362883,-1.2065838463523426,0.0
2019-05-30,1.0,-0.0,-0.40217391304347827,-0.0,-1.070928518791452,-1.2114959469417834,0.0
2019-05-31,1.0,-0.0,-0.42665112382062587,-0.0,-1.052457105387782,-1.1637463116097777,0.0
2019-06-03,1.0,-0.0,-0.43155334519185395,-0.0,-1.060224343848695,-1.1383816749555304,0.0
2019-06-04,1.0,-0.0,-0.4065698729582577,-0.0,-1.0306352087114337,-1.1925589836660617,0.0
2019-06-05,1.0,-0.0,-0.40287951502904773,-0.0,-1.0398729837982175,-1.1656623245408293,0.0
2019-06-06,1.0,-0.0,-0.40886948363583875,-0.0,-1.0388265434994406,-1.160718796232815,0.0
2019-06-07,1.0,-0.0,-0.4179766368618402,-0.0,-1.0318358811652726,-1.1555739832708394,0.0
2019-06-10,1.0,-0.0,-0.42421734436847786,-0.0,-1.014717524289313,-1.1594458438287154,0.0
2019-06-11,1.0,-0.0,-0.4237257587773052,-0.0,-1.0220964602407903,-1.1588205608824165,0.0
2019-06-12,1.0,-0.0,-0.4102452946064087,-0.0,-1.0257938658285466,-1.1765109641992704,0.0
2019-06-13,1.0,-0.0,-0.4215399081407544,-0.0,-1.0234711222017288,-1.1714947018191024,0.0
2019-06-14,1.0,-0.0,-0.42194884375338215,-0.0,-1.0350301237418378,-1.1506547855261735,0.0
2019-06-17,1.0,-0.0,-0.43442091616248923,-0.0,-0.9977672140593489,-1.1690795159896283,0.0
2019-06-18,1.0,-0.0,-0.43720997158171154,-0.0,-0.9898917227238389,-1.1701500053958775,0.0
2019-06-19,1.0,-0.0,-0.42162705536009193,-0.0,-1.000682128240109,-1.1678394485531702,0.0
2019-06-20,1.0,-0.0,-0.428612488323633,-0.0,-0.9962276352662212,-1.1678881942947477,0.0
2019-06-21,1.0,-0.0,-0.4404594721111951,-0.0,-0.9794389831118794,-1.1809801591588347,0.0
2019-06-24,1.0,-0.0,-0.45259513100592563,-0.0,-0.9710501891911187,-1.1459984293567502,0.0
2019-06-25,1.0,-0.0,-0.458581676719369,-0.0,-0.9665227167279347,-1.1439023519754452,0.0
2019-06-26,1.0,-0.0,-0.4555940434953398,-0.0,-0.9435417633824947,-1.1719101524836626,0.0
2019-06-27,1.0,-0.0,-0.4542140253055973,-0.0,-0.9516405747372936,-1.1683823003788694,0.0
2019-06-28,1.0,-0.0,-0.442562749572162,-0.0,-0.9555048488305762,-1.167249001711352,0.0
2019-07-01,1.0,-0.0,-0.44120266467172525,-0.0,-0.961205514588009,-1.1599871753767232,0.0
2019-07-02,1.0,-0.0,-0.436829242375943,-0.0,-0.9452768037403039,-1.1598484043495199,0.0
2019-07-03,1.0,-0.0,-0.4442595084637722,-0.0,-0.9331751540477371,-1.1638926269565832,0.0
2019-07-05,1.0,-0.0,-0.4298810703666997,-0.0,-0.9407475576950305,-1.1689791873141724,0.0
2019-07-08,1.0,-0.0,-0.4212661212037166,-0.0,-0.9174178338649287,-1.1282415753709611,0.0
2019-07-09,1.0,-0.0,-0.4262568666991169,-0.0,-0.9217022460190529,-1.128850566719978,0.0
2019-07-10,1.0,-0.0,-0.4484530712871974,-0.0,-0.8963158443001493,-1.127608597520747,0.0
2019-07-11,1.0,-0.0,-0.4578677031998334,-0.0,-0.8794336086624558,-1.1332338446588464,0.0
2019-07-12,1.0,-0.0,-0.45899705014749254,-0.0,-0.876904390074614,-1.1345132743362831,0.0
2019-07-15,1.0,-0.0,-0.48766952238909506,-0.0,-0.8720474489265027,-1.1087718081232008,0.0
2019-07-16,1.0,-0.0,-0.4871234207968902,-0.0,-0.8866444536998473,-1.09704289879217,0.0
2019-07-17,1.0,-0.0,-0.4999826394916843,-0.0,-0.8800041665219959,-1.0921148571230166,0.0
2019-07-18,1.0,-0.0,-0.5001734906315058,-0.0,-0.8761276891047883,-1.0935114503816792,0.0
2019-07-19,1.0,-0.0,-0.5058375194872683,-0.0,-0.8652693573531959,-1.093296379698597,0.0
2019-07-22,1.0,-0.0,-0.5143361117836268,-0.0,-0.8523155673918307,-1.0920001383460727,0.0
2019-07-23,1.0,-0.0,-0.5211637469334163,-0.0,-0.8485539545972841,-1.0855879202515464,0.0
2019-07-24,1.0,-0.0,-0.5204321115482847,-0.0,-0.8431352246841997,-1.0878028577345207,0.0
2019-07-25,1.0,-0.0,-0.5177339221639525,-0.0,-0.8452249516974883,-1.087186033673751,0.0
2019-07-26,1.0,-0.0,-0.5112421546313538,-0.0,-0.8440926960480032,-1.0931788399199944,0.0
2019-07-29,1.0,-0.0,-0.5114141101125916,-0.0,-0.8393760975105877,-1.092380263746858,0.0
2019-07-30,1.0,-0.0,-0.5199986207847734,-0.0,-0.8405972001930901,-1.0874422453623889,0.0
2019-07-31,1.0,-0.0,-0.5450091432908947,-0.0,-0.829348238622641,-1.0759410689024602,0.0
2019-08-01,1.0,-0.0,-0.5532010199159259,-0.0,-0.8244435256012681,-1.0679829095169182,0.0
2019-08-02,1.0,-0.0,-0.5615328186676913,-0.0,-0.8268767247703217,-1.1047961714465364,0.0
2019-08-05,1.0,-0.0,-0.5445947860583734,-0.0,-0.8827571550014168,-1.1147279682629638,0.0
2019-08-06,1.0,-0.0,-0.5463715326421967,-0.0,-0.8469809470439899,-1.1090291398150742,0.0
2019-08-07,1.0,-0.0,-0.5575518193575448,-0.0,-0.8254745010311441,-1.1123422699150618,0.0
2019-08-08,1.0,-0.0,-0.5554157051954409,-0.0,-0.8248723865463954,-1.1159359485350675,0.0
2019-08-09,1.0,-0.0,-0.5430611178826397,-0.0,-0.8085669510708688,-1.1309071913633988,0.0
2019-08-12,1.0,-0.0,-0.5383892524015035,-0.0,-0.8285535291660865,-1.1134971460392593,0.0
2019-08-13,1.0,-0.0,-0.5584034773009521,-0.0,-0.8040568511108044,-1.087242997102249,0.0
2019-08-14,1.0,-0.0,-0.574354561101549,-0.0,-0.7871944922547333,-1.0808261617900172,0.0
2019-08-15,1.0,-0.0,-0.6004285131274656,-0.0,-0.7771391647394912,-1.0232961501836484,0.0
2019-08-16,1.0,-0.0,-0.5918492311879167,-0.0,-0.7877942577221391,-1.02214587018642,0.0
2019-08-19,1.0,-0.0,-0.5722672820443208,-0.0,-0.8103980724199953,-1.010927478195948,0.0
2019-08-20,1.0,-0.0,-0.5760203217612193,-0.0,-0.8080270956816257,-1.0029466553767992,0.0
2019-08-21,1.0,-0.0,-0.5765375237063127,-0.0,-0.8109252235166622,-0.9991533459767001,0.0
2019-08-22,1.0,-0.0,-0.5782333637809127,-0.0,-0.8174160154267736,-0.9874150005074597,0.0
2019-08-23,1.0,-0.0,-0.5781926406926406,-0.0,-0.815137987012987,-0.9887378246753247,0.0
2019-08-26,1.0,-0.0,-0.559130055963272,-0.0,-0.8147850273114171,-0.977145538018163,0.0
2019-08-27,1.0,-0.0,-0.5507046979865772,-0.0,-0.8112751677852349,-0.9937248322147652,0.0
2019-08-28,1.0,-0.0,-0.5429692741178049,-0.0,-0.8199047363477795,-0.9914799409633706,0.0
2019-08-29,1.0,-0.0,-0.5284157585917854,-0.0,-0.8331936295054484,-0.9912824811399833,0.0
2019-08-30,1.0,-0.0,-0.5289159054271896,-0.0,-0.8344975819451907,-0.9949959699086511,0.0
2019-09-03,1.0,-0.0,-0.5237148154390696,-0.0,-0.8279453901904601,-1.0193156918928028,0.0
2019-09-04,1.0,-0.0,-0.507822509946726,-0.0,-0.8326926967428687,-1.0312226043563288,0.0
2019-09-05,1.0,-0.0,-0.5006572073742037,-0.0,-0.831620100434768,-1.0380506218192849,0.0
2019-09-06,1.0,-0.0,-0.5000673854447439,-0.0,-0.8313679245283019,-1.0378032345013477,0.0
2019-09-09,1.0,-0.0,-0.4951489017652608,-0.0,-0.8316601536181109,-1.0420091631855544,0.0
2019-09-10,1.0,-0.0,-0.4955015668699666,-0.0,-0.8298008558816593,-1.0442767126057217,0.0
2019-09-11,1.0,-0.0,-0.4929069649897227,-0.0,-0.832665026788422,-1.0440408397075176,0.0
2019-09-12,1.0,-0.0,-0.4698133548952227,-0.0,-0.8487972508591066,-1.0504346068324237,0.0
2019-09-13,1.0,-0.0,-0.46933198380566804,-0.0,-0.8630229419703105,-1.0414642375168692,0.0
2019-09-16,1.0,-0.0,-0.4740800701541367,-0.0,-0.857499409760869,-1.0412492832810551,0.0
2019-09-17,1.0,-0.0,-0.5015481960150782,-0.0,-0.840064620355412,-1.0240306946688207,0.0
2019-09-18,1.0,-0.0,-0.4727052977909085,-0.0,-0.8400590881622239,-1.0444839857651245,0.0
2019-09-19,1.0,-0.0,-0.47198442273475,-0.0,-0.8415751838050156,-1.0436096283613656,0.0
2019-09-20,1.0,-0.0,-0.4797299566721527,-0.0,-0.8415678635004871,-1.0374836261041884,0.0
2019-09-23,1.0,-0.0,-0.4818860061836268,-0.0,-0.8398642290630461,-1.038916521037774,0.0
2019-09-24,1.0,-0.0,-0.47955515237039276,-0.0,-0.8383899472499412,-1.041931256929745,0.0
2019-09-25,1.0,-0.0,-0.47382837291645785,-0.0,-0.8419681330794668,-1.0245181547917293,0.0
2019-09-26,1.0,-0.0,-0.462922481923659,-0.0,-0.8665545653270557,-1.0335631410795358,0.0
2019-09-27,1.0,-0.0,-0.4405345965149722,-0.0,-0.8887159533073931,-1.0542378616139403,0.0
2019-09-30,1.0,-0.0,-0.41593220338983056,-0.0,-0.9070847457627119,-1.0668474576271187,0.0
2019-10-01,1.0,-0.0,-0.4249100414148958,-0.0,-0.9082761898295879,-1.0615113042297508,0.0
2019-10-02,1.0,-0.0,-0.4364360615552227,-0.0,-0.9170979163829498,-1.0510690453493123,0.0
2019-10-03,1.0,-0.0,-0.45115001017708123,-0.0,-0.9066083180677115,-1.0346020761245673,0.0
2019-10-04,1.0,-0.0,-0.46634272316422576,-0.0,-0.9002684426925822,-1.031363620918142,0.0
2019-10-07,1.0,-0.0,-0.48479918657854604,-0.0,-0.8813760379596679,-1.0230808337569905,0.0
2019-10-08,1.0,-0.0,-0.4890078249381796,-0.0,-0.876054334202771,-1.0223569662274314,0.0
2019-10-09,1.0,-0.0,-0.49294440120469696,-0.0,-0.8739128963486853,-1.017156779804406,0.0
2019-10-10,1.0,-0.0,-0.4953050057420793,-0.0,-0.8686752685266501,-1.0137134364655813,0.0
2019-10-11,1.0,-0.0,-0.5062887808150259,-0.0,-0.8672815696796913,-0.9804460841858125,0.0
2019-10-14,1.0,-0.0,-0.49198041533006914,-0.0,-0.9034610839101807,-0.9812594968765829,0.0
2019-10-15,1.0,-0.0,-0.4816782088348013,-0.0,-0.8762186512472264,-1.003899683991125,0.0
2019-10-16,1.0,-0.0,-0.49607493008995657,-0.0,-0.8734207068494997,-0.9996293925406826,0.0
2019-10-17,1.0,-0.0,-0.5098994924199133,-0.0,-0.8619449393256916,-0.9896130962385291,0.0
2019-10-18,1.0,-0.0,-0.5474715507373241,-0.0,-0.8389670729243821,-0.9803380243754629,0.0
2019-10-21,1.0,-0.0,-0.5227938946730011,-0.0,-0.8373934431753092,-1.009198423127464,0.0
2019-10-22,1.0,-0.0,-0.5136628592607567,-0.0,-0.8403585026449678,-1.0153643990700496,0.0
2019-10-23,1.0,-0.0,-0.5126917242541715,-0.0,-0.8428113938985337,-1.0154727793696274,0.0
2019-10-24,1.0,-0.0,-0.5070948469006722,-0.0,-0.8804060017652251,-1.007162740172449,0.0
2019-10-25,1.0,-0.0,-0.5076166242578456,-0.0,-0.8752502120441051,-1.0098388464800678,0.0
2019-10-28,1.0,-0.0,-0.5231093150405814,-0.0,-0.8745882432845451,-0.9982001562128568,0.0
2019-10-29,1.0,-0.0,-0.5228486848820988,-0.010786348633842594,-0.8797509272176666,-0.9892476777025417,0.0
2019-10-30,1.0,-0.0,-0.525171780393224,-0.010612966868494455,-0.877202530784407,-0.9886046669841485,0.0
2019-10-31,1.0,-0.0,-0.5224927634939553,-0.01689085646177422,-0.8699812702196491,-0.9960837731993869,0.0
2019-11-01,1.0,-0.0,-0.5020601148260723,-0.0,-0.875582573454914,-0.9996285038838231,0.0
2019-11-04,1.0,-0.0,-0.5090231928220755,-0.0,-0.8632131369561538,-1.0136109700355511,0.0
2019-11-05,1.0,-0.0,-0.5155410460450249,-0.02315853907365844,-0.8509487859620486,-1.0110181595592738,0.0
2019-11-06,1.0,-0.0,-0.5092513130342248,-0.051972125913974807,-0.856304280663211,-1.01524149531427,0.0
2019-11-07,1.0,-0.0,-0.4887096774193549,-0.057378174330816746,-0.8634866163349348,-1.0221688400823612,0.0
2019-11-08,1.0,-0.0,-0.4788316151202749,-0.06494845360824743,-0.8674226804123711,-1.0252233676975946,0.0
2019-11-11,1.0,-0.0,-0.47297203765227025,-0.09610326688815062,-0.8574197120708749,-1.0341915836101883,0.0
2019-11-12,1.0,-0.0,-0.46042841817489705,-0.0975187735751116,-0.8627539190919472,-1.039865730006575,0.0
2019-11-13,1.0,-0.0,-0.4614848864744393,-0.12515670706226492,-0.8567697450898453,-1.0389329990249336,0.0
2019-11-14,1.0,-0.0,-0.458824760974248,-0.14484611626770882,-0.8563402889245585,-1.02941586991416,0.0
2019-11-15,1.0,-0.0,-0.4599031122573449,-0.13846582790227582,-0.8592339595023176,-1.0275676994388874,0.0
2019-11-18,1.0,-0.0,-0.45904728668644207,-0.14273250741580873,-0.8623276915023554,-1.0256848717501308,0.0
2019-11-19,1.0,-0.0,-0.49526377408024974,-0.13953240855713625,-0.8752971227871004,-1.0376414659240076,0.0
2019-11-20,1.0,-0.0,-0.5068872479409259,-0.15059642147117297,-0.8709528543027549,-1.021726782164158,0.0
2019-11-21,1.0,-0.0,-0.4888137544061578,-0.19602906265736278,-0.8577080785554997,-1.054312639378462,0.0
2019-11-22,1.0,-0.0,-0.48761370582101893,-0.1907381440333657,-0.8581238988961997,-1.0589652320857155,0.0
2019-11-25,1.0,-0.0,-0.48723756111590455,-0.18805723324705206,-0.8568449813057233,-1.0628774805867127,0.0
2019-11-26,1.0,-0.0,-0.4409307016280075,-0.19716179224895547,-0.88056476012102,-1.083129232099121,0.0
2019-11-27,1.0,-0.0,-0.4373693693693694,-0.18828828828828825,-0.8834594594594594,-1.0944864864864863,0.0
2019-11-29,1.0,-0.0,-0.43669531788343674,-0.21481159104921482,-0.8988140572298988,-1.0764516012040766,0.0
2019-12-02,1.0,-0.0,-0.4406384374316741,-0.23249034326944099,-0.8968734057284454,-1.0740835216092122,0.0
2019-12-03,1.0,-0.0,-0.4379981801637853,-0.22362147406733396,-0.9018016378525933,-1.0762511373976342,0.0
2019-12-04,1.0,-0.0,-0.4353900735159651,-0.21454957755751436,-0.915730953513039,-1.0918400936322739,0.0
2019-12-05,1.0,-0.0,-0.42415088779193993,-0.2436823104693141,-0.895638399764238,-1.1203492227215797,0.0
2019-12-06,1.0,-0.0,-0.4562434886143772,-0.2606042565858015,-0.9127846405715137,-1.0911593987200476,0.0
2019-12-09,1.0,-0.0,-0.43470086112886847,-0.2947768209679239,-0.9257323355770316,-1.1051780543752114,0.0
2019-12-10,1.0,-0.0,-0.41578926613825473,-0.3913797862691747,-1.0253164556962027,-1.1108876532986318,0.0
2019-12-11,1.0,-0.0,-0.4124151003001105,-0.39531669562470384,-1.027523298057179,-1.1135681566893063,0.0
2019-12-12,1.0,-0.0,-0.4102543845789224,-0.3957576236372255,-1.02879601832833,-1.1152630747353451,0.0
2019-12-13,1.0,-0.0,-0.4056925394434314,-0.3998652184254341,-1.0342503765955762,-1.124355823356854,0.0
2019-12-16,1.0,-0.0,-0.4036144578313253,-0.42267755231452125,-1.0390773620798988,-1.0978123018389347,0.0
2019-12-17,1.0,-0.0,-0.3951196057218416,-0.455783948391233,-1.061465721040189,-1.0945225788355974,0.0
2019-12-18,1.0,-0.0,-0.3814590292383191,-0.5124747412264423,-1.1063549012330405,-1.1235927254732152,0.0
2019-12-19,1.0,-0.0,-0.38447563996696943,-0.5141618497109827,-1.1041288191577208,-1.1260528488852186,0.0
2019-12-20,1.0,-0.0,-0.3931435694992728,-0.5343029295657594,-1.1065032204446292,-1.1214211510492416,0.0
2019-12-23,1.0,-0.0,-0.40123482368541,-0.5199933700741722,-1.1176811834417604,-1.1048357021505821,0.0
2019-12-24,1.0,-0.0,-0.39940399817888333,-0.5173626919415587,-1.1169653573941476,-1.10516948801788,0.0
2019-12-26,1.0,-0.0,-0.39764920122506414,-0.5174654416025164,-1.1147256021852496,-1.1088899925502855,0.0
2019-12-27,1.0,-0.0,-0.3999421631000578,-0.5146657853424771,-1.1073700735354872,-1.1092291167479138,0.0
2019-12-30,1.0,-0.0,-0.4061174920752542,-0.5373595158700754,-1.1206208060598577,-1.05261207854761,0.0
2019-12-31,1.0,-0.0,-0.40699013157894737,-0.5353618421052632,-1.1180098684210524,-1.0514802631578948,0.0
2020-01-02,1.0,-0.0,-0.4063118811881188,-0.5414603960396039,-1.1218234323432343,-1.0558168316831682,0.0
2020-01-03,1.0,-0.0,-0.40752701527760526,-0.552229536703515,-1.1125326046453856,-1.0679832732993833,0.0
2020-01-06,1.0,-0.0,-0.41881865284974096,-0.5678341968911917,-1.1000621761658032,-1.0583626943005182,0.0
2020-01-07,1.0,-0.0,-0.41310199180090273,-0.5697130315955112,-1.0993001780612033,-1.0588016066917882,0.0
2020-01-08,1.0,-0.0,-0.40876517128536516,-0.5698604034629883,-1.089888571310219,-1.0738577523714843,0.0
2020-01-09,1.0,-0.0,-0.4161967158732791,-0.5682534416984574,-1.086540056394095,-1.0756344335710732,0.0
2020-01-10,1.0,-0.0,-0.4204120628063471,-0.5756833097947993,-1.0824540998587686,-1.075267923901304,0.0
2020-01-13,1.0,-0.0,-0.4196658631867675,-0.5822458648491398,-1.079669187931178,-1.0743911561798687,0.0
2020-01-14,1.0,-0.0,-0.41547229905288746,-0.6164613192523678,-1.0996982650238873,-1.0591316737909648,0.0
2020-01-15,1.0,-0.0,-0.4235170382835507,-0.6238115271350442,-1.092637778712663,-1.0670172486327305,0.0
2020-01-16,1.0,-0.0,-0.42712357217030117,-0.5876635514018692,-1.0918795430944963,-1.0470197300103843,0.0
2020-01-17,1.0,-0.0,-0.4292711273451768,-0.5828490785322928,-1.095591897725386,-1.0430018263323926,0.0
2020-01-21,1.0,-0.0,-0.4260819053151322,-0.5788556491431891,-1.1049748973071656,-1.0393344674494833,0.0
2020-01-22,1.0,-0.0,-0.42015201229389043,-0.589442206254932,-1.1057856045188352,-1.0379200066453462,0.0
2020-01-23,1.0,-0.0,-0.41431308839456804,-0.596100974756311,-1.102307756394235,-1.0529450970590686,0.0
2020-01-24,1.0,-0.0,-0.41365344467640924,-0.5941544885177453,-1.1048851774530273,-1.0626722338204595,0.0
2020-01-27,1.0,-0.0,-0.4234410030723242,-0.5837000747322095,-1.0848625757701569,-1.0598272855600763,0.0
2020-01-28,1.0,-0.0,-0.44785250713075114,-0.5883593071803565,-1.0674631061138442,-1.0300524988632136,0.0
2020-01-29,1.0,-0.0,-0.45160757769614923,-0.5875190886953651,-1.0559247183127658,-1.0321928267778282,0.0
2020-01-30,1.0,-0.0,-0.4698967889908257,-0.5688073394495413,-1.0573394495412844,-0.9996313892529489,0.0
2020-01-31,1.0,-0.0,-0.48471902727571475,-0.5679017417022676,-1.0547157410450214,-1.0004929346040092,0.0
2020-02-03,1.0,-0.0,-0.47319980538436585,-0.5438290626013623,-1.034625364904314,-1.0027975997405125,0.0
2020-02-04,1.0,-0.0,-0.46089903962553463,-0.5400290533451698,-1.0262690662577676,-1.0079493180534258,0.0
2020-02-05,1.0,-0.0,-0.464216944801027,-0.5347801668806162,-1.0172496790757382,-0.9953064826700898,0.0
2020-02-06,1.0,-0.0,-0.47399470262460874,-0.5768119431736094,-1.0042940845974795,-0.9581025764507585,0.0
2020-02-07,1.0,-0.0,-0.4788969497775462,-0.578379894985771,-0.9973946851577218,-0.9534650687402302,0.0
2020-02-10,1.0,-0.0,-0.4849890065960424,-0.5718568858684789,-0.9924045572656407,-0.9483110133919648,0.0
2020-02-11,1.0,-0.0,-0.4618332674832082,-0.5546424338206243,-0.9538127222441724,-0.9807585934413275,0.0
2020-02-12,1.0,-0.0,-0.4645917731380492,-0.5483016516048613,-0.9325724524774073,-0.9498286070426925,0.0
2020-02-13,1.0,-0.0,-0.4715025906735752,-0.548248860493202,-0.9345903619151507,-0.9414079239549652,0.0
2020-02-14,1.0,-0.0,-0.4868749759790922,-0.5422575809985011,-0.8636381106114763,-0.9505745801145318,0.0
2020-02-18,1.0,-0.0,-0.48612017661739293,-0.5408715684392398,-0.8637742368976771,-0.948742560952198,0.0
2020-02-19,1.0,-0.0,-0.49763616097167235,-0.5431448668178498,-0.8565553292078256,-0.9463043394703463,0.0
2020-02-20,1.0,-0.0,-0.4994800693240901,-0.5447718082033507,-0.8605815520893512,-0.9464663970729829,0.0
2020-02-21,1.0,-0.0,-0.5108708200253973,-0.5413475968753608,-0.8506945780582599,-0.9452033709162273,0.0
2020-02-24,1.0,-0.0,-0.5140291374392969,-0.5418176212132891,-0.8534263470284436,-0.9448469899021044,0.0
2020-02-25,1.0,-0.0,-0.547105561861521,-0.5454029511918275,-0.7850926976920166,-0.9059780552402573,0.0
2020-02-26,1.0,-0.0,-0.5281068910788765,-0.5044107333997712,-0.7756985199128926,-0.882737238401063,0.0
2020-02-27,1.0,-0.0,-0.5021638670872147,-0.4876769603168782,-0.817244920413702,-0.8604855864446563,0.0
2020-02-28,1.0,-0.0,-0.5546902406510911,-0.41184312074650953,-0.706202203044973,-0.835297832035361,0.0
2020-03-02,1.0,-0.012795793163891324,-0.5221384750219106,-0.3930236634531113,-0.734829097283085,-0.8429447852760736,0.0
2020-03-03,1.0,-0.011859838274932614,-0.5777628032345014,-0.28608490566037736,-0.6763477088948787,-0.8172506738544474,0.0
2020-03-04,1.0,-0.0,-0.6307373902593718,-0.3192909837433655,-0.6187201655706512,-0.7693360483359483,0.0
2020-03-05,1.0,-0.0,-0.6906607843773316,-0.242222726830376,-0.5718039381062057,-0.7392221104875596,0.0
2020-03-06,1.0,-0.0,-0.72040003947758,-0.25213014442214693,-0.5847945520939566,-0.732440701385005,0.0
2020-03-09,1.0,-0.0,-0.7251552284897664,-0.24879266730181676,-0.5839547948355728,-0.7273234994579323,0.0
2020-03-10,1.0,-0.1881300713056307,-0.5648819768871405,-0.23168182935824935,-0.4872141627735432,-0.6016105237275633,0.0
2020-03-11,1.0,-0.15345353507897677,-0.6119114493672798,-0.23043701488931173,-0.4510887620428256,-0.5732536015221528,0.0
2020-03-12,1.0,-0.1623918966947044,-0.5669351972515105,-0.20290842317260988,-0.44802156142637123,-0.5814773131145599,0.0
2020-03-13,1.0,-0.26396613264713203,-0.4515370354998478,-0.18604908552613372,-0.42967820480894275,-0.4356824658974571,0.0
2020-03-16,1.0,-0.21196921443736727,-0.5595010615711252,-0.1609872611464968,-0.39516985138004246,-0.3263004246284501,0.0
2020-03-17,1.0,-0.2728360481875289,-0.48032523862616594,-0.25355559785712345,-0.3695102384901966,-0.3431593832431403,0.0
2020-03-18,1.0,-0.2660838316929926,-0.49333583630561295,-0.21183190753305264,-0.3657378851672075,-0.34476655313899546,0.0
2020-03-19,1.0,-0.26687426807196846,-0.48041094432023845,-0.2063770893218354,-0.3616522942616842,-0.34624188225274144,0.0
2020-03-20,1.0,-0.2995571252382554,-0.6914732593340059,-0.1771499046978361,-0.38790783720148,-0.24691669469671487,0.0
2020-03-23,1.0,-0.3000973168358126,-0.7193938551369387,-0.13994160989851243,-0.3815098011956068,-0.23953844015014597,0.0
2020-03-24,1.0,-0.2913788692760297,-0.6987862766834371,-0.20289360734487363,-0.40766322731019583,-0.24172138370142976,0.0
2020-03-25,1.0,-0.29233792836184463,-0.6935448153684326,-0.15299230471128825,-0.39951835243315065,-0.22969606377678126,0.0
2020-03-26,1.0,-0.27727247206782324,-0.694598843411375,-0.18839481219471116,-0.4146033350176857,-0.23241255403963845,0.0
2020-03-27,1.0,-0.2743971808318766,-0.6915008740531091,-0.1707872027525736,-0.4121923471794445,-0.22592191792225091,0.0
2020-03-30,1.0,-0.2672735825562412,-0.6928802678546723,-0.175710451312986,-0.4122416226237583,-0.21901546805390298,0.0
2020-03-31,1.0,-0.26171831917944194,-0.6965093195103121,-0.17924892467188705,-0.4061983015330319,-0.21360427925443917,0.0
2020-04-01,1.0,-0.2667603538067289,-0.7148604337163483,-0.16235430271968257,-0.40877903612465905,-0.2027224380700449,0.0
2020-04-02,1.0,-0.2812406148469708,-0.6812460752996423,-0.1534387200698938,-0.42023643760067714,-0.19406448794605075,0.0
2020-04-03,1.0,-0.28003706934147404,-0.6878815961622329,-0.1546827300479721,-0.4075992150021806,-0.1954590056694287,0.0
2020-04-06,1.0,-0.2819247546346783,-0.6900218102508179,-0.15346237731733914,-0.4071973827699018,-0.19364776444929116,0.0
2020-04-07,1.0,-0.26594632276054375,-0.6694104083438346,-0.14414027937903853,-0.4148591039493793,-0.18682467758800977,0.0
2020-04-08,1.0,-0.2671276937922161,-0.6669615095957971,-0.14873485579500373,-0.41554090275544114,-0.1820253028840999,0.0
2020-04-09,1.0,-0.27100032061558194,-0.6544832745538101,-0.1543496847280111,-0.4147162552100032,-0.17724698086993693,0.0
2020-04-13,1.0,-0.2568145736350671,-0.7041412157253182,-0.14589780157683716,-0.4170276888302882,-0.16696714474073676,0.0
2020-04-14,1.0,-0.24807537012113057,-0.710228802153432,-0.14333781965006728,-0.4180080753701212,-0.1721399730820996,0.0
2020-04-15,1.0,-0.2372044338280684,-0.7180010198878123,-0.13492042191148448,-0.4177514157653185,-0.17606484339354253,0.0
2020-04-16,1.0,-0.24734234837327618,-0.7028517873878698,-0.13991163475699558,-0.4212879903601553,-0.16634087561922614,0.0
2020-04-17,1.0,-0.2419242513526544,-0.7159425724540633,-0.1287298441099266,-0.4213317619328226,-0.17059516794342958,0.0
2020-04-20,1.0,-0.2461410877183596,-0.7094513255397127,-0.13332976645889624,-0.4190364088708168,-0.1671972392391857,0.0
2020-04-21,1.0,-0.24906377059704685,-0.7127113203509523,-0.13882944575219344,-0.41426813610100577,-0.16006847849347314,0.0
2020-04-22,1.0,-0.23848447734171146,-0.7281804142925609,-0.12511315831513922,-0.4145588156983865,-0.1561851003780819,0.0
2020-04-23,1.0,-0.2325216651602956,-0.7339039821362113,-0.12089956935509596,-0.4130735286299112,-0.15792971449837842,0.0
2020-04-24,1.0,-0.23148936170212767,-0.7386968085106382,-0.11856382978723405,-0.411968085106383,-0.15882978723404256,0.0
2020-04-27,1.0,-0.23258412022875383,-0.7316930442878042,-0.121266125814603,-0.41138449261869925,-0.1630003989892273,0.0
2020-04-28,1.0,-0.22666418248116899,-0.7417156849697905,-0.12115727555827632,-0.4090388863751298,-0.16305128955843604,0.0
2020-04-29,1.0,-0.2246587008010219,-0.7431939750379222,-0.12007344918434149,-0.4082816616547356,-0.16499454453522103,0.0
2020-04-30,1.0,-0.2268972295269211,-0.7177464339788031,-0.13137833027864104,-0.423672536988339,-0.15655961962440565,0.0
2020-05-01,1.0,-0.270571603851591,-0.6705342615561067,-0.14392787602357898,-0.4526686404737137,-0.129604438398549,0.0
2020-05-04,1.0,-0.25952721683362484,-0.6669316796523029,-0.14914930831610748,-0.4532517093337573,-0.12126994222716914,0.0
2020-05-05,1.0,-0.25763798722806647,-0.6646705000132489,-0.14377699462094914,-0.4567688598002067,-0.12692440181244866,0.0
2020-05-06,1.0,-0.25967173123326176,-0.6641741574523373,-0.15228170657333015,-0.45740195688489377,-0.11804947895950997,0.0
2020-05-07,1.0,-0.2588300806109461,-0.6620704285108189,-0.15339944845142128,-0.45683071701315225,-0.12054518455663979,0.0
2020-05-08,1.0,-0.25426196526895384,-0.6677255400254131,-0.1528748411689962,-0.453568403218975,-0.11872617534942821,0.0
2020-05-11,1.0,-0.26149204752957367,-0.6487680948474344,-0.16219863974382726,-0.4619048879244185,-0.11202265329346071,0.0
2020-05-12,1.0,-0.2579525890610515,-0.6509336511720302,-0.15171500463514767,-0.4659250430406569,-0.12212951926897099,0.0
2020-05-13,1.0,-0.25796641544360704,-0.6417030278989819,-0.15377495702763455,-0.4712680153378289,-0.11974084358058971,0.0
2020-05-14,1.0,-0.256216731548423,-0.6488970101427398,-0.1474537220942242,-0.47278938587431474,-0.12287810174518682,0.0
2020-05-15,1.0,-0.2745222592769044,-0.6435339579694034,-0.14779524641363612,-0.47149436239479114,-0.1094171827854534,0.0
2020-05-18,1.0,-0.27399470899470896,-0.6431481481481481,-0.1494973544973545,-0.47068783068783066,-0.10817460317460319,0.0
2020-05-19,1.0,-0.27134533898305085,-0.6510858050847458,-0.1414459745762712,-0.47187500000000004,-0.11257944915254238,0.0
2020-05-20,1.0,-0.27423199152542377,-0.6459745762711865,-0.14480932203389832,-0.4719544491525424,-0.11136122881355932,0.0
2020-05-21,1.0,-0.27626840377078704,-0.6433905306641245,-0.14730960703315327,-0.4724870246795891,-0.1085425272746531,0.0
2020-05-22,1.0,-0.2766712575484691,-0.6498569763746159,-0.14440088992478017,-0.47192499205424304,-0.10575802521453544,0.0
2020-05-26,1.0,-0.27538111369892015,-0.6495871268261698,-0.14551132754605123,-0.47035782341731946,-0.10575905145034936,0.0
2020-05-27,1.0,-0.2755801338872278,-0.6500674728124256,-0.14968380387902522,-0.46955785462916416,-0.10110337893260657,0.0
2020-05-28,1.0,-0.2783949637623657,-0.6474369147754324,-0.15206580965984234,-0.47077183515844045,-0.09641326773528013,0.0
2020-05-29,1.0,-0.2737020017958063,-0.6479691543865209,-0.14862937727776895,-0.469656155918238,-0.10090846669835737,0.0
2020-06-01,1.0,-0.2743659444195191,-0.6545617692855823,-0.1417223087276662,-0.46873927845662555,-0.09975983742841307,0.0
2020-06-02,1.0,-0.2743757588555139,-0.6534603811434304,-0.14100195322810538,-0.469434619648419,-0.10125112178641187,0.0
2020-06-03,1.0,-0.2748619879024803,-0.6536622731715048,-0.13835547690113317,-0.4717240286325577,-0.1028025040281043,0.0
2020-06-04,1.0,-0.2782340049114098,-0.6462464682738771,-0.15114467534525097,-0.472287502310475,-0.09263024477832643,0.0
2020-06-05,1.0,-0.2667512153878673,-0.6416191080109913,-0.1446839991545128,-0.47336715282181363,-0.11572606214331009,0.0
2020-06-08,1.0,-0.26670537316583975,-0.6307399978887365,-0.16045603293571203,-0.4717882402617967,-0.10938984482212605,0.0
2020-06-09,1.0,-0.27385541532449703,-0.6283202196757669,-0.1631198183450388,-0.47327982256957274,-0.10175846226963087,0.0
2020-06-10,1.0,-0.27257366142148065,-0.629950364346816,-0.1621079311437322,-0.47420530151019114,-0.10135705987960715,0.0
2020-06-11,1.0,-0.26604680648740026,-0.638861006920598,-0.14926831845316707,-0.47622695335199955,-0.11104654234243752,0.0
2020-06-12,1.0,-0.2662356435123131,-0.6215669268574733,-0.16187021997950013,-0.4671870482798497,-0.11133012694157535,0.0
2020-06-15,1.0,-0.2659345278755714,-0.6207503546844622,-0.16291839630077243,-0.46734275655509433,-0.11034627712679312,0.0
2020-06-16,1.0,-0.26711663208761194,-0.6158048165559261,-0.16314310476140453,-0.46907582004884835,-0.11111694723849043,0.0
2020-06-17,1.0,-0.2660613058996431,-0.614266218769683,-0.1632636993491497,-0.46874343900902793,-0.11206172580306531,0.0
2020-06-18,1.0,-0.26648474193802313,-0.6135498937314686,-0.16357482091784523,-0.4687098213114324,-0.11162131668022356,0.0
2020-06-19,1.0,-0.2648184057439337,-0.6108694512866202,-0.16340862638226508,-0.4670614747654735,-0.11424977726534248,0.0
2020-06-22,1.0,-0.26646761478222153,-0.6115607239202745,-0.1620177575233755,-0.46638380346245517,-0.11267384301092168,0.0
2020-06-23,1.0,-0.2676211165493234,-0.6105425707331117,-0.16135786635956761,-0.4660402544036433,-0.11175962519957076,0.0
2020-06-24,1.0,-0.26652708714996076,-0.6108086888249149,-0.16213033237372415,-0.4653755561371369,-0.11227427375032714,0.0
2020-06-25,1.0,-0.2657251209624689,-0.6121616320125539,-0.16144893422257092,-0.46653589642997256,-0.10953315025500196,0.0
2020-06-26,1.0,-0.26508040266701527,-0.6140933455353641,-0.16067459798666492,-0.4662831742711465,-0.10861550529480977,0.0
2020-06-29,1.0,-0.26686554665829276,-0.6156905846025017,-0.15962736169990058,-0.46930444339770766,-0.10532789030198357,0.0
2020-06-30,1.0,-0.26734485734459584,-0.6145035173513952,-0.16049059860351997,-0.4680561730170768,-0.10476215382201416,0.0
2020-07-01,1.0,-0.2682186764321214,-0.6148051268637197,-0.16076379806434737,-0.4678263144127649,-0.10413287993722208,0.0
2020-07-02,1.0,-0.262107740585774,-0.6204497907949791,-0.15823744769874476,-0.4641997907949791,-0.11006799163179916,0.0
2020-07-06,1.0,-0.26165972713227015,-0.6192945243145573,-0.16136381491083354,-0.4655511037787729,-0.11082305496634982,0.0
2020-07-07,1.0,-0.2604510019358552,-0.6206770261078847,-0.16227175221053733,-0.46350651389106895,-0.10911421545544917,0.0
2020-07-08,1.0,-0.26148132649858774,-0.618553195940998,-0.16555078983157234,-0.46505910660110894,-0.10469191338006069,0.0
2020-07-09,1.0,-0.2544171458442237,-0.6147412441191845,-0.16557762676424465,-0.46740721380031364,-0.1116048092002091,0.0
2020-07-10,1.0,-0.25311723957652593,-0.6178277349366096,-0.1631943536792576,-0.4676251470396027,-0.11227290550254869,0.0
2020-07-13,1.0,-0.2537750143685668,-0.6157583990804117,-0.16348816552588954,-0.4675531636971628,-0.11186582371074767,0.0
2020-07-14,1.0,-0.24839501017798424,-0.6114358786993058,-0.15838509316770186,-0.4729370008873114,-0.11858656506080693,0.0
2020-07-15,1.0,-0.24861647697608857,-0.6104991124569281,-0.15941839824579723,-0.4724861647697609,-0.11940064738435838,0.0
2020-07-16,1.0,-0.2535507490977073,-0.5879832783735363,-0.17189001116506114,-0.4663879728922702,-0.11673980214473036,0.0
2020-07-17,1.0,-0.2571805620245303,-0.5921182011074885,-0.1711173213269161,-0.4537080163535682,-0.11349169383636082,0.0
2020-07-20,1.0,-0.2616182572614108,-0.5887966804979253,-0.1746109958506224,-0.45269709543568465,-0.11561203319502075,0.0
2020-07-21,1.0,-0.24113603942419917,-0.595772273375697,-0.1652963299182985,-0.4603812735053819,-0.13111139929970173,0.0
2020-07-22,1.0,-0.23117860851505714,-0.6047248182762202,-0.15846313603322948,-0.4657061266874351,-0.13598130841121497,0.0
2020-07-23,1.0,-0.2331098638395177,-0.6065377819353497,-0.15965076395385094,-0.4661677580293109,-0.1330423032948758,0.0
2020-07-24,1.0,-0.22822050842616393,-0.6094362649632572,-0.1562410739788632,-0.46454259821869076,-0.1382202487600945,0.0
2020-07-27,1.0,-0.23150023368125877,-0.6093108999324921,-0.15537207249311938,-0.4677260217063925,-0.13254920288726177,0.0
2020-07-28,1.0,-0.23242709875100623,-0.6040352107190153,-0.15133338526654722,-0.4713718158448235,-0.13749318376567732,0.0
2020-07-29,1.0,-0.23786825037118076,-0.6001146101950979,-0.15490609778333464,-0.4704227553332813,-0.14146544763095517,0.0
2020-07-30,1.0,-0.2375595656589329,-0.5992240189568523,-0.15446709892456317,-0.46993724448610785,-0.14280134364502775,0.0
2020-07-31,1.0,-0.23435017063068225,-0.6028603433454034,-0.15359366452184334,-0.46935160340740356,-0.14489280225076198,0.0
2020-08-03,1.0,-0.23731950164207893,-0.6005838502841058,-0.15276546942605432,-0.47075535630506177,-0.14505030495751445,0.0
2020-08-04,1.0,-0.24326161407544897,-0.608506967138114,-0.15821808580167837,-0.4670466131604402,-0.13725131369114532,0.0
2020-08-05,1.0,-0.2534903899245392,-0.605921173717561,-0.1621749533300029,-0.4757184550258986,-0.13196434675150526,0.0
2020-08-06,1.0,-0.25504997369805366,-0.6112046291425566,-0.16070489216202,-0.4756180957390847,-0.12761704366123094,0.0
2020-08-07,1.0,-0.257092385572664,-0.6113425437671377,-0.16399493777684032,-0.4721314068761865,-0.13201328833579415,0.0
2020-08-10,1.0,-0.25239111532685166,-0.6155771612257266,-0.16354438384317446,-0.47137248702342377,-0.13195267831264987,0.0
2020-08-11,1.0,-0.25618919560230957,-0.6148329774051516,-0.1675235308075615,-0.47156529304753614,-0.12642041709509874,0.0
2020-08-12,1.0,-0.2552069601898233,-0.616108621144213,-0.16680727656208807,-0.47205378328499864,-0.12625889796994463,0.0
2020-08-13,1.0,-0.25257148870123375,-0.6161050167048114,-0.16268118801462655,-0.47112829821376895,-0.12816667982006155,0.0
2020-08-14,1.0,-0.25530125863835823,-0.619649473158683,-0.16283469532543288,-0.4698741361641748,-0.12000420421998581,0.0
2020-08-17,1.0,-0.2583944676711104,-0.622755120822487,-0.16286713470589784,-0.4694854197891194,-0.11595803423522916,0.0
2020-08-18,1.0,-0.25868370539822777,-0.6211511661539271,-0.15119244826588837,-0.47642712523993586,-0.12197943782703585,0.0
2020-08-19,1.0,-0.2531662199800305,-0.6241788848599507,-0.15158442377423934,-0.47585264596142735,-0.12278627358242683,0.0
2020-08-20,1.0,-0.2534745027979928,-0.6257257704332291,-0.15130178913905892,-0.4755274150750072,-0.12122008249481123,0.0
2020-08-21,1.0,-0.25836377493364165,-0.6230059656776431,-0.16088933273764158,-0.47525689206591154,-0.1105358597671546,0.0
2020-08-24,1.0,-0.25888444958469137,-0.6234097360950478,-0.16588686783724108,-0.4749763431815792,-0.10535169803385552,0.0
2020-08-25,1.0,-0.25808657234523746,-0.62651869773313,-0.16054804607373901,-0.47614789880608005,-0.10847840950928313,0.0
2020-08-26,1.0,-0.25722171113155473,-0.6266000788539886,-0.1576554080693915,-0.47556840583519516,-0.11142068602970166,0.0
2020-08-27,1.0,-0.25742522209956364,-0.626163065762498,-0.15878147505651052,-0.4749776586237712,-0.11102349787099826,0.0
2020-08-28,1.0,-0.2565766996925179,-0.6273685317074452,-0.15810359780294866,-0.47528317258416336,-0.11071982339491734,0.0
2020-08-31,1.0,-0.2570039421813403,-0.6269645203679369,-0.1592904073587385,-0.47526938239159,-0.10956636005256241,0.0
2020-09-01,1.0,-0.25607127838519766,-0.6294680403700589,-0.15317493692178302,-0.4790527754415475,-0.11046572750210261,0.0
2020-09-02,1.0,-0.2596022308744607,-0.631484794275492,-0.15376723140061033,-0.48013785120488267,-0.10575607702830685,0.0
2020-09-03,1.0,-0.25874052232518957,-0.6282118786857624,-0.15316975568660487,-0.48154486099410276,-0.1110204296545914,0.0
2020-09-04,1.0,-0.2512667034207556,-0.6326691344412065,-0.1451261452836628,-0.48489144417316427,-0.11133863642330209,0.0
2020-09-08,1.0,-0.2467979002624672,-0.6303937007874015,-0.14398950131233595,-0.48346456692913387,-0.12002624671916011,0.0
2020-09-09,1.0,-0.23955934687042077,-0.6311230898053171,-0.13729851371153445,-0.48259891145070133,-0.12612518316935314,0.0
2020-09-10,1.0,-0.24957215449830178,-0.6315789473684211,-0.14962744530159816,-0.4875069113504121,-0.11460993654722099,0.0
2020-09-11,1.0,-0.2466059776889076,-0.6351031361818564,-0.1504683224584298,-0.4851347084824248,-0.11371290254683225,0.0
2020-09-14,1.0,-0.2461999684426445,-0.6304633671698312,-0.14992373639089043,-0.4846157891968653,-0.11855046547099354,0.0
2020-09-15,1.0,-0.2484963097207995,-0.6217792136159482,-0.1454574107635332,-0.488587713077509,-0.12223885693273448,0.0
2020-09-16,1.0,-0.24717684752350436,-0.6216450443825832,-0.14060612427123273,-0.4887336519775198,-0.12802668207363832,0.0
2020-09-17,1.0,-0.25394446197538656,-0.6175186704533502,-0.1446039760176712,-0.49087514463027243,-0.12272536026086042,0.0
2020-09-18,1.0,-0.25034843663712625,-0.6161148657532806,-0.14539669182423015,-0.49051989375969707,-0.12735687800773135,0.0
2020-09-21,1.0,-0.24950698114695907,-0.6165759511977071,-0.14672241066498384,-0.48954800031553214,-0.12705424522100392,0.0
2020-09-22,1.0,-0.24727224924411723,-0.6196398054423556,-0.1441829893519127,-0.4886551860128828,-0.12943341658998292,0.0
2020-09-23,1.0,-0.24296829819672994,-0.6184480311234951,-0.14646969139372273,-0.48719835970769154,-0.13358919089427476,0.0
2020-09-24,1.0,-0.2405438748457884,-0.6160590072709138,-0.14218967372759012,-0.48854240491377277,-0.13754363860671445,0.0
2020-09-25,1.0,-0.24037932570141196,-0.6135750399497026,-0.1433211956094622,-0.4874649621460194,-0.13491211065412725,0.0
2020-09-28,1.0,-0.23699709446902076,-0.6111038400125645,-0.1376593461246499,-0.4887836033819334,-0.1430254168520797,0.0
2020-09-29,1.0,-0.236458741990323,-0.6070092846868053,-0.14102262325094808,-0.4897868445141885,-0.1411272394403034,0.0
2020-09-30,1.0,-0.23662045513994245,-0.6063301072456186,-0.141381114308135,-0.48977243002877324,-0.141642688987706,0.0
2020-10-01,1.0,-0.23680561006881753,-0.6039720543213752,-0.14239736243033205,-0.4906455242431379,-0.1428160242823874,0.0
2020-10-02,1.0,-0.23754578754578753,-0.6022239665096809,-0.14165358451072738,-0.49178440607012036,-0.14322344322344321,0.0
2020-10-05,1.0,-0.22577268325874747,-0.6124414435633718,-0.12991023527256548,-0.4949621836643898,-0.15396090131114076,0.0
2020-10-06,1.0,-0.22675499463224316,-0.6135215103034746,-0.1318373438768296,-0.4948809929040873,-0.15144929433636198,0.0
2020-10-07,1.0,-0.2217221800675057,-0.6205813862215129,-0.13126978727857871,-0.4888929589994505,-0.1540333342054999,0.0
2020-10-08,1.0,-0.2227781124760982,-0.62136888702622,-0.13345731723288892,-0.48877596458600725,-0.15302407208528696,0.0
2020-10-09,1.0,-0.2256273246372256,-0.6224003352716224,-0.1351039865891351,-0.489025092985489,-0.1471266174236471,0.0
2020-10-12,1.0,-0.22508249096527524,-0.6220342533912953,-0.13366155135389934,-0.48719425967632124,-0.15078824700151888,0.0
2020-10-13,1.0,-0.22146913354094155,-0.6240546410907282,-0.13333158872634968,-0.4854630623086384,-0.15259204982597543,0.0
2020-10-14,1.0,-0.22200706528849928,-0.6240481486327358,-0.13465916524924768,-0.4848096297265472,-0.1512495093549653,0.0
2020-10-15,1.0,-0.22012134525864321,-0.6234374182750143,-0.13546733615774884,-0.4824781630838433,-0.15369527694963125,0.0
2020-10-16,1.0,-0.21726198241448585,-0.6229029143945521,-0.1375531609570277,-0.4803924126594829,-0.15101625485949852,0.0
2020-10-19,1.0,-0.2153436945864191,-0.6237613434859706,-0.14222384478981956,-0.47992072598310215,-0.14644831542714093,0.0
2020-10-20,1.0,-0.213099390847087,-0.6245118967043266,-0.13752798458895196,-0.4784974228145989,-0.14958088197011507,0.0
2020-10-21,1.0,-0.2134714486492114,-0.6259694966425485,-0.13645827911092603,-0.4778512310655354,-0.1489250949976576,0.0
2020-10-22,1.0,-0.21354220880607888,-0.6249869886541064,-0.13537004267721453,-0.4781929842822942,-0.15020297699594046,0.0
2020-10-23,1.0,-0.21184545785450573,-0.6270604752742966,-0.1313244241069107,-0.47839425926888873,-0.15134418386979356,0.0
2020-10-26,1.0,-0.2112269571774005,-0.6255167572346012,-0.1316138425937963,-0.4777566885936403,-0.15389615454616365,0.0
2020-10-27,1.0,-0.20958441558441557,-0.6276103896103896,-0.13093506493506493,-0.4784155844155844,-0.1508831168831169,0.0
2020-10-28,1.0,-0.20556060802910223,-0.6276211510978303,-0.12779004807067687,-0.47839417955047414,-0.15904898012212548,0.0
