Date,IWF,IWM,JCAP,MTUM,SPY,VLUE,VXX
2018-09-24,-0.29085821469204515,-0.7855846991174933,1.0,-0.0,-0.5156975492758525,-0.4827957319885613,0.0
2018-09-25,-0.28831056438152936,-0.7921431662236509,1.0,-0.0,-0.5208320454966928,-0.4894603449341658,0.0
2018-09-26,-0.289184928754675,-0.7929712855067537,1.0,-0.0,-0.5208172348777548,-0.4879300219454147,0.0
2018-09-27,-0.28886483142592023,-0.7948035879987629,1.0,-0.0,-0.5211568202907516,-0.4883080729972163,0.0
2018-09-28,-0.2974025165067896,-0.7969353432166438,1.0,-0.0,-0.5269714712844151,-0.49317926996387196,0.0
2018-10-01,-0.2977338174533617,-0.8051521221985728,1.0,-0.0,-0.5298297233003632,-0.4973394265681733,0.0
2018-10-02,-0.31924268062960953,-0.7781999297595863,1.0,-0.0,-0.5646690718687143,-0.5306663261070848,0.0
2018-10-03,-0.3186981493299298,-0.773356732610083,1.0,-0.0,-0.5657306955966815,-0.532992980216975,0.0
2018-10-04,-0.3221371610845295,-0.7679425837320574,1.0,-0.0,-0.5699521531100479,-0.5297607655502392,0.0
2018-10-05,-0.3150027034763525,-0.7659107534747622,1.0,-0.0,-0.5698928151140231,-0.5297859482840876,0.0
2018-10-08,-0.3116445968689467,-0.7621225111936742,1.0,-0.0,-0.5730208631037439,-0.5287224921406116,0.0
2018-10-09,-0.3089430894308943,-0.7620680894308943,1.0,-0.0,-0.5740917174796748,-0.5307418699186992,0.0
2018-10-10,-0.31396384928716903,-0.7624427189409368,1.0,-0.0,-0.5785068737270875,-0.527367617107943,0.0
2018-10-11,-0.24326742141468982,-0.7517352006663169,1.0,-0.0,-0.5543387728660888,-0.5354597896165593,0.0
2018-10-12,-0.240976353928299,-0.7457513348588863,1.0,-0.0,-0.5423951182303586,-0.5219832189168574,0.0
2018-10-15,-0.20468946095687043,-0.7886681563561787,1.0,-0.0,-0.5399002112094035,-0.5277174079402492,0.0
2018-10-16,-0.1984363023148858,-0.8014410547294191,1.0,-0.0,-0.5392610761919363,-0.5269661198834892,0.0
2018-10-17,-0.18299155609167672,-0.7717129071170085,1.0,-0.0,-0.5322074788902291,-0.5287696019300362,0.0
2018-10-18,-0.18335143615737387,-0.7731112720251027,1.0,-0.0,-0.531679942070963,-0.5289946898382815,0.0
2018-10-19,-0.16782840218984652,-0.76291620546265,1.0,-0.0,-0.5328925718730367,-0.5279564423968648,0.0
2018-10-22,-0.16805717532370446,-0.7589485960348077,1.0,-0.0,-0.5341945515983374,-0.5291707783858138,0.0
2018-10-23,-0.1810157850343415,-0.7672912399084227,1.0,-0.0,-0.5328352813592,-0.5313290757922642,0.0
2018-10-24,-0.17915525182888278,-0.7631935454737032,1.0,-0.0,-0.5340036728181353,-0.5341240930848661,0.0
2018-10-25,-0.14417831198763018,-0.720745689529422,1.0,-0.0,-0.5464888992618957,-0.5059952737987572,0.0
2018-10-26,-0.1294548812512625,-0.7084523706461201,1.0,-0.0,-0.5501688165526794,-0.4976481112746371,0.0
2018-10-29,-0.12350264915917991,-0.7100322506334946,1.0,-0.0,-0.548577516701221,-0.4974084312370422,0.0
2018-10-30,-0.10781741111335391,-0.7122754404682949,1.0,-0.0,-0.5512269673289311,-0.5122985091842326,0.0
2018-10-31,-0.11199519161968001,-0.6937233464037323,1.0,-0.0,-0.5489281318870031,-0.50748447293855,0.0
2018-11-01,-0.08809953843066426,-0.7162925374845904,1.0,-0.0,-0.551475015051174,-0.5110231931423984,0.0
2018-11-02,-0.0872038194035129,-0.764676411646823,1.0,-0.0,-0.5619474242602852,-0.5332429565012378,0.0
2018-11-05,-0.09596215074240487,-0.7540095813372215,1.0,-0.0,-0.5691373820930163,-0.5564614514833219,0.0
2018-11-06,-0.09870006246839397,-0.755659339024898,1.0,-0.0,-0.5669750423892672,-0.5533509831335336,0.0
2018-11-07,-0.09848056852308881,-0.7554637090779341,1.0,-0.0,-0.5664119413636228,-0.5530611638072017,0.0
2018-11-08,-0.07935759540297628,-0.7544128480919405,1.0,-0.0,-0.5579784882864299,-0.5550611463091204,0.0
2018-11-09,-0.08026183876865012,-0.7548210178687268,1.0,-0.0,-0.5579111871203633,-0.5556407383381494,0.0
2018-11-12,-0.07940701599882577,-0.7420813151328343,1.0,-0.0,-0.5614853955672978,-0.5526199911933068,0.0
2018-11-13,-0.056948403234250475,-0.7392821825373742,1.0,-0.0,-0.5628526554592519,-0.5494153917747658,0.0
2018-11-14,-0.05708884688090738,-0.7391013523338664,1.0,-0.0,-0.5628035480587465,-0.549280209393631,0.0
2018-11-15,-0.05612496733544322,-0.7394674951366105,1.0,-0.0,-0.5643274004819837,-0.5435672599518016,0.0
2018-11-16,-0.05594060841574109,-0.7367688426181016,1.0,-0.0,-0.5632630571585999,-0.5439781921526549,0.0
2018-11-19,-0.05163731625673118,-0.7416678794935235,1.0,-0.0,-0.5695240867413768,-0.5479551739193712,0.0
2018-11-20,-0.007820193477379367,-0.736140879337311,1.0,-0.0,-0.578144007414702,-0.5742628743555581,0.0
2018-11-21,-0.01251399213570219,-0.731236187250653,1.0,-0.0,-0.5761602709451509,-0.5502712321689963,0.0
2018-11-23,-0.013644833022789165,-0.7219435287372797,1.0,-0.0,-0.5798767378529454,-0.5511251254120682,0.0
2018-11-26,-0.013324545819244655,-0.723221961143905,1.0,-0.0,-0.5788583873001317,-0.5500888303054616,0.0
2018-11-27,-0.005189176859692641,-0.7259145211416189,1.0,-0.0,-0.574516009465971,-0.5455763692869159,0.0
2018-11-28,-0.007879185817465528,-0.7177766993062891,1.0,-0.0,-0.5799765908247453,-0.5491449941477062,0.0
2018-11-29,-0.0,-0.7080527417803181,1.0,-0.0,-0.5736234508516779,-0.5478184596231113,0.0
2018-11-30,-0.0,-0.7082885431400283,1.0,-0.0,-0.5742857142857143,-0.5463083451202264,0.0
2018-12-03,-0.0,-0.7142491758554051,1.0,-0.0,-0.5783505740593383,-0.5492781630101171,0.0
2018-12-04,-0.0,-0.7167762784896247,1.0,-0.0,-0.5719469327588161,-0.5460653135276108,0.0
2018-12-06,-0.0,-0.6607547378308194,1.0,-0.0,-0.5782363666500911,-0.523592463672026,0.0
2018-12-07,-0.0,-0.6712970711297072,1.0,-0.0,-0.5943933054393306,-0.5237099023709902,0.0
2018-12-10,-0.0,-0.6708172280508006,1.0,-0.0,-0.5866648260629487,-0.5034235229155163,0.0
2018-12-11,-0.0,-0.6723332504077176,1.0,-0.0,-0.5829947204024657,-0.5088592199463748,0.0
2018-12-12,-0.0,-0.6727790684810266,1.0,-0.0,-0.5825589113840027,-0.5104546963159642,0.0
2018-12-13,-0.0,-0.67124968625373,1.0,-0.0,-0.6041777058872745,-0.5134562289092786,0.0
2018-12-14,-0.0,-0.6586610878661089,1.0,-0.0,-0.6153695955369596,-0.5153695955369596,0.0
2018-12-17,-0.0,-0.654761574138362,1.0,-0.0,-0.5998833560141084,-0.5225928291721055,0.0
2018-12-18,-0.0,-0.6489011748445058,1.0,-0.0,-0.5950794747753974,-0.5203593642017967,0.0
2018-12-19,-0.0,-0.6489273471193188,1.0,-0.0,-0.5950735375428509,-0.5205683954439898,0.0
2018-12-20,-0.0,-0.6358357642137707,1.0,-0.0,-0.6006659695085035,-0.5154383840607628,0.0
2018-12-21,-0.0,-0.6345495853064353,1.0,-0.0,-0.5998138669148441,-0.5028878000711685,0.0
2018-12-24,-0.0,-0.6275359947643979,1.0,-0.0,-0.5951134380453752,-0.5042266579406631,0.0
2018-12-26,-0.0,-0.6296156031054725,1.0,-0.0,-0.580680066004815,-0.4948197040603782,0.0
2018-12-27,-0.0,-0.5967931475726634,1.0,-0.0,-0.5223670122476693,-0.4922831849163033,0.0
2018-12-28,-0.0,-0.6016245298788132,1.0,-0.0,-0.5208942749686586,-0.4892655662348516,0.0
2018-12-31,-0.0,-0.6022881621565145,1.0,-0.0,-0.5206874934698568,-0.4890554800961237,0.0
2019-01-02,-0.0,-0.6015867630555628,1.0,-0.0,-0.5191690372419553,-0.48905185687814806,0.0
2019-01-03,-0.0,-0.6014040765195605,1.0,-0.0,-0.5296343659472297,-0.47876921470887596,0.0
2019-01-04,-0.0,-0.6031132442599559,1.0,-0.0,-0.51153197561292,-0.4796990530548709,0.0
2019-01-07,-0.0,-0.5788025477707006,1.0,-0.0,-0.5058089171974522,-0.46318471337579614,0.0
2019-01-08,-0.0,-0.5786604162951262,1.0,-0.0,-0.5058469847901964,-0.4631983898499401,0.0
2019-01-09,-0.0,-0.5775117789379854,1.0,-0.0,-0.5056411562460206,-0.46364446708264356,0.0
2019-01-10,-0.0,-0.5772345301757066,1.0,-0.0,-0.5057295645530939,-0.46350903997962817,0.0
2019-01-11,-0.0,-0.5602210226115298,1.0,-0.0,-0.5091413729883886,-0.47695559177021796,0.0
2019-01-14,-0.0,-0.5591351074718527,1.0,-0.0,-0.5069089048106449,-0.49280962128966227,0.0
2019-01-15,-0.0,-0.5667898762770163,1.0,-0.0,-0.5095230761332717,-0.4905282612043739,0.0
2019-01-16,-0.0,-0.566232300430946,1.0,-0.0,-0.4994869690129284,-0.4994356659142212,0.0
2019-01-17,-0.0,-0.5709711299536337,1.0,-0.0,-0.49588851602326,-0.4948382303968031,0.0
2019-01-18,-0.0,-0.5690977655781022,1.0,-0.0,-0.4979605448808394,-0.4982940406864883,0.0
2019-01-22,-0.0,-0.5944854726190172,1.0,-0.0,-0.4936754146117088,-0.46722714844249097,0.0
2019-01-23,-0.0,-0.5554420030659172,1.0,-0.0,-0.4969340827797649,-0.5025549310168625,0.0
2019-01-24,-0.0,-0.5367924767433018,1.0,-0.0,-0.5126359281133558,-0.48536158779245137,0.0
2019-01-25,-0.0,-0.4883225541525511,1.0,-0.0,-0.5702956575300278,-0.5078790678575096,0.0
2019-01-28,-0.0,-0.4808367728869178,1.0,-0.0,-0.5774348193913913,-0.5053708308765094,0.0
2019-01-29,-0.0,-0.4710107615467793,1.0,-0.0,-0.5752021008187015,-0.52831985994542,0.0
2019-01-30,-0.0,-0.47012505789717457,1.0,-0.0,-0.5746487571406514,-0.5284596778343883,0.0
2019-01-31,-0.0,-0.4876189987426548,1.0,-0.0,-0.527007261810064,-0.5513587026250288,0.0
2019-02-01,-0.0,-0.4870393183451391,1.0,-0.0,-0.5279232111692844,-0.5515090853095165,0.0
2019-02-04,-0.0,-0.4829691187031907,1.0,-0.0,-0.5271878526726173,-0.5547347901918539,0.0
2019-02-05,-0.0,-0.47691050265631385,1.0,-0.0,-0.5254137719656723,-0.5518236616264814,0.0
2019-02-06,-0.0,-0.48729968663218765,1.0,-0.0,-0.5134646251050928,-0.5469414791979822,0.0
2019-02-07,-0.0,-0.4939326871708769,1.0,-0.0,-0.5162939784782111,-0.5337454526953115,0.0
2019-02-08,-0.0,-0.4959150950599374,1.0,-0.0,-0.5231986969025986,-0.5259728691048842,0.0
2019-02-11,-0.0,-0.4916515842871345,1.0,-0.0,-0.5235922404343725,-0.5338907440923806,0.0
2019-02-12,-0.0,-0.4862413216439466,1.0,-0.0,-0.5146201793949222,-0.5329650838696599,0.0
2019-02-13,-0.0,-0.49164768413059984,1.0,-0.0,-0.5131612250063275,-0.5261958997722096,0.0
2019-02-14,-0.0,-0.4782586622667851,1.0,-0.0,-0.5327071963447138,-0.5274273384947328,0.0
2019-02-15,-0.0,-0.4687484158767172,1.0,-0.0,-0.5357631672327268,-0.5301110153596593,0.0
2019-02-19,-0.0,-0.4571175278622087,1.0,-0.0,-0.5474924012158056,-0.5283181357649442,0.0
2019-02-20,-0.0,-0.44503940189937363,1.0,-0.0,-0.5525863810870884,-0.5281369973732067,0.0
2019-02-21,-0.0,-0.44049223259006887,1.0,-0.0,-0.5663725814243218,-0.5356334697821057,0.0
2019-02-22,-0.0,-0.4450455942492825,1.0,-0.0,-0.5641240569991618,-0.5308999466585385,0.0
2019-02-25,-0.0,-0.4413982878108439,1.0,-0.0,-0.5701182225845902,-0.5363840195678761,0.0
2019-02-26,-0.0,-0.4329672554279063,1.0,-0.0,-0.5729287919429121,-0.5245963864568045,0.0
2019-02-27,-0.0,-0.4337376686128448,1.0,-0.0,-0.5525719750352325,-0.5302748137708879,0.0
2019-02-28,-0.0,-0.4265957982769913,1.0,-0.0,-0.5458713285304045,-0.546551463549801,0.0
2019-03-01,-0.0,-0.4251867178037949,1.0,-0.0,-0.5654269277351636,-0.5325999192571659,0.0
2019-03-04,-0.0,-0.40848552113812936,1.0,-0.0,-0.5714610029260417,-0.5425032791847443,0.0
2019-03-05,-0.0,-0.39062021048329415,1.0,-0.0,-0.6198528660467968,-0.5439102891590886,0.0
2019-03-06,-0.0,-0.38877540598508836,1.0,-0.0,-0.618808089061383,-0.5457818404657339,0.0
2019-03-07,-0.0,-0.3813092688895686,1.0,-0.0,-0.6271795656163964,-0.5406852248394004,0.0
2019-03-08,-0.0,-0.37051229297397387,1.0,-0.0,-0.6574169324143607,-0.5438226519905359,0.0
2019-03-11,-0.0,-0.37035788381742735,1.0,-0.0,-0.6585321576763485,-0.564496887966805,0.0
2019-03-12,-0.0,-0.32599141990164276,1.0,-0.0,-0.6736161975515329,-0.6162760280422727,0.0
2019-03-13,-0.0,-0.3393397343154018,1.0,-0.0,-0.6775220307773248,-0.6136525055898987,0.0
2019-03-14,-0.0,-0.32883174784209024,1.0,-0.0,-0.6728790274501671,-0.5903730008553876,0.0
2019-03-15,-0.0,-0.3217099617754895,1.0,-0.0,-0.6783420443612346,-0.6002548300699482,0.0
2019-03-18,-0.0,-0.32751411248170603,1.0,-0.0,-0.6820510140079448,-0.6038312774409367,0.0
2019-03-19,-0.0,-0.32572537908599614,1.0,-0.0,-0.6867359252846424,-0.6109711947111601,0.0
2019-03-20,-0.0,-0.3297130985878455,1.0,-0.0,-0.6856181134457097,-0.6143792568438216,0.0
2019-03-21,-0.0,-0.3324303710911817,1.0,-0.0,-0.6909502143439498,-0.6066328274991453,0.0
2019-03-22,-0.0,-0.3265856950067476,1.0,-0.0,-0.720039162763621,-0.5995078193220608,0.0
2019-03-25,-0.0,-0.279951741502308,1.0,-0.0,-0.7420530843474612,-0.6007396139320185,0.0
2019-03-26,-0.0,-0.295630429060279,1.0,-0.0,-0.7300868649644643,-0.6065806791260858,0.0
2019-03-27,-0.0,-0.28214708590974874,1.0,-0.0,-0.7418497566109723,-0.6072622023417972,0.0
2019-03-28,-0.0,-0.2742350962043949,1.0,-0.0,-0.7317316791084009,-0.622594890127221,0.0
2019-03-29,-0.0,-0.28001577701814356,1.0,-0.0,-0.7294767288982382,-0.6200105180120957,0.0
2019-04-01,-0.0,-0.2863707983193277,1.0,-0.0,-0.730593487394958,-0.6091123949579831,0.0
2019-04-02,-0.0,-0.293252301833642,1.0,-0.0,-0.7329872975299303,-0.5820704765382508,0.0
2019-04-03,-0.0,-0.29323975265478647,1.0,-0.0,-0.730920760821353,-0.5849401205416547,0.0
2019-04-04,-0.0,-0.2922157563737898,1.0,-0.0,-0.7359411288849456,-0.5814044518671224,0.0
2019-04-05,-0.0,-0.28894347610212456,1.0,-0.0,-0.7385998379805054,-0.5856743408158466,0.0
2019-04-08,-0.0,-0.29681425626842695,1.0,-0.0,-0.7355128238578548,-0.5768257364260182,0.0
2019-04-09,-0.0,-0.28372652612857663,1.0,-0.0,-0.765601297274677,-0.566145315687608,0.0
2019-04-10,-0.0,-0.2767586495244068,1.0,-0.0,-0.770487091042124,-0.5659036270513222,0.0
2019-04-11,-0.0,-0.2647748592870544,1.0,-0.0,-0.7700646237231603,-0.5709558057119033,0.0
2019-04-12,-0.0,-0.2674445862527023,1.0,-0.0,-0.7680827234131221,-0.5691141614356784,0.0
2019-04-15,-0.0,-0.2696787305557727,1.0,-0.0,-0.761067250319185,-0.5748456186977253,0.0
2019-04-16,-0.0,-0.2819184751644481,1.0,-0.0,-0.7477598798363289,-0.5600559382607345,0.0
2019-04-17,-0.0,-0.2552316501821968,1.0,-0.0,-0.8076262363352421,-0.5399531494013534,0.0
2019-04-18,-0.0,-0.2584222858630565,1.0,-0.0,-0.8011715699036709,-0.5439208539442854,0.0
2019-04-22,-0.0,-0.25446568473832654,1.0,-0.0,-0.8062519586336572,-0.5507938995090358,0.0
2019-04-23,-0.0,-0.2550340828958709,1.0,-0.0,-0.8057666692783828,-0.5508892893520332,0.0
2019-04-24,-0.0,-0.26789531307022574,1.0,-0.0,-0.7937803034252645,-0.5450445753610343,0.0
2019-04-25,-0.0,-0.2725729803122878,1.0,-0.0,-0.8010601075774192,-0.5374432085226383,0.0
2019-04-26,-0.0,-0.26413910315073863,1.0,-0.0,-0.8147208785462151,-0.5358347496404758,0.0
2019-04-29,-0.0,-0.25983057937669946,1.0,-0.0,-0.8142386530014641,-0.5404465592972182,0.0
2019-04-30,-0.0,-0.24615866224923694,1.0,-0.0,-0.813894033861164,-0.5486395533874208,0.0
2019-05-01,-0.0,-0.24015357292101966,1.0,-0.0,-0.8202047638946928,-0.551426034266611,0.0
2019-05-02,-0.0,-0.23316157045329705,1.0,-0.0,-0.8163532212079203,-0.5661897413094087,0.0
2019-05-03,-0.0,-0.24773627988766697,1.0,-0.0,-0.8123933755019553,-0.5644733734022729,0.0
2019-05-06,-0.0,-0.22280784560520245,1.0,-0.0,-0.8229756660373402,-0.5764107405076568,0.0
2019-05-07,-0.0,-0.22267110889582623,1.0,-0.0,-0.8238411290957266,-0.5768514389149768,0.0
2019-05-08,-0.0,-0.23107548850123108,1.0,-0.0,-0.8082403478443082,-0.57999371365708,0.0
2019-05-09,-0.0,-0.2313757334450964,1.0,-0.0,-0.8052965213746857,-0.5827745180217938,0.0
2019-05-10,-0.0,-0.23149313201216315,1.0,-0.0,-0.812231309636154,-0.5776449617280067,0.0
2019-05-13,-0.0,-0.22926420967277866,1.0,-0.0,-0.806047448405744,-0.5803405613245796,0.0
2019-05-14,-0.0,-0.1794161792867864,1.0,-0.0,-0.8260959577661612,-0.5823456342839398,0.0
2019-05-15,-0.0,-0.17757178736956578,1.0,-0.0,-0.839931643406437,-0.5717614769167033,0.0
2019-05-16,-0.0,-0.17934177477407495,1.0,-0.0,-0.8365571350889459,-0.5734741966389602,0.0
2019-05-17,-0.0,-0.1727876335719473,1.0,-0.0,-0.8256561884012864,-0.5951602863367569,0.0
2019-05-20,-0.0,-0.16173038020644226,1.0,-0.0,-0.8325898646195342,-0.5991493334716531,0.0
2019-05-21,-0.0,-0.16380003631929854,1.0,-0.0,-0.8312709160245934,-0.5991646561340701,0.0
2019-05-22,-0.0,-0.15932484637921648,1.0,-0.0,-0.8340376986699164,-0.5993932951333973,0.0
2019-05-23,-0.0,-0.15806384742951907,1.0,-0.0,-0.8460820895522387,-0.5870646766169155,0.0
2019-05-24,-0.0,-0.1379657603222558,1.0,-0.006662018746610891,-0.8446820048028508,-0.592868024892194,0.0
2019-05-28,-0.0,-0.13481641691127247,1.0,-0.011818322261702457,-0.8404397754776249,-0.5877233637159482,0.0
2019-05-29,-0.0,-0.17492176804224527,1.0,-0.03263739487580677,-0.7459906121650695,-0.49119890475259137,0.0
2019-05-30,-0.0,-0.1731027248554631,1.0,-0.035737808894201445,-0.7402727294904008,-0.49035201131900563,0.0
2019-05-31,-0.0,-0.16712535619474414,1.0,-0.036557149467838966,-0.7379867994836699,-0.493874668160452,0.0
2019-06-03,-0.0,-0.1706607865468027,1.0,-0.05447187961908454,-0.7348615183309506,-0.4631079018149216,0.0
2019-06-04,-0.0,-0.1757672572369058,1.0,-0.06290541194694549,-0.7411898538096621,-0.44050730951689415,0.0
2019-06-05,-0.0,-0.17079836969551665,1.0,-0.08144329896907217,-0.7561256293454807,-0.3891392951330616,0.0
2019-06-06,-0.0,-0.17113901001485457,1.0,-0.07436868081843884,-0.7542048013800374,-0.39618573003018837,0.0
2019-06-07,-0.0,-0.18561912976806594,1.0,-0.07211999233275829,-0.7448964922369178,-0.3933774199731646,0.0
2019-06-10,-0.0,-0.1850017940437747,1.0,-0.05530438942710203,-0.7524937208467888,-0.3992584619064705,0.0
2019-06-11,-0.0,-0.1831991566034119,1.0,-0.0618410964155645,-0.7557264711520031,-0.3952463101399271,0.0
2019-06-12,-0.0,-0.16966162128975892,1.0,-0.05863184490779004,-0.7414342723558998,-0.3915794942029328,0.0
2019-06-13,-0.0,-0.18936375851582943,1.0,-0.07392565003182386,-0.7179698734117537,-0.376087315244808,0.0
2019-06-14,-0.0,-0.18764436901899778,1.0,-0.07768821005986895,-0.7191109225474943,-0.37260170650073066,0.0
2019-06-17,-0.0,-0.1800825958702065,1.0,-0.07830088495575221,-0.7311622418879056,-0.37033628318584066,0.0
2019-06-18,-0.0,-0.18681967367948807,1.0,-0.07612571131732426,-0.7322377275625133,-0.3660362211045784,0.0
2019-06-19,-0.0,-0.17729257641921395,1.0,-0.08299303670482709,-0.7292576419213973,-0.370872182225894,0.0
2019-06-20,-0.0,-0.18103611268670827,1.0,-0.07768481754584988,-0.7322272641331065,-0.3724711665721308,0.0
2019-06-21,-0.0,-0.18639822297840164,1.0,-0.07708303795075383,-0.7251996786237535,-0.3743796965830143,0.0
2019-06-24,-0.0,-0.18394236693682162,1.0,-0.0839139295701218,-0.7158870088629793,-0.3860372529503768,0.0
2019-06-25,-0.0,-0.17679125879927,1.0,-0.08549216657581,-0.7200113768339219,-0.3878789315256808,0.0
2019-06-26,-0.0,-0.17507961405009745,1.0,-0.08562669328390132,-0.7265316792623223,-0.38932458767051664,0.0
2019-06-27,-0.0,-0.1740848288665683,1.0,-0.09615842338268196,-0.7298043509306421,-0.38011139144094824,0.0
2019-06-28,-0.0,-0.19321005351681958,1.0,-0.0911697247706422,-0.722405389908257,-0.38238245412844035,0.0
2019-07-01,-0.0,-0.1841715623059655,1.0,-0.09595453025743898,-0.7344175383292736,-0.37359698142045183,0.0
2019-07-02,-0.0,-0.19988186650915532,1.0,-0.09533372711163614,-0.7072415829887773,-0.36018901358535144,0.0
2019-07-03,-0.0,-0.19094050267430301,1.0,-0.1034458276139537,-0.712642590050646,-0.35961092440952336,0.0
2019-07-05,-0.0,-0.19286879625469938,1.0,-0.10034757524885915,-0.7098101340647389,-0.36145461423876296,0.0
2019-07-08,-0.0,-0.1927169543627335,1.0,-0.10037834003310475,-0.7099077796169306,-0.3616221328919367,0.0
2019-07-09,-0.0,-0.18528591023033628,1.0,-0.10171215059357706,-0.7103060114458686,-0.36754481388639265,0.0
2019-07-10,-0.0,-0.18145905284572078,1.0,-0.1005346075602025,-0.7150494393717178,-0.3684770781094763,0.0
2019-07-11,-0.0,-0.176672506036646,1.0,-0.10776004924009279,-0.7181004687278064,-0.3647554566545144,0.0
2019-07-12,-0.0,-0.18003645229247048,1.0,-0.10845740525954506,-0.7208559187634624,-0.3576585319667669,0.0
2019-07-15,-0.0,-0.17603385903104535,1.0,-0.10992362802354999,-0.7282292577967986,-0.3502470858061618,0.0
2019-07-16,-0.0,-0.1832891748675246,1.0,-0.11953538985616957,-0.7244275170325511,-0.33838001514004545,0.0
2019-07-17,-0.0,-0.1844384495243504,1.0,-0.11912537271049269,-0.7251881300582138,-0.3376638742959913,0.0
2019-07-18,-0.0,-0.18501434308663223,1.0,-0.10370625358577165,-0.7010671256454388,-0.3051061388410786,0.0
2019-07-19,-0.0,-0.18865143699336773,1.0,-0.10379053058216654,-0.7102063375092115,-0.3002487103905674,0.0
2019-07-22,-0.0,-0.16662067696835908,1.0,-0.0972912067696836,-0.7182441133186167,-0.3173289183222958,0.0
2019-07-23,-0.0,-0.16509488079667747,1.0,-0.09433009797847687,-0.7154035015258944,-0.3197494320919667,0.0
2019-07-24,-0.0,-0.16433638680349888,1.0,-0.09371627981725096,-0.7166012351631196,-0.3211883279381041,0.0
2019-07-25,-0.0,-0.1565460760248675,1.0,-0.09653368814663577,-0.7256543781973342,-0.3153403225436443,0.0
2019-07-26,-0.0,-0.15787782088661356,1.0,-0.0947680157946693,-0.7275189972221585,-0.3155719828278886,0.0
2019-07-29,-0.0,-0.15392902989180268,1.0,-0.09779020722538051,-0.7196268109297633,-0.3209701081973226,0.0
2019-07-30,-0.0,-0.15525344459983034,1.0,-0.09919988995621175,-0.7167747999724889,-0.3213278617116394,0.0
2019-07-31,-0.0,-0.1699658233364681,1.0,-0.09789664426451361,-0.7109663508957038,-0.31490698901300546,0.0
2019-08-01,-0.0,-0.18110831234256927,1.0,-0.10139683993588276,-0.7005495763682161,-0.30684680558735977,0.0
2019-08-02,-0.0,-0.16418701059419624,1.0,-0.13109166282818976,-0.7080838323353293,-0.2997005988023952,0.0
2019-08-05,-0.0,-0.15865206947524021,1.0,-0.12215909090909091,-0.728589246119734,-0.30025868440502584,0.0
2019-08-06,-0.0,-0.16031045713889724,1.0,-0.13275276616386777,-0.7081379501513017,-0.3087708761636368,0.0
2019-08-07,-0.0,-0.16970018940268858,1.0,-0.11680602392941285,-0.7029842472398024,-0.3202984247239802,0.0
2019-08-08,-0.0,-0.1712501445588065,1.0,-0.11539262171851508,-0.7046837053313287,-0.32161443275124324,0.0
2019-08-09,-0.0,-0.1654228855721393,1.0,-0.11415146489773356,-0.6970702045328911,-0.32665376819605674,0.0
2019-08-12,-0.0,-0.16121312531639742,1.0,-0.12232500345160845,-0.7046343596115789,-0.3129228220350683,0.0
2019-08-13,-0.0,-0.1721019457385585,1.0,-0.11873115922170459,-0.6974513565360373,-0.2954005663652142,0.0
2019-08-14,-0.0,-0.17835503707722916,1.0,-0.11762977030204377,-0.6855896183758365,-0.2792322300596853,0.0
2019-08-15,-0.0,-0.19081548323691677,1.0,-0.12425453976904692,-0.6648500145183266,-0.2536463335641375,0.0
2019-08-16,-0.0,-0.19011016021272317,1.0,-0.12443858512278508,-0.6613411391415102,-0.2585971890152616,0.0
2019-08-19,-0.0,-0.1880719610731664,1.0,-0.12459265211374493,-0.6623811436989421,-0.25699745547073793,0.0
2019-08-20,-0.0,-0.18943643162393162,1.0,-0.13051994301994302,-0.6559161324786325,-0.24991096866096865,0.0
2019-08-21,-0.0,-0.18953622930389888,1.0,-0.12575663165390777,-0.6593377247641089,-0.250734377781734,0.0
2019-08-22,-0.0,-0.19182711547867845,1.0,-0.11999199608697585,-0.6567432967228423,-0.25474676508515276,0.0
2019-08-23,-0.0,-0.1931267505446139,1.0,-0.1198372827101765,-0.657093317921131,-0.2528564442270929,0.0
2019-08-26,-0.0,-0.1895198624399277,1.0,-0.12327498787531413,-0.6501036109518981,-0.24158987698955073,0.0
2019-08-27,-0.0,-0.18875988632107688,1.0,-0.12617038619990747,-0.6489832786235157,-0.23914432376462294,0.0
2019-08-28,-0.0,-0.19381520612303418,1.0,-0.12100491871980942,-0.6487416458962878,-0.24212012263713967,0.0
2019-08-29,-0.0,-0.1954453352127566,1.0,-0.12243414677120959,-0.6474980177957889,-0.23707162364549378,0.0
2019-08-30,-0.0,-0.19218355472609505,1.0,-0.12653419694807333,-0.6459545504446152,-0.23095839279833133,0.0
2019-09-03,-0.0,-0.18900954261270156,1.0,-0.1227816167598991,-0.6464626521882199,-0.23545025776022815,0.0
2019-09-04,-0.0,-0.18265961880113177,1.0,-0.12863816813984602,-0.6438049700611936,-0.23819445967582745,0.0
2019-09-05,-0.0,-0.18721681076939914,1.0,-0.125533544927219,-0.6470613987085476,-0.229090511108679,0.0
2019-09-06,-0.0,-0.18159171364887897,1.0,-0.13500284078493072,-0.6585595035182029,-0.210065119531489,0.0
2019-09-09,-0.0,-0.1841490314267619,1.0,-0.13481403830614339,-0.656511389198279,-0.20845617943174122,0.0
2019-09-10,-0.0,-0.1846300881880186,1.0,-0.1504626612798123,-0.6396455102306791,-0.19735870367956904,0.0
2019-09-11,-0.0,-0.18321240822001128,1.0,-0.1495416431333362,-0.6399183212408219,-0.19963505235260892,0.0
2019-09-12,-0.0,-0.19772890739085897,1.0,-0.14526710402999063,-0.6380200954643535,-0.1985353414267344,0.0
2019-09-13,-0.0,-0.20384815392615704,1.0,-0.1438074189634252,-0.6259967065349281,-0.19310105737562838,0.0
2019-09-16,-0.0,-0.19904589215559296,1.0,-0.14218797219703838,-0.6262573932564867,-0.191123774985969,0.0
2019-09-17,-0.0,-0.27603515831833103,1.0,-0.12584983585724877,-0.5814042147622577,-0.1346817748596844,0.0
2019-09-18,-0.0,-0.2776989388515875,1.0,-0.12322877173659798,-0.5811323152521551,-0.13600067777942518,0.0
2019-09-19,-0.0,-0.2862208820843862,1.0,-0.12296944344170047,-0.5688743549996815,-0.14539315821884358,0.0
2019-09-20,-0.0,-0.28138913624220835,1.0,-0.11896281219522536,-0.5692871984056312,-0.15053216299877029,0.0
2019-09-23,-0.0,-0.28353619746384495,1.0,-0.12330887654268628,-0.5630433860638704,-0.15064252088723018,0.0
2019-09-24,-0.0,-0.28455974375835225,1.0,-0.1294571834630804,-0.5581952781961267,-0.14899348789852151,0.0
2019-09-25,-0.0,-0.28345573451289974,1.0,-0.12599208448856059,-0.5548265571758132,-0.1521513682829266,0.0
2019-09-26,-0.0,-0.27698334546388664,1.0,-0.16279916085113671,-0.5711563985100826,-0.12972556407072827,0.0
2019-09-27,-0.0,-0.2749417224491542,1.0,-0.16694112363395283,-0.5656451164481704,-0.13109775658162065,0.0
2019-09-30,-0.0,-0.2262108505904501,1.0,-0.2077699811740544,-0.5549803183296251,-0.1503508471675509,0.0
2019-10-01,-0.0,-0.21122931695100286,1.0,-0.2215895712481538,-0.5503992122781858,-0.157330308024916,0.0
2019-10-02,-0.0,-0.21128600492558092,1.0,-0.22741192847199918,-0.5532926437520077,-0.14956633472534533,0.0
2019-10-03,-0.0,-0.23433874709976799,1.0,-0.22252495795993954,-0.5466485025224036,-0.12509844824283192,0.0
2019-10-04,-0.0,-0.24551588657328322,1.0,-0.22640502220703793,-0.5360223778612914,-0.1273274683976768,0.0
2019-10-07,-0.0,-0.24831455879842973,1.0,-0.22725721112817887,-0.5323007339136371,-0.1255973715651135,0.0
2019-10-08,-0.0,-0.24310037364130435,1.0,-0.20087466032608695,-0.5565557065217391,-0.12243121603260869,0.0
2019-10-09,-0.0,-0.2505183868647116,1.0,-0.20329228555710718,-0.5508653886843554,-0.11118869281875503,0.0
2019-10-10,-0.0,-0.2712718076214154,1.0,-0.2367653992884393,-0.5088730764284796,-0.12634489262291568,0.0
2019-10-11,-0.0,-0.2798777337695884,1.0,-0.2633244360254865,-0.4856853797141381,-0.12368692956776305,0.0
2019-10-14,-0.0,-0.27730424887820165,1.0,-0.26540996629237606,-0.4869356119973377,-0.1173325890460957,0.0
2019-10-15,-0.0,-0.27961515333734216,1.0,-0.2850700111674255,-0.4812301348681385,-0.10166652349454515,0.0
2019-10-16,-0.0,-0.28773341364770677,1.0,-0.2957576800619568,-0.47504517683504,-0.09274158850357113,0.0
2019-10-17,-0.0,-0.2628045106309719,1.0,-0.3307437376258931,-0.45420504433158304,-0.10426530085219937,0.0
2019-10-18,-0.0,-0.21371841155234655,1.0,-0.27463641052088705,-0.48606498194945846,-0.08849922640536359,0.0
2019-10-21,-0.0,-0.2539021217787172,1.0,-0.2624583367205918,-0.47024632143728157,-0.045727989594341927,0.0
2019-10-22,-0.0,-0.25283495185162563,1.0,-0.2618538651031169,-0.47224088438282535,-0.04894236446181722,0.0
2019-10-23,-0.0,-0.2533097431517296,1.0,-0.2603867976328473,-0.4683057775608566,-0.05163402680332703,0.0
2019-10-24,-0.0,-0.25040358011320674,1.0,-0.27124670494717695,-0.4706459325254919,-0.051147393587673944,0.0
2019-10-25,-0.0,-0.2516238408431717,1.0,-0.2588953797132236,-0.47785857265411164,-0.054168879447689854,0.0
2019-10-28,-0.0,-0.263810459121041,1.0,-0.264199197970374,-0.4855962026352402,-0.03238808413127097,0.0
2019-10-29,-0.0,-0.26214591567852435,1.0,-0.2854701910408432,-0.47280550065876153,-0.03822875494071146,0.0
2019-10-30,-0.0,-0.2586189131823521,1.0,-0.28526387371978484,-0.47622972778041095,-0.04057534980526305,0.0
2019-10-31,-0.0,-0.25978904782545875,1.0,-0.28365017441740453,-0.46972980783123824,-0.05094226680702624,0.0
2019-11-01,-0.0,-0.2543888636457516,1.0,-0.27706638027179975,-0.48614151761741503,-0.04775083646577719,0.0
2019-11-04,-0.0,-0.24834966583295748,1.0,-0.30464553692238305,-0.45698880642912787,-0.04010004510230022,0.0
2019-11-05,-0.0,-0.26785266326615936,1.0,-0.4216280625470357,-0.4009950664771302,-0.0,0.0
2019-11-06,-0.0,-0.26347661645029,1.0,-0.44540297048636934,-0.41593183604955064,-0.0,0.0
2019-11-07,-0.0,-0.27279313063303007,1.0,-0.4405642085526176,-0.41736091875652526,-0.0,0.0
2019-11-08,-0.0,-0.27086489831629706,1.0,-0.4449115469153454,-0.4181728943044322,-0.0,0.0
2019-11-11,-0.0,-0.2682505399568035,1.0,-0.4764578833693304,-0.415097192224622,-0.0,0.0
2019-11-12,-0.0,-0.2794507555344787,1.0,-0.4737987971804876,-0.40234097130909013,-0.0,0.0
2019-11-13,-0.0,-0.281109282992726,1.0,-0.48545202632490475,-0.3983157256667821,-0.0,0.0
2019-11-14,-0.0,-0.2835426591598095,1.0,-0.48161541792983975,-0.4002815071459506,-0.0,0.0
2019-11-15,-0.0,-0.2816898372669469,1.0,-0.49768293997197977,-0.3760103459424507,-0.0,0.0
2019-11-18,-0.0,-0.2764196009770227,1.0,-0.4986057972894105,-0.384346021658777,-0.002183170135961784,0.0
2019-11-19,-0.0,-0.3132614910930284,1.0,-0.4976687926105124,-0.3855289201671432,-0.002793050362876622,0.0
2019-11-20,-0.0,-0.30746210396200635,1.0,-0.46334005594951533,-0.38455533146834947,-0.01322837377745972,0.0
2019-11-21,-0.0,-0.29343264561773563,1.0,-0.49908817261002353,-0.36971854195504583,-0.03491310175114803,0.0
2019-11-22,-0.0,-0.29541663008165775,1.0,-0.5109755026780226,-0.36844762490122046,-0.020260777943629817,0.0
2019-11-25,-0.0,-0.29592732379531295,1.0,-0.5130123760203633,-0.3694154305275169,-0.01597472132010884,0.0
2019-11-26,-0.0,-0.2913421697724364,1.0,-0.5114432609497365,-0.34598780831724407,-0.02056532963099551,0.0
2019-11-27,-0.0,-0.3056909512358918,1.0,-0.5009856805528476,-0.3372327289270163,-0.022399861354823334,0.0
2019-11-29,-0.0,-0.3060770103902908,1.0,-0.5168078232777438,-0.3509342530341395,-0.008993276870688903,0.0
2019-12-02,-0.0,-0.3049837960935447,1.0,-0.5224227029867741,-0.35298239467460807,-0.009350091968117721,0.0
2019-12-03,-0.0,-0.3043440258718643,1.0,-0.5173061795297614,-0.3545144655187484,-0.008959007079800718,0.0
2019-12-04,-0.0,-0.3250850060326862,1.0,-0.5275419545903258,-0.34107710869803665,-0.0,0.0
2019-12-05,-0.0,-0.3209683114131874,1.0,-0.5390590519904669,-0.3377173625209639,-0.009003442492717804,0.0
2019-12-06,-0.0,-0.32248579576857606,1.0,-0.5397607941104946,-0.33975195100921896,-0.008754670262861185,0.0
2019-12-09,-0.0,-0.30931313402154,1.0,-0.5526209947714171,-0.35301872458327743,-0.01948429190686866,0.0
2019-12-10,-0.0,-0.31161520190023756,1.0,-0.6416389548693586,-0.41669833729216155,-0.005320665083135391,0.0
2019-12-11,-0.0,-0.3040585495675316,1.0,-0.6471105408231157,-0.4137677026898584,-0.011263187909894497,0.0
2019-12-12,-0.0,-0.3060991286959006,1.0,-0.6486930438508784,-0.4159167737942199,-0.009903347140884635,0.0
2019-12-13,-0.0,-0.30935509269200484,1.0,-0.6683845107723141,-0.40817884665855464,-0.0,0.0
2019-12-16,-0.0,-0.3065086495269043,1.0,-0.6730861129695116,-0.40977731052279465,-0.0,0.0
2019-12-17,-0.0,-0.28693680514921005,1.0,-0.7136483323581042,-0.43748780963526424,-0.0,0.0
2019-12-18,-0.0,-0.3325855606926928,1.0,-0.8298361283615571,-0.5609115530872978,-0.012420321177468331,0.0
2019-12-19,-0.0,-0.32973784043938625,1.0,-0.8712983409772946,-0.5947284978200555,-0.035332087650755906,0.0
2019-12-20,-0.0,-0.33325740318906605,1.0,-0.8833143507972665,-0.596867881548975,-0.033912300683371296,0.0
2019-12-23,-0.0,-0.35103456181578496,1.0,-0.8783745056456698,-0.6254943543302575,-0.01094744082077148,0.0
2019-12-24,-0.0,-0.3524371722497636,1.0,-0.8769808292976473,-0.6263862223113735,-0.009771613605754076,0.0
2019-12-26,-0.0,-0.3542870087212595,1.0,-0.8585343753539474,-0.6187563710499491,-0.0,0.0
2019-12-27,-0.0,-0.3499803049912779,1.0,-0.8466040177817793,-0.6169883518091273,-0.0,0.0
2019-12-30,-0.0,-0.3442766655355729,1.0,-0.8674075330844927,-0.6160784979074765,-0.0,0.0
2019-12-31,-0.0,-0.340923180972778,1.0,-0.8702023333145467,-0.6068872231302486,-0.0,0.0
2020-01-02,-0.0,-0.34251757332806365,1.0,-0.872738051548429,-0.6077689636676736,-0.0,0.0
2020-01-03,-0.0,-0.35885821724638917,1.0,-0.8985271914081417,-0.5914024442355355,-0.0,0.0
2020-01-06,-0.0,-0.3700077521605559,1.0,-0.9180855034597606,-0.5830773206236183,-0.0,0.0
2020-01-07,-0.0,-0.3699216170432686,1.0,-0.9187458726922967,-0.582474374802607,-0.0,0.0
2020-01-08,-0.0,-0.36773428232502964,1.0,-0.930937707953592,-0.5945953765587478,-0.0,0.0
2020-01-09,-0.0,-0.37686329099240184,1.0,-0.9300214604721303,-0.5931790499390986,-0.0,0.0
2020-01-10,-0.0,-0.3746640853006617,1.0,-0.9309388274048603,-0.584014794694715,-0.0,0.0
2020-01-13,-0.0,-0.374537251272559,1.0,-0.9424745488199907,-0.5751677464136973,-0.0,0.0
2020-01-14,-0.0,-0.36203419552827704,1.0,-0.9772029811486189,-0.5834575478591261,-0.0,0.0
2020-01-15,-0.0,-0.3652736697220839,1.0,-0.9796761062465223,-0.5835651741002138,-0.0,0.0
2020-01-16,-0.0,-0.3636868731175249,1.0,-0.9725999356668714,-0.5879463110799192,-0.0,0.0
2020-01-17,-0.0,-0.3590604026845638,1.0,-0.9704697986577181,-0.5884447038225854,-0.0,0.0
2020-01-21,-0.0,-0.35613200665285516,1.0,-0.9685156546351141,-0.5932712789238714,-0.0,0.0
2020-01-22,-0.0,-0.35397894614061176,1.0,-0.972734960487563,-0.5893331000495727,-0.0,0.0
2020-01-23,-0.0,-0.353197461914091,1.0,-0.9693850697388812,-0.6015088160472528,-0.0,0.0
2020-01-24,-0.0,-0.35190667409209486,1.0,-0.9757012632998213,-0.6034821350060088,-0.0,0.0
2020-01-27,-0.0,-0.3346101312429479,1.0,-1.0210523190213194,-0.6136350139556981,-0.0,0.0
2020-01-28,-0.0,-0.34334941827762816,1.0,-1.032268569229403,-0.5848012078510317,-0.0,0.0
2020-01-29,-0.0,-0.34453459212273196,1.0,-1.0278507154447558,-0.5779023454786842,-0.0,0.0
2020-01-30,-0.0,-0.3411021949492566,1.0,-1.0253422232711826,-0.5837561954212886,-0.0,0.0
2020-01-31,-0.0,-0.35046327817412154,1.0,-1.026464580681448,-0.5833456676830171,-0.0,0.0
2020-02-03,-0.0,-0.341246204157907,1.0,-1.0137526278906797,-0.5648797010044382,-0.0,0.0
2020-02-04,-0.0,-0.34260754238265484,1.0,-0.9845173567062623,-0.5560488986276093,-0.0,0.0
2020-02-05,-0.0,-0.34102953393107793,1.0,-0.9793749462889226,-0.54418631298519,-0.0,0.0
2020-02-06,-0.0,-0.34559287970140684,1.0,-0.9780361757105943,-0.5474590869939707,-0.0,0.0
2020-02-07,-0.0,-0.34500387741620475,1.0,-0.9789183444868887,-0.5482666513484792,-0.0,0.0
2020-02-10,-0.0,-0.33543686535482764,1.0,-0.9805518903103666,-0.5524926854454707,-0.0,0.0
2020-02-11,-0.0,-0.34127166303225065,1.0,-0.9687248938367955,-0.559279237920349,-0.0,0.0
2020-02-12,-0.0,-0.34201814964899263,1.0,-0.950744820501113,-0.560955424918669,-0.0,0.0
2020-02-13,-0.0,-0.3493267427987046,1.0,-0.9425316743366854,-0.5488892676552468,-0.0,0.0
2020-02-14,-0.0,-0.36777158774373264,1.0,-0.938133704735376,-0.47958217270194986,-0.0,0.0
2020-02-18,-0.0,-0.36631016042780745,1.0,-0.9390597147950089,-0.47983511586452754,-0.0,0.0
2020-02-19,-0.0,-0.37566255649165875,1.0,-0.9401885845003626,-0.47386040283434694,-0.0,0.0
2020-02-20,-0.0,-0.3750282039711192,1.0,-0.9600631768953068,-0.4853057310469314,-0.0,0.0
2020-02-21,-0.0,-0.3864567730265947,1.0,-0.9637396489839755,-0.47601955741457763,-0.0,0.0
2020-02-24,-0.0,-0.3939205076631066,1.0,-0.9677044675486557,-0.4713164678886087,-0.0,0.0
2020-02-25,-0.0,-0.4016077524501707,1.0,-0.9420768637815219,-0.4093161546085233,-0.0,0.0
2020-02-26,-0.0,-0.3866763605030024,1.0,-0.9192180305355845,-0.3868109971187764,-0.0,0.0
2020-02-27,-0.0,-0.3834879655775178,1.0,-0.9150732822374613,-0.390695172784725,-0.0,0.0
2020-02-28,-0.0,-0.40564505735275164,1.0,-0.8422734888516561,-0.3297074365253254,-0.0,0.0
2020-03-02,-0.0,-0.44145088583708986,1.0,-0.8700859628891917,-0.3092567355068665,-0.0,0.0
2020-03-03,-0.0,-0.45108180770707973,1.0,-0.8232492638586608,-0.28616054282422226,-0.0,0.0
2020-03-04,-0.0,-0.47348945660989455,1.0,-0.8513787510137875,-0.2095752230332522,-0.0,0.0
2020-03-05,-0.0,-0.5239359087781382,1.0,-0.781111766440578,-0.15243782561682886,-0.0,0.0
2020-03-06,-0.0,-0.544615908869633,1.0,-0.7603446597215461,-0.12910135332489533,-0.0,0.0
2020-03-09,-0.0,-0.5368191721132898,1.0,-0.7621883321229725,-0.12171387073347857,-0.0,0.0
2020-03-10,-0.0,-0.46180596626528825,1.0,-0.6565967211563484,-0.24730902983132644,-0.0,0.0
2020-03-11,-0.0,-0.4946159368269921,1.0,-0.6426371488780307,-0.1784730102123521,-0.0,0.0
2020-03-12,-0.0,-0.48518748705199916,1.0,-0.6371106967750847,-0.179568630159059,-0.0,0.0
2020-03-13,-0.03202062822315987,-0.4680731364275668,1.0,-0.589029535864979,-0.25501640881387716,-0.0,0.0
2020-03-16,-0.007693008011653315,-0.4923069919883467,1.0,-0.552189548434086,-0.2238483248361253,-0.0,0.0
2020-03-17,-0.12022369271216274,-0.38250562573803,1.0,-0.4113138604816968,-0.258761669228884,-0.05523249337165519,0.0
2020-03-18,-0.12810953704331324,-0.37612688944621436,1.0,-0.43435233511828103,-0.26448857859418423,-0.056372715153979985,0.0
2020-03-19,-0.11952693088245585,-0.4435139611374186,1.0,-0.46688749445986605,-0.28097226434019923,-0.02176397863257832,0.0
2020-03-20,-0.12909597125383718,-0.3204197701258834,1.0,-0.5333745805868215,-0.312971468005616,-0.08381124622230683,0.0
2020-03-23,-0.13076647991417334,-0.316938848492073,1.0,-0.5365597806651567,-0.3139110740255096,-0.08592204076767196,0.0
2020-03-24,-0.12778959869365136,-0.3016725221435994,1.0,-0.6047553070414172,-0.35365431243505374,-0.0862734425256074,0.0
2020-03-25,-0.14778725131952902,-0.3091877433068233,1.0,-0.51135630866232,-0.3624943278163884,-0.05746220534498818,0.0
2020-03-26,-0.1345701467200194,-0.312647023159937,1.0,-0.5416030071541167,-0.3768158118103553,-0.05946404753243604,0.0
2020-03-27,-0.13270819703908313,-0.31256814712509995,1.0,-0.5420997795061908,-0.37864359962201055,-0.056989169150250776,0.0
2020-03-30,-0.11888263840266544,-0.3072261522489679,1.0,-0.5636302180158864,-0.3798739708829281,-0.04473792220961395,0.0
2020-03-31,-0.10356806832163278,-0.3291114810257895,1.0,-0.5560782610793468,-0.37031675954741744,-0.05341246290801187,0.0
2020-04-01,-0.12718721060583907,-0.37351952039771896,1.0,-0.5109665155724521,-0.3919188965248331,-0.03338694740946532,0.0
2020-04-02,-0.14227750271706316,-0.33399347904842414,1.0,-0.5082719478323874,-0.4068832266634465,-0.023741094070764402,0.0
2020-04-03,-0.13938090520261945,-0.34608414083077593,1.0,-0.5135683734866975,-0.3892661237706305,-0.028151656477297445,0.0
2020-04-06,-0.14231224199116435,-0.3317722038481037,1.0,-0.5118171064384521,-0.39528764213118317,-0.032952707433068586,0.0
2020-04-07,-0.14156648276194378,-0.3284024381429638,1.0,-0.5096248825499313,-0.3951381694653914,-0.0345002047847351,0.0
2020-04-08,-0.14446255680695513,-0.3373592175459395,1.0,-0.48453862872950004,-0.4201491800039518,-0.08335803200948429,0.0
2020-04-09,-0.1563963519842248,-0.3144441705693862,1.0,-0.500369731328568,-0.42309588365787526,-0.07054473749075671,0.0
2020-04-13,-0.14225306569161505,-0.3684550904161381,1.0,-0.4889933587045743,-0.42673432330920574,-0.06091585205084198,0.0
2020-04-14,-0.14150943396226415,-0.3764623886095485,1.0,-0.481505451286902,-0.4279384676656544,-0.06175635983471897,0.0
2020-04-15,-0.11745449134467535,-0.3927632557908834,1.0,-0.4643866871682952,-0.4304845989782253,-0.0749218788750558,0.0
2020-04-16,-0.11013751675520032,-0.3971851263466217,1.0,-0.4615002730477089,-0.4339224544506776,-0.0795313508414834,0.0
2020-04-17,-0.1018976795085433,-0.4155992737583008,1.0,-0.4449971398015271,-0.4367896137488497,-0.08784540005471683,0.0
2020-04-20,-0.104555508611477,-0.41146208713373267,1.0,-0.44695181052265326,-0.4357929269080697,-0.08648756119989064,0.0
2020-04-21,-0.10661718925111449,-0.40841282095982867,1.0,-0.4444748835703434,-0.4390207456478968,-0.09197320250043582,0.0
2020-04-22,-0.09497345308390812,-0.42363419838237487,1.0,-0.43445144643477396,-0.4436560313600953,-0.08430506624323923,0.0
2020-04-23,-0.08636779958907839,-0.43087357972126644,1.0,-0.42869520013862417,-0.4417902319479169,-0.08770453251479071,0.0
2020-04-24,-0.08939461549903317,-0.42409142743814765,1.0,-0.43380931131935146,-0.44528732212801825,-0.08646933412662998,0.0
2020-04-27,-0.10566600397614315,-0.42875248508946323,1.0,-0.41669980119284294,-0.4442594433399603,-0.08971172962226641,0.0
2020-04-28,-0.10188181410862748,-0.4399860606362324,1.0,-0.41312789366256786,-0.4423756658535371,-0.09180066709812318,0.0
2020-04-29,-0.07936189927625154,-0.4688337381983922,1.0,-0.3959830707971251,-0.44018431794846113,-0.11995692569682702,0.0
2020-04-30,-0.07911835265893642,-0.4566923230707717,1.0,-0.4021891243502599,-0.44729608156737305,-0.11372950819672131,0.0
2020-05-01,-0.0842702243541698,-0.4554289711687403,1.0,-0.3999150552141108,-0.44928296607205315,-0.10947883875480936,0.0
2020-05-04,-0.08037051832617598,-0.4567562169180066,1.0,-0.4014531109557575,-0.4515130330570259,-0.10663637271546988,0.0
2020-05-05,-0.07947915362464003,-0.4549392763240266,1.0,-0.3884312007011394,-0.4628771754100413,-0.11831726555652937,0.0
2020-05-06,-0.08046898486822328,-0.45558172161539234,1.0,-0.3880148311454053,-0.46269666299228374,-0.11849884757991783,0.0
2020-05-07,-0.08277331995987963,-0.459653961885657,1.0,-0.38234704112337015,-0.4635406218655968,-0.11923269809428286,0.0
2020-05-08,-0.0876852993733169,-0.46359449324239294,1.0,-0.37862733747766336,-0.4690307804595676,-0.1178617270279113,0.0
2020-05-11,-0.08715780998389693,-0.4594655797101449,1.0,-0.38033413848631237,-0.4708886876006441,-0.11828200483091787,0.0
2020-05-12,-0.08359375,-0.46265120967741935,1.0,-0.36675907258064516,-0.4766885080645162,-0.13046875,0.0
2020-05-13,-0.08078332280480101,-0.4728995578016425,1.0,-0.36576121288692354,-0.47989892608970314,-0.12747946936197094,0.0
2020-05-14,-0.07949780225332188,-0.4715050775526702,1.0,-0.36242611024099425,-0.4826201182236144,-0.13007123730611833,0.0
2020-05-15,-0.07912615229195605,-0.47766132087384766,1.0,-0.36438944311150395,-0.4823588836974365,-0.1220356105568885,0.0
2020-05-18,-0.08199747155499368,-0.4703413400758533,1.0,-0.3542604298356511,-0.4806321112515803,-0.14121365360303412,0.0
2020-05-19,-0.08365547386240178,-0.46383183001086437,1.0,-0.363601910103843,-0.48212435887718236,-0.13340407792010917,0.0
2020-05-20,-0.08263857308877773,-0.4617755545449952,1.0,-0.36488808044060433,-0.4838057702996311,-0.13329291091910464,0.0
2020-05-21,-0.08512789404509151,-0.46188454150237596,1.0,-0.3659134566777879,-0.4844050146597917,-0.1302193913658882,0.0
2020-05-22,-0.08494667138452207,-0.4625941464894101,1.0,-0.36523783046049635,-0.48448162563817415,-0.13013698630136986,0.0
2020-05-26,-0.08471920335641712,-0.4617853712783703,1.0,-0.36501036243239143,-0.48460799676489913,-0.13129960066723956,0.0
2020-05-27,-0.07987963688775382,-0.46524388702050723,1.0,-0.35593091764229906,-0.485447695147546,-0.14213467519660153,0.0
2020-05-28,-0.08497244273651211,-0.46210244223087427,1.0,-0.3592051372806796,-0.48720736208727305,-0.134727208373363,0.0
2020-05-29,-0.08646749570316449,-0.46203619452027095,1.0,-0.3606308765544434,-0.48786775856839554,-0.1305226974016783,0.0
2020-06-01,-0.08511283515705946,-0.46511334057769577,1.0,-0.35349119304541204,-0.4894493442167243,-0.13396173965783023,0.0
2020-06-02,-0.090030196148088,-0.4713136593163998,1.0,-0.35628917252404274,-0.4905224694866655,-0.12933593849120759,0.0
2020-06-03,-0.09303510470270544,-0.4720283283232282,1.0,-0.3511998777194681,-0.49852244357262954,-0.13267437713354052,0.0
2020-06-04,-0.09330706646881237,-0.4793532211021849,1.0,-0.3368981220897508,-0.5068055058077061,-0.14209691449623907,0.0
2020-06-05,-0.08308377485986333,-0.47393073792520923,1.0,-0.3295451636847629,-0.5081266477258185,-0.1649133584171594,0.0
2020-06-08,-0.08598390373094032,-0.4854593607775578,1.0,-0.31799130904322337,-0.5144120747730837,-0.16741662595459106,0.0
2020-06-09,-0.08375451263537907,-0.48808664259927803,1.0,-0.3167354306343476,-0.515291387313048,-0.17478081485301705,0.0
2020-06-10,-0.07835397316821466,-0.49084107327141385,1.0,-0.3108875128998968,-0.5173632610939113,-0.18250773993808048,0.0
2020-06-11,-0.07456411843598473,-0.49272670999690493,1.0,-0.3030021665119158,-0.5196533580934695,-0.18920870731455688,0.0
2020-06-12,-0.07893657386043172,-0.47923396400553764,1.0,-0.3111572578577655,-0.5055376095985233,-0.18886837922370917,0.0
2020-06-15,-0.0814714106148834,-0.47943975579098586,1.0,-0.3092373598748172,-0.5064258779467974,-0.1886463330169561,0.0
2020-06-16,-0.08223355457038156,-0.473925633600697,1.0,-0.3032570535325321,-0.5089562565666402,-0.1941931681316147,0.0
2020-06-17,-0.08057248194992063,-0.47129909365558914,1.0,-0.3043678631778381,-0.508653796917405,-0.1954017102770239,0.0
2020-06-18,-0.07893051963018927,-0.47435142264450536,1.0,-0.30240479422234745,-0.5085922093886854,-0.19673726534688965,0.0
2020-06-19,-0.07992317541613317,-0.4761587708066581,1.0,-0.3016901408450704,-0.507708066581306,-0.19533930857874518,0.0
2020-06-22,-0.08091908091908091,-0.4762929378313993,1.0,-0.29790722098414407,-0.5106432029508953,-0.195778580393965,0.0
2020-06-23,-0.07571908757344828,-0.46886305904087444,1.0,-0.2984630385138429,-0.5145870217843123,-0.2082467349190465,0.0
2020-06-24,-0.07384789079339013,-0.4675921174176332,1.0,-0.2999846043313148,-0.5140613773991584,-0.21045879092681924,0.0
2020-06-25,-0.06969355334631545,-0.4671261658296607,1.0,-0.30101465614430667,-0.5139387106692631,-0.21051552731372347,0.0
2020-06-26,-0.06966499334084622,-0.46450158795205404,1.0,-0.30048150804220874,-0.514137895707407,-0.21242700542977153,0.0
2020-06-29,-0.06380038387715932,-0.4590658989123481,1.0,-0.30692258477287265,-0.511529110684581,-0.2178630838131798,0.0
2020-06-30,-0.06309511620763796,-0.45986485102897506,1.0,-0.30595372171598234,-0.5121326917170063,-0.21861881847035936,0.0
2020-07-01,-0.05787764910397014,-0.4598512155840172,1.0,-0.3055193394176445,-0.5127693841552267,-0.22041567604877674,0.0
2020-07-02,-0.06094940917694,-0.4577216225893908,1.0,-0.30684433986393167,-0.5140672157143588,-0.21806742032840556,0.0
2020-07-06,-0.06085265366702492,-0.4569578791135677,1.0,-0.30830646399508677,-0.514458262961257,-0.2183837453298531,0.0
2020-07-07,-0.0539862859482141,-0.46707092416334045,1.0,-0.3043189028758571,-0.5173472520724592,-0.2158683860403234,0.0
2020-07-08,-0.05237705337495522,-0.4699094212169285,1.0,-0.30241543421523975,-0.5164525868686352,-0.21756818995957217,0.0
2020-07-09,-0.04995907090964903,-0.4693031822367748,1.0,-0.3014683311163409,-0.5167553463624271,-0.22060779699171185,0.0
2020-07-10,-0.04738875668483406,-0.47388756684834066,1.0,-0.29781735370128704,-0.5172078503620685,-0.22248663033187482,0.0
2020-07-13,-0.04289262758956237,-0.47440526490998947,1.0,-0.29766203170213307,-0.517477145271568,-0.22834242400962843,0.0
2020-07-14,-0.035298631538559916,-0.4707251566696508,1.0,-0.2935413735771838,-0.523084793451848,-0.2351963166645351,0.0
2020-07-15,-0.03613748624369769,-0.46881478258644077,1.0,-0.2958820669004172,-0.5222788114554807,-0.23619890973306373,0.0
2020-07-16,-0.03372767457904285,-0.47338835373176275,1.0,-0.2864808237729003,-0.5201727265758745,-0.24138283465774077,0.0
2020-07-17,-0.03820598006644518,-0.4759775108612318,1.0,-0.2876309736774853,-0.5157168412982367,-0.23805264502938922,0.0
2020-07-20,-0.04632334101972841,-0.47471176018447353,1.0,-0.29041762746605176,-0.5131437355880093,-0.23753522931078658,0.0
2020-07-21,-0.027463237177844955,-0.4802992263155198,1.0,-0.28331710816211503,-0.5203924783522057,-0.25037147102526003,0.0
2020-07-22,-0.022644022644022644,-0.48484848484848486,1.0,-0.27938727938727936,-0.5220164450933682,-0.25264479110632954,0.0
2020-07-23,-0.0264076374275009,-0.48414001950418317,1.0,-0.28019298875943127,-0.5236873171482831,-0.25188625981625007,0.0
2020-07-24,-0.02557459470552021,-0.48576339010876257,1.0,-0.27657500513030986,-0.5214959983583008,-0.2557459470552021,0.0
2020-07-27,-0.027211582892642604,-0.48505930071366227,1.0,-0.27740411767726036,-0.5198182471633208,-0.2576115418185552,0.0
2020-07-28,-0.02599137045407849,-0.4805321553318266,1.0,-0.2731405383192932,-0.5245531128004931,-0.26410006163961375,0.0
2020-07-29,-0.03201239189363624,-0.4709694075125855,1.0,-0.2727249257777204,-0.529004776042339,-0.2769071898799535,0.0
2020-07-30,-0.03135402957343036,-0.465226703826998,1.0,-0.2734122990374442,-0.5297411679698588,-0.28084436530670176,0.0
2020-07-31,-0.03478732470752305,-0.466723483381111,1.0,-0.2739082151803931,-0.528808656801219,-0.27835024921877016,0.0
2020-08-03,-0.035393200372016126,-0.46607936343908235,1.0,-0.27330267644931283,-0.5287795804484862,-0.27989046192001654,0.0
2020-08-04,-0.14142185996490633,-0.5148582102224486,1.0,-0.35821022244863304,-0.5967623252391464,-0.2188826625912719,0.0
2020-08-05,-0.14169238173428078,-0.5147354414970416,1.0,-0.358463324179713,-0.5962404099312063,-0.21991337089148713,0.0
2020-08-06,-0.14199156261502308,-0.5090744358560547,1.0,-0.36062742433251227,-0.5961380560038506,-0.22350576177128456,0.0
2020-08-07,-0.1473836631555038,-0.5104341160103347,1.0,-0.36251100195905844,-0.5910678288521053,-0.22779023877800172,0.0
2020-08-10,-0.15094607648161826,-0.5085232115461106,1.0,-0.3644525257116882,-0.5915108813000738,-0.22560940962554688,0.0
2020-08-11,-0.15416974589278606,-0.5082144278324142,1.0,-0.36709112614405087,-0.5913819566823943,-0.2215053152180092,0.0
2020-08-12,-0.14981113856465308,-0.5089886683138792,1.0,-0.3613359461531908,-0.5933657095793928,-0.2265201215529238,0.0
2020-08-13,-0.14652555117328261,-0.5143432738416138,1.0,-0.35212666345089805,-0.5924013279232755,-0.23201770564367388,0.0
2020-08-14,-0.14732839590249994,-0.514883232598394,1.0,-0.35251553588150164,-0.5923214437728782,-0.23055531908856164,0.0
2020-08-17,-0.14930033209389457,-0.5171298004598223,1.0,-0.3518776077885952,-0.5908432914194885,-0.2292583236354347,0.0
2020-08-18,-0.14851822413988872,-0.5142784148972408,1.0,-0.3483308731690701,-0.5929090496196208,-0.23464289769501534,0.0
2020-08-19,-0.15069698776367715,-0.5152599153961901,1.0,-0.34429208187831817,-0.589955426851773,-0.23882122476790735,0.0
2020-08-20,-0.1501646417622346,-0.5164357897127285,1.0,-0.34401612353809474,-0.5896162143749291,-0.23841830362211877,0.0
2020-08-21,-0.14975447759075813,-0.5166188867758508,1.0,-0.3434759160966195,-0.5896511594902217,-0.23890891544378529,0.0
2020-08-24,-0.14964094121654226,-0.5166188867758508,1.0,-0.3434759160966195,-0.5898214640515456,-0.2388237631631234,0.0
2020-08-25,-0.1505803558759259,-0.5150268184011124,1.0,-0.34878111076425344,-0.5883872066293951,-0.2351505519766155,0.0
2020-08-26,-0.15067404569320278,-0.5150276713495104,1.0,-0.3492266212572726,-0.5885057471264368,-0.23465304384844615,0.0
2020-08-27,-0.14521527029326678,-0.5184071700039707,1.0,-0.34701344375744514,-0.5871575245334393,-0.2384139769697657,0.0
2020-08-28,-0.14561647332444622,-0.5164648154976317,1.0,-0.34764727571829707,-0.5872592676631592,-0.23932836032560909,0.0
2020-08-31,-0.14615951894712956,-0.5161390968913093,1.0,-0.34879169503063306,-0.5873042886317222,-0.23800204220558205,0.0
2020-09-01,-0.14531998752374742,-0.5150991011427113,1.0,-0.34976039924008284,-0.5884821504522642,-0.23682195820455385,0.0
2020-09-02,-0.14165060650719874,-0.5126686316744133,1.0,-0.3495635415485773,-0.5878868609001248,-0.24237614782904432,0.0
2020-09-03,-0.14480061219284077,-0.5163959980727263,1.0,-0.3523226483008815,-0.5848425587393363,-0.2358926395147805,0.0
2020-09-04,-0.11170811297400697,-0.5201417801282773,1.0,-0.32938561944413186,-0.5930572746708676,-0.2588049960616631,0.0
2020-09-08,-0.11017044495696687,-0.5198852449794679,1.0,-0.32691117736400965,-0.590285199977499,-0.2653991112111155,0.0
2020-09-09,-0.09866098941117149,-0.5251274581209031,1.0,-0.30942909966944926,-0.5898369656563393,-0.2781948568547257,0.0
2020-09-10,-0.09223328114515768,-0.5268116752404384,1.0,-0.29982106911205547,-0.5899686870946097,-0.28696041154104224,0.0
2020-09-11,-0.08996955392307478,-0.5304600430155583,1.0,-0.300689924862434,-0.5866595905142314,-0.28541102203849056,0.0
2020-09-14,-0.09040636782572267,-0.5282781734394638,1.0,-0.3006004747940232,-0.5862589023879348,-0.2873900293255132,0.0
2020-09-15,-0.09274463806970511,-0.5222296693476318,1.0,-0.29431970509383376,-0.5912086684539768,-0.2921972743521001,0.0
2020-09-16,-0.09558556291761021,-0.5144678352763565,1.0,-0.29304705191646396,-0.5925242528446419,-0.30009225865973327,0.0
2020-09-17,-0.0960834195297867,-0.5132928908892679,1.0,-0.2931984009393084,-0.5920997456039809,-0.3009141483324481,0.0
2020-09-18,-0.09418770443680281,-0.5121473901982163,1.0,-0.2939416813441807,-0.5916575805865414,-0.30378260504906485,0.0
2020-09-21,-0.09253514435035354,-0.5139878706576115,1.0,-0.29565970766607974,-0.5892233308180319,-0.30337329867806934,0.0
2020-09-22,-0.1019734079776067,-0.5018614415675298,1.0,-0.3058362491252624,-0.5881035689293213,-0.3013855843247026,0.0
2020-09-23,-0.09969771607702642,-0.49924429019256605,1.0,-0.3077418271383789,-0.587102552619794,-0.30511083743842365,0.0
2020-09-24,-0.09204612077389095,-0.4894888187833273,1.0,-0.30171138222730953,-0.590329154917781,-0.3182110053323655,0.0
2020-09-25,-0.09158941137049034,-0.49120406567630964,1.0,-0.30043002345582487,-0.5886295096615659,-0.320507092594661,0.0
2020-09-28,-0.08791790982349497,-0.48989208933998835,1.0,-0.29590385634219113,-0.5885452973817026,-0.3261299947020606,0.0
2020-09-29,-0.0894952479166086,-0.4851027063184593,1.0,-0.2954374425151203,-0.589982998411327,-0.3271272889433931,0.0
2020-09-30,-0.0896067337439728,-0.4851305777753003,1.0,-0.2965801722456033,-0.5890632403355723,-0.3267649600044594,0.0
2020-10-01,-0.08962211570616431,-0.48718091628580984,1.0,-0.29559134990525027,-0.5884795452012039,-0.3258834020733475,0.0
2020-10-02,-0.08953352282227052,-0.4837262442178008,1.0,-0.2943766371286853,-0.5908153597503204,-0.3281223875606086,0.0
2020-10-05,-0.08523138608899036,-0.48669042713148075,1.0,-0.290443838057582,-0.5910229993874255,-0.33104081973603605,0.0
2020-10-06,-0.08711014662103886,-0.4785632807500765,1.0,-0.2872047408396628,-0.5946915950254569,-0.3346131374676571,0.0
2020-10-07,-0.08422749763718242,-0.48170901206426864,1.0,-0.28623450269639183,-0.5919830989047645,-0.3356312892644688,0.0
2020-10-08,-0.08452308205099716,-0.47914004777512353,1.0,-0.28748402866507416,-0.5924670851619354,-0.33403699794455866,0.0
2020-10-09,-0.0856032208801888,-0.4775787866166874,1.0,-0.2876856865195057,-0.5900319311398028,-0.33574899347494097,0.0
2020-10-12,-0.08433734939759037,-0.47709732940980515,1.0,-0.2866026317250569,-0.5886125145744268,-0.33940369774026985,0.0
2020-10-13,-0.0781475318912923,-0.48050471436494735,1.0,-0.28663338879645034,-0.5862728785357737,-0.34154187465335556,0.0
2020-10-14,-0.07867006821585047,-0.48006211524596526,1.0,-0.2886972436359603,-0.5856857634074649,-0.3399145915367977,0.0
2020-10-15,-0.07656921158376057,-0.47895247332686713,1.0,-0.28940002771234585,-0.5832340307607039,-0.3430234169322433,0.0
2020-10-16,-0.07673761223811107,-0.4802682629420242,1.0,-0.2865258840483317,-0.58225252189336,-0.3455271034253409,0.0
2020-10-19,-0.07445073925659804,-0.4770761365206577,1.0,-0.27420201741052924,-0.5800469807931463,-0.3578001934503247,0.0
2020-10-20,-0.07006615214994487,-0.4772877618522602,1.0,-0.26874310915104743,-0.5757442116868798,-0.364470782800441,0.0
2020-10-21,-0.06916315339891434,-0.4757653412691852,1.0,-0.2702873990796616,-0.5752941500647543,-0.3649940756661431,0.0
2020-10-22,-0.06944903581267217,-0.47404958677685954,1.0,-0.26840220385674934,-0.5761432506887052,-0.36677685950413225,0.0
2020-10-23,-0.07274229074889867,-0.47139317180616735,1.0,-0.2681167400881057,-0.5769273127753304,-0.3640969162995594,0.0
2020-10-26,-0.07251803314795441,-0.4708716480370024,1.0,-0.26832222895215024,-0.5764825725455647,-0.36498540829249493,0.0
2020-10-27,-0.06854439432280779,-0.47040378479480693,1.0,-0.2743701177247222,-0.5770161733964132,-0.360270656837936,0.0
2020-10-28,-0.07119474017220985,-0.4706060355973701,1.0,-0.27523314351737227,-0.5774256554152568,-0.35646887293334434,0.0
2020-10-29,-0.053483404534998356,-0.4719848833388104,1.0,-0.27503012378135616,-0.574487895716946,-0.3635118852010078,0.0
2020-10-30,-0.051531995290380876,-0.4712083458831905,1.0,-0.2773746611538567,-0.5746282960488486,-0.36343473617918454,0.0
2020-11-02,-0.04360910483694462,-0.46755307507113153,1.0,-0.2762092361567082,-0.5761107463339898,-0.3723736047275115,0.0
2020-11-03,-0.04908747640025173,-0.46627630174843354,1.0,-0.2772867814047664,-0.5769283388513421,-0.36662379949106627,0.0
2020-11-04,-0.05078349331364345,-0.45705143982279106,1.0,-0.27688899827713515,-0.5798123991577104,-0.37016982525227665,0.0
2020-11-05,-0.036186632488887684,-0.46396334978593445,1.0,-0.26489596684028255,-0.580622290092989,-0.38128221210220614,0.0
