Date,IWF,IWM,JNCE,MTUM,SPY,VLUE,VXX
2018-09-24,-3.347800355099625,-5.051292168080489,1.0,-1.9467350562241075,-4.28151509173407,-4.100414282896035,0.0
2018-09-25,-3.3490342924714227,-5.042767047694126,1.0,-1.9517146235711471,-4.274339771383524,-4.090658257784785,0.0
2018-09-26,-3.3517350157728707,-5.045544164037855,1.0,-1.9560331230283912,-4.275039432176656,-4.087933753943218,0.0
2018-09-27,-3.3515640369860322,-5.018296281723392,1.0,-1.9567184733425145,-4.2675585284280935,-4.079283887468031,0.0
2018-09-28,-3.34750098386462,-5.023809523809524,1.0,-1.9580873671782764,-4.267807949626132,-4.080283353010626,0.0
2018-10-01,-3.3476293527444425,-5.021247294904584,1.0,-1.9586858154633089,-4.266968325791855,-4.079087153255951,0.0
2018-10-02,-3.347894529712712,-5.023219205037387,1.0,-1.9578905942542308,-4.268201495474223,-4.08008658008658,0.0
2018-10-03,-3.3562130177514793,-5.0069033530572,1.0,-1.9597633136094674,-4.2907297830374755,-4.11025641025641,0.0
2018-10-04,-3.351910200866483,-4.997439936983064,1.0,-1.9541157936195352,-4.28692398582119,-4.1022055927530525,0.0
2018-10-05,-3.2967097532314926,-4.958480219349784,1.0,-1.8971797884841362,-4.303564433999217,-4.128867998433216,0.0
2018-10-08,-3.2780269058295963,-4.931370637551179,1.0,-1.8748294014427762,-4.2992786118151685,-4.113472411776175,0.0
2018-10-09,-3.272851296043656,-4.931007600857533,1.0,-1.8643539271097251,-4.302280257259794,-4.1188852075618785,0.0
2018-10-10,-3.302138512850696,-4.960368844418285,1.0,-1.8836570531685304,-4.3364724347655486,-4.136747106140867,0.0
2018-10-11,-3.001306213845867,-4.848105989923493,1.0,-1.5152080612054488,-4.18716178391491,-4.108602351184922,0.0
2018-10-12,-2.9174591781805135,-4.684550511394223,1.0,-1.4292122734613313,-4.002153238830073,-3.910461151982774,0.0
2018-10-15,-2.854581316119778,-4.802223417608033,1.0,-1.3304644073874843,-4.007530930607854,-3.935807781961628,0.0
2018-10-16,-2.845327604726101,-4.809702828499821,1.0,-1.315252416756176,-4.001790189760114,-3.9298245614035086,0.0
2018-10-17,-2.665251358695652,-4.505095108695652,1.0,-1.180366847826087,-3.833899456521739,-3.7990828804347827,0.0
2018-10-18,-2.6656467788543257,-4.504164541900391,1.0,-1.1844297127315997,-3.8410674825769164,-3.8029916709161995,0.0
2018-10-19,-2.5846384538487173,-4.411529490169944,1.0,-1.1127957347550816,-3.798733755414862,-3.7534155281572814,0.0
2018-10-22,-2.5810473815461346,-4.3945137157107235,1.0,-1.0989193682460516,-3.798503740648379,-3.752285951787199,0.0
2018-10-23,-2.5806451612903225,-4.397572331227137,1.0,-1.0952776854007316,-3.800465580312604,-3.7539075490522116,0.0
2018-10-24,-2.5699370235333117,-4.387470997679814,1.0,-1.0696055684454757,-3.7959893934371896,-3.7497514086841233,0.0
2018-10-25,-2.37193588937775,-4.119736015084852,1.0,-0.9564739157762413,-3.7154305468258952,-3.5496543054682586,0.0
2018-10-26,-2.3036155747836835,-4.0554697156983925,1.0,-0.8723733003708283,-3.715389369592089,-3.504326328800989,0.0
2018-10-29,-2.2269826800364627,-4.034791856578547,1.0,-0.8050744454573078,-3.6520814342145242,-3.4740200546946216,0.0
2018-10-30,-2.2061230675962413,-4.029857532585632,1.0,-0.7884207335556229,-3.6482267353743563,-3.483479842376478,0.0
2018-10-31,-2.2380228136882128,-3.9949809885931558,1.0,-0.7888973384030418,-3.6833460076045625,-3.5040304182509505,0.0
2018-11-01,-2.208920907418761,-4.104230533415082,1.0,-0.729767014101778,-3.7303801348865724,-3.554721030042918,0.0
2018-11-02,-2.200671448191668,-4.0804211811384095,1.0,-0.7273004730657714,-3.714481916679383,-3.537463757057836,0.0
2018-11-05,-2.196417636252296,-4.133190447030006,1.0,-0.7270361298224126,-3.72902633190447,-3.52372933251684,0.0
2018-11-06,-2.196939556235654,-4.133129303749043,1.0,-0.725478194338179,-3.7263963274674823,-3.520275439938791,0.0
2018-11-07,-2.1874236874236876,-4.124084249084249,1.0,-0.7255799755799757,-3.71504884004884,-3.5102258852258856,0.0
2018-11-08,-2.094152923538231,-4.102548725637182,1.0,-0.6325337331334333,-3.6623688155922043,-3.500899550224888,0.0
2018-11-09,-2.1117664851784634,-4.150332728372656,1.0,-0.616454930429522,-3.704022988505747,-3.5414398064125834,0.0
2018-11-12,-2.101231601081406,-4.084109342144788,1.0,-0.6055872634424753,-3.708320817062181,-3.520276359267047,0.0
2018-11-13,-2.008651026392962,-4.018328445747801,1.0,-0.5173020527859238,-3.659824046920821,-3.4585043988269795,0.0
2018-11-14,-2.009234828496042,-4.016124303723248,1.0,-0.5172969803576664,-3.6587510993843444,-3.4569041336851365,0.0
2018-11-15,-1.9967897271268058,-4.00787976068875,1.0,-0.4997811177586459,-3.6521231577411357,-3.435575660294762,0.0
2018-11-16,-1.9773814702044366,-3.9847759895606787,1.0,-0.47817891837030596,-3.636073655212411,-3.4226475279106854,0.0
2018-11-19,-1.9821402642660082,-3.9867866995789165,1.0,-0.49048932771889064,-3.6362712356613907,-3.4244228256134743,0.0
2018-11-20,-1.9115305219699203,-4.0726924211147155,1.0,-0.3518136242996166,-3.7795635505750513,-3.6294603361840165,0.0
2018-11-21,-1.8946071325021745,-4.011162655842273,1.0,-0.35169614380979997,-3.726877355755291,-3.5126123514062044,0.0
2018-11-23,-1.8881169489072227,-4.005065856129686,1.0,-0.34187291938051817,-3.728035895209148,-3.5106382978723403,0.0
2018-11-26,-1.8839427662957073,-4.007515536927302,1.0,-0.33675386616563086,-3.721347015464662,-3.503540974129209,0.0
2018-11-27,-1.895129442738043,-4.10735702793623,1.0,-0.27219540734240166,-3.788503729706011,-3.562966213251426,0.0
2018-11-28,-1.895314787701318,-4.121669106881406,1.0,-0.2685212298682284,-3.790190336749634,-3.565446559297218,0.0
2018-11-29,-1.7801106539934743,-4.011207263441623,1.0,-0.17917435097176906,-3.7088948787061997,-3.507164136756987,0.0
2018-11-30,-1.7794995735001422,-4.025589991470003,1.0,-0.16804094398635203,-3.7223485925504693,-3.5210406596531136,0.0
2018-12-03,-1.773617021276596,-4.020992907801419,1.0,-0.15815602836879433,-3.716879432624114,-3.514893617021277,0.0
2018-12-04,-1.7384399156711172,-4.001827125790583,1.0,-0.14799718903724524,-3.6825017568517215,-3.48404778636683,0.0
2018-12-06,-1.620467365028203,-3.706688154713941,1.0,-0.2178350792371743,-3.579237174321784,-3.3059360730593608,0.0
2018-12-07,-1.6188876947877484,-3.709833422890919,1.0,-0.2133261687264911,-3.5826168726491128,-3.3091080064481457,0.0
2018-12-10,-1.5263365296203861,-3.6818599763562325,1.0,-0.1606462629712334,-3.539209247340076,-3.227505582556154,0.0
2018-12-11,-1.525748817656332,-3.6826064109301107,1.0,-0.1605359957961114,-3.539017341040463,-3.229111928533894,0.0
2018-12-12,-1.5256089532587227,-3.694535878867676,1.0,-0.1541803818301514,-3.549835418038183,-3.2425279789335084,0.0
2018-12-13,-1.5192383453709783,-3.6759028233749182,1.0,-0.1591595535128037,-3.547734734077479,-3.2299409061063695,0.0
2018-12-14,-1.5223038572553136,-3.6440566780372605,1.0,-0.17475728155339806,-3.553922854893729,-3.224744161637366,0.0
2018-12-17,-1.4782891315652626,-3.6303952158086323,1.0,-0.1327353094123765,-3.5139105564222564,-3.2450598023920953,0.0
2018-12-18,-1.442042969252541,-3.5885758394442306,1.0,-0.08979801878296668,-3.4994210729448088,-3.245207770487585,0.0
2018-12-19,-1.4367756889003347,-3.594385784187484,1.0,-0.08846252897244399,-3.5063095544681944,-3.2505794488797317,0.0
2018-12-20,-1.4014514896867838,-3.524828113063407,1.0,-0.12375859434682963,-3.4792462439521263,-3.2030812324929974,0.0
2018-12-21,-1.3689564234584954,-3.497425593369333,1.0,-0.09117166896898153,-3.45296998618611,-3.147431872409896,0.0
2018-12-24,-1.3047140163419233,-3.4509113764927717,1.0,-0.10458830923947203,-3.4725329981143935,-3.237963544940289,0.0
2018-12-26,-1.2831956602145236,-3.4366909135741586,1.0,-0.06558993958821353,-3.3799778079151768,-3.163481691530021,0.0
2018-12-27,-1.0757926405924554,-3.258620689655173,1.0,-0.0,-3.137121036797038,-3.0999768572089796,0.0
2018-12-28,-1.0802418885916967,-3.272008373066636,1.0,-0.0,-3.156878706826375,-3.120130247703221,0.0
2018-12-31,-1.0759137769447047,-3.3122071227741325,1.0,-0.0,-3.1829896907216493,-3.144095595126523,0.0
2019-01-02,-1.0657386828868873,-3.309158965960931,1.0,-0.0,-3.1767458182243535,-3.145631067961165,0.0
2019-01-03,-1.0483506014052637,-3.3829939264022864,1.0,-0.0,-3.2307967131118254,-3.246873883529832,0.0
2019-01-04,-0.9462021566536319,-3.421376940395781,1.0,-0.0,-3.2035786230596037,-3.2787060078208317,0.0
2019-01-07,-0.8469710669077758,-3.2518083182640143,1.0,-0.0,-3.0764014466546112,-3.1268083182640147,0.0
2019-01-08,-0.8507092997072732,-3.2087367709975227,1.0,-0.0,-3.0862418374240033,-3.1130376041432113,0.0
2019-01-09,-0.8415140963720095,-3.1787038077052676,1.0,-0.0,-3.0855891272604743,-3.1264742221723014,0.0
2019-01-10,-0.8426071348440655,-3.169508638097375,1.0,-0.0,-3.085820058335203,-3.1203724478348667,0.0
2019-01-11,-0.8497467642093416,-3.160720315137873,1.0,-0.0,-3.100393922341024,-3.1440630275745636,0.0
2019-01-14,-0.8503584229390682,-3.1415770609319,1.0,-0.0,-3.084901433691756,-3.123767921146954,0.0
2019-01-15,-0.8412378069290278,-3.131516986209216,1.0,-0.0,-3.0862204282991366,-3.153044063235789,0.0
2019-01-16,-0.8325332142458413,-3.1144356369320083,1.0,-0.0,-3.0723456514457967,-3.1451378809869377,0.0
2019-01-17,-0.8371288233980799,-3.1064969859343603,1.0,-0.0,-3.0736771600803747,-3.145903103371288,0.0
2019-01-18,-0.8487243170015804,-3.105441408895913,1.0,-0.0,-3.1084895010160305,-3.2265748475953937,0.0
2019-01-22,-0.5090932053548876,-3.6207375599898963,1.0,-0.0,-3.780626420813337,-3.71899469563021,0.0
2019-01-23,-0.5094531150869178,-3.563760944042634,1.0,-0.0,-3.8242608805989082,-3.7912701433828193,0.0
2019-01-24,-0.5221418601700292,-3.5446009389671356,1.0,-0.0,-3.8389798248953175,-3.783022459078797,0.0
2019-01-25,-0.476409666283084,-3.423730980693006,1.0,-0.0,-3.9877253548139624,-3.898350594553126,0.0
2019-01-28,-0.4849740932642487,-3.407383419689119,1.0,-0.0,-4.104792746113989,-3.9560880829015543,0.0
2019-01-29,-0.4864864864864865,-3.3598862019914653,1.0,-0.0,-4.110435794646321,-3.974912711754817,0.0
2019-01-30,-0.4517906336088154,-3.4064016791289515,1.0,-0.0,-4.193886921159648,-4.066115702479339,0.0
2019-01-31,-0.39687335785601685,-3.4542827115081454,1.0,-0.0,-4.174198633736206,-4.111797162375197,0.0
2019-02-01,-0.3959537572254336,-3.449290593799265,1.0,-0.0,-4.188780872306885,-4.103126642143984,0.0
2019-02-04,-0.38517250460890184,-3.4602317619173033,1.0,-0.0,-4.20107979984198,-4.1219383723992635,0.0
2019-02-05,-0.38323668950975226,-3.4617817606747496,1.0,-0.0,-4.202688455455983,-4.130864522930944,0.0
2019-02-06,-0.34844080338266387,-3.4573202959830867,1.0,-0.0,-4.22700845665962,-4.180893234672305,0.0
2019-02-07,-0.34998018232263184,-3.4532963403355796,1.0,-0.0,-4.225393050601136,-4.182983221033162,0.0
2019-02-08,-0.349146357356966,-3.388374820800208,1.0,-0.0,-4.178808810113384,-4.116382119118988,0.0
2019-02-11,-0.35900458415193187,-3.383889980353634,1.0,-0.0,-4.2053700065487885,-4.149443352979699,0.0
2019-02-12,-0.36542239685658157,-3.392534381139489,1.0,-0.0,-4.207858546168959,-4.131630648330059,0.0
2019-02-13,-0.37212057391075426,-3.4358299328682373,1.0,-0.0,-4.220350138212453,-4.134790048703436,0.0
2019-02-14,-0.3997357992073976,-3.3891677675033023,1.0,-0.0,-4.25891677675033,-4.162087186261559,0.0
2019-02-15,-0.409054805401112,-3.4144823934339423,1.0,-0.0,-4.254699496955256,-4.159782896478687,0.0
2019-02-19,-0.4602604997341839,-3.3726741095162147,1.0,-0.0,-4.288676236044657,-4.16919191919192,0.0
2019-02-20,-0.4580842301049554,-3.3949780789159023,1.0,-0.0,-4.27514281918427,-4.157300385279659,0.0
2019-02-21,-0.46361580417719833,-3.396700811493947,1.0,-0.0,-4.282027404549687,-4.160835439670081,0.0
2019-02-22,-0.4393510172546999,-3.34097347411795,1.0,-0.0,-4.097862477465877,-3.9984548029873808,0.0
2019-02-25,-0.4272738902392222,-3.3029295126007416,1.0,-0.0,-4.084303441217858,-3.9781246002302675,0.0
2019-02-26,-0.43125317097919846,-3.2658548959918825,1.0,-0.0,-4.050101471334348,-3.9365804160324713,0.0
2019-02-27,-0.44261464403344314,-3.251456802634913,1.0,-0.0,-4.054598429186725,-3.9190524448948567,0.0
2019-02-28,-0.43237446379005806,-3.241609891496341,1.0,-0.0,-4.038102447640677,-3.9046177138531415,0.0
2019-03-01,-0.4354635008840616,-3.24816872947714,1.0,-0.0,-4.047991917150796,-3.8978277342763326,0.0
2019-03-04,-0.41549295774647893,-3.244844064386318,1.0,-0.0,-4.019994969818914,-3.895120724346077,0.0
2019-03-05,-0.4407226194956718,-3.1910676201229453,1.0,-0.0,-4.033120060218291,-3.88044160080291,0.0
2019-03-06,-0.44938611876722623,-3.1791530944625404,1.0,-0.0,-4.028188423953896,-3.8714607867702333,0.0
2019-03-07,-0.46758912989279483,-3.1153079032660185,1.0,-0.0,-4.042258788332087,-3.840563450511094,0.0
2019-03-08,-0.521306032097399,-3.38682899833979,1.0,-0.14153292750415053,-4.51535694521306,-4.2699225235196465,0.0
2019-03-11,-0.4939152328997063,-3.4017345083228423,1.0,-0.1878584417401035,-4.544271926143517,-4.360190236396699,0.0
2019-03-12,-0.4715869229689912,-3.261821243159815,1.0,-0.320050512136944,-4.542444226182124,-4.435246246667602,0.0
2019-03-13,-0.5101351351351351,-3.3864571092831963,1.0,-0.38733842538190366,-4.768801410105758,-4.635869565217392,0.0
2019-03-14,-0.5057251908396947,-3.3834409864944215,1.0,-0.38549618320610685,-4.770845566647093,-4.634468584850264,0.0
2019-03-15,-0.5199587568124907,-3.35999410811607,1.0,-0.4055089114744439,-4.776992193253792,-4.667108557961408,0.0
2019-03-18,-0.4992557308722834,-3.3953557606430484,1.0,-0.5382554331646323,-4.768085739803513,-4.684429889848168,0.0
2019-03-19,-0.46749408983451535,-3.373374704491726,1.0,-0.5425531914893618,-4.722074468085106,-4.670065011820331,0.0
2019-03-20,-0.4943754565376188,-3.3292914536157783,1.0,-0.5431701972242513,-4.628195763330899,-4.614170927684442,0.0
2019-03-21,-0.5250767656090071,-3.3219768972071937,1.0,-0.5549056879660769,-4.650241263342593,-4.569673928936979,0.0
2019-03-22,-0.524715398442181,-3.3623427201917315,1.0,-0.6565308568004793,-4.798082684242061,-4.637507489514679,0.0
2019-03-25,-0.4859431900946832,-3.0659868900218497,1.0,-0.8090313182811362,-4.693809176984705,-4.5118718135469775,0.0
2019-03-26,-0.48586650880568294,-3.1297913275122093,1.0,-0.8699126831434068,-4.735681515465443,-4.5782151842533665,0.0
2019-03-27,-0.5203854707190512,-3.1071905114899927,1.0,-0.8821349147516679,-4.742179392142328,-4.573758339510749,0.0
2019-03-28,-0.5172465060957478,-3.109426107641986,1.0,-0.9122807017543859,-4.739666964020221,-4.589057389235801,0.0
2019-03-29,-0.5110086283844094,-3.11112764058316,1.0,-0.9138649211544183,-4.745760190419518,-4.594614698006546,0.0
2019-04-01,-0.5,-3.1359440142942225,1.0,-0.9073853484216796,-4.75208457415128,-4.594401429422275,0.0
2019-04-02,-0.5123035873109991,-3.1218499851764006,1.0,-0.9992588200415059,-4.710643344203972,-4.479543433145568,0.0
2019-04-03,-0.5360901141247962,-3.1202015710686233,1.0,-0.997332147621165,-4.7065362383281455,-4.461093819475322,0.0
2019-04-04,-0.5548158011540169,-3.1088918479064955,1.0,-0.9710016274596833,-4.694777333925137,-4.465601420328451,0.0
2019-04-05,-0.587708830548926,-3.0987470167064437,1.0,-0.9852326968973746,-4.744928400954653,-4.499701670644391,0.0
2019-04-08,-0.588812853317465,-3.0797381731627493,1.0,-0.9843796489140137,-4.733710205296043,-4.489883963106219,0.0
2019-04-09,-0.6460044809559372,-3.037341299477222,1.0,-1.019865571321882,-4.76250933532487,-4.470799103808813,0.0
2019-04-10,-0.64098750743605,-3.0046103509815585,1.0,-1.0355443188578228,-4.758328375966687,-4.432778108268888,0.0
2019-04-11,-0.6762600656128841,-2.961079630181927,1.0,-1.0705338502833286,-4.77736355502535,-4.426632866090069,0.0
2019-04-12,-0.6761592366184583,-2.959743551513344,1.0,-1.0715670195318323,-4.777396749664529,-4.425078276427612,0.0
2019-04-15,-0.6605231866825207,-2.9603151010701545,1.0,-1.0713436385255648,-4.75104042806183,-4.4198870392390015,0.0
2019-04-16,-0.6543559195830231,-2.970067014147431,1.0,-1.0647803425167535,-4.768428890543559,-4.43440059568131,0.0
2019-04-17,-0.6458644371454165,-2.9486413854882056,1.0,-1.0655419528217378,-4.8009853687667965,-4.4689459540161245,0.0
2019-04-18,-0.6208552138034509,-2.977494373593398,1.0,-1.0606151537884472,-4.84516129032258,-4.499624906226557,0.0
2019-04-22,-0.6437387116195064,-2.987808549066827,1.0,-1.0373269114990968,-4.863937387116195,-4.518211920529802,0.0
2019-04-23,-0.6431260352356573,-2.998494202680319,1.0,-1.0444210209305829,-4.863123023641019,-4.508808914320133,0.0
2019-04-24,-0.6186415320167564,-2.968432076600838,1.0,-1.0549072411729505,-4.827648114901257,-4.491472172351885,0.0
2019-04-25,-0.6090647482014387,-2.822014388489208,1.0,-1.1057553956834532,-4.588057553956834,-4.263309352517985,0.0
2019-04-26,-0.6135911288029571,-2.7539095820301394,1.0,-1.0925504691498436,-4.540375319874893,-4.216093261302246,0.0
2019-04-29,-0.622140638237786,-2.732561423326744,1.0,-1.0943236373905678,-4.491669020050834,-4.179610279582039,0.0
2019-04-30,-0.6311659192825111,-2.729260089686098,1.0,-1.0957118834080717,-4.438761210762331,-4.118553811659193,0.0
2019-05-01,-0.6519306099608282,-2.739507554560716,1.0,-1.091494124230554,-4.409345271404589,-4.097649692221601,0.0
2019-05-02,-0.6613986013986014,-2.7331468531468537,1.0,-1.092727272727273,-4.392307692307693,-4.106433566433567,0.0
2019-05-03,-0.11613300492610837,-2.5453201970443353,1.0,-0.6731527093596059,-4.1937192118226605,-3.7868226600985224,0.0
2019-05-06,-0.09256988719960767,-2.5,1.0,-0.6756988719960766,-4.198871996076508,-3.7938940657184896,0.0
2019-05-07,-0.07335438426038378,-2.488098129706097,1.0,-0.7075540442069468,-4.127641486519311,-3.747996113675006,0.0
2019-05-08,-0.08155176555368725,-2.451597405717031,1.0,-0.7464568820562094,-4.0393946673072305,-3.6914484746576988,0.0
2019-05-09,-0.07888769542904882,-2.441938178780284,1.0,-0.7440028643036162,-3.9974937343358397,-3.672275927915025,0.0
2019-05-10,-0.08589468668096259,-2.440910173933762,1.0,-0.7510126280676673,-3.9803431022158686,-3.655229926137717,0.0
2019-05-13,-0.06551518761167362,-2.4366885050625373,1.0,-0.755092316855271,-3.9910661107802268,-3.663490172721858,0.0
2019-05-14,-0.0,-2.2614561525936265,1.0,-0.9040474528960223,-3.8993952081879506,-3.56559665038381,0.0
2019-05-15,-0.0,-2.268181818181818,1.0,-0.9504662004662005,-3.919114219114219,-3.5172494172494173,0.0
2019-05-16,-0.0,-2.27,1.0,-0.9677906976744186,-3.8900000000000006,-3.5002325581395355,0.0
2019-05-17,-0.0,-2.2458940011648227,1.0,-0.9898660454280722,-3.8679091438555626,-3.544670937682004,0.0
2019-05-20,-0.0,-1.891191191191191,1.0,-0.46196196196196193,-3.5498498498498496,-3.107007007007007,0.0
2019-05-21,-0.0,-1.888544582167133,1.0,-0.4672131147540983,-3.538984406237505,-3.1011595361855258,0.0
2019-05-22,-0.0,-1.8613399503722083,1.0,-0.4651116625310173,-3.5171215880893296,-3.0818858560794045,0.0
2019-05-23,-0.0,-1.852241174137247,1.0,-0.514081713605712,-3.519337564458548,-3.0310392701309,0.0
2019-05-24,-0.0,-1.7836182195435235,1.0,-0.5559727299673946,-3.504989625531074,-3.0358660211441557,0.0
2019-05-28,-0.0,-1.7915801956715092,1.0,-0.5402707777448365,-3.509536515465955,-3.04101195770333,0.0
2019-05-29,-0.0,-1.7813780987702517,1.0,-0.5466523521374195,-3.4546164356822175,-2.977357017372633,0.0
2019-05-30,-0.0,-1.7785581894449323,1.0,-0.5407277338796215,-3.456345722368549,-2.979514193737196,0.0
2019-05-31,-0.0,-1.8088740551683518,1.0,-0.5099636791989791,-3.4769804652989103,-3.020614508687543,0.0
2019-06-03,-0.0,-1.807366267173341,1.0,-0.5578290948065868,-3.450745396083017,-2.9278963266101528,0.0
2019-06-04,-0.0,-1.799863587644938,1.0,-0.5690343954009549,-3.4640943193997855,-2.910844782227419,0.0
2019-06-05,-0.0,-1.7516358737490376,1.0,-0.633275596612779,-3.476809083910701,-2.7611624326404924,0.0
2019-06-06,-0.0,-1.7690384615384616,1.0,-0.5794230769230769,-3.4549038461538464,-2.8120192307692307,0.0
2019-06-07,-0.0,-1.7962089868180509,1.0,-0.5829885499855673,-3.4372173578370058,-2.805445973251227,0.0
2019-06-10,-0.0,-1.8027926549349655,1.0,-0.5970734506503443,-3.3757651109410864,-2.788255547054323,0.0
2019-06-11,-0.0,-1.8029190025130486,1.0,-0.6730137251111541,-3.401894451962111,-2.787840711386043,0.0
2019-06-12,-0.0,-1.8149792491072292,1.0,-0.6768651674548789,-3.3878004053662774,-2.771933211080012,0.0
2019-06-13,-0.0,-1.8422887017136216,1.0,-0.7093619905121502,-3.3830961370897468,-2.746732500726111,0.0
2019-06-14,-0.0,-1.831656346749226,1.0,-0.7186532507739939,-3.388544891640867,-2.7360681114551086,0.0
2019-06-17,-0.0,-1.8318344454114688,1.0,-0.7165651290977662,-3.382168068852142,-2.739773716275022,0.0
2019-06-18,-0.0,-1.9285075960679179,1.0,-0.705590308807467,-3.5082911329560127,-2.787111508291133,0.0
2019-06-19,-0.0,-1.923446412488742,1.0,-0.7604323026118283,-3.561893325327729,-2.7613329330531373,0.0
2019-06-20,-0.0,-1.942814221331998,1.0,-0.742914371557336,-3.5632448673009516,-2.7660490736104157,0.0
2019-06-21,-0.0,-1.9683448899608078,1.0,-0.7373128328811175,-3.5562255049743743,-2.787458546879711,0.0
2019-06-24,-0.0,-1.9293927778898528,1.0,-0.7431914464393785,-3.5673794633851115,-2.84678232802098,0.0
2019-06-25,-0.0,-1.9455280444669023,1.0,-0.7366346639717029,-3.5721071248105103,-2.851844365841334,0.0
2019-06-26,-0.0,-1.9411824153612938,1.0,-0.7014653865588681,-3.5372410308236484,-2.9262253663466398,0.0
2019-06-27,-0.0,-1.9172810827189173,1.0,-0.7501262498737501,-3.532370467629532,-2.9002120997879004,0.0
2019-06-28,-0.0,-1.9212335692618807,1.0,-0.7360970677451972,-3.5475227502527806,-2.906370070778564,0.0
2019-07-01,-0.0,-1.9148656837002627,1.0,-0.7299535447384367,-3.557362149060796,-2.896788527570188,0.0
2019-07-02,-0.0,-1.9351553045582897,1.0,-0.7191407825736184,-3.5374142799515935,-2.893102057281162,0.0
2019-07-03,-0.0,-1.9513377082281678,1.0,-0.7090358404846038,-3.5329631499242806,-2.9024734982332157,0.0
2019-07-05,-0.0,-1.9481571486431752,1.0,-0.6986634264884569,-3.5485014175779668,-2.9302349129202105,0.0
2019-07-08,-0.0,-1.9456202531645568,1.0,-0.7020759493670886,-3.54926582278481,-2.9296202531645568,0.0
2019-07-09,-0.0,-1.9424868367760229,1.0,-0.6958282705548805,-3.5544754961522886,-2.932766302146618,0.0
2019-07-10,-0.0,-1.9261772151898733,1.0,-0.6921518987341772,-3.5702278481012657,-2.937924050632911,0.0
2019-07-11,-0.0,-1.9161682716675115,1.0,-0.7186011150532183,-3.5741510390268627,-2.927825646224024,0.0
2019-07-12,-0.0,-1.8781627883345189,1.0,-0.7298038817193374,-3.6106086779798803,-2.942993598211564,0.0
2019-07-15,-0.0,-1.9072847682119205,1.0,-0.7728986245542536,-3.6176260825267446,-2.890677534386144,0.0
2019-07-16,-0.0,-1.9198041016222833,1.0,-0.7824711764105703,-3.619018467503316,-2.8816447301295787,0.0
2019-07-17,-0.0,-1.9497041420118344,1.0,-0.7680065292797389,-3.613446235462151,-2.8708426851662927,0.0
2019-07-18,-0.0,-1.9500101812258197,1.0,-0.7797800855222969,-3.5993687639991854,-2.8520667888413764,0.0
2019-07-19,-0.0,-1.9580020387359836,1.0,-0.7898063200815493,-3.600305810397553,-2.8456676860346586,0.0
2019-07-22,-0.0,-1.96490692706744,1.0,-0.7892381243006816,-3.5794934391211477,-2.8381649883023092,0.0
2019-07-23,-0.0,-1.9737002437043054,1.0,-0.7903127538586515,-3.568135662063363,-2.8220958570268073,0.0
2019-07-24,-0.0,-1.9750889679715302,1.0,-0.8291814946619216,-3.564311133706151,-2.799288256227758,0.0
2019-07-25,-0.0,-1.9859241126070992,1.0,-0.8090575275397797,-3.585271317829457,-2.819767441860465,0.0
2019-07-26,-0.0,-1.9098418454719452,1.0,-0.8161579530573184,-3.5468923138914077,-2.8006447063564015,0.0
2019-07-29,-0.0,-1.8536076326774003,1.0,-0.7864241701451005,-3.5072550188829257,-2.7910952096998605,0.0
2019-07-30,-0.0,-1.8530259365994237,1.0,-0.7917122130577363,-3.501043426413595,-2.7916128391135846,0.0
2019-07-31,-0.0,-1.8929943836831218,1.0,-0.7725884323578678,-3.437580057148488,-2.7500246329687656,0.0
2019-08-01,-0.0,-1.9366702723964992,1.0,-0.7645786213000295,-3.4150850624446845,-2.717474677942767,0.0
2019-08-02,-0.0,-1.9074019463285166,1.0,-0.8038926570333236,-3.401553130836528,-2.7169959697237784,0.0
2019-08-05,-0.0,-1.907936195352501,1.0,-0.7877116975187082,-3.4133517132729425,-2.7374950768018906,0.0
2019-08-06,-0.0,-1.8879508825786646,1.0,-0.7626630851880276,-3.2475057559478127,-2.6951266308518806,0.0
2019-08-07,-0.0,-1.9022175492257694,1.0,-0.7245268591091569,-3.2212770024851842,-2.7104760084113932,0.0
2019-08-08,-0.0,-1.8816152019002375,1.0,-0.7051781472684086,-3.1998099762470313,-2.7146793349168643,0.0
2019-08-09,-0.0,-1.8372093023255813,1.0,-0.6845871386875059,-3.1561999811693817,-2.7374070238207326,0.0
2019-08-12,-0.0,-1.819456204722928,1.0,-0.7217047699689529,-3.1717000658575594,-2.6953617461661494,0.0
2019-08-13,-0.0,-1.7785936176221406,1.0,-0.7267250305939942,-3.1847877247481877,-2.72343029276099,0.0
2019-08-14,-0.0,-1.8096937817020478,1.0,-0.7235581439038137,-3.148694345294007,-2.7112530527897802,0.0
2019-08-15,-0.0,-1.8562747444986651,1.0,-0.759230273455483,-3.064634932326673,-2.527115366909124,0.0
2019-08-16,-0.0,-1.8653012270504659,1.0,-0.7552357228526617,-3.0612602638619797,-2.544146138942707,0.0
2019-08-19,-0.0,-1.8083364004416638,1.0,-0.7822046374677953,-3.088240706661759,-2.522635259477365,0.0
2019-08-20,-0.0,-1.8251129344519224,1.0,-0.8099013552134231,-3.0868442887434315,-2.4971881626256107,0.0
2019-08-21,-0.0,-1.8288396061470507,1.0,-0.8134719793871354,-3.0787705898592064,-2.480997515413638,0.0
2019-08-22,-0.0,-1.8302112029384756,1.0,-0.8108356290174472,-3.0771349862258957,-2.46455463728191,0.0
2019-08-23,-0.0,-1.8225510016541078,1.0,-0.8116155118544385,-3.0788458004043373,-2.4763830178276054,0.0
2019-08-26,-0.0,-1.7714414821509263,1.0,-0.8091278807049255,-3.0425666516041576,-2.4143696339810212,0.0
2019-08-27,-0.0,-1.7619219327503832,1.0,-0.7993329126476156,-3.0333543676192196,-2.4200847381231405,0.0
2019-08-28,-0.0,-1.7364536453645365,1.0,-0.8165616561656165,-3.0381638163816382,-2.4096309630963098,0.0
2019-08-29,-0.0,-1.7097732181425487,1.0,-0.8381929445644348,-3.053635709143269,-2.3977681785457166,0.0
2019-08-30,-0.0,-1.690738255033557,1.0,-0.8445637583892618,-3.043221476510067,-2.370022371364653,0.0
2019-09-03,-0.0,-1.702605892361422,1.0,-0.8630787140682367,-3.0328646906062504,-2.3564072714247333,0.0
2019-09-04,-0.0,-1.7077047413793103,1.0,-0.8720366379310345,-3.0422054597701154,-2.3578484195402303,0.0
2019-09-05,-0.0,-1.748381294964029,1.0,-0.8705935251798561,-3.0656474820143886,-2.3081834532374104,0.0
2019-09-06,-0.0,-1.7291703995699694,1.0,-0.8938362300662963,-3.0771367138505643,-2.258824583407992,0.0
2019-09-09,-0.0,-1.7242182600125437,1.0,-0.8934683272108235,-3.078487590717678,-2.263506854224532,0.0
2019-09-10,-0.0,-1.741193386053199,1.0,-0.840312724658519,-3.0921099928109275,-2.3127246585190506,0.0
2019-09-11,-0.0,-1.7134508181981658,1.0,-0.8863513756518612,-3.105556554576515,-2.2858298867110234,0.0
2019-09-12,-0.0,-1.6249322003254385,1.0,-0.9318387271741096,-3.162357620683421,-2.320828060025312,0.0
2019-09-13,-0.0,-1.6249207068418667,1.0,-0.9094698685999094,-3.172451291345718,-2.355233348436792,0.0
2019-09-16,-0.0,-1.6245808030454094,1.0,-0.9140759539563128,-3.1703978972174385,-2.354572645699266,0.0
2019-09-17,-0.0,-1.5846850928862708,1.0,-0.9231536021748981,-3.1812415043044853,-2.3729950158586313,0.0
2019-09-18,-0.0,-1.6134491809213505,1.0,-0.9208073128789935,-3.162820164720789,-2.3535161553081725,0.0
2019-09-19,-0.0,-1.5992766726943943,1.0,-0.9270343580470162,-3.1739602169981915,-2.3413200723327305,0.0
2019-09-20,-0.0,-1.625,1.0,-0.9656046343229544,-3.145094134685011,-2.315713251267198,0.0
2019-09-23,-0.0,-1.6318507111151372,1.0,-0.9767189056979798,-3.1306277742549145,-2.3195941661382373,0.0
2019-09-24,-0.0,-1.631063559706229,1.0,-0.9773324870795176,-3.1357330673678483,-2.3229667240910326,0.0
2019-09-25,-0.0,-1.5888232621535667,1.0,-0.9912766924125399,-3.1682871422080874,-2.338482507950932,0.0
2019-09-26,-0.0,-1.5227209367159187,1.0,-1.253972679119041,-3.237338537310659,-2.2787844995818234,0.0
2019-09-27,-0.0,-1.4995759917082825,1.0,-1.2699519457269388,-3.310845189861491,-2.3420333553189483,0.0
2019-09-30,-0.0,-1.377055377055377,1.0,-1.368172368172368,-3.3275373275373274,-2.3771498771498774,0.0
2019-10-01,-0.0,-1.3833696372762572,1.0,-1.3736149256558385,-3.334880196988351,-2.3787290463112036,0.0
2019-10-02,-0.0,-1.427124151772914,1.0,-1.4707062983847843,-3.3394819841345695,-2.3201758577845744,0.0
2019-10-03,-0.0,-1.5001418439716312,1.0,-1.4340425531914895,-3.284444444444445,-2.2375413711583927,0.0
2019-10-04,-0.0,-1.5402834585750973,1.0,-1.4678968895653002,-3.2642442690002853,-2.2396081042518787,0.0
2019-10-07,-0.0,-1.5727011494252874,1.0,-1.4416666666666667,-3.283620689655172,-2.2805555555555554,0.0
2019-10-08,-0.0,-1.6137597473102359,1.0,-1.4857368473003651,-3.4084493139867735,-2.3626492942453856,0.0
2019-10-09,-0.0,-1.6160766673185996,1.0,-1.4463133189908077,-3.389301779777039,-2.3273029532564053,0.0
2019-10-10,-0.0,-1.7112310151878496,1.0,-1.5943245403677058,-3.2924660271782575,-2.393884892086331,0.0
2019-10-11,-0.0,-1.7212322561159772,1.0,-1.7260646330413771,-3.2004429678848285,-2.4197120708748616,0.0
2019-10-14,-0.0,-1.6634439242825159,1.0,-1.83523305515978,-3.2901485853857118,-2.388255648280073,0.0
2019-10-15,-0.0,-1.6621139537254102,1.0,-1.8511874426663948,-3.2945673223932324,-2.384772194475589,0.0
2019-10-16,-0.0,-1.7261146496815287,1.0,-1.8581538772621577,-3.2099888787786877,-2.315842685269437,0.0
2019-10-17,-0.0,-1.6492876629281599,1.0,-1.9513994139638273,-3.187026371627766,-2.3162574517530565,0.0
2019-10-18,-0.0,-1.5481474143055278,1.0,-1.8617000198137508,-3.205666732712502,-2.2915593421834752,0.0
2019-10-21,-0.0,-1.4689108910891087,1.0,-1.8649504950495048,-3.197920792079208,-2.369207920792079,0.0
2019-10-22,-0.0,-1.455859065716548,1.0,-1.8740102929532856,-3.1985352335708632,-2.368665874901029,0.0
2019-10-23,-0.0,-1.4596734289955466,1.0,-1.854725383473528,-3.1948540326571004,-2.38683819891143,0.0
2019-10-24,-0.0,-1.4314544898583224,1.0,-2.0291509530119254,-3.3239221282234226,-2.4081133421669554,0.0
2019-10-25,-0.0,-1.4324569356300998,1.0,-1.9911352875994763,-3.273798730734361,-2.376145864813136,0.0
2019-10-28,-0.0,-1.508210014190148,1.0,-2.0450030407459963,-3.280356780863572,-2.302351510237178,0.0
2019-10-29,-0.0,-1.507992162524492,1.0,-2.1814994328142725,-3.30102093430958,-2.321955243889863,0.0
2019-10-30,-0.0,-1.5025296850800207,1.0,-2.184408879710893,-3.3096541042849763,-2.328652555498193,0.0
2019-10-31,-0.0,-1.508688456764584,1.0,-2.1886636326024,-3.300786098469177,-2.3452627223831195,0.0
2019-11-01,-0.0,-1.5088244400866961,1.0,-2.1819589224894207,-3.2899164000412835,-2.3403860047476517,0.0
2019-11-04,-0.0,-1.4874717601150136,1.0,-2.169747381392483,-3.301704662148285,-2.31012528239885,0.0
2019-11-05,-0.0,-1.5449902972117249,1.0,-2.4393831069349403,-3.1127566132162188,-2.116331324685936,0.0
2019-11-06,-0.0,-1.528887968523504,1.0,-2.470594325947401,-3.13915924622075,-2.21546904120936,0.0
2019-11-07,-0.0,-1.5094884488448843,1.0,-2.459777227722772,-3.129641089108911,-2.2145214521452146,0.0
2019-11-08,-0.0,-1.4927265170407316,1.0,-2.4778678304239397,-3.1701995012468824,-2.2498960931005816,0.0
2019-11-11,-0.0,-1.42845386277132,1.0,-2.5393478037238966,-3.085279292253883,-2.2339265507663817,0.0
2019-11-12,-0.0,-1.4068847551849475,1.0,-2.7123155869146887,-3.2347658755612576,-2.336754329698525,0.0
2019-11-13,-0.0,-1.4328604420983173,1.0,-2.9771252611899266,-3.245683492796657,-2.3418013856812934,0.0
2019-11-14,-0.0,-1.422552664188352,1.0,-3.1556832263151966,-3.346626112425369,-2.340205024219894,0.0
2019-11-15,-0.0,-1.4245829077289751,1.0,-3.2091703552377715,-3.3552377709681083,-2.360458517761889,0.0
2019-11-18,-0.0,-1.434266133637921,1.0,-3.250371216447744,-3.379211878926328,-2.3581953169617362,0.0
2019-11-19,-0.0,-1.6454136051196966,1.0,-3.297345342498222,-3.4602986489689505,-2.447973453424982,0.0
2019-11-20,-0.0,-1.6476855688410086,1.0,-3.300816858056115,-3.451284479696934,-2.438735645791405,0.0
2019-11-21,-0.0,-1.6009017791859614,1.0,-3.5220570314404096,-3.4946380697050943,-2.5686083353643676,0.0
2019-11-22,-0.0,-1.596369395711501,1.0,-3.5353313840155947,-3.497685185185185,-2.5538499025341133,0.0
2019-11-25,-0.0,-1.5967213114754097,1.0,-3.5290831815421977,-3.484638737097753,-2.532969034608379,0.0
2019-11-26,-0.0,-1.50536454523287,1.0,-3.5730309680565715,-3.5312118995366983,-2.5825408436966595,0.0
2019-11-27,-0.0,-1.5223334146936784,1.0,-3.5506468147424943,-3.5281913595313648,-2.6028801562118624,0.0
2019-11-29,-0.0,-1.5250558174150335,1.0,-3.692508062515505,-3.6241627387744977,-2.5622674274373605,0.0
2019-12-02,-0.0,-1.563354603463993,1.0,-4.022138299257716,-3.802578460737075,-2.634327386378435,0.0
2019-12-03,-0.0,-1.6243618831537152,1.0,-4.360039705048214,-4.204622802041974,-2.9913499716392513,0.0
2019-12-04,-0.0,-1.7605901256208005,1.0,-4.5594507741747,-4.29111890154835,-2.996056091148116,0.0
2019-12-05,-0.0,-1.7552256891850955,1.0,-4.783853377764314,-4.4304756134504695,-3.177370493789761,0.0
2019-12-06,-0.09247410115783058,-1.9224558196221815,1.0,-4.785496648385131,-4.441194393662401,-2.993144424131627,0.0
2019-12-09,-0.05428207577204711,-1.8011779687997453,1.0,-5.13435211716014,-4.735434574976122,-3.193409742120344,0.0
2019-12-10,-0.43051089674883886,-1.8272597356198643,1.0,-6.120042872454448,-5.338871025366203,-3.146838156484459,0.0
2019-12-11,-0.44847396768402153,-1.8362657091561938,1.0,-6.146499102333932,-5.357450628366248,-3.164452423698384,0.0
2019-12-12,-0.4691424470757087,-1.7838177251524938,1.0,-6.134373878722641,-5.368137782561894,-3.1849659131682815,0.0
2019-12-13,-0.4898509071313095,-1.7874977546254716,1.0,-6.253637506736124,-5.33465061972337,-3.09717980959224,0.0
2019-12-16,-0.5383812010443864,-1.7550913838120104,1.0,-6.100261096605744,-5.128633594429939,-2.884073107049608,0.0
2019-12-17,-0.8862680563174254,-1.6088864509051013,1.0,-6.529530078624976,-5.4026330224904004,-2.8575607972206982,0.0
2019-12-18,-1.2619439868204283,-1.7565897858319606,1.0,-7.342874794069193,-6.013591433278418,-3.217874794069193,0.0
2019-12-19,-1.2467775467775468,-1.8494802494802496,1.0,-7.437214137214138,-6.017047817047818,-3.2395010395010395,0.0
2019-12-20,-1.2535855331531907,-1.9397214716275202,1.0,-7.462897526501767,-5.978798586572438,-3.1506963209311993,0.0
2019-12-23,-1.2637271214642263,-1.9960482529118138,1.0,-7.445923460898502,-5.982321131447588,-3.110648918469218,0.0
2019-12-24,-1.2796504369538078,-2.0027049521431546,1.0,-7.426758218893051,-5.988764044943821,-3.109446525176862,0.0
2019-12-26,-1.2706719698555577,-2.019677621938455,1.0,-7.497173958551392,-6.036005861419301,-3.1101109482939084,0.0
2019-12-27,-1.2665398435848658,-2.087507926442613,1.0,-7.605157471993237,-6.054956668780385,-3.12280701754386,0.0
2019-12-30,-1.3717176065432628,-2.1063280241067583,1.0,-7.79896685320706,-6.1749892380542395,-3.07188979767542,0.0
2019-12-31,-1.3272727272727274,-2.1264171122994653,1.0,-7.757860962566845,-6.137967914438502,-3.0410695187165775,0.0
2020-01-02,-1.293740653706473,-2.13373210852382,1.0,-7.766502883999146,-6.135868404187139,-3.0328989532151254,0.0
2020-01-03,-0.9227419049422458,-1.9200908918765385,1.0,-6.8763491762923685,-5.463359212270403,-2.753077068736981,0.0
2020-01-06,-1.0061538461538462,-1.954423076923077,1.0,-6.945,-5.526346153846155,-2.798846153846154,0.0
2020-01-07,-0.9894088195647989,-1.9618717504332757,1.0,-6.963412285769305,-5.51627190448681,-2.8257269401116893,0.0
2020-01-08,-0.988863287250384,-1.949500768049155,1.0,-6.948540706605222,-5.497119815668203,-2.8172043010752685,0.0
2020-01-09,-1.0022471910112358,-1.9926966292134831,1.0,-6.687265917602995,-5.296067415730337,-2.748314606741573,0.0
2020-01-10,-1.044871794871795,-2.0037707390648567,1.0,-6.728506787330317,-5.313536953242837,-2.7633861236802417,0.0
2020-01-13,-1.0904893813481071,-1.9946445060018467,1.0,-6.5652816251154205,-5.149584487534626,-2.6672206832871654,0.0
2020-01-14,-1.291882556131261,-1.9660333909038574,1.0,-6.882939934753407,-5.3542506236806755,-2.695068125119939,0.0
2020-01-15,-1.3153696498054475,-2.002918287937743,1.0,-6.981712062256809,-5.413618677042802,-2.7414396887159533,0.0
2020-01-16,-1.3258470474346562,-1.9909002904162634,1.0,-6.9171345595353335,-5.388964181994191,-2.738238141335915,0.0
2020-01-17,-1.3712224605186196,-1.9510625852992787,1.0,-6.956521739130435,-5.435757457594073,-2.7824137258724897,0.0
2020-01-21,-1.416087962962963,-1.959104938271605,1.0,-6.808449074074074,-5.377314814814815,-2.7291666666666665,0.0
2020-01-22,-1.4205246913580247,-1.9560185185185186,1.0,-6.812307098765433,-5.380015432098765,-2.721257716049383,0.0
2020-01-23,-1.4886630179827993,-1.9483971853010167,1.0,-6.838545738858484,-5.479867083659109,-2.790852228303362,0.0
2020-01-24,-1.488893257322587,-1.9604875172007077,1.0,-6.888539414193041,-5.52034597994889,-2.799488893257323,0.0
2020-01-27,-1.4379148770011712,-1.912534166341273,1.0,-6.893401015228426,-5.468566966028895,-2.811011323701679,0.0
2020-01-28,-1.3421771361685524,-2.061061256340226,1.0,-7.0222395630120955,-5.4250877877487325,-2.6580179477175188,0.0
2020-01-29,-1.277047913446677,-2.0664605873261204,1.0,-6.97758887171561,-5.369976816074188,-2.628670788253477,0.0
2020-01-30,-1.3362985882807967,-2.0495068652098243,1.0,-6.962289692515955,-5.4132662927866955,-2.577064397602011,0.0
2020-01-31,-1.2551656920077974,-2.168615984405458,1.0,-6.993762183235868,-5.457309941520467,-2.6183235867446393,0.0
2020-02-03,-1.2479799923047326,-2.1002308580223166,1.0,-6.915544440169296,-5.3797614467102735,-2.5948441708349366,0.0
2020-02-04,-1.173084254670225,-2.065383149065955,1.0,-6.84940907357987,-5.363133816240945,-2.6111322912695387,0.0
2020-02-05,-1.0571698113207548,-2.089056603773585,1.0,-6.824150943396226,-5.345471698113208,-2.5520754716981133,0.0
2020-02-06,-1.0763444904099286,-2.0891312523505077,1.0,-6.85765325310267,-5.3113952613764575,-2.469537420082738,0.0
2020-02-07,-1.0431530494821635,-2.163598005370157,1.0,-7.01879555044112,-5.432297660145761,-2.5210970464135025,0.0
2020-02-10,-1.0320671883947319,-2.1381943118915823,1.0,-6.997327734300439,-5.417064325252911,-2.502958579881657,0.0
2020-02-11,-0.986390645965114,-2.133793367835921,1.0,-7.01571784550508,-5.443549932911635,-2.5886524822695036,0.0
2020-02-12,-0.9733307751343054,-2.134113584036838,1.0,-7.01726784343822,-5.453952417498082,-2.6078280890253263,0.0
2020-02-13,-0.9762180974477958,-2.1653132250580045,1.0,-7.1051817478731625,-5.49245939675174,-2.5957076566125292,0.0
2020-02-14,-0.9886983632112237,-2.1740062353858147,1.0,-7.158612626656274,-5.510911925175371,-2.6535463756819953,0.0
2020-02-18,-0.9849902534113061,-2.1799220272904485,1.0,-7.155165692007797,-5.508382066276803,-2.664717348927875,0.0
2020-02-19,-0.9678746327130265,-2.3087169441723803,1.0,-7.174534769833496,-5.468560235063663,-2.6691478942213513,0.0
2020-02-20,-0.4641393442622951,-2.090846994535519,1.0,-6.329405737704918,-4.955601092896175,-2.23650956284153,0.0
2020-02-21,-0.4383421456592188,-2.10591847177213,1.0,-6.329865256694525,-4.949684461879584,-2.23247484223094,0.0
2020-02-24,-0.3959114139693356,-2.164395229982964,1.0,-6.319761499148211,-4.949744463373083,-2.2061328790459966,0.0
2020-02-25,-0.27308548912112385,-2.4601678944663354,1.0,-6.643995203015248,-4.67380503683399,-2.0810347781394554,0.0
2020-02-26,-0.3006235641614703,-2.3047259599606167,1.0,-6.42336724647194,-4.543485395470955,-1.8377092221857565,0.0
2020-02-27,-0.3399673735725938,-2.272756933115824,1.0,-6.362969004893964,-4.533115823817292,-1.8044045676998368,0.0
2020-02-28,-0.35517384679318464,-2.4019947361130347,1.0,-5.05097658955534,-3.501177448400055,-1.5430114974373181,0.0
2020-03-02,-0.45232846514191233,-2.3053182694957286,1.0,-4.953430697161752,-3.5220446403968038,-1.544640396803527,0.0
2020-03-03,-0.2962459866633737,-2.493208199555446,1.0,-4.14522104223265,-3.0666831316374417,-1.3473697209187454,0.0
2020-03-04,-0.08046402566950511,-2.716524743922004,1.0,-4.3750462791558675,-2.958904109589041,-1.2101690731827717,0.0
2020-03-05,-0.03533609576427256,-2.9526933701657456,1.0,-3.836441068139963,-2.6179788213627995,-1.0675644567219154,0.0
2020-03-06,-0.0984247570103899,-3.06803709082784,1.0,-3.606189252597475,-2.4304546977991284,-0.9688302982906938,0.0
2020-03-09,-0.0796869833572137,-3.023255813953488,1.0,-3.5765457952165765,-2.3977736140196186,-0.9445607847459494,0.0
2020-03-10,-0.8532644434006575,-1.9850634100516673,1.0,-2.98731798966651,-1.9998121183654298,-0.5686237670267731,0.0
2020-03-11,-0.6106099848173618,-2.253371438778244,1.0,-2.9257836920603735,-1.7595784585156737,-0.38170938644279717,0.0
2020-03-12,-0.7907656859269763,-1.9181141439205955,1.0,-2.890818858560794,-1.8860333215171927,-0.37646224742998935,0.0
2020-03-13,-0.9904692615496545,-1.384867224445253,1.0,-2.0898508548563117,-1.4831575118224811,-0.327028010185522,0.0
2020-03-16,-0.7811786817022419,-1.6814337494965768,1.0,-1.925963216539133,-1.3238018525976643,-0.0,0.0
2020-03-17,-0.7811146569409619,-1.1580806929564624,1.0,-1.2574082516526102,-1.2058354228402097,-0.29621609300205154,0.0
2020-03-18,-0.7656363942334661,-1.1582992090649016,1.0,-1.1990239524317046,-1.1808492735737925,-0.30565995400235596,0.0
2020-03-19,-0.7833917232318808,-1.002189621195533,1.0,-1.1474162469892708,-1.1772498357784102,-0.36380556163783667,0.0
2020-03-20,-0.8026301125599019,-1.151844422155355,1.0,-1.125041792042795,-1.1938593558453137,-0.29895241279393736,0.0
2020-03-23,-0.8048202073681888,-1.2633465696007058,1.0,-0.9969115376130597,-1.1780277961614825,-0.27200529450694905,0.0
2020-03-24,-0.8593307807557848,-1.3091948282559236,1.0,-0.9233671827312578,-1.1694689528882969,-0.28766439154319956,0.0
2020-03-25,-0.877859778597786,-1.3146020031628887,1.0,-0.6987348444913021,-1.1643647865050077,-0.21591987348444913,0.0
2020-03-26,-0.8680925965436314,-1.318754000426712,1.0,-0.7384787710689139,-1.1836995946234266,-0.22482398122466396,0.0
2020-03-27,-0.8760165800933941,-1.299910803295031,1.0,-0.6784721129125347,-1.1988037147804185,-0.19360931843223675,0.0
2020-03-30,-0.8547933798272093,-1.2903611949620069,1.0,-0.6985531383366296,-1.1954304153221609,-0.16545227438326218,0.0
2020-03-31,-0.8361899845121321,-1.2978316985028393,1.0,-0.6983479607640681,-1.1758905524006193,-0.15436241610738255,0.0
2020-04-01,-0.8321373654536135,-1.2819579702716555,1.0,-0.6736032803690416,-1.1670425422860071,-0.1707842132239877,0.0
2020-04-02,-0.8422357106727365,-1.2344461305007588,1.0,-0.6550834597875569,-1.1762266059686395,-0.15017703591299952,0.0
2020-04-03,-0.8440770514181708,-1.2351989483795947,1.0,-0.6532180595581173,-1.178623792911674,-0.14469892310025786,0.0
2020-04-06,-0.8433984158216035,-1.221482266283235,1.0,-0.6512284950305232,-1.178648907724131,-0.1503960445991625,0.0
2020-04-07,-0.8068561872909699,-1.1865532166043675,1.0,-0.6220735785953178,-1.1631910289199292,-0.13968129057643125,0.0
2020-04-08,-0.8287016396690939,-1.1870510724723833,1.0,-0.662654183385347,-1.1789270322484768,-0.09629959875167186,0.0
2020-04-09,-0.8465182845580614,-1.1407984997285694,1.0,-0.6873612002171444,-1.1815624537334057,-0.078813601144944,0.0
2020-04-13,-0.8616491695007148,-1.0987234462023758,1.0,-0.6994923357484351,-1.1843856276800238,-0.08457785006653853,0.0
2020-04-14,-0.8658614739955631,-1.0713334976583684,1.0,-0.7265467093911758,-1.1827951688439733,-0.08321419768301701,0.0
2020-04-15,-0.8460934432665882,-1.0826462504907735,1.0,-0.7092658029053789,-1.1808009422850412,-0.0889281507656066,0.0
2020-04-16,-0.8555082881032713,-1.0731504571903574,1.0,-0.7167375678450931,-1.1788176617280328,-0.06547357097452448,0.0
2020-04-17,-0.8416914888422286,-1.07969139118121,1.0,-0.7017920796913911,-1.1781336979344694,-0.08169344206260071,0.0
2020-04-20,-0.8582205782147376,-1.0501800837145916,1.0,-0.7115740290080794,-1.1755086148155358,-0.0716927869171615,0.0
2020-04-21,-0.8636341499050308,-1.0556177860030194,1.0,-0.713339502264647,-1.1721131836555787,-0.06555301222422441,0.0
2020-04-22,-0.8528314682943371,-1.0693697621469747,1.0,-0.6975730271762824,-1.1751198953640458,-0.04936298018698832,0.0
2020-04-23,-0.8371261535488236,-1.0838285741894962,1.0,-0.6858965067401073,-1.1708943325119583,-0.05392085809537615,0.0
2020-04-24,-0.8373214974913161,-1.0895407178695486,1.0,-0.6752701659590893,-1.1638363566190661,-0.05842338865302972,0.0
2020-04-27,-0.838616157711635,-1.0792906841901817,1.0,-0.6777638190954774,-1.1613838422883649,-0.07479706223424816,0.0
2020-04-28,-0.8388963920509357,-1.0873046498167085,1.0,-0.6629847578622419,-1.1592224580358865,-0.07505305807447424,0.0
2020-04-29,-0.8139106848784268,-1.1238980916400272,1.0,-0.6403661726242371,-1.1570279957376732,-0.10839872130194711,0.0
2020-04-30,-0.836150211874726,-1.0480249378987871,1.0,-0.6890068676635333,-1.2165018752130925,-0.0810481710583995,0.0
2020-05-01,-0.8321164330218067,-1.047897196261682,1.0,-0.6900798286604362,-1.216316199376947,-0.08119158878504673,0.0
2020-05-04,-0.8424890617403987,-1.027807486631016,1.0,-0.7070491006319884,-1.2379679144385027,-0.04608653378706855,0.0
2020-05-05,-0.8393402861993693,-1.0222653407712832,1.0,-0.7120058210041231,-1.231578947368421,-0.04564637399951492,0.0
2020-05-06,-0.84008539129591,-1.0234340885934694,1.0,-0.7099607005967687,-1.2324001746640145,-0.04589782155159866,0.0
2020-05-07,-0.8376247262107569,-1.029398880506206,1.0,-0.7035288391336092,-1.2413239230956437,-0.05548795327330251,0.0
2020-05-08,-0.8355083755356448,-1.0178223607323726,1.0,-0.7180560966108298,-1.2403583950136348,-0.057752239968835224,0.0
2020-05-11,-0.8627862688607842,-0.9734850334488989,1.0,-0.7468626397773329,-1.2642707163435714,-0.035695102299916986,0.0
2020-05-12,-0.8662205724333301,-0.9704991696786167,1.0,-0.7559831982025984,-1.2612581811077463,-0.03028230927029403,0.0
2020-05-13,-0.8691402450885042,-0.933232834078973,1.0,-0.7748492511184595,-1.2698891266290604,-0.01575568955456137,0.0
2020-05-14,-0.8756257594167679,-0.9203402187120292,1.0,-0.7861968408262454,-1.2780558930741193,-0.0,0.0
2020-05-15,-0.8881327719573092,-0.9342994223049056,1.0,-0.8008420640360325,-1.272397924214237,-0.0,0.0
2020-05-18,-0.896177812668662,-0.9410725675874589,1.0,-0.7960355232814876,-1.2732446886806341,-0.0,0.0
2020-05-19,-0.8956917208665459,-0.9025380214191403,1.0,-0.8262017702577142,-1.26578316788107,-0.0,0.0
2020-05-20,-0.8962245696400627,-0.8978384194053208,1.0,-0.8276115023474179,-1.2687793427230047,-0.0,0.0
2020-05-21,-0.8969208211143695,-0.8878787878787878,1.0,-0.8335777126099707,-1.269208211143695,-0.0,0.0
2020-05-22,-0.9035801863658656,-0.9099558607160373,1.0,-0.8216772927905835,-1.2692005885237863,-0.0,0.0
2020-05-26,-0.9040961491292616,-0.9105224429727741,1.0,-0.8220259995094432,-1.2689232278636253,-0.0,0.0
2020-05-27,-0.926772892692043,-0.8737090587193863,1.0,-0.8567915806039147,-1.2605980131798957,-0.0,0.0
2020-05-28,-0.9288417121234459,-0.8664307828394515,1.0,-0.8593051255589954,-1.2596687797926187,-0.0,0.0
2020-05-29,-0.9234398034398035,-0.8757739557739558,1.0,-0.8547420147420148,-1.26004914004914,-0.0,0.0
2020-06-01,-0.8936550923687011,-0.8625592417061612,1.0,-0.8381855111712933,-1.2416578005609826,-0.0,0.0
2020-06-02,-0.8922750506316907,-0.8664287780885331,1.0,-0.8265020734882823,-1.2368598707686373,-0.0,0.0
2020-06-03,-0.8917185163748613,-0.8650460618337916,1.0,-0.8333574494766797,-1.2331066415858776,-0.0,0.0
2020-06-04,-0.8925456560497278,-0.8516359080614851,1.0,-0.8444080373921843,-1.2300390305016142,-0.0,0.0
2020-06-05,-0.8827725826665381,-0.8598284006555481,1.0,-0.8404993733731804,-1.23710594813458,-0.0,0.0
2020-06-08,-0.8796122124149907,-0.8598369748709788,1.0,-0.8343703274972267,-1.2494573867747072,-0.0,0.0
2020-06-09,-0.8962150142601635,-0.844395030695606,1.0,-0.8430898631991106,-1.250253782568763,-0.0,0.0
2020-06-10,-0.8965350601652732,-0.8451167061325086,1.0,-0.8387377373991204,-1.2521142415309525,-0.0,0.0
2020-06-11,-0.893877354400501,-0.8341923984777686,1.0,-0.833614335950672,-1.255503636976733,-0.0,0.0
2020-06-12,-0.8859907047329983,-0.787394479749597,1.0,-0.8518922507825099,-1.2172057289196623,-0.0,0.0
2020-06-15,-0.8903115663679043,-0.7785839616825532,1.0,-0.855598235879926,-1.2177644994546404,-0.0,0.0
2020-06-16,-0.9053386529875558,-0.7507836990595611,1.0,-0.8541369810962287,-1.2394794338368007,-0.0,0.0
2020-06-17,-0.9063109335616112,-0.7517001949873972,1.0,-0.8576592000760926,-1.2401198459123983,-0.0,0.0
2020-06-18,-0.9103625463888096,-0.7437910362546388,1.0,-0.8628318584070797,-1.240888762013512,-0.0,0.0
2020-06-19,-0.9085079093629757,-0.7420550092632179,1.0,-0.8617642867322217,-1.2380409481734835,-0.0,0.0
2020-06-22,-0.9072365918600228,-0.7407759604412324,1.0,-0.8739539748953975,-1.2326930391783948,-0.0,0.0
2020-06-23,-0.9120460711056113,-0.7397077721193661,1.0,-0.8750178477940128,-1.2326400456903528,-0.0,0.0
2020-06-24,-0.9083052376656062,-0.7454295075739589,1.0,-0.8706491286385869,-1.2241796856450922,-0.0,0.0
2020-06-25,-0.9036081741026979,-0.7332511497795269,1.0,-0.8835996396567256,-1.2208999099141815,-0.0,0.0
2020-06-26,-0.9049675001186126,-0.731223608672961,1.0,-0.8864639180148978,-1.2218532049153104,-0.0,0.0
2020-06-29,-0.9012099644128113,-0.7230367734282325,1.0,-0.8993119810201661,-1.221399762752076,-0.0,0.0
2020-06-30,-0.9229303610555397,-0.686624749928551,1.0,-0.9229303610555397,-1.230732590263885,-0.0,0.0
2020-07-01,-0.9211646029545346,-0.6885308600659751,1.0,-0.9145670985322943,-1.2565377444184158,-0.0,0.0
2020-07-02,-0.9094953360440086,-0.7095431714900741,1.0,-0.9080602726620425,-1.2564458263573308,-0.0,0.0
2020-07-06,-0.9141967919559492,-0.7100311228154178,1.0,-0.9060569786928417,-1.257840555422552,-0.0,0.0
2020-07-07,-0.9025043012808258,-0.7227107627604664,1.0,-0.8931370674823169,-1.260896578092143,-0.0,0.0
2020-07-08,-0.8959441489361702,-0.7043598024316109,1.0,-0.8916698328267477,-1.2572663373860185,-0.0,0.0
2020-07-09,-0.8933181473044799,-0.7098519362186788,1.0,-0.8870064540622628,-1.2554574791192104,-0.0,0.0
2020-07-10,-0.8929807099862552,-0.7027347267643016,1.0,-0.8901369733162708,-1.253708706573771,-0.0,0.0
2020-07-13,-0.9276033215615156,-0.6843084852534121,1.0,-0.9029302281187362,-1.2575164646368235,-0.0,0.0
2020-07-14,-0.9610245526023828,-0.6741594713231392,1.0,-0.9298634894602287,-1.2586947084076987,-0.0,0.0
2020-07-15,-0.9653558504221954,-0.6687575392038602,1.0,-0.9329312424607962,-1.2580458383594695,-0.0,0.0
2020-07-16,-0.9678633468442386,-0.6650743099787686,1.0,-0.9337965643698127,-1.2585890754680564,-0.0,0.0
2020-07-17,-0.9566908340135402,-0.6642819417102799,1.0,-0.9256734047150332,-1.254813463292841,-0.0,0.0
2020-07-20,-0.9694453830187768,-0.6662644205242073,1.0,-0.9356567070521795,-1.2555871989187626,-0.0,0.0
2020-07-21,-0.947012836598784,-0.6822700511533636,1.0,-0.9269375542901265,-1.2695685744619245,-0.0,0.0
2020-07-22,-0.9573727707698999,-0.6728046010342661,1.0,-0.9350925523174327,-1.267749262964574,-0.0,0.0
2020-07-23,-0.9611213324295536,-0.676091798198896,1.0,-0.9378812820761111,-1.2666311610341823,-0.0,0.0
2020-07-24,-0.9501087744742567,-0.6898235436306502,1.0,-0.9284022238336959,-1.2660381919265167,-0.0,0.0
2020-07-27,-0.9493909512761021,-0.69127030162413,1.0,-0.9293793503480278,-1.2637277648878578,-0.0,0.0
2020-07-28,-0.9523004059539919,-0.685723951285521,1.0,-0.9226754301179201,-1.2721341581287455,-0.0,0.0
2020-07-29,-0.9627796379870918,-0.6864172368612607,1.0,-0.9258504391711554,-1.2776726355122048,-0.0,0.0
2020-07-30,-0.9612440654975294,-0.6730452475535317,1.0,-0.928737525433582,-1.2814649743241933,-0.0,0.0
2020-07-31,-0.9677247136478354,-0.6783148903125606,1.0,-0.9298194525334886,-1.277567462628616,-0.0,0.0
2020-08-03,-0.9407696054554311,-0.7079883097905504,1.0,-0.9445202143205065,-1.2776424744276667,-0.0,0.0
2020-08-04,-0.9408327246165085,-0.7087898709520332,1.0,-0.9446798149500851,-1.275480886291697,-0.0,0.0
2020-08-05,-0.9425690486628672,-0.7080715085975936,1.0,-0.9450046275999805,-1.2755126893662625,-0.0,0.0
2020-08-06,-0.951043142619827,-0.6903796355108224,1.0,-0.9595934919626716,-1.2848976401035814,-0.0,0.0
2020-08-07,-0.963482870324924,-0.694365367625405,1.0,-0.9629429665259644,-1.2874251497005986,-0.0,0.0
2020-08-10,-0.9620918242082003,-0.6966854898109502,1.0,-0.9636631475570833,-1.2878958998281367,-0.0,0.0
2020-08-11,-0.9563913470993117,-0.7050147492625369,1.0,-0.9575712881022616,-1.2974434611602754,-0.0,0.0
2020-08-12,-0.9555872516230572,-0.7051937831988984,1.0,-0.957997245721031,-1.2995770214440292,-0.0,0.0
2020-08-13,-0.9503417080485766,-0.7232902305914745,1.0,-0.9372633856138454,-1.3057180785682678,-0.0,0.0
2020-08-14,-0.952493360873414,-0.7227795809973443,1.0,-0.9388708566932232,-1.303678567915806,-0.0,0.0
2020-08-17,-0.9482538748283303,-0.7174318226407691,1.0,-0.9387875220718068,-1.3003727682950756,-0.0,0.0
2020-08-18,-0.9449482817785184,-0.7135643904112946,1.0,-0.9441149075935095,-1.299524486494436,-0.0,0.0
2020-08-19,-0.9411100750846542,-0.7238062521470285,1.0,-0.9420424988958138,-1.3005839917554103,-0.0,0.0
2020-08-20,-0.9401805869074493,-0.7267641574246737,1.0,-0.9411620374914123,-1.299146137991952,-0.0,0.0
2020-08-21,-0.9420587229468953,-0.7000341980555962,1.0,-0.9660950705945576,-1.2772485221554546,-0.0,0.0
2020-08-24,-0.942489983387081,-0.6966676438971954,1.0,-0.9707808071924167,-1.276263070458321,-0.0,0.0
2020-08-25,-0.9417404490534658,-0.7056205057966052,1.0,-0.9839553881524238,-1.2603336105268306,-0.0,0.0
2020-08-26,-0.9551679968469801,-0.6977042073110651,1.0,-1.00497585969061,-1.2686964232929354,-0.0,0.0
2020-08-27,-0.9314147258072492,-0.7338673787271918,1.0,-0.9978242595065026,-1.2818078425555062,-0.0,0.0
2020-08-28,-0.9340952946415318,-0.7341546682499629,1.0,-0.9992578298946118,-1.280342387808619,-0.0,0.0
2020-08-31,-0.9344887348353553,-0.7332508046546174,1.0,-1.002327308739787,-1.2816538747214659,-0.0,0.0
2020-09-01,-0.9335347432024168,-0.7380020801347135,1.0,-0.994056757961468,-1.2871081174780843,-0.0,0.0
2020-09-02,-1.2893706714844926,-0.8557663354411322,1.0,-1.2811201445347786,-1.50063233965673,-0.0953929539295393,0.0
2020-09-03,-1.2944330642246056,-0.8626943005181349,1.0,-1.287504518616701,-1.4965658513073865,-0.08368478129895168,0.0
2020-09-04,-1.2430932633212006,-0.8702189868130558,1.0,-1.2392147502834299,-1.5004475207351275,-0.11390894444775941,0.0
2020-09-08,-1.2481207493139244,-0.8763870659825798,1.0,-1.2354730939028755,-1.4918864097363085,-0.11400787495525594,0.0
2020-09-09,-1.2300163132137032,-0.9158963204640204,1.0,-1.1924959216965743,-1.5344087970515379,-0.1691136487221316,0.0
2020-09-10,-1.2192242833052278,-0.9147193447362081,1.0,-1.1799566369549508,-1.5324018308841243,-0.17634304986750182,0.0
2020-09-11,-1.2137055532158112,-0.9207027254677818,1.0,-1.1796522471572108,-1.5275855845015343,-0.17489922387341314,0.0
2020-09-14,-1.2117909189449596,-0.9098518607732144,1.0,-1.1793929904853666,-1.5328796820426351,-0.1879441165843671,0.0
2020-09-15,-1.211324387748962,-0.9058908478247788,1.0,-1.1751609603465911,-1.5334857693001986,-0.19128708105180817,0.0
2020-09-16,-1.2683561558956564,-0.9117045665778548,1.0,-1.2516264948261975,-1.5888840696449593,-0.1756614412293203,0.0
2020-09-17,-1.3105695131883968,-0.8975628093477852,1.0,-1.2861349539502536,-1.6187582231689743,-0.15230875258442453,0.0
2020-09-18,-1.2994445484615864,-0.8895337951694438,1.0,-1.2853398240029956,-1.6118080259626786,-0.1549023279036385,0.0
2020-09-21,-1.2761281560590159,-0.8865362059386381,1.0,-1.2800790172232854,-1.5797271436508429,-0.15081177850484598,0.0
2020-09-22,-1.272501859657823,-0.9037937019588397,1.0,-1.2767790726506323,-1.5859781800148776,-0.1598685841805108,0.0
2020-09-23,-1.263856992117187,-0.9007510396623425,1.0,-1.284153683818509,-1.5855626590528211,-0.1726149835516107,0.0
2020-09-24,-1.2554230270069833,-0.8956801186576849,1.0,-1.2771151350349175,-1.5820406649774426,-0.16982881156912427,0.0
2020-09-25,-1.2524409838091706,-0.9005685329378322,1.0,-1.2734519836855767,-1.578791249536522,-0.17445309603262887,0.0
2020-09-28,-1.2463607204539848,-0.8984702689365903,1.0,-1.2650505798174192,-1.5777202072538863,-0.18060695780903036,0.0
2020-09-29,-1.2501234263144902,-0.8889163169587757,1.0,-1.2695013576894596,-1.5823253517649964,-0.1804492717847445,0.0
2020-09-30,-1.2497533300444006,-0.8856068080907745,1.0,-1.2726319684262457,-1.5777010360138135,-0.18105574740996547,0.0
2020-10-01,-1.2495837187789085,-0.8915201973481345,1.0,-1.2702436016034535,-1.5766882516188716,-0.17909343200740058,0.0
2020-10-02,-1.2587209302325582,-0.899740227610094,1.0,-1.2770286986640278,-1.580714992577932,-0.1689139040079169,0.0
2020-10-05,-1.250432525951557,-0.9063890261987146,1.0,-1.2679807217004448,-1.5802644587246661,-0.17387543252595153,0.0
2020-10-06,-1.2529451674582126,-0.8969962375871214,1.0,-1.2671313143773517,-1.5814469869857524,-0.16937025843458953,0.0
2020-10-07,-1.2348438456827924,-0.9029393753827312,1.0,-1.2578077158603798,-1.5545009185548073,-0.1736068585425597,0.0
2020-10-08,-1.2351070336391436,-0.8978593272171255,1.0,-1.258960244648318,-1.554434250764526,-0.16978593272171252,0.0
2020-10-09,-1.232936144210205,-0.8950809654750993,1.0,-1.2563397494653223,-1.5507485487320503,-0.1754964864039108,0.0
2020-10-12,-1.2264450690455824,-0.8941708419894904,1.0,-1.2516803128437004,-1.5465599413418063,-0.191372357326164,0.0
2020-10-13,-1.2154183947304222,-0.8996096608929007,1.0,-1.2489021712612833,-1.5417174920712369,-0.1934008294706026,0.0
2020-10-14,-1.2196044921874998,-0.898193359375,1.0,-1.256591796875,-1.5410766601562498,-0.18792724609375,0.0
2020-10-15,-1.2213334961533764,-0.8994382708511417,1.0,-1.2568079130540968,-1.541946513615826,-0.18622542434973743,0.0
2020-10-16,-1.2189865689865689,-0.9021367521367522,1.0,-1.2548229548229548,-1.53992673992674,-0.18913308913308913,0.0
2020-10-19,-1.2174603174603174,-0.9017094017094017,1.0,-1.2567765567765568,-1.5405372405372406,-0.18852258852258852,0.0
2020-10-20,-1.2127270510788735,-0.901926124588565,1.0,-1.2520419358771182,-1.5354138729733025,-0.19328294526392784,0.0
2020-10-21,-1.212621951219512,-0.9010975609756097,1.0,-1.2565243902439025,-1.5346341463414634,-0.1926829268292683,0.0
2020-10-22,-1.2102701387198833,-0.8985762959357507,1.0,-1.2540155755658309,-1.5301168167437331,-0.1912265758091993,0.0
2020-10-23,-1.2194943649101433,-0.8911970758452635,1.0,-1.2618946085897045,-1.5332318001827598,-0.1861711848918672,0.0
2020-10-26,-1.1963481290167577,-0.8829359120667908,1.0,-1.2360502132260196,-1.5018319418583699,-0.18908042525076582,0.0
2020-10-27,-1.193908142463125,-0.8830195467082385,1.0,-1.2353399688212015,-1.5026981652476317,-0.18095694927449332,0.0
2020-10-28,-1.1866650834174435,-0.8833936947099685,1.0,-1.2045360090245207,-1.4790714243305825,-0.18357774743216768,0.0
2020-10-29,-1.1652736904061212,-0.8819305473808122,1.0,-1.1910535609181874,-1.4676868746321365,-0.17987051206592114,0.0
2020-10-30,-1.1646172854033063,-0.8796258163205272,1.0,-1.1906807083602988,-1.468023768900394,-0.18050244160734247,0.0
2020-11-02,-1.1563271060979907,-0.8751028081306544,1.0,-1.1875220303137115,-1.4681001057455059,-0.1876395253201739,0.0
2020-11-03,-1.222804165914153,-0.8724339293239419,1.0,-1.2353259888026007,-1.5242309313105775,-0.1653121425561375,0.0
2020-11-04,-1.223377403846154,-0.86171875,1.0,-1.2340745192307694,-1.525360576923077,-0.16496394230769232,0.0
2020-11-05,-1.1770864492970388,-0.8896799282081963,1.0,-1.1904875860005983,-1.5244391265330541,-0.20101705055339514,0.0
2020-11-06,-1.1736144290492116,-0.8859292881032012,1.0,-1.190516005733397,-1.5254419493549927,-0.19678690874343047,0.0
