Date,IWF,IWM,K,MTUM,SDY,SPY,USMV,VLUE,XLB,XLC,XLE,XLF,XLI,XLK,XLP,XLRE,XLU,XLV,XLY
2019-01-02,-0.0,-0.0,1.0,-0.0,-0.32127483931835604,-0.0,-0.13942449436877175,-0.0,-0.0,-0.0,-0.0,-0.0,-0.0,-0.0,-0.8808007547614837,-0.0,-0.6068164396485642,-0.0,-0.0
2019-01-03,-0.0,-0.0,1.0,-0.0,-0.3267776540242687,-0.0,-0.12723489067354476,-0.0,-0.0,-0.0,-0.0,-0.0,-0.0,-0.0,-0.8951579811243333,-0.0,-0.5818629462453837,-0.0,-0.0
2019-01-04,-0.0,-0.0,1.0,-0.0,-0.3219156081179735,-0.0,-0.09700686231566652,-0.0,-0.0,-0.0,-0.0,-0.0,-0.0,-0.0,-0.9103518761863048,-0.0,-0.5908599795590598,-0.0,-0.0
2019-01-07,-0.0,-0.0,1.0,-0.0,-0.2947795293580078,-0.0,-0.07373771989947452,-0.0,-0.0,-0.0,-0.0,-0.0,-0.0,-0.0,-0.8959904043865661,-0.0,-0.591329677861549,-0.0,-0.0
2019-01-08,-0.0,-0.0,1.0,-0.0,-0.30471611721611724,-0.0,-0.07912660256410257,-0.0,-0.0,-0.0,-0.0,-0.0,-0.0,-0.0,-0.8934581043956045,-0.0,-0.5844494047619048,-0.0,-0.0
2019-01-09,-0.0,-0.0,1.0,-0.0,-0.28408121480975945,-0.0,-0.08516749132684981,-0.0,-0.0,-0.0,-0.0,-0.0,-0.0,-0.0,-0.900955468350111,-0.0,-0.5734800659728146,-0.0,-0.0
2019-01-10,-0.0,-0.0,1.0,-0.0,-0.3063027125598359,-0.0,-0.09585137907453842,-0.0,-0.0,-0.0,-0.0,-0.0,-0.0,-0.0,-0.8709824481422385,-0.0,-0.5761910189195351,-0.0,-0.0
2019-01-11,-0.0,-0.0,1.0,-0.0,-0.3028324913435886,-0.0,-0.09198501447465517,-0.0,-0.0,-0.0,-0.0,-0.0,-0.0,-0.0,-0.877306011239144,-0.0,-0.5660441618890845,-0.0,-0.0
2019-01-14,-0.0,-0.0,1.0,-0.0,-0.2985087345547508,-0.0,-0.09490129243005256,-0.0,-0.0,-0.0,-0.0,-0.0,-0.0,-0.0,-0.8852719784121574,-0.0,-0.5618520096577191,-0.0,-0.0
2019-01-15,-0.0,-0.0,1.0,-0.0,-0.3108695652173913,-0.0,-0.081055900621118,-0.0,-0.0,-0.0,-0.0,-0.0,-0.0,-0.0,-0.915527950310559,-0.0,-0.5158385093167702,-0.0,-0.0
2019-01-16,-0.0,-0.0,1.0,-0.0,-0.31510167295668334,-0.0,-0.073846673801611,-0.0,-0.0,-0.0,-0.0,-0.0,-0.0,-0.0,-0.9148312961189659,-0.0,-0.5126457500140821,-0.0,-0.0
2019-01-17,-0.0,-0.0,1.0,-0.0,-0.31533434736071203,-0.0,-0.0743901752013971,-0.0,-0.0,-0.0,-0.0,-0.0,-0.0,-0.0,-0.9141175145062249,-0.0,-0.512900681651738,-0.0,-0.0
2019-01-18,-0.0,-0.0,1.0,-0.0,-0.31139795832278744,-0.0,-0.07171180291909221,-0.0,-0.0,-0.0,-0.0,-0.0,-0.0,-0.0,-0.9171517759217075,-0.0,-0.5119660282910092,-0.0,-0.0
2019-01-22,-0.0,-0.0,1.0,-0.0,-0.2926235017363056,-0.0,-0.07438109107202867,-0.0,-0.0,-0.0,-0.0,-0.0,-0.0,-0.0,-0.9094320600425674,-0.0,-0.5240282289682985,-0.0,-0.0
2019-01-23,-0.0,-0.0,1.0,-0.0,-0.2922650541698161,-0.0,-0.07247837406567564,-0.0,-0.0,-0.0,-0.0,-0.0,-0.0,-0.0,-0.9110887153215196,-0.0,-0.523641555387587,-0.0,-0.0
2019-01-24,-0.0,-0.0,1.0,-0.0,-0.30770089908974146,-0.0,-0.06701289998324678,-0.0,-0.0,-0.0,-0.0,-0.0,-0.0,-0.0,-0.8957111744010722,-0.0,-0.5217791924945552,-0.0,-0.0
2019-01-25,-0.0,-0.0,1.0,-0.0,-0.29883733992361267,-0.0,-0.06447989215906538,-0.0,-0.0,-0.0,-0.0,-0.0,-0.0,-0.0,-0.9394237250056167,-0.0,-0.505588631768142,-0.0,-0.0
2019-01-28,-0.0,-0.0,1.0,-0.0,-0.3023660990277075,-0.0,-0.0801438768054853,-0.0,-0.0,-0.0,-0.0,-0.0,-0.0,-0.0,-0.9314899117630528,-0.012448715787107288,-0.48361715281290396,-0.0,-0.0
2019-01-29,-0.0,-0.0,1.0,-0.0,-0.29429117266955107,-0.0,-0.07647356296004945,-0.0,-0.0,-0.0,-0.0,-0.0,-0.0,-0.0,-0.9404113052761702,-0.024273754003483736,-0.47401247401247404,-0.0,-0.0
2019-01-30,-0.0,-0.0,1.0,-0.0,-0.2930666367007529,-0.0,-0.07835150016855827,-0.0,-0.0,-0.0,-0.0,-0.0,-0.0,-0.0,-0.9400775368018878,-0.023541971007978425,-0.47426677154736485,-0.0,-0.0
2019-01-31,-0.0,-0.0,1.0,-0.0,-0.32822524163048045,-0.0,-0.035943409441098195,-0.0,-0.0,-0.0,-0.0,-0.0,-0.0,-0.0,-0.9444179857122847,-0.01955455946210954,-0.47331559041882615,-0.0,-0.0
2019-02-01,-0.0,-0.0,1.0,-0.0,-0.3272626009468115,-0.0,-0.0431634642160958,-0.0,-0.0,-0.0,-0.0,-0.0,-0.0,-0.0,-0.9253411306042885,-0.029128376496797552,-0.4598719019771652,-0.0,-0.0
2019-02-04,-0.0,-0.0,1.0,-0.0,-0.32752186264134125,-0.0,-0.044895003620564804,-0.0,-0.0,-0.0,-0.0,-0.0,-0.0,-0.0,-0.9241073915223083,-0.028574611485545593,-0.45995098312259786,-0.0,-0.0
2019-02-05,-0.0,-0.0,1.0,-0.0,-0.3274902615470228,-0.0,-0.04240400667779633,-0.0,-0.0,-0.0,-0.0,-0.0,-0.0,-0.0,-0.9230940456316082,-0.028213689482470786,-0.46124095715080693,-0.0,-0.0
2019-02-06,-0.0,-0.0,1.0,-0.0,-0.32894370510607496,-0.0,-0.04281975611114205,-0.0,-0.0,-0.0,-0.0,-0.0,-0.0,-0.0,-0.9208196447463667,-0.030152012918313934,-0.4613842641572471,-0.0,-0.0
2019-02-07,-0.0,-0.0,1.0,-0.0,-0.32836735262175937,-0.0,-0.04435966695441508,-0.0,-0.0,-0.0,-0.0,-0.0,-0.0,-0.0,-0.9226420873826962,-0.02664921611762413,-0.4626437581799449,-0.0,-0.0
2019-02-08,-0.0,-0.0,1.0,-0.0,-0.3268180597415774,-0.0,-0.19220554444809165,-0.0,-0.0,-0.0,-0.0,-0.0,-0.0,-0.0,-1.0172182268508847,-0.0,-0.44785294380949536,-0.0,-0.0
2019-02-11,-0.0,-0.0,1.0,-0.0,-0.3471454605204194,-0.0,-0.18032444059391148,-0.0,-0.0,-0.0,-0.0,-0.0,-0.0,-0.0,-1.0102171899740089,-0.0,-0.4497654826277895,-0.0,-0.0
2019-02-12,-0.0,-0.0,1.0,-0.0,-0.3526545498027024,-0.0,-0.17637211526964008,-0.0,-0.0,-0.0,-0.0,-0.0,-0.0,-0.0,-1.0110606241779267,-0.0,-0.44930049025469326,-0.0,-0.0
2019-02-13,-0.0,-0.0,1.0,-0.0,-0.3583318364169811,-0.0,-0.17319322196275672,-0.0,-0.0,-0.0,-0.0,-0.0,-0.0,-0.0,-1.0142805820010778,-0.0,-0.4480570025746961,-0.0,-0.0
2019-02-14,-0.0,-0.0,1.0,-0.0,-0.364407796101949,-0.0,-0.17298350824587705,-0.0,-0.0,-0.0,-0.0,-0.0,-0.0,-0.0,-1.015592203898051,-0.0,-0.4455172413793103,-0.0,-0.0
2019-02-15,-0.0,-0.0,1.0,-0.0,-0.3645546097590217,-0.0,-0.1842704711665268,-0.0,-0.0,-0.0,-0.0,-0.0,-0.0,-0.0,-0.9958937777244935,-0.0,-0.4525236782160413,-0.0,-0.0
2019-02-19,-0.0,-0.0,1.0,-0.0,-0.35633832272713695,-0.0,-0.1806339816557617,-0.0,-0.0,-0.0,-0.0,-0.0,-0.0,-0.0,-0.9937557885931105,-0.0,-0.45696274386782587,-0.0,-0.0
2019-02-20,-0.0,-0.0,1.0,-0.0,-0.35800400873545335,-0.0,-0.17955544918778232,-0.0,-0.0,-0.0,-0.0,-0.0,-0.0,-0.0,-0.9951536183324857,-0.0,-0.45888054566667663,-0.0,-0.0
2019-02-21,-0.0,-0.0,1.0,-0.0,-0.3469875147374467,-0.0,-0.1666011669034735,-0.0,-0.036881405121073796,-0.0,-0.0,-0.0,-0.0,-0.0,-0.9831312917560991,-0.0,-0.4894948456724811,-0.0,-0.0
2019-02-22,-0.0,-0.0,1.0,-0.0,-0.3496025869624346,-0.0,-0.16748768472906403,-0.0,-0.03714225271238176,-0.0,-0.0,-0.0,-0.0,-0.0,-0.9816857565958476,-0.0,-0.4862643174468856,-0.0,-0.0
2019-02-25,-0.0,-0.0,1.0,-0.0,-0.32522925997014285,-0.0,-0.1534594643999634,-0.0,-0.043475611613807384,-0.0,-0.0,-0.0,-0.0,-0.0,-1.0487767723852175,-0.0,-0.47570301313103613,-0.0,-0.0
2019-02-26,-0.0,-0.0,1.0,-0.0,-0.3275250672536072,-0.0,-0.1570983125458547,-0.0,-0.04240034238200049,-0.0,-0.0,-0.0,-0.0,-0.0,-1.052304964539007,-0.0,-0.4776840303252629,-0.0,-0.0
2019-02-27,-0.0,-0.0,1.0,-0.0,-0.31203271384540265,-0.0,-0.1497146693521316,-0.0,-0.04952851780646343,-0.0,-0.0,-0.0,-0.0,-0.0,-1.0571271628673442,-0.0,-0.48326161921328087,-0.0,-0.0
2019-02-28,-0.0,-0.0,1.0,-0.0,-0.3136399682791436,-0.0,-0.14609894467150614,-0.0,-0.050966876105654854,-0.0,-0.0,-0.0,-0.0,-0.0,-1.0587140852803025,-0.0,-0.48063197706338073,-0.0,-0.0
2019-03-01,-0.0,-0.0,1.0,-0.0,-0.3187371773279848,-0.0,-0.12949750436353613,-0.0,-0.05208684202468077,-0.0,-0.0,-0.0,-0.0,-0.0,-1.0718375845913586,-0.0,-0.4899715221851364,-0.0,-0.0
2019-03-04,-0.0,-0.0,1.0,-0.0,-0.33320053934787935,-0.0,-0.14228364795292964,-0.0,-0.042289776906104436,-0.0,-0.0,-0.0,-0.0,-0.0,-1.0591750429026723,-0.0,-0.48755822505516055,-0.0,-0.0
2019-03-05,-0.0,-0.0,1.0,-0.0,-0.34246105919003117,-0.0,-0.19610591900311528,-0.0,-0.026355140186915888,-0.0,-0.0,-0.0,-0.0,-0.0,-1.0411214953271029,-0.0,-0.509190031152648,-0.0,-0.0
2019-03-06,-0.0,-0.0,1.0,-0.0,-0.33750194916575704,-0.0,-0.2027756120380477,-0.0,-0.024699828473413378,-0.0,-0.0,-0.0,-0.0,-0.0,-1.04394199282707,-0.0,-0.50974582878528,-0.0,-0.0
2019-03-07,-0.0,-0.0,1.0,-0.0,-0.3325746001060148,-0.0,-0.2021140594306383,-0.0,-0.027283215365906898,-0.0,-0.0,-0.0,-0.0,-0.0,-1.0454304511864303,-0.0,-0.510648249197094,-0.0,-0.0
2019-03-08,-0.0,-0.0,1.0,-0.0,-0.32558646686812676,-0.0,-0.20745194554347487,-0.0,-0.029409015857191814,-0.0,-0.0,-0.0,-0.0,-0.0,-1.0313405402037448,-0.0,-0.5216050344247484,-0.0,-0.0
2019-03-11,-0.0,-0.0,1.0,-0.0,-0.3196746852798205,-0.0,-0.20378910631933192,-0.0,-0.03331048236320579,-0.0,-0.0,-0.0,-0.0,-0.0,-1.036177240433753,-0.0,-0.5230898666334289,-0.0,-0.0
2019-03-12,-0.0,-0.0,1.0,-0.0,-0.30828540338877664,-0.0,-0.20575159334680554,-0.0,-0.03208456396704493,-0.0,-0.0,-0.0,-0.0,-0.0,-1.0212342608425307,-0.0,-0.5416135551064822,-0.0,-0.0
2019-03-13,-0.0,-0.0,1.0,-0.0,-0.3035736482287135,-0.0,-0.20139838408949662,-0.0,-0.03486637663144811,-0.0,-0.0,-0.0,-0.0,-0.0,-1.0266935985083905,-0.0,-0.5409881914232443,-0.0,-0.0
2019-03-14,-0.0,-0.0,1.0,-0.0,-0.31468140603651723,-0.0,-0.20932182337597813,-0.0,-0.030865730965097503,-0.0,-0.0,-0.0,-0.0,-0.0,-1.0031983604521177,-0.0,-0.5471680536579308,-0.0,-0.0
2019-03-15,-0.0,-0.0,1.0,-0.0,-0.32387957364582687,-0.0,-0.22315028361279063,-0.0,-0.01832574954808951,-0.0,-0.0,-0.0,-0.0,-0.0,-0.9921461073365332,-0.0,-0.5591535249018263,-0.0,-0.0
2019-03-18,-0.0,-0.0,1.0,-0.0,-0.31648811568854046,-0.0,-0.21700971358965548,-0.0,-0.023956023362588622,-0.0,-0.0,-0.0,-0.0,-0.0,-1.0127119967517255,-0.0,-0.5531748758472061,-0.0,-0.0
2019-03-19,-0.0,-0.0,1.0,-0.0,-0.31913233458177276,-0.0,-0.21351435705368288,-0.0,-0.024094881398252183,-0.0,-0.0,-0.0,-0.0,-0.0,-1.0136079900124844,-0.0,-0.5506866416978776,-0.0,-0.0
2019-03-20,-0.0,-0.0,1.0,-0.0,-0.29507785819469246,-0.0,-0.19513112134599117,-0.0,-0.040761976376225834,-0.0,-0.0,-0.0,-0.0,-0.0,-1.0664222827960022,-0.0,-0.535733308268321,-0.0,-0.0
2019-03-21,-0.0,-0.0,1.0,-0.0,-0.28121170222794833,-0.0,-0.17173113785626745,-0.0,-0.05807120636017974,-0.0,-0.0,-0.0,-0.0,-0.0,-1.0686610313295415,-0.0,-0.5626747949596204,-0.0,-0.0
2019-03-22,-0.0,-0.0,1.0,-0.0,-0.29093142007627176,-0.0,-0.20315428866912288,-0.0,-0.0676426863163338,-0.0,-0.0,-0.0,-0.0,-0.0,-1.0674164565962123,-0.0,-0.602708292935169,-0.0,-0.0
2019-03-25,-0.0,-0.0,1.0,-0.0,-0.2589385564111576,-0.0,-0.245646547592421,-0.0,-0.0299389717864332,-0.0,-0.0,-0.0,-0.0,-0.0,-1.0405150653417259,-0.0,-0.6201872383934561,-0.0,-0.0
2019-03-26,-0.0,-0.0,1.0,-0.0,-0.26860126197110923,-0.0,-0.2555651644726306,-0.0,-0.02129976618301784,-0.0,-0.0,-0.0,-0.0,-0.0,-1.0234137279395281,-0.0,-0.634092437782262,-0.0,-0.0
2019-03-27,-0.0,-0.0,1.0,-0.0,-0.2748006021973798,-0.0,-0.2563182677215798,-0.0,-0.01572760178096672,-0.0,-0.0,-0.0,-0.0,-0.0,-1.0224542746404433,-0.0,-0.6338447740158236,-0.0,-0.0
2019-03-28,-0.0,-0.0,1.0,-0.0,-0.2698168286658326,-0.0,-0.24883713469990054,-0.0,-0.02171751194944343,-0.0,-0.0,-0.0,-0.0,-0.0,-1.0255349180380455,-0.0,-0.6419658037404163,-0.0,-0.0
2019-03-29,-0.0,-0.0,1.0,-0.0,-0.2761215536840757,-0.0,-0.24816676806814178,-0.0,-0.018668545262416344,-0.0,-0.0,-0.0,-0.0,-0.0,-1.0270261615805822,-0.0,-0.6321367959268628,-0.0,-0.0
2019-04-01,-0.0,-0.0,1.0,-0.0,-0.28666283598288966,-0.0,-0.2544212475260167,-0.0,-0.009385175253782801,-0.0,-0.0,-0.0,-0.0,-0.0,-1.0255378918470281,-0.0,-0.6162293302687863,-0.0,-0.0
2019-04-02,-0.0,-0.0,1.0,-0.0,-0.25478465051947635,-0.0,-0.26983820643957673,-0.0,-0.006336646402264466,-0.0,-0.0,-0.0,-0.0,-0.0,-1.0469297822380905,-0.0,-0.6386503264820355,-0.0,-0.0
2019-04-03,-0.0,-0.0,1.0,-0.0,-0.2218157093828919,-0.0,-0.27200025901703034,-0.0,-0.028200479181506186,-0.0,-0.0,-0.0,-0.0,-0.0,-1.0300459755228906,-0.03033736968205659,-0.6553130868354594,-0.0,-0.0
2019-04-04,-0.0,-0.0,1.0,-0.0,-0.2275147642559783,-0.0,-0.31358311550004847,-0.0,-0.0,-0.0,-0.0,-0.0,-0.0,-0.0,-0.9997740988156325,-0.03349791848194404,-0.6527898796269404,-0.0,-0.0
2019-04-05,-0.0,-0.0,1.0,-0.0,-0.19625556428384391,-0.0,-0.4322793925111285,-0.0,-0.0,-0.0,-0.0,-0.0,-0.0,-0.0,-0.9579405603561141,-0.0503731343283582,-0.6362267609321811,-0.0,-0.0
2019-04-08,-0.0,-0.0,1.0,-0.0,-0.22126601001781693,-0.0,-0.42928698692305106,-0.0,-0.0,-0.0,-0.0,-0.0,-0.0,-0.0,-0.9859481628399502,-0.10078327226274918,-0.6244327159041247,-0.0,-0.0
2019-04-09,-0.0,-0.0,1.0,-0.0,-0.21667340611942307,-0.0,-0.43398706025070755,-0.0,-0.0,-0.0,-0.0,-0.0,-0.0,-0.0,-1.0167138428359617,-0.09101630947567056,-0.6113020622725434,-0.0,-0.0
2019-04-10,-0.0,-0.0,1.0,-0.0,-0.21197225776042017,-0.0,-0.4393980203353309,-0.0,-0.0,-0.0,-0.0,-0.0,-0.0,-0.0,-1.0148474850178437,-0.08992660426907279,-0.6106659484209818,-0.0,-0.0
2019-04-11,-0.0,-0.0,1.0,-0.0,-0.21466199911633754,-0.0,-0.4651803011249702,-0.0,-0.0,-0.0,-0.0,-0.0,-0.0,-0.0,-1.0033307276620331,-0.10665125921897835,-0.608877408829827,-0.0,-0.0
2019-04-12,-0.0,-0.0,1.0,-0.0,-0.20426746398477846,-0.0,-0.47295460723022553,-0.0,-0.0,-0.0,-0.0,-0.0,-0.0,-0.0,-1.0080184832835009,-0.10971051916281598,-0.6026773579777113,-0.0,-0.0
2019-04-15,-0.0,-0.0,1.0,-0.0,-0.20885172343463188,-0.0,-0.4782106193486981,-0.0,-0.0,-0.0,-0.0,-0.0,-0.0,-0.0,-1.0024134883404718,-0.10881093208239852,-0.600992589571011,-0.0,-0.0
2019-04-16,-0.0,-0.0,1.0,-0.0,-0.18086307792341125,-0.0,-0.4715786591834639,-0.0,-0.0,-0.0,-0.0,-0.0,-0.0,-0.0,-1.0707710208411758,-0.09233085794462885,-0.6066527497347798,-0.0,-0.0
2019-04-17,-0.0,-0.0,1.0,-0.0,-0.21854802858803812,-0.0,-0.4303252060322128,-0.0,-0.0,-0.0,-0.0,-0.0,-0.0,-0.0,-1.106897377150087,-0.06432308586670314,-0.599493895975105,-0.0,-0.0
2019-04-18,-0.0,-0.0,1.0,-0.0,-0.24458585651236786,-0.0,-0.4339525813404496,-0.0,-0.0,-0.0,-0.0,-0.0,-0.0,-0.0,-1.0750624379896678,-0.04923192719559342,-0.6184269047863423,-0.0,-0.0
2019-04-22,-0.0,-0.0,1.0,-0.0,-0.2371169320321863,-0.0,-0.42116076014381104,-0.0,-0.0,-0.0,-0.0,-0.0,-0.0,-0.0,-1.083923985618901,-0.05721623009758603,-0.6246533127889061,-0.0,-0.0
2019-04-23,-0.0,-0.0,1.0,-0.0,-0.2424221736755871,-0.0,-0.42234434735117427,-0.0,-0.0,-0.0,-0.0,-0.0,-0.0,-0.0,-1.0821955215729109,-0.07120425996723102,-0.5952348443473512,-0.0,-0.0
2019-04-24,-0.0,-0.0,1.0,-0.0,-0.216493411674721,-0.0,-0.41417793693286514,-0.0,-0.0,-0.0,-0.0,-0.002364148385078052,-0.0,-0.0,-1.1226575809199317,-0.11379202447588917,-0.607168932308869,-0.0,-0.0
2019-04-25,-0.0,-0.0,1.0,-0.0,-0.21571294068417196,-0.0,-0.3901733096209506,-0.0,-0.0,-0.0,-0.0,-0.011123897199846567,-0.0,-0.0,-1.1340098336646092,-0.1213864769676047,-0.6147435226836837,-0.0,-0.0
2019-04-26,-0.0,-0.0,1.0,-0.0,-0.23584839322129245,-0.0,-0.38133745868785596,-0.0,-0.0,-0.0,-0.0,-0.008965614232473103,-0.0,-0.0,-1.1584628366500247,-0.13205822375360382,-0.5992897827157021,-0.0,-0.0
2019-04-29,-0.0,-0.0,1.0,-0.0,-0.020291253354237645,-0.0,-0.4838242831730334,-0.0,-0.0,-0.0,-0.0,-0.0865619441010643,-0.0,-0.0,-0.9769047547260832,-0.05089396086471492,-0.3965688787047366,-0.0,-0.0
2019-04-30,-0.0,-0.0,1.0,-0.0,-0.09850227018102484,-0.0,-0.3667963912966567,-0.024765611179904477,-0.05746211451146884,-0.0,-0.0,-0.020048351907541718,-0.0,-0.0,-1.0048941564950764,-0.038209800106138336,-0.33763783241936435,-0.0,-0.0
2019-05-01,-0.0,-0.0,1.0,-0.0,-0.13976861049433215,-0.0,-0.3685286899614351,-0.01358536870398504,-0.04405749678625687,-0.0,-0.0,-0.023314245646838844,-0.0,-0.0,-0.9841065794086713,-0.03131938763585369,-0.31690428888629196,-0.0,-0.0
2019-05-02,-0.0,-0.0,1.0,-0.0,-0.10183257586864095,-0.0,-0.3417680691980648,-0.020055710306406682,-0.015921419146752675,-0.0,-0.0,-0.06893417387479842,-0.0,-0.0,-0.9935493329423837,-0.06711625861310658,-0.32291452866148657,-0.0,-0.0
2019-05-03,-0.0,-0.0,1.0,-0.0,-0.013231093068711472,-0.0,-0.35811156217110207,-0.039783491204330175,-0.043361900466095324,-0.0,-0.0,-0.08257404901518568,-0.0,-0.0,-1.021380243572395,-0.07343256653134866,-0.3751616298301007,-0.0,-0.0
2019-05-06,-0.0,-0.0,1.0,-0.0,-0.0,-0.0,-0.47580940745265726,-0.03362858888210141,-0.03989004276114844,-0.0,-0.0,-0.07828344532681734,-0.0,-0.0,-0.9657605375687233,-0.06389737324373855,-0.39712889431887594,-0.0,-0.0
2019-05-07,-0.0,-0.0,1.0,-0.0,-0.0,-0.0,-0.5213239780353874,-0.060067114093959734,-0.006101281269066504,-0.0,-0.008053691275167786,-0.0527150701647346,-0.0,-0.0,-0.9673276388041488,-0.049481391092129345,-0.3855399633923124,-0.0,-0.0
2019-05-08,-0.0,-0.0,1.0,-0.0,-0.0,-0.0,-0.5257120372892642,-0.0406186627924574,-0.0,-0.0,-0.024334876963588485,-0.03980144677502345,-0.0,-0.0,-0.9782378401283331,-0.023638729985774386,-0.3944126638215442,-0.0,-0.0
2019-05-09,-0.0,-0.0,1.0,-0.0,-0.0,-0.0,-0.5433182933107228,-0.02913121157980801,-0.0,-0.0,-0.028101626139357416,-0.043151742724767586,-0.0,-0.0,-0.981891409017957,-0.029161493504527146,-0.3734366956363746,-0.0,-0.0
2019-05-10,-0.0,-0.0,1.0,-0.0,-0.0,-0.0,-0.5481431998299579,-0.012965718276500775,-0.0,-0.0,-0.012783530197674066,-0.06923146995414933,-0.0,-0.0,-0.9741596574864118,-0.04074940029757386,-0.3784350044028786,-0.0,-0.0
2019-05-13,-0.0,-0.0,1.0,-0.0,-0.0,-0.0,-0.5513764791113257,-0.021914996377686548,-0.0,-0.0,-0.012496981405457616,-0.06236416324559285,-0.0,-0.0,-0.9647428157449891,-0.03963414634146341,-0.36606496015455203,-0.0,-0.0
2019-05-14,-0.0,-0.0,1.0,-0.0,-0.0,-0.0,-0.5466007118296434,-0.021596187488689148,-0.0,-0.0,-0.011853773300355915,-0.0584544851299994,-0.0,-0.0,-0.9698075646980756,-0.04077939313506666,-0.3671653495807444,-0.0,-0.0
2019-05-15,-0.0,-0.0,1.0,-0.0,-0.0,-0.0,-0.5352052883740676,-0.0,-0.0,-0.0,-0.030292922554430227,-0.06370913942628419,-0.0,-0.0,-0.9280429377160531,-0.05436957971981321,-0.4206743889865971,-0.0,-0.0
2019-05-16,-0.0,-0.0,1.0,-0.0,-0.0,-0.0,-0.5567520019412764,-0.004185877214268382,-0.001061635525357923,-0.0,-0.024842271293375396,-0.062060179568066004,-0.0,-0.0,-0.915615141955836,-0.04695462266440185,-0.421772628002912,-0.0,-0.0
2019-05-17,-0.0,-0.0,1.0,-0.0,-0.0,-0.0,-0.480748208429491,-0.0426940361957974,-0.0,-0.0,-0.05684440665613993,-0.046186080408113686,-0.0,-0.0,-0.9437325397789385,-0.0707214866998664,-0.39563342645451227,-0.0,-0.0
2019-05-20,-0.0,-0.0,1.0,-0.0,-0.0,-0.0,-0.46813897446847447,-0.03651282676997224,-0.0,-0.0,-0.03413354482506177,-0.06259341731995241,-0.0,-0.0,-0.969801421468444,-0.05542506787054265,-0.42375621511149064,-0.0,-0.0
2019-05-21,-0.0,-0.0,1.0,-0.0,-0.0,-0.0,-0.46358000183245274,-0.04410102922762117,-0.0,-0.0,-0.029594111718535262,-0.05931038695293651,-0.0,-0.0,-0.9731545673884494,-0.0647772042879394,-0.41957059524173107,-0.0,-0.0
2019-05-22,-0.0,-0.0,1.0,-0.0,-0.0,-0.0,-0.4624123465107021,-0.05462841044798971,-0.0,-0.0,-0.029212726214900325,-0.07447101693358238,-0.0,-0.0,-0.9476069449122699,-0.0583642098171908,-0.43543497565606143,-0.0,-0.0
2019-05-23,-0.0,-0.0,1.0,-0.0,-0.0,-0.0,-0.4616185112634672,-0.05555215475024485,-0.0,-0.0,-0.03002571008814887,-0.07391650342801176,-0.0,-0.0,-0.9464985308521058,-0.05821498530852105,-0.43489838393731634,-0.0,-0.0
2019-05-24,-0.0,-0.0,1.0,-0.0,-0.0,-0.0,-0.4949781255776696,-0.07455789019656171,-0.0,-0.0,-0.008934623205373098,-0.07289420173763017,-0.0,-0.0,-0.9390905169757843,-0.05850637747242591,-0.4319120093659499,-0.0,-0.0
2019-05-28,-0.0,-0.0,1.0,-0.0,-0.0,-0.0,-0.4910293891367903,-0.08379750730881674,-0.0,-0.0,-0.0,-0.07850438529004462,-0.0,-0.0,-0.9335282351130944,-0.05400830897061086,-0.4364979227573472,-0.0,-0.0
2019-05-29,-0.0,-0.0,1.0,-0.0,-0.0,-0.0,-0.4902869143580716,-0.08437567559220482,-0.0,-0.0,-0.0,-0.07971215911547608,-0.0,-0.0,-0.9392816331572933,-0.05327527100898731,-0.44152073875042464,-0.0,-0.0
2019-05-30,-0.0,-0.0,1.0,-0.0,-0.0,-0.0,-0.49849492035620224,-0.11463689953593378,-0.0,-0.0,-0.016054182867176723,-0.06280571930264643,-0.0,-0.0,-0.9006333876834316,-0.05067101467452653,-0.49228646682553623,-0.0,-0.0
2019-05-31,-0.0,-0.0,1.0,-0.0,-0.0,-0.0,-0.45333248212461696,-0.13135214504596526,-0.0,-0.0,-0.02390832482124617,-0.1107635342185904,-0.0,-0.0,-0.8975038304392237,-0.05850995914198161,-0.516694330949949,-0.0,-0.0
2019-06-03,-0.0,-0.0,1.0,-0.0,-0.0,-0.0,-0.5402628746616223,-0.05537979844101627,-0.0,-0.0,-0.019046997814813605,-0.13554678581911875,-0.0,-0.0,-0.8136394768598545,-0.14487459639281172,-0.552689083852451,-0.0,-0.0
2019-06-04,-0.0,-0.0,1.0,-0.0,-0.0,-0.0,-0.5515205488488687,-0.10208457022231017,-0.0,-0.0,-0.0,-0.1307144270730259,-0.0,-0.0,-0.8249554719968335,-0.16805198232073357,-0.5210106207533478,-0.0,-0.0
2019-06-05,-0.0,-0.0,1.0,-0.0,-0.0,-0.0,-0.5768687830340435,-0.09546633400085355,-0.0,-0.0,-0.0,-0.11000952037030957,-0.0,-0.0,-0.8287318210170382,-0.15849775122287516,-0.513279275138702,-0.0,-0.0
2019-06-06,-0.0,-0.0,1.0,-0.0,-0.0,-0.0,-0.5461655301683742,-0.1418414504088162,-0.0,-0.0,-0.007885466826099603,-0.08528584817244611,-0.0,-0.0,-0.8240312833274085,-0.13395598358271663,-0.49255081924829525,-0.0,-0.0
2019-06-07,-0.0,-0.0,1.0,-0.0,-0.0,-0.0,-0.528379339323809,-0.12812722218630812,-0.0,-0.0,-0.010698816988816343,-0.09137630098907493,-0.0,-0.0,-0.8258775615747626,-0.16015902773288512,-0.48765272480444766,-0.0,-0.0
2019-06-10,-0.0,-0.0,1.0,-0.0,-0.0,-0.0,-0.5203141665858625,-0.12004266459808009,-0.0,-0.0,-0.01732441255373477,-0.08846439768576876,-0.0,-0.0,-0.8292123210187788,-0.1610265360871392,-0.49574970102459676,-0.0,-0.0
2019-06-11,-0.0,-0.0,1.0,-0.0,-0.0,-0.0,-0.5893402515516732,-0.07963613674427769,-0.0,-0.0,-0.036681882368395126,-0.0767462480706709,-0.0,-0.0,-0.8614495418869659,-0.1485008702505665,-0.49157663130931656,-0.0,-0.0
2019-06-12,-0.0,-0.0,1.0,-0.0,-0.0,-0.0,-0.5177481974486966,-0.1179977814753189,-0.0,-0.0,-0.04381586245146977,-0.05130338325013866,-0.0,-0.0,-0.9167706600110925,-0.2737104825291181,-0.5451331114808652,-0.0,-0.0
2019-06-13,-0.0,-0.0,1.0,-0.0,-0.0,-0.0,-0.5256098408506499,-0.08874834943359511,-0.0,-0.0,-0.0675516019181319,-0.04642435193550629,-0.0,-0.0,-0.9436027521023005,-0.24320661616512615,-0.5597678782403226,-0.0,-0.0
2019-06-14,-0.0,-0.0,1.0,-0.0,-0.0,-0.0,-0.5115595816865447,-0.13049561050680286,-0.0,-0.0,-0.058235108950369006,-0.03983771116785002,-0.0,-0.0,-0.9488650274561924,-0.2589975866531426,-0.5496135147424015,-0.0,-0.0
2019-06-17,-0.0,-0.0,1.0,-0.0,-0.0,-0.0,-0.5214000917398822,-0.15119438269644683,-0.0,-0.0,-0.06993401785399245,-0.012314314950072333,-0.0,-0.0,-0.9761123460710631,-0.2712677746021665,-0.5262340778377615,-0.0,-0.0
2019-06-18,-0.0,-0.0,1.0,-0.0,-0.0,-0.0,-0.5437401967774134,-0.14908027948096395,-0.0,-0.0,-0.045451304719806074,-0.05550406388136318,-0.0,-0.0,-0.9627477541708256,-0.3276771709682019,-0.4806430914016826,-0.0,-0.0
2019-06-19,-0.0,-0.0,1.0,-0.0,-0.0,-0.0,-0.5050237119202636,-0.09022586608793505,-0.0,-0.0,-0.16662647697130453,-0.05586367655333172,-0.0,-0.0,-1.044610561851941,-0.4521742625190901,-0.7044449803070492,-0.0,-0.0
2019-06-20,-0.0,-0.0,1.0,-0.0,-0.0,-0.0,-0.5820390725824396,-0.0,-0.0,-0.0,-0.33986026434070576,-0.11014196074941036,-0.0,-0.0,-1.1720884695830183,-0.6140358684526723,-0.632014596591162,-0.0,-0.0
2019-06-21,-0.0,-0.0,1.0,-0.0,-0.0,-0.0,-0.6438008808221006,-0.0,-0.0,-0.0,-0.28648961252724764,-0.14524667467414032,-0.0,-0.0,-1.1584145202188711,-0.5824102495662619,-0.632190044041105,-0.0,-0.0
2019-06-24,-0.0,-0.0,1.0,-0.0,-0.0,-0.0,-0.6413227560388627,-0.0,-0.0,-0.0,-0.31410999197789463,-0.13526160976914164,-0.0,-0.0,-1.1470273642927176,-0.5392637489972368,-0.6797397272484178,-0.0,-0.0
2019-06-25,-0.0,-0.0,1.0,-0.0,-0.0,-0.0,-0.7067230632235085,-0.0,-0.0,-0.0,-0.29764024933214606,-0.12974176313446126,-0.0,-0.0,-1.1426981300089047,-0.5085485307212823,-0.6669634906500445,-0.0,-0.0
2019-06-26,-0.0,-0.0,1.0,-0.0,-0.0,-0.0,-0.7767675396933099,-0.0,-0.0,-0.0,-0.24942325960103137,-0.11580042520468631,-0.0,-0.0,-1.1341204143483965,-0.5705432668385579,-0.6768444384131724,-0.0,-0.0
2019-06-27,-0.0,-0.0,1.0,-0.0,-0.0,-0.0,-0.929725434801801,-0.0,-0.0,-0.0,-0.26573673523439567,-0.11909596539242519,-0.0,-0.0,-1.0431711838968836,-0.4480886377681646,-0.6084576675200848,-0.0,-0.0
2019-06-28,-0.0,-0.0,1.0,-0.0,-0.0,-0.0,-1.0519510720431606,-0.058648434956513645,-0.0,-0.0009766987581972932,-0.2995674619785126,-0.13924933724012836,-0.0,-0.0,-1.081763638900516,-0.35137900562764524,-0.6673643086368076,-0.0,-0.0
2019-07-01,-0.0,-0.0,1.0,-0.0,-0.0,-0.0,-1.0517833921605053,-0.04885751439717629,-0.0,-0.0,-0.29639606167564553,-0.14522571057031394,-0.0,-0.0,-1.0870796953371724,-0.34367453093070777,-0.6708155303733978,-0.0,-0.0
2019-07-02,-0.0,-0.0,1.0,-0.0,-0.0,-0.0,-1.0076677015711732,-0.07432496001505316,-0.0,-0.018063787750493932,-0.31489321667137077,-0.10490168407187883,-0.0,-0.0,-1.0888136231065952,-0.39641546711826137,-0.6990309530529684,-0.0,-0.0
2019-07-03,-0.0,-0.0,1.0,-0.0,-0.0,-0.0,-0.9841930505541786,-0.06014123369031474,-0.0,-0.0038815881775242016,-0.33596782490763694,-0.11312725061965112,-0.0,-0.0,-1.1228078380021513,-0.36421456297058413,-0.6923256792779311,-0.0,-0.0
2019-07-05,-0.0,-0.0,1.0,-0.0,-0.0,-0.0,-1.0648881757095578,-0.04839033196269181,-0.0,-0.0,-0.36485808845652395,-0.14146023468057367,-0.0,-0.0,-1.184485006518905,-0.46855882057968107,-0.7419516598134591,-0.0,-0.0
2019-07-08,-0.0,-0.0,1.0,-0.0,-0.0,-0.0,-1.0797853668321549,-0.020309914247028733,-0.0,-0.0,-0.3784163281680959,-0.14708389749761797,-0.0,-0.0,-1.1770222155358308,-0.46447018705180276,-0.7478060277819568,-0.0,-0.0
2019-07-09,-0.0,-0.0,1.0,-0.0,-0.0,-0.0,-1.1547764227642277,-0.16590447154471544,-0.0,-0.0,-0.3642784552845529,-0.022357723577235773,-0.0,-0.0,-1.0984756097560977,-0.3673272357723577,-0.9081808943089431,-0.0,-0.0
2019-07-10,-0.0,-0.0,1.0,-0.0,-0.0,-0.0,-1.1705266415639346,-0.12441326662196317,-0.0,-0.025738897199154072,-0.3659153040697375,-0.04977562284004746,-0.0,-0.0,-1.119461494816114,-0.3690101614483933,-0.9333058234899675,-0.0,-0.0
2019-07-11,-0.0,-0.0,1.0,-0.0,-0.0,-0.0,-1.1788219517227152,-0.13420672580977924,-0.0,-0.016866102743965338,-0.3455745822158036,-0.07014648236022282,-0.0,-0.0,-1.1073344336703115,-0.36264699814318135,-0.9422323086445225,-0.0,-0.0
2019-07-12,-0.0,-0.0,1.0,-0.0,-0.0,-0.0,-1.197164881783848,-0.14806767033990378,-0.0,-0.012106161725904082,-0.3497852967044338,-0.0626002379843758,-0.0,-0.0,-1.0993326090330593,-0.3569765637125563,-0.947591701588287,-0.0,-0.0
2019-07-15,-0.0,-0.0,1.0,-0.0,-0.0,-0.0,-1.2383957442369875,-0.13883383748826536,-0.0,-0.0,-0.37112756858245544,-0.07838739960362992,-0.0,-0.0,-1.1334619797642642,-0.34572859080004176,-0.9094607280692605,-0.0,-0.0
2019-07-16,-0.0,-0.0,1.0,-0.0,-0.0,-0.0,-1.2441165582526839,-0.16976043154053622,-0.0,-0.021841451160822888,-0.3833624200116347,-0.05505314929398699,-0.0,-0.0,-1.1672748426675128,-0.3401554815167381,-0.907028399174996,-0.0,-0.0
2019-07-17,-0.0,-0.0,1.0,-0.0,-0.0,-0.0,-1.2521288411699372,-0.18125561961178402,-0.0,-0.01687205796794838,-0.3450044956894272,-0.05511186333104142,-0.0,-0.0,-1.2248373618236632,-0.32458877664357116,-0.8891944782355742,-0.0,-0.0
2019-07-18,-0.0,-0.0,1.0,-0.0,-0.0,-0.0,-1.2475756451698374,-0.22102697260346563,-0.0,-0.01086322929362514,-0.33723703036405067,-0.040485400879656616,-0.0,-0.0,-1.1782629431402682,-0.3034815325102009,-0.9602564781940545,-0.0,-0.0
2019-07-19,-0.0,-0.0,1.0,-0.0,-0.0,-0.0,-1.236028128800296,-0.2169936022841432,-0.0,-0.01120922117062338,-0.33077777190292396,-0.037434568815100724,-0.0,-0.0,-1.1939935494104583,-0.268968434410194,-0.9920160736001693,-0.0,-0.0
2019-07-22,-0.0,-0.0,1.0,-0.0,-0.0,-0.0,-1.2230189659651858,-0.2576773187840998,-0.0,-0.0,-0.356664068589244,-0.0,-0.0,-0.0,-1.171525071447129,-0.18981553650298777,-0.9919979215380618,-0.005455962587685112,-0.0
2019-07-23,-0.0,-0.0,1.0,-0.0,-0.0,-0.0,-1.2362851645780248,-0.2570849149810202,-0.0,-0.0,-0.36513961832458014,-0.0,-0.0,-0.0,-1.148666216005408,-0.19650564193229678,-0.9942280692631689,-0.0019759762882845407,-0.0
2019-07-24,-0.0,-0.0,1.0,-0.0,-0.0,-0.0,-1.232329669162551,-0.19807763793744357,-0.0,-0.0,-0.3868620891083851,-0.0,-0.0,-0.0,-1.154585523870214,-0.231904837767511,-0.9703680101959534,-0.04646593383251023,-0.08985184005097976
2019-07-25,-0.0,-0.0,1.0,-0.0,-0.0,-0.0,-0.994968762094322,-0.2329850168629402,-0.0,-0.19301155526068445,-0.3861889755072704,-0.0,-0.0,-0.0,-1.3096146403494222,-0.17587217338419858,-1.1537568419306685,-0.08237960966439985,-0.0
2019-07-26,-0.0,-0.0,1.0,-0.0,-0.0,-0.0,-1.0450957664072418,-0.21350113153391842,-0.0,-0.1953965888392118,-0.37594524479770386,-0.0,-0.0,-0.0,-1.321686813490092,-0.15648286140089418,-1.1371639896230061,-0.07435005795661533,-0.0
2019-07-29,-0.0,-0.0,1.0,-0.0,-0.0,-0.0,-1.0686360641335382,-0.21809795739073137,-0.0,-0.12041511091587964,-0.40204260926861407,-0.0,-0.0,-0.0,-1.2669668350538106,-0.19503623984186252,-1.1243685482099715,-0.0582033823852405,-0.037063474632110696
2019-07-30,-0.0,-0.0,1.0,-0.0,-0.0,-0.0,-1.078434610303831,-0.20750770585645087,-0.0,-0.12549537648612946,-0.4041171290180537,-0.0,-0.0,-0.0,-1.264971378247468,-0.19237120211360634,-1.1270915896081022,-0.046840598855129895,-0.05740863055922501
2019-07-31,-0.0,-0.0,1.0,-0.0,-0.0,-0.0,-1.0496688741721856,-0.1783664459161148,-0.0,-0.1652317880794702,-0.4433774834437086,-0.0,-0.0,-0.0,-1.2969646799116998,-0.2536423841059603,-1.0949227373068433,-0.016997792494481235,-0.019646799116997793
2019-08-01,-0.0,-0.0,1.0,-0.0,-0.10710387935311043,-0.0,-0.8123325726758607,-0.06895525349737076,-0.0,-0.10328405595793234,-0.3727552336541323,-0.0,-0.0,-0.0,-1.0218275622581605,-0.3013195753546979,-1.1062605417204088,-0.0,-0.06692132155967853
2019-08-02,-0.0,-0.0,1.0,-0.0,-0.0,-0.0,-1.1607579845642215,-0.1478948359164209,-0.0,-0.32314739285938376,-0.4089226328669135,-0.0,-0.0,-0.0,-1.147706594716697,-0.3396498713685135,-1.6988768275083137,-0.047750517663299234,-0.0
2019-08-05,-0.0,-0.0,1.0,-0.0,-0.0,-0.0,-1.1660622733525072,-0.13673877704139054,-0.0,-0.32393397524071527,-0.39846192322120794,-0.0,-0.0,-0.0,-1.1480555208203076,-0.34375390771539327,-1.6869451044141552,-0.048330623983994,-0.0
2019-08-06,-0.0,-0.0,1.0,-0.0,-0.0,-0.0,-0.923488949030221,-0.12020748759585025,-0.05564952638700948,-0.2062471808750564,-0.31754623364907536,-0.0,-0.0,-0.0,-0.9645917907081643,-0.319745151105097,-1.6080852503382952,-0.12268831754623366,-0.0
2019-08-07,-0.0,-0.0,1.0,-0.0,-0.0,-0.0,-0.7124150228463166,-0.04976039228797503,-0.14443329989969908,-0.19658976930792377,-0.36554106764738664,-0.0,-0.0,-0.0,-1.0176641034213751,-0.33533935138749577,-1.6137858018499942,-0.13668784130168282,-0.0
2019-08-08,-0.0,-0.0,1.0,-0.0,-0.0,-0.0,-0.7372610572341499,-0.09753909972532092,-0.09686641627893941,-0.19249957957284602,-0.38270082403722183,-0.0,-0.0,-0.0,-0.998262234430181,-0.3099949548741522,-1.6523908290823477,-0.13818039127753798,-0.0
2019-08-09,-0.0,-0.0,1.0,-0.0,-0.0,-0.0,-0.6417051316861254,-0.1593266358946511,-0.08275862068965517,-0.13472712462666303,-0.3064892750475156,-0.0,-0.0,-0.0,-1.0255226717349986,-0.26424110779256044,-1.60456149877817,-0.21107792560412708,-0.0
2019-08-12,-0.0,-0.0,1.0,-0.0,-0.0,-0.0,-0.6400238430692533,-0.14061991980058525,-0.08849030020591742,-0.1284816299989162,-0.30784653733607886,-0.0,-0.0,-0.0,-1.0223799718218272,-0.2590224341606156,-1.6093529858025357,-0.22271594234312342,-0.0
2019-08-13,-0.0,-0.0,1.0,-0.0,-0.0,-0.0,-0.6118357746177696,-0.15893296268576926,-0.022987276809579814,-0.11910616914359029,-0.3065326633165829,-0.0,-0.0,-0.0,-1.0471506468512777,-0.2987276809579814,-1.5681064898962898,-0.21249866353041805,-0.0
2019-08-14,-0.0,-0.0,1.0,-0.0,-0.0,-0.0,-0.6163247954086514,-0.1595281113827187,-0.02343500903390371,-0.10936337549155066,-0.3002975874163035,-0.0,-0.0,-0.0,-1.0364544584971835,-0.3064618981825912,-1.5730151982144756,-0.1892868530130726,-0.0
2019-08-15,-0.0,-0.0,1.0,-0.0,-0.0,-0.0,-0.5473569912640047,-0.13079314940032574,-0.02196337791816791,-0.06939440304032377,-0.22239770988598787,-0.0,-0.0,-0.0,-0.9343072898672325,-0.2913479097774048,-1.529588865307734,-0.18839149104190317,-0.0
2019-08-16,-0.0,-0.0,1.0,-0.0,-0.0,-0.0,-0.5456240188383046,-0.1348116169544741,-0.027521585557299846,-0.06927001569858714,-0.22184065934065936,-0.0,-0.0,-0.0,-0.9093897174254317,-0.28350667189952905,-1.5213893249607535,-0.19245486656200944,-0.0
2019-08-19,-0.0,-0.0,1.0,-0.0,-0.0,-0.0,-0.5801255535549175,-0.09114798773662952,-0.023018151734877607,-0.06934644021606891,-0.22842960728015962,-0.0,-0.0,-0.0,-0.8915275682514964,-0.2859506545330673,-1.516472821061852,-0.1803980728989245,-0.0
2019-08-20,-0.0,-0.0,1.0,-0.0,-0.0,-0.0,-0.6065605309989899,-0.07604251839738349,-0.048626809677264196,-0.061324611610793126,-0.1943629455052667,-0.0,-0.0,-0.0,-0.8743206194988216,-0.268337261314992,-1.4998316579289115,-0.18031840700303015,-0.0
2019-08-21,-0.0,-0.0,1.0,-0.0,-0.0,-0.0,-0.6101012038946713,-0.07448798503525349,-0.04494220346299582,-0.06278478584104752,-0.1940141013957504,-0.0,-0.0,-0.0,-0.8661806321646122,-0.26250659504052953,-1.503525348937599,-0.17775432874478392,-0.0
2019-08-22,-0.0,-0.0,1.0,-0.0,-0.0,-0.0,-0.593682802121661,-0.04238543508386295,-0.05691212309456683,-0.0737802838438381,-0.19372103024800497,-0.0,-0.0,-0.0,-0.8921011133941797,-0.26692789219668367,-1.486357337411,-0.17274334591675825,-0.0
2019-08-23,-0.0,-0.0,1.0,-0.0,-0.0,-0.0,-0.4988265114532482,-0.0,-0.10650582050319188,-0.09890161472024032,-0.2063931656027037,-0.0,-0.0,-0.0,-0.8859369132557265,-0.3065152084115659,-1.4792527224934282,-0.11166917010889972,-0.0
2019-08-26,-0.0,-0.0,1.0,-0.0,-0.0,-0.0,-0.465245975969168,-0.0,-0.11126728632963047,-0.0660621174336885,-0.15864883246429382,-0.0,-0.0,-0.0,-0.8838358648832464,-0.32146905463613695,-1.4476535932895036,-0.07998186352301065,-0.0
2019-08-27,-0.0,-0.0,1.0,-0.0,-0.0,-0.0,-0.4756360694057359,-0.0,-0.13548503101681203,-0.0355569540591567,-0.1662321316191675,-0.0,-0.0,-0.0,-0.8463094488896881,-0.33794839521711767,-1.4211543648296323,-0.07691270340735414,-0.0
2019-08-28,-0.0,-0.0,1.0,-0.0,-0.0,-0.0,-0.4730061908230153,-0.04351784413692644,-0.1022851420247633,-0.013974872541879096,-0.17275127458120904,-0.0,-0.0,-0.0,-0.8730426074289876,-0.36220866715222144,-1.4166970138383104,-0.09459213401310998,-0.0
2019-08-29,-0.0,-0.0,1.0,-0.0,-0.0,-0.0,-0.48166515013648775,-0.03362147406733394,-0.10141037306642403,-0.016151046405823478,-0.17879890809827118,-0.0,-0.0,-0.0,-0.8660145586897179,-0.3615559599636033,-1.41778889899909,-0.09267515923566878,-0.0
2019-08-30,-0.0,-0.0,1.0,-0.0,-0.0,-0.0,-0.4199075333152026,-0.010334511830296437,-0.09994560783247212,-0.030731574653249927,-0.1896926842534675,-0.0,-0.0,-0.0,-0.9246668479738916,-0.41360710724322364,-1.3547275858942978,-0.08906717432689693,-0.0
2019-09-03,-0.0,-0.0,1.0,-0.0,-0.0,-0.0,-0.3728143875743676,-0.015804532449248378,-0.11322040056315001,-0.030837004405286344,-0.19578545801353378,-0.0,-0.0,-0.0,-0.9031745310867887,-0.41882010990508195,-1.3816249602615922,-0.10940551342022799,-0.0
2019-09-04,-0.0,-0.0,1.0,-0.0,-0.0,-0.0,-0.3894807821982468,-0.0,-0.11804899977523038,-0.023735670937289278,-0.19595414699932567,-0.0,-0.0,-0.0,-0.8951224994380759,-0.38651382333108564,-1.3116655428186108,-0.17487075747358954,-0.0
2019-09-05,-0.0,-0.0,1.0,-0.0,-0.0,-0.0,-0.3702056947812809,-0.0,-0.12045270816491511,-0.0,-0.18534986077427468,-0.0,-0.0,-0.0,-0.8881253929758377,-0.3602802479116141,-1.3399802389293094,-0.22675828617623284,-0.0
2019-09-06,-0.0,-0.0,1.0,-0.0,-0.0,-0.0,-0.3873631304972177,-0.0,-0.11236761802189911,-0.0075839167115419135,-0.18923891581403696,-0.0,-0.0,-0.0,-0.8704002872015796,-0.3421288817088494,-1.3309998204990126,-0.24739723568479624,-0.0
2019-09-09,-0.0,-0.0,1.0,-0.0,-0.0,-0.0,-0.40882952230020375,-0.0,-0.10898800090559205,-0.0,-0.19628707267376047,-0.0,-0.0,-0.0,-0.8852614896988906,-0.3529997736019923,-1.3198098256735342,-0.25578446909667196,-0.0
2019-09-10,-0.0,-0.0,1.0,-0.0,-0.0,-0.0,-0.3742102631698559,-0.05781555383846189,-0.08508704149811372,-0.0,-0.22108085996091087,-0.0,-0.0,-0.0,-0.8743238943684377,-0.36184718876414707,-1.3834825689741375,-0.18740057270124086,-0.0
2019-09-11,-0.0,-0.0,1.0,-0.0,-0.0,-0.0,-0.4378703619290729,-0.0151335582094995,-0.07790135837359834,-0.003418725499133923,-0.2352083143404139,-0.0,-0.0,-0.0,-0.8820767617832072,-0.3901905369678184,-1.351764062357553,-0.16478256905825509,-0.0
2019-09-12,-0.0,-0.0,1.0,-0.0,-0.0,-0.0,-0.4373132977278899,-0.0,-0.07658187743278719,-0.001493618176880601,-0.23965782565402372,-0.0,-0.0,-0.0,-0.8830904317914366,-0.38987960532271204,-1.3309043179143658,-0.16723997465375215,-0.0
2019-09-13,-0.0,-0.0,1.0,-0.0,-0.0,-0.0,-0.415358082962694,-0.0010438413361169101,-0.10397567395842788,-0.0,-0.2538803667059998,-0.0,-0.0,-0.0,-0.8478714713624399,-0.4019696832168467,-1.3122900971226288,-0.20200599074158118,-0.0
2019-09-16,-0.0,-0.0,1.0,-0.0,-0.0,-0.0,-0.39629646398333856,-0.0,-0.12509621044053063,-0.0,-0.256214062570743,-0.0,-0.0,-0.0,-0.8343822157830398,-0.38656223117671024,-1.3179698465160503,-0.21102911214741701,-0.0
2019-09-17,-0.0,-0.0,1.0,-0.0,-0.0,-0.0,-0.3975722174051933,-0.0,-0.1043672705699813,-0.0,-0.2876374754711815,-0.0,-0.0,-0.0,-0.8305115684753344,-0.4033222288139461,-1.3317208962716198,-0.2084607310728791,-0.0
2019-09-18,-0.0,-0.0,1.0,-0.0,-0.0,-0.0,-0.35897787529712927,-0.0,-0.08406472846955568,-0.0,-0.3120771621868714,-0.0,-0.0,-0.0,-0.8481440848418358,-0.3848509782409947,-1.3452642164929602,-0.2377948436642896,-0.0
2019-09-19,-0.0,-0.0,1.0,-0.0,-0.0,-0.0,-0.35789956432011005,-0.0,-0.0793396010089429,-0.0,-0.319926622334327,-0.0,-0.0,-0.0,-0.8427883512955744,-0.3845448291676221,-1.3631735840403578,-0.23852327447833066,-0.0
2019-09-20,-0.0,-0.0,1.0,-0.0,-0.0,-0.0,-0.35604355216612305,-0.005742637938163275,-0.07961593237469565,-0.0,-0.3129507970781458,-0.0,-0.0,-0.0,-0.8505995314007443,-0.37111223411586347,-1.3667937703863646,-0.251160012863509,-0.0
2019-09-23,-0.0,-0.0,1.0,-0.0,-0.0,-0.0,-0.37744628438483646,-0.02924136672597053,-0.0968933899000958,-0.0,-0.3045481501756307,-0.0,-0.0,-0.0,-0.806304456913462,-0.37096847771543273,-1.3427763331964784,-0.23365722366680355,-0.0
2019-09-24,-0.0,-0.0,1.0,-0.0,-0.0,-0.0,-0.3701808879956148,-0.03142700529873926,-0.08263292526950483,-0.0,-0.3059108350082222,-0.0,-0.0,-0.0,-0.8337292161520189,-0.34067239174127534,-1.3497167915220172,-0.2536999817284853,-0.0
2019-09-25,-0.0,-0.0,1.0,-0.0,-0.0,-0.0,-0.3719411979547115,-0.0028761869978086193,-0.04341672753834915,-0.0,-0.3327246165084003,-0.0,-0.0,-0.0,-0.878880569758948,-0.3298027757487217,-1.3438184806428048,-0.26196128560993426,-0.0
2019-09-26,-0.0,-0.0,1.0,-0.0,-0.0,-0.0,-0.3727343286307812,-0.010500844633155275,-0.04725380084919874,-0.0,-0.3310048851755467,-0.0,-0.0,-0.0,-0.87782495548555,-0.3297721773273068,-1.3438798338127198,-0.25265945304296217,-0.0
2019-09-27,-0.0,-0.0,1.0,-0.0,-0.0,-0.0,-0.3496297659016695,-0.0022076070459458217,-0.02718116175320793,-0.0,-0.37028009014395435,-0.0,-0.0,-0.0,-0.8697051924757392,-0.3310490732649588,-1.3763510095203055,-0.27286942924159496,-0.0
2019-09-30,-0.0,-0.0,1.0,-0.0,-0.0,-0.0,-0.3224906212828255,-0.010385213651752219,-0.03751486869795956,-0.0,-0.36279623021319424,-0.0,-0.0,-0.0,-0.8391893128374052,-0.33703907036325376,-1.3988928538750114,-0.2666758166346418,-0.0
2019-10-01,-0.0,-0.0,1.0,-0.0,-0.0,-0.0,-0.3240139104969342,-0.010936213050242519,-0.036469296238674835,-0.0,-0.3648759952411458,-0.0,-0.0,-0.0,-0.8375125835087398,-0.3394801866935115,-1.3986913150910587,-0.2638418596138007,-0.0
2019-10-02,-0.0,-0.0,1.0,-0.0,-0.0,-0.0,-0.3179622710288891,-0.003645311218445275,-0.030164950332634652,-0.0,-0.36125034174792675,-0.0,-0.0,-0.0,-0.8486740180442905,-0.3212886175157204,-1.4046295452474256,-0.2690239679212613,-0.0
2019-10-03,-0.0,-0.0,1.0,-0.0,-0.0,-0.0,-0.3281989996901695,-0.0,-0.05014827601469482,-0.0,-0.32961536759173193,-0.0,-0.0,-0.0,-0.7552339220112425,-0.3706457752401186,-1.3524100385075024,-0.23994157482406056,-0.0
2019-10-04,-0.0,-0.0,1.0,-0.0,-0.0,-0.0,-0.3452859350850077,-0.0,-0.0755575182159417,-0.004725104879664385,-0.31954073746964007,-0.0,-0.0,-0.0,-0.7364539633473173,-0.35659085890925146,-1.372267608743652,-0.20556414219474498,-0.0
2019-10-07,-0.0,-0.0,1.0,-0.0,-0.0,-0.0,-0.25269331016507385,-0.004344048653344918,-0.14852302345786272,-0.0066029539530842755,-0.3250651607298002,-0.0,-0.0,-0.0,-0.6503475238922677,-0.4648132059079062,-1.3485664639443962,-0.14300608166811468,-0.0
2019-10-08,-0.0,-0.0,1.0,-0.0,-0.0,-0.0,-0.13717391304347826,-0.0,-0.13404347826086957,-0.0,-0.30543478260869567,-0.0,-0.0,-0.0,-0.5732608695652174,-0.5728695652173912,-1.3495652173913044,-0.27543478260869564,-0.0
2019-10-09,-0.0,-0.0,1.0,-0.0,-0.0,-0.0,-0.10264144439177834,-0.0,-0.12616882837075022,-0.0,-0.2889214461153962,-0.0,-0.0,-0.0,-0.5299263153358901,-0.611324169431637,-1.3243848838712458,-0.3256345068298358,-0.0
2019-10-10,-0.0,-0.0,1.0,-0.0,-0.0,-0.0,-0.10063595737366793,-0.0,-0.11859745617050532,-0.0,-0.2876418013062908,-0.0,-0.0,-0.0,-0.5275008594018563,-0.6151598487452733,-1.32296321760055,-0.32451014094190445,-0.0
2019-10-11,-0.0,-0.0,1.0,-0.0,-0.0,-0.0,-0.09722162579980247,-0.0,-0.12307295916176408,-0.0,-0.28144458281444584,-0.0,-0.0,-0.0,-0.5260875166401855,-0.6200025765448534,-1.322153991497402,-0.32425816979430583,-0.0
2019-10-14,-0.0,-0.0,1.0,-0.0,-0.0,-0.0,-0.12646843667971944,-0.0,-0.11799130771547828,-0.0,-0.27053659796032525,-0.0,-0.0,-0.0,-0.48169026205946897,-0.6392271612375747,-1.3112440294332801,-0.35591032316364735,-0.0
2019-10-15,-0.0,-0.0,1.0,-0.0,-0.0,-0.0,-0.14246351229172946,-0.0,-0.10298359667628192,-0.0,-0.2715374348818186,-0.0,-0.0,-0.0,-0.47070220002583196,-0.6602230163172169,-1.2914711327334567,-0.36599646962586646,-0.0
2019-10-16,-0.0,-0.0,1.0,-0.0,-0.0,-0.0,-0.14534583620096353,-0.0,-0.0746730901582932,-0.0,-0.2783895388850654,-0.0,-0.0,-0.0,-0.4734600825877495,-0.6475825877494839,-1.3097040605643495,-0.372290089470062,-0.0
2019-10-17,-0.0,-0.0,1.0,-0.0,-0.0,-0.0,-0.15256487111415604,-0.0,-0.0570780166138563,-0.0,-0.30902629099940054,-0.0,-0.0,-0.0,-0.45426907596129146,-0.6419885244497731,-1.3231138134794895,-0.3438811338528732,-0.0
2019-10-18,-0.0,-0.0,1.0,-0.0,-0.0,-0.0,-0.14040053175522105,-0.0,-0.06959989707963464,-0.0,-0.3067455722801149,-0.0,-0.0,-0.0,-0.4147690724302071,-0.6827050902697371,-1.331746644367254,-0.3423817487885415,-0.0
2019-10-21,-0.0,-0.0,1.0,-0.0,-0.0,-0.0,-0.14663659626143905,-0.0,-0.08179728498937415,-0.0,-0.3038556620549074,-0.0,-0.0,-0.0,-0.42303855662054907,-0.6652643448844169,-1.3858264301513639,-0.33061543132237503,-0.0
2019-10-22,-0.0,-0.0,1.0,-0.0,-0.0,-0.0,-0.1910132004545852,-0.0,-0.10521024565084361,-0.0,-0.3078503365678818,-0.0,-0.0,-0.0,-0.4323367427222659,-0.6304746918436926,-1.4163825509222834,-0.2877436838884518,-0.0
2019-10-23,-0.0,-0.0,1.0,-0.0,-0.0,-0.0,-0.2563620033360421,-0.0,-0.10102219751079937,-0.0,-0.24190582096574142,-0.0,-0.0,-0.0,-0.41118857191736885,-0.6295282494333005,-1.3203028099739105,-0.3166673794961721,-0.0
2019-10-24,-0.0,-0.0,1.0,-0.0,-0.0,-0.0,-0.17676425791166017,-0.0,-0.11655948553054664,-0.0,-0.23840751396175325,-0.0,-0.0,-0.0,-0.4288796750719242,-0.6455830089693688,-1.2954814689456762,-0.32920121848028433,-0.0
2019-10-25,-0.0,-0.0,1.0,-0.0,-0.0,-0.0,-0.13453857473197392,-0.0,-0.1986125709480765,-0.0,-0.22337607735968046,-0.0,-0.0,-0.0,-0.38709270548665126,-0.6804288417069582,-1.3138532688669329,-0.26638637796930836,-0.0
2019-10-28,-0.0,-0.0,1.0,-0.0,-0.0,-0.0,-0.08719875068585659,-0.0,-0.24053517916684253,-0.0,-0.1962182923226269,-0.0,-0.0,-0.0,-0.36035959988182165,-0.7448613514540159,-1.2466973367661334,-0.34478537964799727,-0.0
2019-10-29,-0.0,-0.0,1.0,-0.0,-0.0,-0.0,-0.09182984469952735,-0.030173869007427415,-0.2340057393652937,-0.0,-0.16028021607022283,-0.0,-0.0,-0.0,-0.350270087778528,-0.6942943956785955,-1.2516880486158,-0.4075793382849426,-0.0
2019-10-30,-0.0,-0.0,1.0,-0.0,-0.0,-0.0,-0.06387149005070518,-0.0,-0.2608547445566492,-0.0,-0.16174528100899058,-0.0,-0.0,-0.0,-0.3344837871234394,-0.6916357748519323,-1.2634539179342963,-0.48489496782990327,-0.0
2019-10-31,-0.0,-0.0,1.0,-0.0,-0.0,-0.0,-0.040020722704312915,-0.0,-0.3054008548115529,-0.0,-0.16919224625480292,-0.0,-0.0,-0.0,-0.34438544230022017,-0.6984846522471182,-1.3362258774770108,-0.42347709709450415,-0.0
2019-11-01,-0.0,-0.0,1.0,-0.0,-0.0,-0.0,-0.029343329886246123,-0.0,-0.30743709065839364,-0.0,-0.17106170286108238,-0.0,-0.0,-0.0,-0.33910720441227166,-0.7042399172699069,-1.3500517063081694,-0.40753188555670455,-0.0
2019-11-04,-0.0,-0.0,1.0,-0.0,-0.0,-0.0,-0.031157333791740086,-0.0,-0.30590055438566327,-0.0,-0.17340667841333962,-0.0,-0.0,-0.0,-0.34797369891271646,-0.7128368215221969,-1.317804804675749,-0.4084404142851003,-0.0
2019-11-05,-0.0,-0.0,1.0,-0.0,-0.0,-0.0,-0.008252740167633785,-0.0,-0.3130453470879003,-0.0,-0.21818181818181817,-0.0,-0.0,-0.0,-0.3305394369224156,-0.7145497528476252,-1.3169138190414786,-0.3968622394154309,-0.0
2019-11-06,-0.0,-0.0,1.0,-0.0,-0.0,-0.0,-0.04488831615120274,-0.0,-0.32873711340206185,-0.0,-0.21490549828178693,-0.0,-0.0,-0.0,-0.4126718213058419,-0.6372852233676976,-1.2982817869415808,-0.35871993127147767,-0.0
2019-11-07,-0.0,-0.0,1.0,-0.0,-0.0,-0.0,-0.06989940675780243,-0.0,-0.3280457398332044,-0.0,-0.2009715415699424,-0.0,-0.0,-0.0,-0.40791849368068095,-0.6308571919869315,-1.2985125956495573,-0.362651534691772,-0.0
2019-11-08,-0.0,-0.0,1.0,-0.0,-0.0,-0.0,-0.07520927237604637,-0.0,-0.3398583386992917,-0.0,-0.20120197467267656,-0.0,-0.0,-0.0,-0.4031766473492166,-0.6423266795449668,-1.2684267010088004,-0.36256707447950204,-0.0
2019-11-11,-0.0,-0.0,1.0,-0.0,-0.0,-0.0,-0.08077634806558505,-0.0,-0.372466325257133,-0.0,-0.19331238972328615,-0.0,-0.0,-0.0,-0.34501011318156394,-0.671127942505487,-1.255712871713216,-0.3850755261006154,-0.0
2019-11-12,-0.0,-0.0,1.0,-0.0,-0.0,-0.0,-0.07925177381208341,-0.0,-0.36607181251343796,-0.0,-0.18817458611051385,-0.0,-0.0,-0.0,-0.35050526768436896,-0.6720705224682865,-1.2509137819823692,-0.393205762201677,-0.0
2019-11-13,-0.0,-0.0,1.0,-0.0,-0.0,-0.0,-0.09402997932460372,-0.0,-0.36871123363197794,-0.0,-0.19241040661612682,-0.0,-0.0,-0.0,-0.35126636802205374,-0.6598466574776016,-1.2475878704341834,-0.3935217091660923,-0.0
2019-11-14,-0.0,-0.0,1.0,-0.0,-0.0,-0.0,-0.08881945038952145,-0.0,-0.39979453813885796,-0.0,-0.18649944354079273,-0.0,-0.0,-0.0,-0.3201780669463231,-0.6698912764318123,-1.2117969351939046,-0.4035185343720572,-0.0
2019-11-15,-0.0,-0.0,1.0,-0.0,-0.0,-0.0,-0.08867957287959025,-0.0,-0.3713864050698845,-0.0,-0.20175362444656655,-0.0,-0.0,-0.0,-0.37316607344387537,-0.631174581126834,-1.2439447868738607,-0.4305495268686518,-0.0
2019-11-18,-0.0,-0.0,1.0,-0.0,-0.0,-0.0,-0.09987856709168183,-0.0,-0.38385809697285106,-0.0,-0.20136178332899643,-0.0,-0.0,-0.0,-0.3802584786191343,-0.6297597363171133,-1.2465955416775087,-0.39522074767976406,-0.0
2019-11-19,-0.0,-0.0,1.0,-0.0,-0.0,-0.0,-0.12466101330119238,-0.0,-0.3788041840643967,-0.0,-0.17037579096896388,-0.0,-0.0,-0.0,-0.3943437647970384,-0.6456028582497525,-1.189100770522147,-0.4016615728982825,-0.0
2019-11-20,-0.0,-0.0,1.0,-0.0,-0.0,-0.0,-0.10104499893367455,-0.0,-0.3487310727233952,-0.0,-0.1768394113883557,-0.0,-0.0,-0.0,-0.5177649818724674,-0.5763702281936447,-1.127191298784389,-0.417359778204308,-0.0
2019-11-21,-0.0,-0.0,1.0,-0.0,-0.0,-0.0,-0.059041225578793356,-0.0,-0.41324554608830366,-0.0,-0.17269128152164556,-0.0,-0.0,-0.0,-0.5197951630949307,-0.5832687838884585,-1.1647301833204236,-0.390567174455633,-0.0
2019-11-22,-0.0,-0.0,1.0,-0.0,-0.0,-0.0,-0.07110419099519917,-0.0,-0.4321179879762986,-0.0,-0.17356515721638338,-0.0,-0.0,-0.0,-0.5186194368755677,-0.5594481207560227,-1.1715756238917003,-0.3986419272522815,-0.0
2019-11-25,-0.0,-0.0,1.0,-0.0,-0.0,-0.0,-0.08921982076963628,-0.0,-0.48563521349499206,-0.0,-0.13073273589878756,-0.0,-0.0,-0.0,-0.4482955543841153,-0.6353013530135301,-1.2451678088209452,-0.3585046564751362,-0.0
2019-11-26,-0.0,-0.0,1.0,-0.0,-0.0,-0.0,-0.09506107275624004,-0.0,-0.49167994335280585,-0.0,-0.1454239688440432,-0.0,-0.0,-0.0,-0.4649938042131351,-0.6242255266418836,-1.2721720658523632,-0.33196140909895555,-0.0
2019-11-27,-0.0,-0.0,1.0,-0.0,-0.0,-0.0,-0.0968227276750155,-0.0,-0.48982210815116384,-0.0,-0.14474732277192673,-0.0,-0.0,-0.0,-0.47004159660146916,-0.6245685458890167,-1.264049915921763,-0.33507390034516327,-0.0
2019-11-29,-0.0,-0.0,1.0,-0.0,-0.0,-0.0,-0.09064609450337512,-0.0,-0.47825896379416144,-0.0,-0.14136056807223635,-0.0,-0.0,-0.0,-0.48277373542561586,-0.6177347242921013,-1.2295520294555973,-0.3429034803191023,-0.0
2019-12-02,-0.0,-0.0,1.0,-0.0,-0.0,-0.0,-0.13258730296960725,-0.0,-0.4817556387703562,-0.0,-0.12862492380040058,-0.0,-0.0,-0.0,-0.4343812592528085,-0.5813376295393189,-1.2603849168335801,-0.3351911521379431,-0.0
2019-12-03,-0.0,-0.0,1.0,-0.0,-0.0,-0.0,-0.11979416510400767,-0.0,-0.4358292268108674,-0.0,-0.1361039640661114,-0.0,-0.0,-0.0,-0.5392699838646374,-0.48052854214818363,-1.2924861541145174,-0.35689677728838687,-0.0
2019-12-04,-0.0,-0.0,1.0,-0.0,-0.0,-0.0,-0.11129039291788409,-0.0,-0.43805329030569967,-0.0,-0.13510095503903014,-0.0,-0.0,-0.0,-0.5381361475731542,-0.4861541145174654,-1.295669617548297,-0.3565042954951812,-0.0
2019-12-05,-0.0,-0.0,1.0,-0.0,-0.0,-0.0,-0.156471457762706,-0.0,-0.45967566627537937,-0.0,-0.11551671666449286,-0.0,-0.0,-0.0,-0.5029346550149993,-0.48263118994826315,-1.3083778966131907,-0.3219860006086692,-0.0
2019-12-06,-0.0,-0.0,1.0,-0.0,-0.0,-0.0,-0.15505696147491085,-0.0,-0.45560483520306116,-0.0,-0.11727106704930865,-0.0,-0.0,-0.0,-0.5083485520480042,-0.47999826071832336,-1.3082876771893208,-0.3236368379859118,-0.0
2019-12-09,-0.0,-0.0,1.0,-0.0,-0.0,-0.0,-0.18823884718267322,-0.0,-0.4555181637759944,-0.0,-0.1190784364483562,-0.0,-0.0,-0.0,-0.45603589610837864,-0.47234446457847956,-1.2849253602554145,-0.3382086461299508,-0.0
2019-12-10,-0.0,-0.0,1.0,-0.0,-0.0,-0.0,-0.19729787690328116,-0.0,-0.40334548573879475,-0.0,-0.11893630709843449,-0.0,-0.0,-0.0,-0.4654514261205233,-0.48037743941668454,-1.2606047608835513,-0.36311387518764743,-0.0
2019-12-11,-0.0,-0.0,1.0,-0.0,-0.0,-0.0,-0.20558441558441556,-0.0,-0.4125108225108225,-0.0,-0.14935064935064934,-0.0,-0.0,-0.0,-0.4714285714285714,-0.46961038961038953,-1.2902597402597402,-0.3301731601731602,-0.0
2019-12-12,-0.0,-0.0,1.0,-0.0,-0.0,-0.0,-0.2169268693508628,-0.0,-0.40046706742204735,-0.0,-0.14868312935172773,-0.0,-0.0,-0.0,-0.4758898066859837,-0.5110496042901008,-1.2474159927345068,-0.3243523764217446,-0.0
2019-12-13,-0.0,-0.0,1.0,-0.0,-0.0,-0.0,-0.20789382673352932,-0.0,-0.39395642400138337,-0.0,-0.15191077295521355,-0.0,-0.0,-0.0,-0.4733269929102542,-0.5185457375064846,-1.2430831748227562,-0.33425557669029915,-0.0
2019-12-16,-0.0,-0.0,1.0,-0.0,-0.0,-0.0,-0.19644241536738735,-0.0,-0.4033508484796279,-0.0,-0.14876389008527868,-0.0,-0.0,-0.0,-0.47816349384098544,-0.5175725730037041,-1.2261176673270737,-0.3365492290464295,-0.0
2019-12-17,-0.0,-0.0,1.0,-0.0,-0.0,-0.0,-0.2024564010664802,-0.0,-0.40993924559639844,-0.0,-0.09362297303203812,-0.0,-0.0,-0.0,-0.5363433716508589,-0.532497049696228,-1.2397394991039818,-0.35622186284365576,-0.0
2019-12-18,-0.0,-0.0,1.0,-0.0,-0.0,-0.0,-0.19383049077619213,-0.0,-0.41128611207796734,-0.0,-0.07805429864253395,-0.0,-0.0,-0.0,-0.5239731987469544,-0.5544291681169509,-1.2116254785938045,-0.3776105116602855,-0.0
2019-12-19,-0.0,-0.0,1.0,-0.0,-0.0,-0.0,-0.21502003833420458,-0.0,-0.4164052970900854,-0.0,-0.07841087297438579,-0.0,-0.0,-0.0,-0.5209531277225998,-0.5363303711447988,-1.2185485276180519,-0.3705349364000697,-0.0
2019-12-20,-0.0,-0.0,1.0,-0.0,-0.0,-0.0,-0.22530984996738423,-0.0,-0.4176560121765601,-0.0,-0.07601652533159382,-0.0,-0.0,-0.0,-0.5265927375516417,-0.5176777560339205,-1.2154381387258102,-0.3700804522722331,-0.0
2019-12-23,-0.0,-0.0,1.0,-0.0,-0.0,-0.0,-0.18781836388175366,-0.0,-0.412120684400714,-0.0,-0.03482955287561496,-0.0,-0.0,-0.0,-0.5256650267752188,-0.581827680787148,-1.2212111977012496,-0.3902216030301711,-0.0
2019-12-24,-0.0,-0.0,1.0,-0.0,-0.0,-0.0,-0.1121144024514811,-0.0,-0.4022880490296221,-0.0,-0.027129724208375894,-0.0,-0.0,-0.0,-0.4694994892747702,-0.5278855975485189,-1.142308478038815,-0.4045760980592441,-0.0
2019-12-26,-0.0,-0.0,1.0,-0.0,-0.0,-0.0,-0.12253544076910541,-0.0,-0.3993808049535604,-0.0,-0.02961544728694802,-0.0,-0.0,-0.0,-0.46280756069740914,-0.5210200423659769,-1.1430259084243115,-0.39522568029982075,-0.0
2019-12-27,-0.0,-0.0,1.0,-0.0,-0.0,-0.0,-0.11718431564359665,-0.0,-0.38407923697725604,-0.0,-0.03452351838265265,-0.0,-0.0,-0.0,-0.47925328116083804,-0.5125132469226379,-1.1442080378250592,-0.40421455938697315,-0.0
2019-12-30,-0.0,-0.0,1.0,-0.0,-0.0,-0.0,-0.13926671809655283,-0.0,-0.3649356449713752,-0.0,-0.03771976125705469,-0.0,-0.0,-0.0,-0.4562101587559381,-0.5200373543383816,-1.1348816435908886,-0.4072434934426895,-0.0
2019-12-31,-0.0,-0.0,1.0,-0.0,-0.0,-0.0,-0.14467169872575278,-0.0,-0.3416524632740849,-0.0,-0.050077104131158186,-0.0,-0.0,-0.0,-0.47139030922814706,-0.5239022806590374,-1.122108595081568,-0.4042691339988637,-0.0
2020-01-02,-0.0,-0.0,1.0,-0.0,-0.0,-0.0,-0.15111381125961929,-0.0,-0.3319157553665451,-0.0,-0.0486431753746456,-0.0,-0.0,-0.0,-0.4804779262859457,-0.5136897529364115,-1.1156743620899148,-0.4087484811664641,-0.0
2020-01-03,-0.0,-0.0,1.0,-0.0,-0.0,-0.0,-0.14293789873213278,-0.0,-0.3038439796495195,-0.0,-0.04885730436889284,-0.0,-0.0,-0.0,-0.4722199790034725,-0.5148590809981427,-1.1080917386739886,-0.4469433901316321,-0.0
2020-01-06,-0.0,-0.0,1.0,-0.0,-0.0,-0.0,-0.16244597923987236,-0.0,-0.28490649864695666,-0.0,-0.05646431600630074,-0.0,-0.0,-0.0,-0.47017246253887474,-0.5250615937638838,-1.1058201058201058,-0.4340643806292661,-0.0
2020-01-07,-0.0,-0.0,1.0,-0.0,-0.0,-0.0,-0.17017487046632124,-0.0,-0.2796713082901554,-0.0,-0.06359294041450776,-0.0,-0.0,-0.0,-0.4514248704663212,-0.5207658678756476,-1.1262953367875648,-0.43596178756476683,-0.0
2020-01-08,-0.0,-0.0,1.0,-0.0,-0.0,-0.0,-0.20902554937243592,-0.0,-0.3141069905357651,-0.0,-0.07075835736626183,-0.0,-0.0,-0.0,-0.4013160567041716,-0.500385880823754,-1.1537836630244933,-0.4125269101100776,-0.0
2020-01-09,-0.0,-0.0,1.0,-0.0,-0.0,-0.0,-0.21585455137069878,-0.0,-0.31160009761652974,-0.0,-0.08016757504270723,-0.0,-0.0,-0.0,-0.39807207353778573,-0.495241194175547,-1.1643211583828195,-0.40209875538924594,-0.0
2020-01-10,-0.0,-0.0,1.0,-0.0,-0.0,-0.0,-0.20009031569440452,-0.0,-0.28424812184408227,-0.0,-0.06408309043885217,-0.0,-0.0,-0.0,-0.35785541278377603,-0.5462867933823228,-1.191099798842317,-0.4615542509955253,-0.0
2020-01-13,-0.0,-0.0,1.0,-0.0,-0.0,-0.0,-0.19139758442198668,-0.0,-0.2871579985210747,-0.0,-0.06195053816448936,-0.0,-0.0,-0.0,-0.37293566674882916,-0.5359461013885465,-1.1944786788267194,-0.4642593049051023,-0.0
2020-01-14,-0.0,-0.0,1.0,-0.0,-0.0,-0.0,-0.2295246911095907,-0.0,-0.18935887632309736,-0.0,-0.07610576729585061,-0.0,-0.0,-0.0,-0.3473256328731839,-0.45752002253793217,-1.2291624743429792,-0.4955930293395581,-0.0
2020-01-15,-0.0,-0.0,1.0,-0.0,-0.0,-0.0,-0.22513784360284944,-0.0,-0.18774902402704552,-0.0,-0.0751801022256208,-0.0,-0.0,-0.0,-0.3548919386646275,-0.45615164808628805,-1.2275928683543285,-0.49792731516883326,-0.0
2020-01-16,-0.0,-0.0,1.0,-0.0,-0.0,-0.0,-0.20988742438203598,-0.0,-0.178318176355114,-0.0,-0.1032009935499379,-0.0,-0.0,-0.0,-0.35715716517767715,-0.4853972196626738,-1.181362926164817,-0.49088578181963866,-0.0
2020-01-17,-0.0,-0.0,1.0,-0.0,-0.0,-0.0,-0.19816939126264038,-0.0,-0.16759262960150284,-0.0,-0.10156281226268035,-0.0,-0.0,-0.0,-0.39266157720132694,-0.4724409448818897,-1.1709900475638515,-0.49358487549462404,-0.0
2020-01-21,-0.0,-0.0,1.0,-0.0,-0.0,-0.0,-0.1730026670912782,-0.0,-0.14744635961944189,-0.0,-0.10107081724453644,-0.0,-0.0,-0.0,-0.4014569483698897,-0.4815891087138251,-1.1592691373751045,-0.5168982126507703,-0.0
2020-01-22,-0.0,-0.0,1.0,-0.0,-0.0,-0.0,-0.21184236847369473,-0.0,-0.16507301460292056,-0.0,-0.11110222044408881,-0.0,-0.0,-0.0,-0.380876175235047,-0.4406081216243249,-1.18375675135027,-0.5075415083016603,-0.0
2020-01-23,-0.0,-0.0,1.0,-0.0,-0.0,-0.0,-0.17952036235693777,-0.0,-0.18032919480729567,-0.0,-0.09815181785093219,-0.0,-0.0,-0.0,-0.49520766773162944,-0.42815545759695883,-1.1497957698062846,-0.5130424232620213,-0.0
2020-01-24,-0.0,-0.0,1.0,-0.0,-0.08409868539528184,-0.0,-0.0878203973827961,-0.0,-0.019328891289993398,-0.0,-0.114592712647818,-0.0,-0.0,-0.0,-0.5874902455129359,-0.3717510054625128,-0.45287832402905337,-0.28345038717810195,-0.0
2020-01-27,-0.0,-0.0,1.0,-0.0,-0.0907588279489106,-0.0,-0.0763335837716003,-0.0,-0.009346356123215627,-0.0,-0.11164537941397447,-0.0,-0.0,-0.0,-0.5979564237415478,-0.3787528174305034,-0.441442524417731,-0.299023290758828,-0.0
2020-01-28,-0.0,-0.0,1.0,-0.0,-0.09220803372179519,-0.0,-0.06911728242003472,-0.0,-0.0,-0.0,-0.11461691048847013,-0.0,-0.0,-0.0,-0.6971857178279197,-0.3815397966774114,-0.4282482023307711,-0.3165447557649393,-0.0
2020-01-29,-0.0,-0.0,1.0,-0.0,-0.08622844288927768,-0.0,-0.15924143964009,-0.0,-0.0,-0.0,-0.09478880279930017,-0.0,-0.0,-0.0,-0.6551487128217945,-0.3732191952011997,-0.4327980504873781,-0.32282554361409654,-0.0
2020-01-30,-0.0,-0.0,1.0,-0.0,-0.09061770655049012,-0.0,-0.13387272444375292,-0.0,-0.0,-0.0,-0.08327368912400808,-0.0,-0.0,-0.0,-0.714236813443286,-0.3905710284736269,-0.3886105492453711,-0.31068927960168036,-0.0
2020-01-31,-0.0,-0.0,1.0,-0.0,-0.09410427258660435,-0.0,-0.15966147724760793,-0.0,-0.0,-0.0,-0.09599898948432121,-0.0,-0.0,-0.0,-0.6917611393564278,-0.4140272207660972,-0.3839643793223229,-0.31834401743139545,-0.0
2020-02-03,-0.0,-0.0,1.0,-0.0,-0.08712508917217208,-0.0,-0.18451660928631247,-0.0,-0.0,-0.0,-0.07844049502186658,-0.0,-0.0,-0.0,-0.6820197884680996,-0.3780900096150864,-0.4021587419745045,-0.28929003442821255,-0.0
2020-02-04,-0.0,-0.0,1.0,-0.0,-0.11016790462517945,-0.0,-0.2037013919231009,-0.0,-0.0,-0.0,-0.06828537544472879,-0.0,-0.0,-0.0,-0.6654391111665938,-0.37126271768304103,-0.40886960863866173,-0.2931777042631546,-0.0
2020-02-05,-0.0,-0.0,1.0,-0.0,-0.10104999216423757,-0.0,-0.2315937940761636,-0.0,-0.0,-0.0,-0.08406205923836389,-0.0,-0.0,-0.0,-0.6363892806770098,-0.32515279736718383,-0.49891866478608365,-0.2571383795643316,-0.0
2020-02-06,-0.0,-0.0,1.0,-0.0,-0.10859961951439719,-0.0,-0.30903169638538674,-0.0,-0.0,-0.0,-0.09044594202431237,-0.0,-0.0,-0.0,-0.6327024151162416,-0.3350207977299842,-0.4825395801760552,-0.26608196562731756,-0.0
2020-02-07,-0.0,-0.1091966882971582,1.0,-0.0,-0.04273886775565003,-0.0,-0.6004027746699485,-0.0,-0.0,-0.0,-0.22286865070485565,-0.0,-0.0,-0.0,-0.7519355560528083,-0.3087044081449989,-1.0006712911165807,-0.29286193779368985,-0.1458939360035802
2020-02-10,-0.0,-0.1462970549410533,1.0,-0.0,-0.04137648504711185,-0.0,-0.5946105876462288,-0.0,-0.0,-0.0,-0.22176703536801856,-0.0,-0.0,-0.0,-0.8711366015749465,-0.3258227502389731,-0.956848286221494,-0.26150484773999727,-0.13255041194410305
2020-02-11,-0.0,-0.134489635022956,1.0,-0.0,-0.006863608959792237,-0.0,-0.5824792468580439,-0.0,-0.0,-0.0,-0.2539535315123128,-0.0,-0.0,-0.0,-0.9075267819876641,-0.34999768121318925,-0.9628994110281501,-0.26536196262115663,-0.174048138014191
2020-02-12,-0.0,-0.13302451806101442,1.0,-0.0,-0.020026202507954335,-0.0,-0.5786075238629984,-0.0,-0.0,-0.0,-0.25795433277185104,-0.0,-0.0,-0.0,-0.9175088901366273,-0.3689874602283362,-0.960228336140745,-0.2746584315927382,-0.16802358225715888
2020-02-13,-0.0,-0.10938163294184236,1.0,-0.0,-0.03367765671430593,-0.0,-0.5872364511107967,-0.0,-0.0,-0.0,-0.2511673977642564,-0.0,-0.0,-0.0,-0.883684731852271,-0.34918164237535965,-0.9968397717088816,-0.2815433234281402,-0.22404603556436017
2020-02-14,-0.0,-0.10616180620884288,1.0,-0.0,-0.026152398871119472,-0.0,-0.5811382878645343,-0.0,-0.0,-0.0,-0.2523047977422389,-0.0,-0.0,-0.0,-0.8708372530573847,-0.34680150517403574,-0.9972248353715898,-0.294967074317968,-0.2279868297271872
2020-02-18,-0.0,-0.1993691814620746,1.0,-0.0,-0.0,-0.0,-0.6470977260009158,-0.0,-0.0,-0.0,-0.29272015058248974,-0.0,-0.0,-0.0,-0.9520272676400264,-0.31215343134761153,-1.0596225263264996,-0.2949585389428702,-0.3292974512896169
2020-02-19,-0.0,-0.23104956268221577,1.0,-0.0,-0.0,-0.0,-0.6356726364014994,-0.0,-0.0,-0.0,-0.28316326530612246,-0.0,-0.0,-0.0,-1.0408683881715952,-0.3082049146189088,-1.0757496876301542,-0.3007600999583507,-0.33064348188254894
2020-02-20,-0.0,-0.19523736048963639,1.0,-0.0,-0.0,-0.0,-0.6532942447153217,-0.0,-0.0,-0.0,-0.28755850434603714,-0.0,-0.0,-0.0,-1.0124980712852956,-0.29943938692588595,-1.0654220027773493,-0.30021087280769426,-0.32963020110065316
2020-02-21,-0.0,-0.18515625,1.0,-0.0,-0.0,-0.0,-0.66984375,-0.0,-0.0,-0.0,-0.2948958333333333,-0.0,-0.0,-0.0,-1.0715104166666667,-0.27932291666666664,-1.0438020833333332,-0.3158854166666667,-0.3478645833333333
2020-02-24,-0.0,-0.21110644551753097,1.0,-0.0,-0.0,-0.0,-0.6963048498845266,-0.0,-0.0,-0.0,-0.2966617677934075,-0.0,-0.0,-0.0,-1.0302855343271047,-0.30180558471551544,-1.056581986143187,-0.3126180978374974,-0.34348099937014487
2020-02-25,-0.0,-0.22332494641692294,1.0,-0.0,-0.16200726866088902,-0.0,-0.7790513465660236,-0.0,-0.0,-0.0,-0.16862361382909327,-0.0,-0.0,-0.0,-0.7363246668530425,-0.32629764234460906,-0.9761904761904762,-0.17542633491752865,-0.11205852203895256
2020-02-26,-0.0,-0.10819575471698113,1.0,-0.0,-0.1446681266846361,-0.0,-0.6031839622641508,-0.0,-0.0,-0.0,-0.11253369272237196,-0.0,-0.0,-0.0,-0.8346108490566038,-0.2841559973045822,-0.8376010781671158,-0.1629885444743935,-0.12369440700808625
2020-02-27,-0.0,-0.09002209898678232,1.0,-0.0,-0.17278905891673269,-0.0,-0.6687653754742944,-0.0,-0.0,-0.0,-0.10153025059417088,-0.0,-0.0,-0.0,-0.8611099528832924,-0.2877037901847142,-0.74177542425885,-0.13117624984363926,-0.11470625026060126
2020-02-28,-0.0,-0.1641482807283241,1.0,-0.0,-0.15544005782535367,-0.0,-0.4068770867036106,-0.0,-0.0,-0.0,-0.0,-0.0,-0.0,-0.0,-0.7082917426771761,-0.1219495404949575,-0.5602519533266788,-0.24885553987540013,-0.07617113551096272
2020-03-02,-0.0,-0.13323529411764706,1.0,-0.0,-0.05163398692810458,-0.0,-0.2238562091503268,-0.0,-0.0,-0.0,-0.034934640522875815,-0.0,-0.0,-0.0,-0.7182679738562092,-0.15643790849673203,-0.4661764705882353,-0.2941830065359477,-0.1892483660130719
2020-03-03,-0.0,-0.1816566150977479,1.0,-0.0,-0.06899163826005886,-0.0,-0.11980304751915626,-0.0,-0.0,-0.0,-0.017247909565014714,-0.0,-0.0,-0.0,-0.5209043498528684,-0.20575124552049648,-0.34554089094776097,-0.23835329079625905,-0.21527838475657723
2020-03-04,-0.0,-0.2215159202987372,1.0,-0.0,-0.09418203585986716,-0.0,-0.05823665231891907,-0.0,-0.0,-0.0,-0.011772754482483395,-0.0,-0.0,-0.0,-0.5186283173227673,-0.2214304039223511,-0.3587411989395969,-0.2071491690658761,-0.15883241640774207
2020-03-05,-0.0,-0.27582528931790307,1.0,-0.0,-0.09844808276891899,-0.0,-0.10332782251613247,-0.0,-0.0,-0.0,-0.052610527438536614,-0.0,-0.0,-0.0,-0.43656338328622474,-0.2734254173110767,-0.23726734574156044,-0.034264839208575544,-0.15473841395125593
2020-03-06,-0.0,-0.2679114763477492,1.0,-0.0,-0.05588640678230567,-0.0,-0.09453098587886512,-0.0,-0.0,-0.0,-0.05029516552674694,-0.0,-0.0,-0.0,-0.4671417054586119,-0.26278833901126053,-0.24903128494525786,-0.05562634904948899,-0.09739162093984864
2020-03-09,-0.0,-0.26375844135682686,1.0,-0.0,-0.08313281068074206,-0.0,-0.0989158839814743,-0.0,-0.0,-0.0,-0.013143936453724548,-0.0,-0.0,-0.0,-0.47214675670780615,-0.24621594349142278,-0.24577608735025486,-0.07518952624906207,-0.08910967942249476
2020-03-10,-0.0,-0.0,1.0,-0.0,-0.030923280812840525,-0.0,-0.16450694546703973,-0.0,-0.0,-0.0,-0.0,-0.0,-0.0,-0.0,-0.47261080842291264,-0.14089726598929958,-0.2446620527168311,-0.229396750601286,-0.17123153192951457
2020-03-11,-0.0,-0.0,1.0,-0.0,-0.01462902417488008,-0.0,-0.16984464119514114,-0.0,-0.0,-0.0,-0.0,-0.0,-0.0,-0.0,-0.4733789943440804,-0.07204734744529032,-0.32947521657160583,-0.23418370999689758,-0.09292890723814524
2020-03-12,-0.0,-0.0,1.0,-0.0,-0.0,-0.0,-0.19741555202901837,-0.0,-0.0,-0.0,-0.0,-0.0,-0.0,-0.0,-0.4347766946270687,-0.04556789843572886,-0.29471775107685333,-0.26164135116753573,-0.03294037633189753
2020-03-13,-0.0,-0.0,1.0,-0.0,-0.012839942746484803,-0.0,-0.16502483792203418,-0.0,-0.0,-0.0,-0.0,-0.0,-0.0,-0.0,-0.3190620527069125,-0.10688726109286857,-0.21329039319693527,-0.2878041592994864,-0.0
2020-03-16,-0.0,-0.0,1.0,-0.013960291681903245,-0.02746886360214244,-0.0,-0.16087676654692507,-0.0,-0.0,-0.0,-0.0,-0.0,-0.0,-0.0,-0.33532663640861277,-0.12327647400460323,-0.20077867882724945,-0.28933726257824427,-0.0
2020-03-17,-0.0,-0.0,1.0,-0.0,-0.05755615234375,-0.0,-0.1527099609375,-0.0,-0.0,-0.0,-0.0,-0.0,-0.0,-0.0,-0.5018310546875,-0.0,-0.10194905598958333,-0.220458984375,-0.0
2020-03-18,-0.0,-0.0,1.0,-0.0,-0.06614729406876493,-0.0,-0.11137425989404799,-0.0,-0.0,-0.0,-0.0,-0.0,-0.0,-0.0,-0.5225096083930612,-0.0,-0.15585332917835257,-0.2215851251687961,-0.0
2020-03-19,-0.0,-0.0,1.0,-0.0,-0.003751185127169298,-0.0,-0.09229564285419845,-0.0,-0.0,-0.0,-0.0,-0.0,-0.0,-0.0,-0.5706748011047447,-0.0,-0.15155200131909807,-0.24281709880868954,-0.0
2020-03-20,-0.0,-0.0,1.0,-0.0,-0.0,-0.0,-0.043612086530541466,-0.0,-0.0,-0.0,-0.0,-0.0,-0.0,-0.0,-0.6217756968829931,-0.0,-0.25001083799367063,-0.2522001127151342,-0.0
2020-03-23,-0.0,-0.0,1.0,-0.0,-0.0,-0.0,-0.040140381662645316,-0.0,-0.0,-0.0,-0.0,-0.0,-0.0,-0.0,-0.6491774511954376,-0.0,-0.26404913358192583,-0.24009651239306865,-0.0
2020-03-24,-0.0,-0.0,1.0,-0.0,-0.0,-0.0,-0.03664967288799423,-0.0,-0.0,-0.0,-0.0,-0.0,-0.0,-0.0,-0.6578561582390653,-0.0,-0.2603986609194145,-0.23313568037109164,-0.0
2020-03-25,-0.0,-0.0,1.0,-0.0,-0.0,-0.0,-0.010792529243230434,-0.0,-0.0,-0.0,-0.0,-0.0,-0.0,-0.0,-0.7002865082613472,-0.0,-0.22438120678141357,-0.21873720945261843,-0.0
2020-03-26,-0.0,-0.0,1.0,-0.0,-0.0,-0.0,-0.007415551100476405,-0.0,-0.0,-0.0,-0.0,-0.0,-0.0,-0.0,-0.7119360193149238,-0.0,-0.21722822220785099,-0.2191036668175645,-0.0
2020-03-27,-0.0,-0.0,1.0,-0.0,-0.0,-0.0,-0.0,-0.0,-0.0,-0.0,-0.0,-0.0,-0.0,-0.0,-0.7292292612244029,-0.0,-0.19755375141170706,-0.2040955485946856,-0.0
2020-03-30,-0.0,-0.0,1.0,-0.0,-0.0,-0.0,-0.0,-0.0,-0.0,-0.0,-0.0,-0.0,-0.0,-0.0,-0.7366537429167909,-0.0,-0.20702143070171702,-0.18659196455200033,-0.0
2020-03-31,-0.0,-0.0,1.0,-0.0,-0.0,-0.0,-0.0,-0.0,-0.0,-0.0,-0.0,-0.0,-0.0,-0.0,-0.7318074124217296,-0.0,-0.21363597901506176,-0.16997376882721274,-0.0
2020-04-01,-0.0,-0.0,1.0,-0.0,-0.0,-0.0,-0.0,-0.0,-0.0,-0.0,-0.0,-0.0,-0.0,-0.0,-0.7313922016408694,-0.0,-0.20660999746257297,-0.17652034170684258,-0.0
2020-04-02,-0.0,-0.0,1.0,-0.0,-0.0,-0.0,-0.0,-0.0,-0.0,-0.0,-0.0,-0.0,-0.0,-0.0,-0.8166673740503374,-0.0,-0.14500657866813801,-0.16049828105768005,-0.0
2020-04-03,-0.0,-0.0,1.0,-0.0,-0.0,-0.0,-0.0,-0.0,-0.0,-0.0,-0.0,-0.0,-0.0,-0.0,-0.8165030882477368,-0.0,-0.14180556730687877,-0.15692952026398174,-0.0
2020-04-06,-0.0,-0.0,1.0,-0.0,-0.0,-0.0,-0.0,-0.0,-0.0,-0.0,-0.0,-0.0,-0.0,-0.0,-0.8789659224441833,-0.0,-0.09244738809956202,-0.16508919987180856,-0.0
2020-04-07,-0.0,-0.0,1.0,-0.0,-0.0,-0.0,-0.0,-0.0,-0.0,-0.0,-0.0,-0.0,-0.0,-0.0,-0.9374547930051483,-0.0,-0.03822916223460835,-0.15170403778241076,-0.0
2020-04-08,-0.0,-0.0,1.0,-0.0,-0.0,-0.0,-0.0,-0.0,-0.0,-0.0,-0.0,-0.0,-0.0,-0.0,-0.9337349397590362,-0.0,-0.03646387670824641,-0.1584571501553919,-0.0
2020-04-09,-0.0,-0.0,1.0,-0.0,-0.0,-0.0,-0.0,-0.0,-0.0,-0.0,-0.0,-0.0,-0.0,-0.0,-0.9966545919454506,-0.0,-0.0,-0.134178563818453,-0.0
2020-04-13,-0.0,-0.0,1.0,-0.0,-0.0,-0.0,-0.0,-0.0,-0.0,-0.0,-0.0,-0.0,-0.0,-0.0,-0.9911025968497232,-0.0,-0.013452532992762879,-0.12403150276713495,-0.0
2020-04-14,-0.0,-0.0,1.0,-0.0,-0.0,-0.0,-0.0,-0.0,-0.0,-0.0,-0.0,-0.0,-0.0,-0.0,-0.9972750303365763,-0.0,-0.007387222446937603,-0.12424158559172291,-0.0
2020-04-15,-0.0,-0.0,1.0,-0.0,-0.0,-0.0,-0.0,-0.0,-0.0,-0.0,-0.0,-0.0,-0.0,-0.0,-0.9669656992084433,-0.0,-0.02083377308707124,-0.12303957783641162,-0.0
2020-04-16,-0.0,-0.0,1.0,-0.0,-0.0,-0.0,-0.0,-0.0,-0.0,-0.0,-0.0,-0.0,-0.0,-0.0,-0.9692807561660021,-0.0,-0.016688819967508494,-0.12386859927843534,-0.0
2020-04-17,-0.0,-0.0,1.0,-0.0,-0.0,-0.0,-0.0,-0.0,-0.0,-0.0,-0.0,-0.0,-0.0,-0.0,-0.9690320671359418,-0.0,-0.01192212568964424,-0.13289787980637113,-0.0
2020-04-20,-0.0,-0.0,1.0,-0.0,-0.0,-0.0,-0.0,-0.0,-0.0,-0.0,-0.0,-0.0,-0.0,-0.0,-0.9752781472333059,-0.0,-0.011147001076698968,-0.1247492980344966,-0.0
2020-04-21,-0.0,-0.0,1.0,-0.0,-0.0,-0.0,-0.0,-0.0,-0.0,-0.0,-0.0,-0.0,-0.0,-0.0,-0.9677405716218501,-0.0,-0.0,-0.14624556062912228,-0.0
2020-04-22,-0.0,-0.0,1.0,-0.0,-0.0,-0.0,-0.0,-0.0,-0.0,-0.0,-0.0,-0.0,-0.0,-0.0,-0.9730242760424356,-0.0,-0.0,-0.13610191297745344,-0.0
2020-04-23,-0.0,-0.0,1.0,-0.0,-0.0,-0.0,-0.0,-0.0,-0.0,-0.0,-0.0,-0.0,-0.0,-0.0,-0.9867238047222923,-0.0,-0.0,-0.11394000504159313,-0.0
2020-04-24,-0.0,-0.0,1.0,-0.0,-0.0,-0.0,-0.0,-0.0,-0.0,-0.0,-0.0,-0.0,-0.0,-0.0,-0.982895399597045,-0.0,-0.0,-0.11584956346541303,-0.0
2020-04-27,-0.0,-0.0,1.0,-0.0,-0.0,-0.0,-0.0,-0.0,-0.0,-0.0,-0.0,-0.0,-0.0,-0.0,-0.9838486386709737,-0.0,-0.0,-0.11375173050299954,-0.0
2020-04-28,-0.0,-0.0,1.0,-0.0,-0.0,-0.0,-0.0,-0.0,-0.0,-0.0,-0.0,-0.0,-0.0,-0.0,-0.9824892920131016,-0.0,-0.0,-0.11711598219534729,-0.0
2020-04-29,-0.0,-0.0,1.0,-0.0,-0.0,-0.0,-0.0,-0.0,-0.0,-0.0,-0.0,-0.0,-0.0,-0.0,-0.9905073924731183,-0.0,-0.0,-0.10962701612903226,-0.0
2020-04-30,-0.0,-0.0,1.0,-0.0,-0.0,-0.0,-0.0,-0.0,-0.0,-0.0,-0.0,-0.0,-0.0,-0.0,-0.9969537175150738,-0.0,-0.0,-0.10390974600306728,-0.0
2020-05-01,-0.0,-0.0,1.0,-0.0,-0.0,-0.0,-0.0,-0.0,-0.0,-0.0,-0.0,-0.0,-0.0,-0.0,-0.9916857376808248,-0.0,-0.0,-0.10787545403010772,-0.0
2020-05-04,-0.0,-0.0,1.0,-0.0,-0.0,-0.0,-0.0,-0.0,-0.0,-0.0,-0.0,-0.0,-0.0,-0.0,-0.9932455109917772,-0.0,-0.0,-0.10444285954019131,-0.0
2020-05-05,-0.0,-0.0,1.0,-0.0,-0.0,-0.0,-0.0,-0.0,-0.0,-0.0,-0.0,-0.0,-0.0,-0.0,-0.9953157165063227,-0.0,-0.0,-0.10528084695206487,-0.0
2020-05-06,-0.0,-0.0,1.0,-0.0,-0.0,-0.0,-0.0,-0.0,-0.0,-0.0,-0.0,-0.0,-0.0,-0.0,-1.0027082064954969,-0.0,-0.0,-0.09667667373459576,-0.0
2020-05-07,-0.0,-0.0,1.0,-0.0,-0.0,-0.0,-0.0,-0.0,-0.0,-0.0,-0.0,-0.0,-0.0,-0.0,-1.0032541832000168,-0.0,-0.0,-0.09619785433856101,-0.0
2020-05-08,-0.0,-0.0,1.0,-0.0,-0.0,-0.0,-0.0,-0.0,-0.0,-0.0,-0.0,-0.0,-0.0,-0.0,-1.0078039545645772,-0.0,-0.0,-0.09568784181741692,-0.0
2020-05-11,-0.0,-0.0,1.0,-0.0,-0.0,-0.0,-0.0,-0.0,-0.0,-0.0,-0.0,-0.0,-0.0,-0.0,-1.0028366707991008,-0.0,-0.0,-0.0984009581643588,-0.0
2020-05-12,-0.0,-0.0,1.0,-0.0,-0.0,-0.0,-0.0,-0.0,-0.0,-0.0,-0.0,-0.0,-0.0,-0.0,-1.0112968251301864,-0.0,-0.0,-0.08848479758105156,-0.0
2020-05-13,-0.0,-0.0,1.0,-0.0,-0.0,-0.0,-0.0,-0.0,-0.0,-0.0,-0.0,-0.0,-0.0,-0.0,-1.0133842410002518,-0.0,-0.0,-0.08445917596710581,-0.0
2020-05-14,-0.0,-0.0,1.0,-0.0,-0.0,-0.0,-0.0,-0.0,-0.0,-0.0,-0.0,-0.0,-0.0,-0.0,-1.0163607760880964,-0.0,-0.0,-0.08117461982170948,-0.0
2020-05-15,-0.0,-0.0,1.0,-0.0,-0.0,-0.0,-0.0,-0.0,-0.0,-0.0,-0.0,-0.0,-0.0,-0.0,-1.0201581608038093,-0.0,-0.0,-0.07746523189226606,-0.0
2020-05-18,-0.0,-0.0,1.0,-0.0,-0.0,-0.0,-0.0,-0.0,-0.0,-0.0,-0.0,-0.0,-0.0,-0.0,-1.0179477502411205,-0.0,-0.0,-0.07875204428229968,-0.0
2020-05-19,-0.0,-0.0,1.0,-0.0,-0.0,-0.0,-0.0,-0.0,-0.0,-0.0,-0.0,-0.0,-0.0,-0.0,-1.013157619057596,-0.0,-0.0,-0.0820046512602401,-0.0
2020-05-20,-0.0,-0.0,1.0,-0.0,-0.0,-0.0,-0.0,-0.0,-0.0,-0.0,-0.0,-0.0,-0.0,-0.0,-1.0126998763543391,-0.0,-0.0,-0.08298929102835469,-0.0
2020-05-21,-0.0,-0.0,1.0,-0.0,-0.0,-0.0,-0.0,-0.0,-0.0,-0.0,-0.0,-0.0,-0.0,-0.0,-1.0039147546474627,-0.0,-0.0,-0.08953692848769051,-0.0
2020-05-22,-0.0,-0.0,1.0,-0.0,-0.0,-0.0,-0.0,-0.0,-0.0,-0.0,-0.0,-0.0,-0.0,-0.0,-1.0055514821409868,-0.0,-0.0,-0.08934743898606892,-0.0
2020-05-26,-0.0,-0.0,1.0,-0.0,-0.0,-0.0,-0.0,-0.0,-0.0,-0.0,-0.0,-0.0,-0.0,-0.0,-1.0063504705216608,-0.0,-0.0,-0.08953534676084086,-0.0
2020-05-27,-0.0,-0.0,1.0,-0.0,-0.0,-0.0,-0.0,-0.0,-0.0,-0.0,-0.0,-0.0,-0.0,-0.0,-1.0042544273289322,-0.0,-0.0,-0.09152258199727549,-0.0
2020-05-28,-0.0,-0.0,1.0,-0.0,-0.0,-0.0,-0.0,-0.0,-0.0,-0.0,-0.0,-0.0,-0.0,-0.0,-1.0157737343105047,-0.0,-0.0,-0.09019880380759836,-0.0
2020-05-29,-0.0,-0.0,1.0,-0.0,-0.0,-0.0,-0.0,-0.0,-0.0,-0.0,-0.0,-0.0,-0.0,-0.0,-1.0152961254029453,-0.0,-0.0,-0.0916292691148895,-0.0
2020-06-01,-0.0,-0.0,1.0,-0.0,-0.0,-0.0,-0.0,-0.0,-0.0,-0.0,-0.0,-0.0,-0.0,-0.0,-1.0138461538461538,-0.0,-0.0,-0.09363540569020021,-0.0
2020-06-02,-0.0,-0.0,1.0,-0.0,-0.0,-0.0,-0.0,-0.0,-0.0,-0.0,-0.0,-0.0,-0.0,-0.0,-1.0176407359790924,-0.0,-0.0,-0.0899740763378085,-0.0
2020-06-03,-0.0,-0.0,1.0,-0.0,-0.0,-0.0,-0.0,-0.0,-0.0,-0.0,-0.0,-0.0,-0.0,-0.0,-1.0163616429113604,-0.0,-0.0,-0.09209749515054398,-0.0
2020-06-04,-0.0,-0.0,1.0,-0.0,-0.0,-0.0,-0.0,-0.0,-0.0,-0.0,-0.0,-0.0,-0.0,-0.0,-1.0168789741639732,-0.0,-0.0,-0.09563343684644146,-0.0
2020-06-05,-0.0,-0.0,1.0,-0.0,-0.0,-0.0,-0.0,-0.0,-0.0,-0.0,-0.0,-0.0,-0.0,-0.0,-1.016586025481206,-0.0,-0.0,-0.09626233387563651,-0.0
2020-06-08,-0.0,-0.0,1.0,-0.0,-0.0,-0.0,-0.0,-0.0,-0.0,-0.0,-0.0,-0.0,-0.0,-0.0,-1.0183120010138131,-0.0,-0.0,-0.09379884256325771,-0.0
2020-06-09,-0.0,-0.0,1.0,-0.0,-0.0,-0.0,-0.0,-0.0,-0.0,-0.0,-0.0,-0.0,-0.0,-0.0,-1.0230964467005075,-0.0,-0.0,-0.0919627749576988,-0.0
2020-06-10,-0.0,-0.0,1.0,-0.0,-0.0,-0.0,-0.0,-0.0,-0.0,-0.0,-0.0,-0.0,-0.0,-0.0,-1.023047619047619,-0.0,-0.0,-0.09335449735449737,-0.0
2020-06-11,-0.0,-0.0,1.0,-0.0,-0.0,-0.0,-0.0,-0.0,-0.0,-0.0,-0.0,-0.0,-0.0,-0.0,-1.0232380952380953,-0.0,-0.0,-0.09316402116402116,-0.0
2020-06-12,-0.0,-0.0,1.0,-0.0,-0.0,-0.0,-0.0,-0.0,-0.0,-0.0,-0.0,-0.0,-0.0,-0.0,-1.0313853957518757,-0.0,-0.0,-0.08210926767409912,-0.0
2020-06-15,-0.0,-0.0,1.0,-0.0,-0.0,-0.0,-0.0,-0.0,-0.0,-0.0,-0.0,-0.0,-0.0,-0.0,-1.0327387242676587,-0.0,-0.0,-0.0808006086993279,-0.0
2020-06-16,-0.0,-0.0,1.0,-0.0,-0.0,-0.0,-0.0,-0.0,-0.0,-0.0,-0.0,-0.0,-0.0,-0.0,-1.0382055237410985,-0.0,-0.0,-0.0749529826934049,-0.0
2020-06-17,-0.0,-0.0,1.0,-0.0,-0.0,-0.0,-0.0,-0.0,-0.0,-0.0,-0.0,-0.0,-0.0,-0.0,-1.0406516089501152,-0.0,-0.0,-0.07219675040672738,-0.0
2020-06-18,-0.0,-0.0,1.0,-0.0,-0.0,-0.0,-0.0,-0.0,-0.0,-0.0,-0.0,-0.0,-0.0,-0.0,-1.0409508716323297,-0.0,-0.0,-0.07209720021130481,-0.0
2020-06-19,-0.0,-0.0,1.0,-0.0,-0.0,-0.0,-0.0,-0.0,-0.0,-0.0,-0.0,-0.0,-0.0,-0.0,-1.0428562371885632,-0.0,-0.0,-0.0703704486380254,-0.0
2020-06-22,-0.0,-0.0,1.0,-0.0,-0.0,-0.0,-0.0,-0.0,-0.0,-0.0,-0.0,-0.0,-0.0,-0.0,-1.0401504585605004,-0.0,-0.0,-0.07303157093952073,-0.0
2020-06-23,-0.0,-0.0,1.0,-0.0,-0.0,-0.0,-0.0,-0.0,-0.0,-0.0,-0.0,-0.0,-0.0,-0.0,-1.0406980433632997,-0.0,-0.0,-0.0745848757271285,-0.0
2020-06-24,-0.0,-0.0,1.0,-0.0,-0.0,-0.0,-0.0,-0.0,-0.0,-0.0,-0.0,-0.0,-0.0,-0.0,-1.04162788730011,-0.0,-0.0,-0.073589136136729,-0.0
2020-06-25,-0.0,-0.0,1.0,-0.0,-0.0,-0.0,-0.0,-0.0,-0.0,-0.0,-0.0,-0.0,-0.0,-0.0,-1.0369360802958267,-0.0,-0.0,-0.07611199154780772,-0.0
2020-06-26,-0.0,-0.0,1.0,-0.0,-0.0,-0.0,-0.0,-0.0,-0.0,-0.0,-0.0,-0.0,-0.0,-0.0,-1.0350380388841927,-0.0,-0.0,-0.07823330515638208,-0.0
2020-06-29,-0.0,-0.0,1.0,-0.0,-0.0,-0.0,-0.0,-0.0,-0.0,-0.0,-0.0,-0.0,-0.0,-0.0,-1.038098862531185,-0.0,-0.0,-0.07617658251934542,-0.0
2020-06-30,-0.0,-0.0,1.0,-0.0,-0.0,-0.0,-0.0,-0.0,-0.0,-0.0,-0.0,-0.0,-0.0,-0.0,-1.0409818750264057,-0.0,-0.0,-0.07148590983987495,-0.0
2020-07-01,-0.0,-0.0,1.0,-0.0,-0.0,-0.0,-0.0,-0.0,-0.0,-0.0,-0.0,-0.0,-0.0,-0.0,-1.0400363582556493,-0.0,-0.0,-0.07381571437630795,-0.0
2020-07-02,-0.0,-0.0,1.0,-0.0,-0.0,-0.0,-0.0,-0.0,-0.0,-0.0,-0.0,-0.0,-0.0,-0.0,-1.041225344073064,-0.0,-0.0,-0.07289486480201264,-0.0
2020-07-06,-0.0,-0.0,1.0,-0.0,-0.0,-0.0,-0.0,-0.0,-0.0,-0.0,-0.0,-0.0,-0.0,-0.0,-1.0412033317830114,-0.0,-0.0,-0.07287218299437656,-0.0
2020-07-07,-0.0,-0.0,1.0,-0.0,-0.0,-0.0,-0.0,-0.0,-0.0,-0.0,-0.0,-0.0,-0.0,-0.0,-1.0424645952229972,-0.0,-0.0,-0.07125343479179877,-0.0
2020-07-08,-0.0,-0.0,1.0,-0.0,-0.0,-0.0,-0.0,-0.0,-0.0,-0.0,-0.0,-0.0,-0.0,-0.0,-1.0415698043028023,-0.0,-0.0,-0.07179086182847964,-0.0
2020-07-09,-0.0,-0.0,1.0,-0.0,-0.0,-0.0,-0.0,-0.0,-0.0,-0.0,-0.0,-0.0,-0.0,-0.0,-1.0414086114692764,-0.0,-0.0,-0.07235409752901138,-0.0
2020-07-10,-0.0,-0.0,1.0,-0.0,-0.0,-0.0,-0.0,-0.0,-0.0,-0.0,-0.0,-0.0,-0.0,-0.0,-1.0419573028957936,-0.0,-0.0,-0.07176072711900232,-0.0
2020-07-13,-0.0,-0.0,1.0,-0.0,-0.0,-0.0,-0.0,-0.0,-0.0,-0.0,-0.0,-0.0,-0.0,-0.0,-1.0426345938404953,-0.0,-0.0,-0.07112811515779238,-0.0
2020-07-14,-0.0,-0.0,1.0,-0.0,-0.0,-0.0,-0.0,-0.0,-0.0,-0.0,-0.0,-0.0,-0.0,-0.0,-1.0439846127832262,-0.0,-0.0,-0.06966520121745012,-0.0
2020-07-15,-0.0,-0.0,1.0,-0.0,-0.0,-0.0,-0.0,-0.0,-0.0,-0.0,-0.0,-0.0,-0.0,-0.0,-1.0443913374503004,-0.0,-0.0,-0.07048896032484561,-0.0
2020-07-16,-0.0,-0.0,1.0,-0.0,-0.0,-0.0,-0.0,-0.0,-0.0,-0.0,-0.0,-0.0,-0.0,-0.0,-1.0465878571277518,-0.0,-0.0,-0.06815826759997462,-0.0
2020-07-17,-0.0,-0.0,1.0,-0.0,-0.0,-0.0,-0.0,-0.0,-0.0,-0.0,-0.0,-0.0,-0.0,-0.0,-1.0478615501648212,-0.0,-0.0,-0.06521004141661736,-0.0
2020-07-20,-0.0,-0.0,1.0,-0.0,-0.0,-0.0,-0.0,-0.0,-0.0,-0.0,-0.0,-0.0,-0.0,-0.0,-1.047289016608207,-0.0,-0.0,-0.06571440645733846,-0.0
2020-07-21,-0.0,-0.0,1.0,-0.0,-0.0,-0.0,-0.0,-0.0,-0.0,-0.0,-0.0,-0.0,-0.0,-0.0,-1.0498985115020298,-0.0,-0.0,-0.06444519621109608,-0.0
2020-07-22,-0.0,-0.0,1.0,-0.0,-0.0,-0.0,-0.0,-0.0,-0.0,-0.0,-0.0,-0.0,-0.0,-0.0,-1.0470553418171056,-0.0,-0.0,-0.06684141546526869,-0.0
2020-07-23,-0.0,-0.0,1.0,-0.0,-0.0,-0.0,-0.0,-0.0,-0.0,-0.0,-0.0,-0.0,-0.0,-0.0,-1.0510251532445571,-0.0,-0.0,-0.06269287677023884,-0.0
2020-07-24,-0.0,-0.0,1.0,-0.0,-0.0,-0.0,-0.0,-0.0,-0.0,-0.0,-0.0,-0.0,-0.0,-0.0,-1.0531838375290883,-0.0,-0.0,-0.06234398138354136,-0.0
2020-07-27,-0.0,-0.0,1.0,-0.0,-0.0,-0.0,-0.0,-0.0,-0.0,-0.0,-0.0,-0.0,-0.0,-0.0,-1.0574044316644116,-0.0,-0.0,-0.05693927604871448,-0.0
2020-07-28,-0.0,-0.0,1.0,-0.0,-0.0,-0.0,-0.0,-0.0,-0.0,-0.0,-0.0,-0.0,-0.0,-0.0,-1.0544850076232424,-0.0,-0.0,-0.06308233101812638,-0.0
2020-07-29,-0.0,-0.0,1.0,-0.0,-0.0,-0.0,-0.0,-0.0,-0.0,-0.0,-0.0,-0.0,-0.0,-0.0,-1.056650141943138,-0.0,-0.0,-0.061904156603533746,-0.0
2020-07-30,-0.0,-0.0,1.0,-0.0,-0.0,-0.0,-0.0,-0.0,-0.0,-0.0,-0.0,-0.0,-0.0,-0.0,-1.0228831537970382,-0.0,-0.0,-0.03680665691746823,-0.0
2020-07-31,-0.0,-0.0,1.0,-0.0,-0.0,-0.0,-0.0,-0.0,-0.0,-0.0,-0.0,-0.0,-0.0,-0.0,-1.0184147647688886,-0.0,-0.0,-0.041402323473675534,-0.0
2020-08-03,-0.0,-0.0,1.0,-0.0,-0.0,-0.0,-0.0,-0.0,-0.0,-0.0,-0.0,-0.0,-0.0,-0.0,-1.0162531196501867,-0.0,-0.0,-0.046325516160303615,-0.0
2020-08-04,-0.0,-0.0,1.0,-0.0,-0.0,-0.0,-0.0,-0.0,-0.0,-0.0,-0.0,-0.0,-0.0,-0.0,-1.0177047693639474,-0.0,-0.0,-0.043385959849952596,-0.0
2020-08-05,-0.0,-0.0,1.0,-0.0,-0.0,-0.0,-0.0,-0.0,-0.0,-0.0,-0.0,-0.0,-0.0,-0.0,-1.0125085004224452,-0.0,-0.0,-0.04817936406536568,-0.0
2020-08-06,-0.0,-0.0,1.0,-0.0,-0.0,-0.0,-0.0,-0.0,-0.0,-0.0,-0.0,-0.0,-0.0,-0.0,-1.0100329625051503,-0.0,-0.0,-0.05012360939431397,-0.0
2020-08-07,-0.0,-0.0,1.0,-0.0,-0.0,-0.0,-0.0,-0.0,-0.0,-0.0,-0.0,-0.0,-0.0,-0.0,-1.009207192733115,-0.0,-0.0,-0.05058806566561618,-0.0
2020-08-10,-0.0,-0.0,1.0,-0.0,-0.0,-0.0,-0.0,-0.0,-0.0,-0.0,-0.0,-0.0,-0.0,-0.0,-1.0085045920678721,-0.0,-0.0,-0.050718668918084096,-0.0
2020-08-11,-0.0,-0.0,1.0,-0.0,-0.0,-0.0,-0.0,-0.0,-0.0,-0.0,-0.0,-0.0,-0.0,-0.0,-1.0019560204249711,-0.0,-0.0,-0.05701284796573876,-0.0
2020-08-12,-0.0,-0.0,1.0,-0.0,-0.0,-0.0,-0.0,-0.0,-0.0,-0.0,-0.0,-0.0,-0.0,-0.0,-1.004755728491137,-0.0,-0.0,-0.05400119407901509,-0.0
2020-08-13,-0.0,-0.0,1.0,-0.0,-0.0,-0.0,-0.0,-0.0,-0.0,-0.0,-0.0,-0.0,-0.0,-0.0,-1.004839373970346,-0.0,-0.0,-0.054448105436573316,-0.0
2020-08-14,-0.0,-0.0,1.0,-0.0,-0.0,-0.0,-0.0,-0.0,-0.0,-0.0,-0.0,-0.0,-0.0,-0.0,-1.0015885459646807,-0.0,-0.0,-0.06143753094570061,-0.0
2020-08-17,-0.0,-0.0,1.0,-0.0,-0.0,-0.0,-0.0,-0.0,-0.0,-0.0,-0.0,-0.0,-0.0,-0.0,-0.9979769203773663,-0.0,-0.0,-0.06636939782415721,-0.0
2020-08-18,-0.0,-0.0,1.0,-0.0,-0.0,-0.0,-0.0,-0.0,-0.0,-0.0,-0.0,-0.0,-0.0,-0.0,-0.9965117239101717,-0.0,-0.0,-0.06755696829590489,-0.0
2020-08-19,-0.0,-0.0,1.0,-0.0,-0.0,-0.0,-0.0,-0.0,-0.0,-0.0,-0.0,-0.0,-0.0,-0.0,-1.000082915302019,-0.0,-0.0,-0.07282036399817586,-0.0
2020-08-20,-0.0,-0.0,1.0,-0.0,-0.0,-0.0,-0.0,-0.0,-0.0,-0.0,-0.0,-0.0,-0.0,-0.0,-1.0068353694008143,-0.0,-0.0,-0.07078450926618467,-0.0
2020-08-21,-0.0,-0.0,1.0,-0.0,-0.0,-0.0,-0.0,-0.0,-0.0,-0.0,-0.0,-0.0,-0.0,-0.0,-1.006180289662061,-0.0,-0.0,-0.07472532045946395,-0.0
2020-08-24,-0.0,-0.0,1.0,-0.0,-0.0,-0.0,-0.0,-0.0,-0.0,-0.0,-0.0,-0.0,-0.0,-0.0,-1.0024165156344396,-0.0,-0.0,-0.08078661750307273,-0.0
2020-08-25,-0.0,-0.0,1.0,-0.0,-0.0,-0.0,-0.0,-0.0,-0.0,-0.0,-0.0,-0.0,-0.0,-0.0,-1.0052948963082806,-0.0,-0.0,-0.09585443237450886,-0.0
2020-08-26,-0.0,-0.0,1.0,-0.0,-0.0,-0.0,-0.0,-0.0,-0.0,-0.0,-0.0,-0.0,-0.0,-0.0,-1.0022093170054287,-0.0,-0.0,-0.10190211673610235,-0.0
2020-08-27,-0.0,-0.0,1.0,-0.0,-0.0,-0.0,-0.0,-0.0,-0.0,-0.0,-0.0,-0.0,-0.0,-0.0,-1.0022951233892023,-0.0,-0.0,-0.10332266486987282,-0.0
2020-08-28,-0.0,-0.0,1.0,-0.0,-0.0,-0.0,-0.0,-0.0,-0.0,-0.0,-0.0,-0.0,-0.0,-0.0,-1.0037857036517153,-0.0,-0.0,-0.12303536868074608,-0.0
2020-08-31,-0.0,-0.0,1.0,-0.0,-0.0,-0.0,-0.0,-0.0,-0.0,-0.0,-0.0,-0.0,-0.0,-0.0,-0.9992737370500908,-0.0,-0.0,-0.13679376268290078,-0.0
2020-09-01,-0.0,-0.0,1.0,-0.0,-0.0,-0.0,-0.0,-0.0,-0.0,-0.0,-0.0,-0.0,-0.0,-0.0,-1.0164837538886968,-0.0,-0.0,-0.14390338748703768,-0.0
2020-09-02,-0.0,-0.0,1.0,-0.0,-0.0,-0.0,-0.0,-0.0,-0.0,-0.0,-0.0,-0.0,-0.0,-0.0,-1.1069176745125315,-0.0,-0.0,-0.13691745013126302,-0.0
2020-09-03,-0.0,-0.0,1.0,-0.0,-0.0,-0.0,-0.0,-0.0,-0.0,-0.0,-0.0,-0.0,-0.0,-0.0,-1.1254831054356425,-0.0,-0.0,-0.1346592835348627,-0.0
2020-09-04,-0.0,-0.0,1.0,-0.0,-0.0,-0.0,-0.0,-0.0,-0.0,-0.0,-0.0,-0.0,-0.0,-0.0,-1.2164632003186728,-0.0,-0.0,-0.12671931016706892,-0.0
2020-09-08,-0.0,-0.0,1.0,-0.0,-0.0,-0.0,-0.0,-0.0,-0.0,-0.0,-0.0,-0.0,-0.0,-0.0,-1.2300418685609444,-0.0,-0.0,-0.12212447664298819,-0.0
2020-09-09,-0.0,-0.0,1.0,-0.0,-0.0,-0.0,-0.0,-0.0,-0.0,-0.0,-0.0,-0.0,-0.0,-0.0,-1.2478479624198202,-0.0,-0.0,-0.13668121229463243,-0.0
2020-09-10,-0.0,-0.0,1.0,-0.0,-0.0,-0.0,-0.0,-0.0,-0.0,-0.0,-0.0,-0.0,-0.0,-0.0,-1.088105629278451,-0.0,-0.0,-0.1272956866567713,-0.0
2020-09-11,-0.0,-0.0,1.0,-0.0,-0.0,-0.0,-0.0,-0.0,-0.0,-0.0,-0.0,-0.0,-0.0,-0.0,-1.025384216888275,-0.0,-0.0,-0.1331376273527888,-0.0
2020-09-14,-0.0,-0.0,1.0,-0.0,-0.0,-0.0,-0.0,-0.0,-0.0,-0.0,-0.0,-0.0,-0.0,-0.0,-1.023191094619666,-0.0,-0.0,-0.13412003279112913,-0.0
2020-09-15,-0.0,-0.0,1.0,-0.0,-0.0,-0.0,-0.0,-0.0,-0.0,-0.0,-0.0,-0.0,-0.0,-0.0,-1.1293094072865688,-0.0,-0.0,-0.04576400217509516,-0.0
2020-09-16,-0.0,-0.0,1.0,-0.0,-0.0,-0.0,-0.0,-0.0,-0.0,-0.0,-0.0,-0.0,-0.0,-0.0,-1.1292034628268153,-0.0,-0.0,-0.045939009005089834,-0.0
2020-09-17,-0.0,-0.0,1.0,-0.0,-0.0,-0.0,-0.0,-0.0,-0.0,-0.0,-0.0,-0.0,-0.0,-0.0,-1.1960249063754906,-0.0,-0.0,-0.05998736633127284,-0.0
2020-09-18,-0.0,-0.0,1.0,-0.0,-0.0,-0.0,-0.0,-0.0,-0.0,-0.0,-0.0,-0.0,-0.0,-0.0,-1.1703371090753192,-0.0,-0.0,-0.08610496863576876,-0.0
2020-09-21,-0.0,-0.0,1.0,-0.0,-0.0,-0.0,-0.0,-0.0,-0.0,-0.0,-0.0,-0.0,-0.0,-0.0,-1.1979424344006473,-0.0,-0.0,-0.11392902554617963,-0.0
2020-09-22,-0.0,-0.0,1.0,-0.0,-0.0,-0.0,-0.0,-0.0,-0.0,-0.0,-0.0,-0.0,-0.0,-0.0,-1.2230774580947301,-0.0,-0.0,-0.0953330396680036,-0.0
2020-09-23,-0.0,-0.0,1.0,-0.0,-0.0,-0.0,-0.0,-0.0,-0.0,-0.0,-0.0,-0.0,-0.0,-0.0,-1.166868903719606,-0.0,-0.0,-0.16663555327390678,-0.0
2020-09-24,-0.0,-0.0,1.0,-0.0,-0.0,-0.0,-0.0,-0.0,-0.0,-0.0,-0.0,-0.0,-0.0,-0.0,-1.1937677725118485,-0.0,-0.0,-0.1759004739336493,-0.0
2020-09-25,-0.0,-0.0,1.0,-0.0,-0.0,-0.0,-0.0,-0.0,-0.0,-0.0,-0.0,-0.0,-0.0,-0.0,-1.1543857179721773,-0.0,-0.0,-0.1915452647383114,-0.0
2020-09-28,-0.0,-0.0,1.0,-0.03303296009326953,-0.0,-0.0,-0.0,-0.0,-0.0,-0.018823929464914624,-0.0,-0.0,-0.0,-0.0,-1.1742731534332418,-0.0,-0.0,-0.2027640815136868,-0.0
2020-09-29,-0.0,-0.0,1.0,-0.03227136068276598,-0.0,-0.0,-0.0,-0.0,-0.0,-0.015444670739986423,-0.0,-0.0,-0.0,-0.0,-1.1734555329260015,-0.0,-0.0,-0.20344777422170499,-0.0
2020-09-30,-0.0,-0.0,1.0,-0.01412635783525744,-0.0,-0.0,-0.0,-0.0,-0.0,-0.01086268205952555,-0.0,-0.0,-0.0,-0.0,-1.0938915680257197,-0.0,-0.0,-0.3167226849822202,-0.0
2020-10-01,-0.0,-0.0,1.0,-0.014189730031290173,-0.0,-0.0,-0.0,-0.0,-0.0,-0.009920683047517403,-0.0,-0.0,-0.0,-0.0,-1.0850171004438838,-0.0,-0.0,-0.31644310767215655,-0.0
2020-10-02,-0.0,-0.0,1.0,-0.0,-0.0,-0.0,-0.0,-0.0,-0.0,-0.0074632308253312265,-0.0,-0.0,-0.0,-0.0,-1.0861310319679105,-0.0,-0.0,-0.33742555001823266,-0.0
2020-10-05,-0.0,-0.0,1.0,-0.0,-0.0,-0.0,-0.0,-0.0,-0.0,-0.0,-0.0,-0.0,-0.0,-0.0,-1.19567193576082,-0.0,-0.0,-0.32945305792636737,-0.0
2020-10-06,-0.0,-0.0,1.0,-0.0,-0.0,-0.0,-0.0,-0.0,-0.0,-0.0,-0.0,-0.0,-0.0,-0.0,-1.2113839681694925,-0.0,-0.0,-0.32289211586710254,-0.0
2020-10-07,-0.0,-0.0,1.0,-0.0,-0.0,-0.0,-0.0,-0.0,-0.0,-0.0,-0.0,-0.0,-0.0,-0.0,-1.2151758236214116,-0.0,-0.0,-0.3074264668785632,-0.0
2020-10-08,-0.0,-0.0,1.0,-0.0,-0.0,-0.0,-0.0,-0.0,-0.0,-0.0,-0.0,-0.0,-0.0,-0.0,-1.2310901001112347,-0.0,-0.0,-0.2969713823440186,-0.0
2020-10-09,-0.0,-0.0,1.0,-0.0,-0.0,-0.0,-0.0,-0.0,-0.0,-0.0,-0.0,-0.0,-0.0,-0.0,-1.2546862779726013,-0.0,-0.018341448646466686,-0.2498675479980826,-0.0
2020-10-12,-0.0,-0.0,1.0,-0.015546434068753208,-0.0,-0.0,-0.0,-0.0,-0.0,-0.0,-0.0,-0.0,-0.0,-0.0,-1.2594150846587995,-0.0,-0.016187788609543355,-0.27426885582349925,-0.0
2020-10-13,-0.0,-0.0,1.0,-0.03961790616676911,-0.0,-0.0,-0.0,-0.0,-0.0,-0.0,-0.0,-0.0,-0.0,-0.0,-1.194120057365294,-0.0,-0.06010551116574473,-0.2670815406678959,-0.0
2020-10-14,-0.0,-0.0,1.0,-0.047587286113747726,-0.0,-0.0,-0.0,-0.0,-0.0,-0.0,-0.0,-0.0,-0.0,-0.0,-1.2126933634334676,-0.0,-0.062081526897719404,-0.2429901747004951,-0.0
2020-10-15,-0.0,-0.0,1.0,-0.04572630930692053,-0.0,-0.0,-0.0,-0.0,-0.0,-0.0,-0.0,-0.0,-0.0,-0.0,-1.212542659926612,-0.0,-0.056991095943137206,-0.25075055810731056,-0.0
2020-10-16,-0.0,-0.0,1.0,-0.043675045388293664,-0.0,-0.0,-0.0,-0.0,-0.0,-0.0,-0.0,-0.0,-0.0,-0.0,-1.2192702073797532,-0.0,-0.05398010586340042,-0.24018717876594983,-0.0
2020-10-19,-0.0,-0.0,1.0,-0.046442712990164774,-0.0,-0.0,-0.0,-0.0,-0.0,-0.0,-0.0,-0.0,-0.0,-0.0,-1.2013794865244602,-0.0,-0.0496104227870737,-0.257146506578107,-0.0
2020-10-20,-0.0,-0.0,1.0,-0.0571688989037142,-0.0,-0.0,-0.0,-0.0,-0.0,-0.0,-0.0,-0.0,-0.0,-0.0,-1.180773223282781,-0.0,-0.047117502595133816,-0.24677823632174598,-0.0
2020-10-21,-0.0,-0.0,1.0,-0.07028632348461773,-0.0,-0.0,-0.0,-0.0,-0.0,-0.0,-0.0,-0.0,-0.0,-0.0,-1.1758300335059397,-0.0,-0.07472839882221546,-0.2174840085287847,-0.0
