Date,IWF,IWM,LII,MTUM,SPY,VLUE,VXX
2018-09-24,-0.3624040695110118,-0.5246846423005674,1.0,-0.08106677644153018,-0.5070422535211268,-0.4652003881325531,0.0
2018-09-25,-0.36303242305770306,-0.5238543167053705,1.0,-0.08224815544254682,-0.5063052999794233,-0.4640935947558717,0.0
2018-09-26,-0.3631687242798354,-0.5240152851263963,1.0,-0.08259847148736038,-0.5061728395061729,-0.4634626690182246,0.0
2018-09-27,-0.3663023037141514,-0.5170133991537377,1.0,-0.08477315467795016,-0.5066995768688294,-0.4636224729666196,0.0
2018-09-28,-0.36622491257970674,-0.5170285915782669,1.0,-0.0850401104874967,-0.5065969263318739,-0.4636067115277247,0.0
2018-10-01,-0.3657955848202475,-0.5180340398012875,1.0,-0.08539345659778359,-0.5064228813310209,-0.4638878273905759,0.0
2018-10-02,-0.3655243418149728,-0.5239594057949699,1.0,-0.0839829386674511,-0.5053978526253861,-0.4627445212531255,0.0
2018-10-03,-0.36527034182502793,-0.5157969053362358,1.0,-0.08272048008472083,-0.5090604224274872,-0.46881802671059597,0.0
2018-10-04,-0.366814666705872,-0.5126290099679497,1.0,-0.08318386309506307,-0.5109529830339028,-0.4668176071040019,0.0
2018-10-05,-0.36405786894386244,-0.5108724359538691,1.0,-0.07782375209085306,-0.5131320245326759,-0.46864454030577807,0.0
2018-10-08,-0.3627384894932739,-0.508367281146508,1.0,-0.07438234518331818,-0.5166612936314879,-0.4685970516690601,0.0
2018-10-09,-0.3612804878048781,-0.5089997654784241,1.0,-0.07020989681050657,-0.5191135084427767,-0.47191604127579745,0.0
2018-10-10,-0.36060944761456554,-0.5142949585269722,1.0,-0.06691570092358373,-0.5209424083769633,-0.4785869757044532,0.0
2018-10-11,-0.336794139701217,-0.5106419795812425,1.0,-0.030541616196573803,-0.5171309915210244,-0.4888677395166407,0.0
2018-10-12,-0.337934398943955,-0.5082216546618074,1.0,-0.025368037420724885,-0.5140471202686028,-0.4841449766120469,0.0
2018-10-15,-0.3206902492247617,-0.5415183185942345,1.0,-0.0,-0.5172849431491903,-0.4917595038474791,0.0
2018-10-16,-0.31295512765161326,-0.5576662924905736,1.0,-0.0,-0.5166796189160406,-0.49100538237918423,0.0
2018-10-17,-0.30120687692132525,-0.5358362746214277,1.0,-0.0,-0.5138904702265741,-0.49547421154503013,0.0
2018-10-18,-0.3026578452061826,-0.5400673016597273,1.0,-0.0,-0.5125762847202419,-0.4964638110990703,0.0
2018-10-19,-0.2949856692868697,-0.5339538579414853,1.0,-0.0,-0.5131530406651721,-0.49570078606089846,0.0
2018-10-22,-0.29661885245901637,-0.5441142987249544,1.0,-0.0,-0.5112420309653917,-0.4941370673952641,0.0
2018-10-23,-0.3023017319963537,-0.5454649042844121,1.0,-0.0,-0.5080332725615314,-0.4928498176845943,0.0
2018-10-24,-0.30178612188997944,-0.5406299931522484,1.0,-0.0,-0.5117553070075325,-0.49902990184889295,0.0
2018-10-25,-0.2714373498687224,-0.5068990559186638,1.0,-0.0,-0.5348025249986035,-0.48000111725601924,0.0
2018-10-26,-0.272310701313216,-0.5070410729253981,1.0,-0.0,-0.5345627270187203,-0.4801620564403465,0.0
2018-10-29,-0.2722417938824582,-0.5069339596264609,1.0,-0.0,-0.5367947212436393,-0.47998098753005647,0.0
2018-10-30,-0.26070419777945575,-0.5078446178370669,1.0,-0.0,-0.5379645943451632,-0.4901417904186593,0.0
2018-10-31,-0.2590468657306704,-0.5243368456736065,1.0,-0.0,-0.5441679143478629,-0.4973869318342326,0.0
2018-11-01,-0.251008832576121,-0.530180320004515,1.0,-0.0,-0.5434997319186161,-0.49722041933572253,0.0
2018-11-02,-0.25488102930022194,-0.5112790403685704,1.0,-0.0,-0.549147400061803,-0.49391802680001123,0.0
2018-11-05,-0.25247135475174115,-0.5178049876432262,1.0,-0.0,-0.5495955964951696,-0.4884576499662997,0.0
2018-11-06,-0.2517136756938982,-0.5171648499831442,1.0,-0.0,-0.5505393864479156,-0.48988650410158446,0.0
2018-11-07,-0.2509063316752382,-0.5189837843914229,1.0,-0.0,-0.5498693196189192,-0.49057134024674703,0.0
2018-11-08,-0.23781850692892265,-0.5185516316495306,1.0,-0.0,-0.5449262405006705,-0.4926519892713455,0.0
2018-11-09,-0.23819370703627116,-0.5186665176325937,1.0,-0.0,-0.5447661096518192,-0.49279047672274073,0.0
2018-11-12,-0.23770217512548802,-0.5133017289459008,1.0,-0.0,-0.5461795872838818,-0.49143892916899057,0.0
2018-11-13,-0.21408560095420376,-0.5126626168483538,1.0,-0.0,-0.554547724057585,-0.49255221769160357,0.0
2018-11-14,-0.2191432246518651,-0.5170851742072591,1.0,-0.0,-0.562748168446955,-0.49728762373469043,0.0
2018-11-15,-0.2185506435366536,-0.5174314493564633,1.0,-0.0,-0.5629546726357023,-0.49902070509233354,0.0
2018-11-16,-0.2151813891138604,-0.5099282263244617,1.0,-0.0,-0.5627949842209624,-0.5048454212863406,0.0
2018-11-19,-0.21539879356568364,-0.5098581322609473,1.0,-0.0,-0.5626396336014299,-0.5047754691689008,0.0
2018-11-20,-0.17530534457335223,-0.5041871852655593,1.0,-0.0,-0.5719889825557132,-0.5306735664802603,0.0
2018-11-21,-0.1774840297558143,-0.5000414811537292,1.0,-0.0,-0.5706700589032383,-0.5172146787975996,0.0
2018-11-23,-0.17816091954022986,-0.494418656056587,1.0,-0.0,-0.5727785145888594,-0.5176558355437665,0.0
2018-11-26,-0.17817076540480795,-0.494224924012158,1.0,-0.0,-0.5729759602100027,-0.517822602928986,0.0
2018-11-27,-0.17591238862376207,-0.49419326363410665,1.0,-0.0,-0.5718738793412596,-0.5165374748282806,0.0
2018-11-28,-0.17485991884954044,-0.5002898230699163,1.0,-0.0,-0.5696817466670346,-0.5153882249027022,0.0
2018-11-29,-0.16491054768960597,-0.49497859729996707,1.0,-0.0,-0.5675282625397872,-0.5164910547689606,0.0
2018-11-30,-0.16542220270121885,-0.4960744482266389,1.0,-0.0,-0.5698638410014275,-0.5137806083232678,0.0
2018-12-03,-0.16617218834129993,-0.4962914125597494,1.0,-0.0,-0.5703532772924564,-0.5143124004175594,0.0
2018-12-04,-0.15881981957278785,-0.5010008500370178,1.0,-0.0,-0.5682908771833611,-0.5139433491458499,0.0
2018-12-06,-0.15391702571606644,-0.48212882421483344,1.0,-0.0,-0.5684090724331354,-0.5053518684117821,0.0
2018-12-07,-0.15781770875680948,-0.48177358592839525,1.0,-0.0,-0.5684744017128763,-0.5022088516681572,0.0
2018-12-10,-0.14724984504271432,-0.4823079203384806,1.0,-0.0,-0.5691378985097151,-0.49621365241059634,0.0
2018-12-11,-0.1377811377811378,-0.48726948726948727,1.0,-0.0,-0.5679995679995681,-0.506952506952507,0.0
2018-12-12,-0.13749156203591198,-0.4874038072093965,1.0,-0.0,-0.5678142297826381,-0.5074389091400027,0.0
2018-12-13,-0.13849453025326422,-0.4956160590678357,1.0,-0.0,-0.5673063872526399,-0.5130703873612205,0.0
2018-12-14,-0.14589169635814725,-0.4759431011504882,1.0,-0.0,-0.5828596295591155,-0.5151358555226154,0.0
2018-12-17,-0.13927176036466246,-0.4752007814195789,1.0,-0.0,-0.5782233557629693,-0.5205393965704362,0.0
2018-12-18,-0.13290660616863825,-0.46923783287419657,1.0,-0.0,-0.5768378976935127,-0.5218225031059256,0.0
2018-12-19,-0.14262121991499038,-0.4685816390069579,1.0,-0.0,-0.5743563364647915,-0.5217532555432223,0.0
2018-12-20,-0.14186673860264365,-0.46104666846506615,1.0,-0.0,-0.5763960075532776,-0.518289722147289,0.0
2018-12-21,-0.13893068242880172,-0.4615529285330468,1.0,-0.0,-0.5793927995701237,-0.5068780225685116,0.0
2018-12-24,-0.1293091920515632,-0.45125832419566203,1.0,-0.0,-0.5777326094514722,-0.5161402476531786,0.0
2018-12-26,-0.13045094810644287,-0.4584639082169225,1.0,-0.0,-0.5604451054336856,-0.5064003824294896,0.0
2018-12-27,-0.11621487904590788,-0.44462672187068725,1.0,-0.0,-0.5340207796265918,-0.5090748118636566,0.0
2018-12-28,-0.11748911655066344,-0.4436537108000313,1.0,-0.0,-0.5349704126586898,-0.5106749041995776,0.0
2018-12-31,-0.11819603753910322,-0.4427789363920751,1.0,-0.0,-0.5350104275286757,-0.5108967674661105,0.0
2019-01-02,-0.1163323782234957,-0.44253711904141707,1.0,-0.0,-0.5340192758530867,-0.511956238603803,0.0
2019-01-03,-0.12699405692837035,-0.4401522260452508,1.0,-0.0,-0.5440256490459806,-0.49546449796684394,0.0
2019-01-04,-0.11356434100472752,-0.44420489376071487,1.0,-0.0,-0.5401579302820926,-0.4995843939944932,0.0
2019-01-07,-0.10699133475611325,-0.43303077832917647,1.0,-0.0,-0.5390450232701653,-0.492221850813813,0.0
2019-01-08,-0.1097673702048991,-0.419889077183793,1.0,-0.0,-0.5480152005340729,-0.48998613464797414,0.0
2019-01-09,-0.10945158724048554,-0.4178920625144353,1.0,-0.0,-0.5478738419688455,-0.4910821977570765,0.0
2019-01-10,-0.10932286051645362,-0.41842497048103083,1.0,-0.0,-0.5476923866728272,-0.4914266646131732,0.0
2019-01-11,-0.10987797045600514,-0.412305716120745,1.0,-0.0,-0.5496724470134875,-0.49718689788053955,0.0
2019-01-14,-0.11430921052631578,-0.41264905427631576,1.0,-0.0,-0.5497275904605262,-0.49321546052631576,0.0
2019-01-15,-0.11170281186488643,-0.40984281340845363,1.0,-0.0,-0.5493812868205088,-0.5017107869620026,0.0
2019-01-16,-0.10668859367371586,-0.40761106971246497,1.0,-0.0,-0.5471130868258087,-0.5081326926535961,0.0
2019-01-17,-0.10833740391289816,-0.4044013677147338,1.0,-0.0,-0.5498110394117799,-0.5083168367740443,0.0
2019-01-18,-0.110640823805714,-0.4026634320076393,1.0,-0.0,-0.5499522543680802,-0.5175884584613003,0.0
2019-01-22,-0.0,-0.3783397190293742,1.0,-0.0,-0.6386462324393358,-0.5373180076628352,0.0
2019-01-23,-0.0,-0.3560666137985726,1.0,-0.0,-0.6459543117341588,-0.5561382415389732,0.0
2019-01-24,-0.0,-0.34606052866811393,1.0,-0.0,-0.6596858638743455,-0.5482058485506321,0.0
2019-01-25,-0.0,-0.3020975071243357,1.0,-0.0,-0.7147441657467073,-0.5504608354085903,0.0
2019-01-28,-0.0,-0.29516513361859126,1.0,-0.0,-0.7191575495144635,-0.5478746573061056,0.0
2019-01-29,-0.0,-0.29352366795663654,1.0,-0.0,-0.7164970911607166,-0.5528076065506549,0.0
2019-01-30,-0.0,-0.28906209937951904,1.0,-0.0,-0.7117840110763551,-0.5631249679503615,0.0
2019-01-31,-0.0,-0.294848430401191,1.0,-0.0,-0.6694987037654971,-0.6024538617520984,0.0
2019-02-01,-0.0,-0.29624388988937483,1.0,-0.0,-0.6750964754309235,-0.6013635194237201,0.0
2019-02-04,-0.0,-0.29997428644895857,1.0,-0.0,-0.673566469529442,-0.5978400617125225,0.0
2019-02-05,-0.0,-0.30121101483557455,1.0,-0.0,-0.673925899262078,-0.5960198493302137,0.0
2019-02-06,-0.0,-0.29803386689999484,1.0,-0.0,-0.6796541252766484,-0.5957846518091513,0.0
2019-02-07,-0.0,-0.302814731110997,1.0,-0.0,-0.6762545585289435,-0.5891417124659715,0.0
2019-02-08,-0.0,-0.30338695585136455,1.0,-0.0,-0.6817083825872438,-0.584699593976461,0.0
2019-02-11,-0.0,-0.29344384668846046,1.0,-0.0,-0.6860150840433474,-0.5945841591804165,0.0
2019-02-12,-0.0,-0.3103074141048825,1.0,-0.0,-0.6807284939292173,-0.5922758977008525,0.0
2019-02-13,-0.0,-0.3134757281553398,1.0,-0.0,-0.6812168284789645,-0.5942783171521036,0.0
2019-02-14,-0.0,-0.34213359306915464,1.0,-0.0,-0.6505357051314914,-0.5704875173014815,0.0
2019-02-15,-0.0,-0.34826648887065337,1.0,-0.0,-0.6479126064211714,-0.5681864806646836,0.0
2019-02-19,-0.0,-0.34034916809803367,1.0,-0.0,-0.6561386417822442,-0.5671546132745405,0.0
2019-02-20,-0.0,-0.33150727012082737,1.0,-0.0,-0.662681753020684,-0.5656870776162196,0.0
2019-02-21,-0.0,-0.3244772069927564,1.0,-0.0,-0.6637231564667639,-0.5713737234124242,0.0
2019-02-22,-0.0,-0.32761178757802106,1.0,-0.0,-0.6625908114192162,-0.5678399672567278,0.0
2019-02-25,-0.0,-0.3228643216080402,1.0,-0.0,-0.6675469182647933,-0.5734540047174649,0.0
2019-02-26,-0.0,-0.3216738417384174,1.0,-0.0,-0.6714842148421485,-0.5693675686756868,0.0
2019-02-27,-0.0,-0.327177593105571,1.0,-0.0,-0.6751564583974556,-0.5625577100646353,0.0
2019-02-28,-0.0,-0.32957782625433085,1.0,-0.0,-0.6769408443474914,-0.5598870781470551,0.0
2019-03-01,-0.0,-0.3293039728980598,1.0,-0.0,-0.6768298942613695,-0.5603377476645108,0.0
2019-03-04,-0.0,-0.32548234811165844,1.0,-0.0,-0.6732861247947455,-0.5669129720853858,0.0
2019-03-05,-0.0,-0.3215092402464066,1.0,-0.0,-0.6800821355236139,-0.5651437371663244,0.0
2019-03-06,-0.0,-0.318994298628589,1.0,-0.0,-0.6884791206533463,-0.5607119009707741,0.0
2019-03-07,-0.0,-0.2988974358974359,1.0,-0.0,-0.7062820512820512,-0.558923076923077,0.0
2019-03-08,-0.0,-0.29053514890988186,1.0,-0.0,-0.723364822775361,-0.5601431182269814,0.0
2019-03-11,-0.0,-0.2902507252382926,1.0,-0.0,-0.7217934106920845,-0.5780926232905098,0.0
2019-03-12,-0.0,-0.25715851844117876,1.0,-0.0,-0.735637284330871,-0.617394482002558,0.0
2019-03-13,-0.0,-0.26369566926039456,1.0,-0.0,-0.739317246980534,-0.6169142497838561,0.0
2019-03-14,-0.0,-0.2661866736483833,1.0,-0.0,-0.7355413012174369,-0.6164157612252913,0.0
2019-03-15,-0.0,-0.2653381863887507,1.0,-0.0,-0.7367566576762942,-0.6164602372410903,0.0
2019-03-18,-0.0,-0.27230838094736565,1.0,-0.0,-0.7392243081703046,-0.6214750256720819,0.0
2019-03-19,-0.0,-0.2732375807089208,1.0,-0.0,-0.7386480432204505,-0.6235077085254974,0.0
2019-03-20,-0.0,-0.27390569723850255,1.0,-0.0,-0.7376577432810603,-0.628517873171762,0.0
2019-03-21,-0.0,-0.2750740584003385,1.0,-0.0,-0.7822418535759628,-0.5876269572577232,0.0
2019-03-22,-0.0,-0.27496155681637413,1.0,-0.0,-0.7911872315605282,-0.5851317673259452,0.0
2019-03-25,-0.0,-0.22544219835754897,1.0,-0.0,-0.8188039587281534,-0.5878869235628553,0.0
2019-03-26,-0.0,-0.2410390709732032,1.0,-0.0,-0.8182419384704918,-0.5860116921937413,0.0
2019-03-27,-0.0,-0.23943661971830985,1.0,-0.0,-0.8196231799804455,-0.5834368311180403,0.0
2019-03-28,-0.0,-0.24016809387884558,1.0,-0.0,-0.8173168411037108,-0.5855005814568137,0.0
2019-03-29,-0.0,-0.2355639930390761,1.0,-0.0,-0.8168538733322788,-0.5842693666613933,0.0
2019-04-01,-0.0,-0.23980651436683403,1.0,-0.0,-0.816609269434002,-0.5724388127973922,0.0
2019-04-02,-0.0,-0.2454261490406069,1.0,-0.0,-0.8221907236790299,-0.5572617266451426,0.0
2019-04-03,-0.0,-0.24606945064174912,1.0,-0.0,-0.8208089451166697,-0.5578624110869052,0.0
2019-04-04,-0.0,-0.24689123248858805,1.0,-0.0,-0.8200325305629886,-0.556508736030222,0.0
2019-04-05,-0.0,-0.25374302258855447,1.0,-0.0,-0.8131097083833273,-0.541525379519015,0.0
2019-04-08,-0.0,-0.25611664666910117,1.0,-0.0,-0.8131357921644322,-0.5391256716573635,0.0
2019-04-09,-0.0,-0.27058914052681526,1.0,-0.0,-0.7503654877016593,-0.5438713483290158,0.0
2019-04-10,-0.0,-0.28351356865945726,1.0,-0.0,-0.7466588451336462,-0.5203019791879209,0.0
2019-04-11,-0.0,-0.26098851926666494,1.0,-0.0,-0.7739906415403105,-0.5220026080953233,0.0
2019-04-12,-0.0,-0.26201063068588365,1.0,-0.0,-0.7706480629663702,-0.5228201983031789,0.0
2019-04-15,-0.0,-0.2607777268794218,1.0,-0.0,-0.7669873263093602,-0.5171527459663052,0.0
2019-04-16,-0.0,-0.2533435036867531,1.0,-0.0,-0.7701245868293923,-0.5191202644291889,0.0
2019-04-17,-0.0,-0.2691212367778682,1.0,-0.0,-0.783029902359642,-0.4905665174938974,0.0
2019-04-18,-0.0,-0.27989310257062866,1.0,-0.0,-0.776431662000509,-0.48885212522270294,0.0
2019-04-22,-0.0,-0.27799100221132095,1.0,-0.0,-0.7747248557557889,-0.48900693897262537,0.0
2019-04-23,-0.0,-0.2749516736188829,1.0,-0.0,-0.7687201139485197,-0.49984739037541964,0.0
2019-04-24,-0.0,-0.24872669858408886,1.0,-0.0,-0.7776051746969543,-0.520270958541306,0.0
2019-04-25,-0.0,-0.24701986754966887,1.0,-0.0,-0.7863219561895058,-0.513779928680591,0.0
2019-04-26,-0.0,-0.23774634943326867,1.0,-0.0,-0.815608087409374,-0.49948943122638617,0.0
2019-04-29,-0.0,-0.23852203666819877,1.0,-0.0,-0.8165313313926765,-0.4984423676012461,0.0
2019-04-30,-0.0,-0.2335324754901961,1.0,-0.0,-0.8120659722222223,-0.5075061274509804,0.0
2019-05-01,-0.0,-0.25073302567502104,1.0,-0.0,-0.7970220035185233,-0.5018994926187501,0.0
2019-05-02,-0.0,-0.25792990450833314,1.0,-0.0,-0.799134686771972,-0.5030337164947134,0.0
2019-05-03,-0.0,-0.25123265973481845,1.0,-0.0,-0.8020080218685333,-0.5014689727409753,0.0
2019-05-06,-0.0,-0.2492838142009413,1.0,-0.0,-0.8002353181911194,-0.5082872928176796,0.0
2019-05-07,-0.0,-0.2490346996701358,1.0,-0.0,-0.8008029253074898,-0.5072493415501061,0.0
2019-05-08,-0.0,-0.2506437549397037,1.0,-0.0,-0.783519873543584,-0.5153608851949111,0.0
2019-05-09,-0.0,-0.247677623519804,1.0,-0.0,-0.7922366271947733,-0.5121478154348713,0.0
2019-05-10,-0.0,-0.24892846208796818,1.0,-0.0,-0.7930145933258496,-0.5093121747117053,0.0
2019-05-13,-0.0,-0.24444842865558486,1.0,-0.0,-0.8045232179904208,-0.5123069436262583,0.0
2019-05-14,-0.0,-0.221815408085431,1.0,-0.0,-0.8093312992626494,-0.5114670734808034,0.0
2019-05-15,-0.0,-0.22695919977601872,1.0,-0.0,-0.8164371707093588,-0.5018453002112551,0.0
2019-05-16,-0.0,-0.22610834939636804,1.0,-0.0,-0.8091965100943491,-0.5009637820837983,0.0
2019-05-17,-0.0,-0.22204444444444443,1.0,-0.0,-0.7972317460317461,-0.5204063492063492,0.0
2019-05-20,-0.0,-0.2077212423117979,1.0,-0.0,-0.8075280841762823,-0.5263050881919382,0.0
2019-05-21,-0.0,-0.2062725562954303,1.0,-0.0,-0.8090276012809434,-0.5262288415594979,0.0
2019-05-22,-0.0,-0.20725520687281718,1.0,-0.0,-0.8095444464272058,-0.5324393912356284,0.0
2019-05-23,-0.0,-0.2162148402698231,1.0,-0.0,-0.8058546519027618,-0.5234313351151839,0.0
2019-05-24,-0.0,-0.20032932235592146,1.0,-0.0,-0.8049905003166561,-0.5279037365421153,0.0
2019-05-28,-0.0,-0.1894353369763206,1.0,-0.0,-0.8054037644201577,-0.5350131552317344,0.0
2019-05-29,-0.0,-0.18765949920408317,1.0,-0.0,-0.8059478990322662,-0.5331126664476843,0.0
2019-05-30,-0.0,-0.18711903682434133,1.0,-0.0,-0.8016220845297466,-0.5300236763890989,0.0
2019-05-31,-0.0,-0.17420545624636546,1.0,-0.00480392404743243,-0.8208642006523224,-0.528507496649895,0.0
2019-06-03,-0.0,-0.16582297898450685,1.0,-0.0,-0.8291660275093318,-0.5616658996778647,0.0
2019-06-04,-0.0,-0.17347226133483526,1.0,-0.0,-0.8023604106397686,-0.5842656358004147,0.0
2019-06-05,-0.0,-0.1807830450620272,1.0,-0.0,-0.7984308530962632,-0.5681025040120233,0.0
2019-06-06,-0.0,-0.19238109779372473,1.0,-0.0,-0.7773112451332164,-0.5750311728630685,0.0
2019-06-07,-0.0,-0.19994918053614533,1.0,-0.0,-0.7690509465125143,-0.5719476559522297,0.0
2019-06-10,-0.0,-0.19606401055007483,1.0,-0.0,-0.7639927975450788,-0.5759935076462681,0.0
2019-06-11,-0.0,-0.19598336182917803,1.0,-0.0,-0.7682139485033301,-0.5876693801515809,0.0
2019-06-12,-0.0,-0.2091524990412885,1.0,-0.0,-0.7716477054838297,-0.5757637734884316,0.0
2019-06-13,-0.0,-0.2123853093771564,1.0,-0.0,-0.7704654075191044,-0.5729547371380377,0.0
2019-06-14,-0.0,-0.20050215208034433,1.0,-0.0,-0.7988317278130765,-0.5626665300266448,0.0
2019-06-17,-0.0,-0.20073669503365935,1.0,-0.0,-0.768728565985012,-0.5708624412549219,0.0
2019-06-18,-0.0,-0.18640702558228334,1.0,-0.0,-0.7762250222731323,-0.5828942344406263,0.0
2019-06-19,-0.0,-0.183194260710288,1.0,-0.0,-0.7910094637223974,-0.569807672738374,0.0
2019-06-20,-0.0,-0.18094754223294807,1.0,-0.0,-0.7903467547313604,-0.5690334053092849,0.0
2019-06-21,-0.0,-0.18550128273514693,1.0,-0.0,-0.7846020980974879,-0.5699916177703269,0.0
2019-06-24,-0.0,-0.2001621772293034,1.0,-0.0,-0.7815928844740643,-0.552264146162228,0.0
2019-06-25,-0.0,-0.18552150974025974,1.0,-0.0008370535714285715,-0.7940340909090909,-0.5561333198051949,0.0
2019-06-26,-0.0,-0.1841711284224416,1.0,-0.0,-0.7788068715268087,-0.5745134360171534,0.0
2019-06-27,-0.0,-0.1867532533421273,1.0,-0.0,-0.7805738058395271,-0.5693919484538698,0.0
2019-06-28,-0.0,-0.18730658008218762,1.0,-0.0,-0.7800974075389376,-0.5692506722134848,0.0
2019-07-01,-0.0,-0.1805868503000076,1.0,-0.0020000506341932706,-0.7837919947340438,-0.5653560849641763,0.0
2019-07-02,-0.0,-0.172534046073565,1.0,-0.004480081456026474,-0.8007891052564592,-0.5677230495099911,0.0
2019-07-03,-0.0,-0.16952691347965576,1.0,-0.007282171411111677,-0.8020064164587258,-0.5673982787594847,0.0
2019-07-05,-0.0,-0.15706499592502038,1.0,-0.014186022819885902,-0.8048848818255908,-0.5707008964955176,0.0
2019-07-08,-0.0,-0.15624840796780273,1.0,-0.014646696214784248,-0.805288094146416,-0.5710937898008049,0.0
2019-07-09,-0.0,-0.15250407932722482,1.0,-0.01609137692983557,-0.7761265219028493,-0.5656583406552027,0.0
2019-07-10,-0.0,-0.1558712073681833,1.0,-0.016588450824403345,-0.7720029111350918,-0.5651366476773659,0.0
2019-07-11,-0.0,-0.14846057571964955,1.0,-0.03449311639549437,-0.7671088861076345,-0.5530413016270338,0.0
2019-07-12,-0.0,-0.1402191001422404,1.0,-0.039328225987572685,-0.7781299129089412,-0.5377685723554513,0.0
2019-07-15,-0.0,-0.1627761827487205,1.0,-0.05222818624391462,-0.7551616527274997,-0.5264011983522656,0.0
2019-07-16,-0.0,-0.16120498165572664,1.0,-0.0777697356927147,-0.7483215613846805,-0.5084982654054458,0.0
2019-07-17,-0.0,-0.1561619937694704,1.0,-0.07962616822429906,-0.7457943925233645,-0.5106542056074767,0.0
2019-07-18,-0.0,-0.1552584314508082,1.0,-0.08034823388545201,-0.7430403113151068,-0.5158900419078029,0.0
2019-07-19,-0.0,-0.15649007283248528,1.0,-0.07383019056170807,-0.7541404769031228,-0.509777511723037,0.0
2019-07-22,-0.0,-0.15392505128333417,1.0,-0.07564917196177516,-0.7651723620353229,-0.5068794716565768,0.0
2019-07-23,-0.0,-0.16474151650495406,1.0,-0.05577801735202013,-0.8056368396734945,-0.5407105087530161,0.0
2019-07-24,-0.0,-0.16515361337641687,1.0,-0.06334307842232138,-0.8015848592091092,-0.5344155511104273,0.0
2019-07-25,-0.0,-0.1344106707708093,1.0,-0.08056944978838015,-0.8287033474413237,-0.5214056688469925,0.0
2019-07-26,-0.0,-0.12431406738807119,1.0,-0.08187599364069953,-0.8340684137648084,-0.5239755884917175,0.0
2019-07-29,-0.0,-0.12280971805331076,1.0,-0.08314733574488826,-0.8326278252392313,-0.5268990995151235,0.0
2019-07-30,-0.0,-0.13690675888410023,1.0,-0.082040826860048,-0.8405378203308472,-0.5212521613460992,0.0
2019-07-31,-0.0,-0.1608875128998968,1.0,-0.07941176470588235,-0.8324561403508772,-0.5072239422084623,0.0
2019-08-01,-0.0,-0.17655059149580438,1.0,-0.09661525828222435,-0.7995073006748955,-0.49346916780004624,0.0
2019-08-02,-0.0,-0.17101887954032421,1.0,-0.0981941309255079,-0.7936845885491484,-0.5022573363431151,0.0
2019-08-05,-0.0,-0.1691613696944843,1.0,-0.09478162805003075,-0.7980315767890097,-0.5010764814435104,0.0
2019-08-06,-0.0,-0.1722261591415266,1.0,-0.09462947965175136,-0.7653118040089086,-0.4987092528851994,0.0
2019-08-07,-0.0,-0.19372321653642552,1.0,-0.08933703050163852,-0.7442903957650618,-0.4934459289135367,0.0
2019-08-08,-0.0,-0.19211859919824523,1.0,-0.08859642487961072,-0.745758011244737,-0.49474321155737083,0.0
2019-08-09,-0.0,-0.18538422903063786,1.0,-0.08824711200401808,-0.7376946258161728,-0.49997488699146153,0.0
2019-08-12,-0.0,-0.18270291963479485,1.0,-0.09970402327681349,-0.7384368415772048,-0.4874335306511488,0.0
2019-08-13,-0.0,-0.1783294011344812,1.0,-0.09710857888660208,-0.7445409366999649,-0.48991014507303854,0.0
2019-08-14,-0.0,-0.18500175096302965,1.0,-0.09660313172244735,-0.7357796788233528,-0.4839911951573365,0.0
2019-08-15,-0.0,-0.1977872382555319,1.0,-0.10945002722637494,-0.7168209494579476,-0.45109153012227116,0.0
2019-08-16,-0.0,-0.1929898439435224,1.0,-0.11302947733465443,-0.7216497399058707,-0.4494426554372058,0.0
2019-08-19,-0.0,-0.19156093096881108,1.0,-0.11424402067720314,-0.7215997625584329,-0.44596967673319976,0.0
2019-08-20,-0.0,-0.19763596880860723,1.0,-0.11213108281512191,-0.7213009574573093,-0.4365807916296516,0.0
2019-08-21,-0.0,-0.20119757527968063,1.0,-0.13429599329752107,-0.7071115272781036,-0.4215415701542556,0.0
2019-08-22,-0.0,-0.20228650273493323,1.0,-0.1317449366776721,-0.7062533878677376,-0.423618981914946,0.0
2019-08-23,-0.0,-0.2048273136024507,1.0,-0.1344186965759178,-0.7119175848609121,-0.41928949058747966,0.0
2019-08-26,-0.0,-0.19934800725525761,1.0,-0.13821755968429825,-0.7061865777734202,-0.4073729104367861,0.0
2019-08-27,-0.0,-0.19601361443718016,1.0,-0.1317123337985749,-0.703714586547173,-0.41722373221675363,0.0
2019-08-28,-0.0,-0.19630219174727562,1.0,-0.13057426227500918,-0.7043222725603037,-0.41765642218684956,0.0
2019-08-29,-0.0,-0.19110915277471788,1.0,-0.13402364691194832,-0.7075958972852562,-0.4151917945705124,0.0
2019-08-30,-0.0,-0.19339012424027924,1.0,-0.1365422636627694,-0.6992604164124094,-0.4117015304254436,0.0
2019-09-03,-0.0,-0.19104936764490454,1.0,-0.13591972264270716,-0.6965183846867522,-0.41806240539088824,0.0
2019-09-04,-0.0,-0.20694986380033867,1.0,-0.13801565682593436,-0.6993300449090775,-0.40972784608211243,0.0
2019-09-05,-0.0,-0.19472158057698924,1.0,-0.12945397355875557,-0.7071312724234531,-0.42603332186563125,0.0
2019-09-06,-0.0,-0.18871027119892012,1.0,-0.1398944655785986,-0.7228617008221868,-0.40282243220027,0.0
2019-09-09,-0.0,-0.1972882688150914,1.0,-0.1421448221654549,-0.7251424641383376,-0.39167812929848694,0.0
2019-09-10,-0.0,-0.1762891685171478,1.0,-0.21009129040217125,-0.7476683937823835,-0.33325931408832965,0.0
2019-09-11,-0.0,-0.17423270502319155,1.0,-0.2147439060495411,-0.7481249383203394,-0.3301095430770749,0.0
2019-09-12,-0.0,-0.16430350405641997,1.0,-0.21783838433654723,-0.7519049145562597,-0.33186200774295366,0.0
2019-09-13,-0.0,-0.16171040814289991,1.0,-0.19084921664504542,-0.7709559924159267,-0.3712703323021655,0.0
2019-09-16,-0.0,-0.16279824298692222,1.0,-0.18511031246880305,-0.7755066387141859,-0.37234201856843363,0.0
2019-09-17,-0.0,-0.14683936013575905,1.0,-0.18781662548975567,-0.7805145866087694,-0.3804247460757156,0.0
2019-09-18,-0.0,-0.15268242754075442,1.0,-0.197044211997903,-0.776693212172654,-0.37004768205307437,0.0
2019-09-19,-0.0,-0.15260161789673427,1.0,-0.19864176570458406,-0.775766503545391,-0.36976929991011687,0.0
2019-09-20,-0.0,-0.14443555644435555,1.0,-0.20055494450554942,-0.7791970802919708,-0.3755874412558744,0.0
2019-09-23,-0.0,-0.14466998723500113,1.0,-0.20398968788326285,-0.7791154606662829,-0.37516581983831,0.0
2019-09-24,-0.0,-0.14606741573033707,1.0,-0.2090288030830059,-0.7741798253296963,-0.37318885913765926,0.0
2019-09-25,-0.0,-0.13623325767590352,1.0,-0.213827850248173,-0.7816327039632853,-0.3625071708278253,0.0
2019-09-26,-0.0,-0.11928404434500617,1.0,-0.23233364337967272,-0.812765529550768,-0.3495060207647251,0.0
2019-09-27,-0.0,-0.11407724242043023,1.0,-0.23801736067429866,-0.8108189709397408,-0.3531261793936344,0.0
2019-09-30,-0.0,-0.06721121363384258,1.0,-0.27434074522260876,-0.8063328795441941,-0.3731659355619422,0.0
2019-10-01,-0.0,-0.040654299828611754,1.0,-0.2957707430184494,-0.7974342171589878,-0.38655610444601274,0.0
2019-10-02,-0.0,-0.05226260376594452,1.0,-0.30858979550516297,-0.7938094756023486,-0.37621482081392993,0.0
2019-10-03,-0.0,-0.03712426245283496,1.0,-0.3073767378257236,-0.8050343133530856,-0.3828154675985717,0.0
2019-10-04,-0.0,-0.04280283831728332,1.0,-0.3113532691332995,-0.7968068930562594,-0.38324885960466293,0.0
2019-10-07,-0.0,-0.02649207512828939,1.0,-0.28974443236684444,-0.8203695745595186,-0.39128896079274,0.0
2019-10-08,-0.0,-0.021432186234817813,1.0,-0.2785172064777328,-0.8384615384615385,-0.3919281376518219,0.0
2019-10-09,-0.0,-0.03308656896812207,1.0,-0.28236893790602813,-0.8290275469607694,-0.37352067281059576,0.0
2019-10-10,-0.0,-0.06695700896495518,1.0,-0.3303789731051345,-0.7584555827220865,-0.3910707008964955,0.0
2019-10-11,-0.0,-0.06781985826411645,1.0,-0.3233508598135589,-0.7640275343544414,-0.384871345474866,0.0
2019-10-14,-0.0,-0.07301272768843839,1.0,-0.3206564540304347,-0.7568528821482103,-0.3899093056931637,0.0
2019-10-15,-0.0,-0.07370107576104372,1.0,-0.3339436942092012,-0.7547112230106051,-0.3808143231352204,0.0
2019-10-16,-0.0,-0.061001029659207916,1.0,-0.33062106029784777,-0.746678721213491,-0.37303799693613604,0.0
2019-10-17,-0.0,-0.05059246773503736,1.0,-0.3459961256886966,-0.740873984251176,-0.37832398299328285,0.0
2019-10-18,-0.0,-0.10477814830842859,1.0,-0.35842476389277805,-0.7300358933889977,-0.3523916197846397,0.0
2019-10-21,-0.0,-0.08616161358594487,1.0,-0.3591554682918122,-0.7263431675038886,-0.3782543284799959,0.0
2019-10-22,-0.0,-0.07717124129455141,1.0,-0.3690854158131913,-0.7353799672265465,-0.37881503482179435,0.0
2019-10-23,-0.0,-0.0758265943289999,1.0,-0.3585065001535469,-0.7442931722796601,-0.38048930289691885,0.0
2019-10-24,-0.0,-0.06896551724137931,1.0,-0.4014759764051659,-0.7320635085622224,-0.3960450068861575,0.0
2019-10-25,-0.0,-0.06572427103437484,1.0,-0.42741641020291066,-0.7241927911950341,-0.3907725209952532,0.0
2019-10-28,-0.0,-0.0779932656417217,1.0,-0.43128605361384453,-0.7390044634700216,-0.3619587063767586,0.0
2019-10-29,-0.0,-0.07914368268978199,1.0,-0.4767796164959286,-0.6986603624901497,-0.37218282111899137,0.0
2019-10-30,-0.0,-0.08603383997705764,1.0,-0.47172615168026694,-0.6827697682300493,-0.3665563000234638,0.0
2019-10-31,-0.0,-0.08978433006876434,1.0,-0.46780579287351537,-0.6816524275890811,-0.36546676390914773,0.0
2019-11-01,-0.0,-0.10008864323704245,1.0,-0.476457399103139,-0.6767911148190635,-0.35384294504119307,0.0
2019-11-04,-0.0,-0.09458825980519818,1.0,-0.48648367102453255,-0.6756862336580031,-0.3475441429241107,0.0
2019-11-05,-0.0,-0.11934242559095311,1.0,-0.5711368812334756,-0.6154550927986179,-0.31179812046805055,0.0
2019-11-06,-0.0,-0.11542406311637081,1.0,-0.5721236028928337,-0.6150427350427351,-0.32725838264299806,0.0
2019-11-07,-0.0,-0.111172537250566,1.0,-0.5775812141315222,-0.6145948507344812,-0.3292002316642974,0.0
2019-11-08,-0.0,-0.11387420718816069,1.0,-0.5878171247357293,-0.6167811839323467,-0.3242336152219873,0.0
2019-11-11,-0.0,-0.11115821828877288,1.0,-0.5890988102493442,-0.6226980047166061,-0.32685020800763137,0.0
2019-11-12,-0.0,-0.09716438101806416,1.0,-0.5952412530836362,-0.6267009735006234,-0.3334836467810817,0.0
2019-11-13,-0.0,-0.09936043244400439,1.0,-0.6300409430276432,-0.614867938665739,-0.3317455645053386,0.0
2019-11-14,-0.0,-0.09652995157449769,1.0,-0.6364341707467159,-0.606148165984429,-0.33632982850416027,0.0
2019-11-15,-0.0,-0.09593404534382612,1.0,-0.6321903691212292,-0.6130785085253888,-0.3355282528975615,0.0
2019-11-18,-0.0,-0.09315670921377239,1.0,-0.6373484929743646,-0.6190872036897994,-0.33197468625978765,0.0
2019-11-19,-0.0,-0.09918448909051632,1.0,-0.6393659537697127,-0.6279704039749406,-0.3338464031108231,0.0
2019-11-20,-0.0,-0.10173060827776127,1.0,-0.6373012230351792,-0.6286616809309107,-0.3321903939091228,0.0
2019-11-21,-0.0,-0.09609093882891723,1.0,-0.6628775487951151,-0.6237051575618798,-0.3433104350670592,0.0
2019-11-22,-0.0,-0.10123786672483369,1.0,-0.6844530483149743,-0.620432980695823,-0.3204547933253354,0.0
2019-11-25,-0.0,-0.10124614839255039,1.0,-0.6845908433997764,-0.6202928585062579,-0.32067188394731816,0.0
2019-11-26,-0.0,-0.10044177033363146,1.0,-0.6747703065289861,-0.6235195273328454,-0.3115158413963195,0.0
2019-11-27,-0.0,-0.12848573281452658,1.0,-0.6677745352356247,-0.605139429312581,-0.3007187635105923,0.0
2019-11-29,-0.0,-0.12649832839553152,1.0,-0.6833464706042239,-0.6162920279416161,-0.2919192193743035,0.0
2019-12-02,-0.0,-0.1339807423257345,1.0,-0.707623515211368,-0.6102378405069542,-0.2914163443337997,0.0
2019-12-03,-0.0,-0.13448756872076803,1.0,-0.6996799868712562,-0.614206394792265,-0.2868083476928968,0.0
2019-12-04,-0.0,-0.13942822618295664,1.0,-0.698596655040782,-0.618158350039821,-0.29008870458352787,0.0
2019-12-05,-0.0,-0.13017521450587288,1.0,-0.7195734873517896,-0.607724988198706,-0.31930136339655124,0.0
2019-12-06,-0.0,-0.1461475571593696,1.0,-0.7352767049138732,-0.6273011756082434,-0.3105071748752502,0.0
2019-12-09,-0.0,-0.1097780959198282,1.0,-0.7631782390837509,-0.6569219756621332,-0.3334001431639227,0.0
2019-12-10,-0.0,-0.09825683093069545,1.0,-0.8638639242415103,-0.7340008444417637,-0.3197418420893902,0.0
2019-12-11,-0.0,-0.09851934501372092,1.0,-0.863182654322849,-0.7347184946171708,-0.3191701094659389,0.0
2019-12-12,-0.0,-0.09968941289991859,1.0,-0.8631004432650846,-0.7343123360371498,-0.31830654645237166,0.0
2019-12-13,-0.0,-0.1015131837264792,1.0,-0.8819052221450362,-0.727415506357788,-0.30949288713038753,0.0
2019-12-16,-0.0,-0.10397072610155139,1.0,-0.8648199110896059,-0.7228052136571204,-0.3325369703934436,0.0
2019-12-17,-0.0,-0.08634222919937205,1.0,-0.9067319235386463,-0.7554098562501924,-0.32970111121371626,0.0
2019-12-18,-0.0,-0.09551842005317128,1.0,-0.9461957209773388,-0.7815546271679958,-0.3416888213697936,0.0
2019-12-19,-0.0,-0.10415985348943686,1.0,-1.002714369808359,-0.8125449669697168,-0.3509058800444764,0.0
2019-12-20,-0.0,-0.10803911818332505,1.0,-1.0160119343610143,-0.8370959721531578,-0.3539532570860269,0.0
2019-12-23,-0.0,-0.10050886353809825,1.0,-1.0257092493431337,-0.8349353111384574,-0.3647853128014102,0.0
2019-12-24,-0.0,-0.10227839680691835,1.0,-1.0199900216198237,-0.8408115749210047,-0.36304673208049226,0.0
2019-12-26,-0.0,-0.10065863881311955,1.0,-1.01985895815315,-0.8405628368039386,-0.36541148293526715,0.0
2019-12-27,-0.0,-0.1110074315992935,1.0,-1.0291931882560736,-0.8299396807411604,-0.3623821108408038,0.0
2019-12-30,-0.0,-0.1147875543660087,1.0,-1.0494479759116762,-0.84372699899632,-0.33763800602208094,0.0
2019-12-31,-0.0,-0.13415566712105595,1.0,-1.0294909731688666,-0.8366525916813512,-0.3245004488479569,0.0
2020-01-02,-0.0,-0.13638331169047382,1.0,-1.0319981353844105,-0.8367795425032464,-0.3245097059900776,0.0
2020-01-03,-0.0,-0.14174278285219014,1.0,-1.0398693246216413,-0.8251550103340222,-0.32678845256350425,0.0
2020-01-06,-0.0,-0.15075376884422112,1.0,-1.0460971524288107,-0.8250921273031826,-0.328107202680067,0.0
2020-01-07,-0.0,-0.15068171920538675,1.0,-1.04733509765167,-0.821011021406318,-0.33094368697866067,0.0
2020-01-08,-0.0,-0.15165034214410306,1.0,-1.050852005903663,-0.8284918824634375,-0.323326177378237,0.0
2020-01-09,-0.0,-0.1630055085315061,1.0,-1.0463522773075373,-0.8288996372430472,-0.32060325137713286,0.0
2020-01-10,-0.0,-0.16099039919151087,1.0,-1.0565942395149064,-0.8341586659929258,-0.31696142833080676,0.0
2020-01-13,-0.0,-0.16467226890756304,1.0,-1.0627226890756303,-0.8249747899159664,-0.3089747899159664,0.0
2020-01-14,-0.0,-0.15406682416469794,1.0,-1.0956463044211946,-0.842963212959838,-0.2822814714816065,0.0
2020-01-15,-0.0,-0.15086629065486845,1.0,-1.0970650815630383,-0.8501806883042318,-0.27923942044648586,0.0
2020-01-16,-0.0,-0.14892970490917687,1.0,-1.0943345263015734,-0.8509690053345937,-0.28209197109865625,0.0
2020-01-17,-0.0,-0.14341098337996833,1.0,-1.0944611131712907,-0.8473519199002124,-0.28597916596433265,0.0
2020-01-21,-0.0,-0.15718724669008374,1.0,-1.090955147257498,-0.842475006754931,-0.2868481491488787,0.0
2020-01-22,-0.0,-0.15348742903487428,1.0,-1.0974249797242497,-0.8417477696674777,-0.28663152203298187,0.0
2020-01-23,-0.0,-0.14588418768646597,1.0,-1.0973352318958502,-0.8431651749389748,-0.3039056143205858,0.0
2020-01-24,-0.0,-0.1472952348651857,1.0,-1.0976767848058335,-0.8439545531626251,-0.30266237069696456,0.0
2020-01-27,-0.0,-0.12885987756620557,1.0,-1.0959177461358947,-0.8516589440930767,-0.30571244969053335,0.0
2020-01-28,-0.0,-0.146081757414934,1.0,-1.1046656141883042,-0.8287595310872998,-0.2794665950085654,0.0
2020-01-29,-0.0,-0.14809354687395296,1.0,-1.1033639348656437,-0.8218186691683977,-0.2772565837968237,0.0
2020-01-30,-0.0,-0.1454203977596673,1.0,-1.1057785826877284,-0.8187611094342154,-0.2838313713653285,0.0
2020-01-31,-0.0,-0.1566074552550128,1.0,-1.102947113443682,-0.8189005517426995,-0.28582963262010497,0.0
2020-02-03,-0.0,-0.14831692389568918,1.0,-1.08950904736562,-0.8048496540713145,-0.28356173496540715,0.0
2020-02-04,-0.0,-0.13564553601062063,1.0,-1.085496183206107,-0.8043146365748424,-0.2934948556256223,0.0
2020-02-05,-0.0,-0.136384681526556,1.0,-1.0782459157351678,-0.8023348105033402,-0.2900985514915008,0.0
2020-02-06,-0.0,-0.14250256478141443,1.0,-1.0807161531588179,-0.8006089287487176,-0.2856008207300526,0.0
2020-02-07,-0.0,-0.1548982505062577,1.0,-1.0795405504099858,-0.7997875377618431,-0.2855293297480331,0.0
2020-02-10,-0.0,-0.14967994428045506,1.0,-1.07933401877218,-0.800802626778548,-0.28682299094557395,0.0
2020-02-11,-0.0,-0.14302737413524874,1.0,-1.0758333057495613,-0.7918307901095627,-0.29936115984244155,0.0
2020-02-12,-0.0,-0.1430273347011715,1.0,-1.0770732675888544,-0.7921768482361506,-0.2969753127275134,0.0
2020-02-13,-0.0,-0.1488211692144444,1.0,-1.074941141360215,-0.7991179493981497,-0.29309944623138906,0.0
2020-02-14,-0.0,-0.1529829686929385,1.0,-1.082500580990007,-0.7856976859998009,-0.29876166129942566,0.0
2020-02-18,-0.0,-0.15467136072270748,1.0,-1.0870835962668968,-0.7848151715433923,-0.2946959380916005,0.0
2020-02-19,-0.0,-0.17512977505656863,1.0,-1.090443231731665,-0.7728936510049248,-0.289065619592706,0.0
2020-02-20,-0.0,-0.17589598266377732,1.0,-1.0915819303217202,-0.7762293715619271,-0.2901483580596766,0.0
2020-02-21,-0.0,-0.18882286172130602,1.0,-1.0941109701542366,-0.7671095680042733,-0.2884088936369099,0.0
2020-02-24,-0.0,-0.1989901691968167,1.0,-1.095031097438641,-0.7668360864040661,-0.28298669163378587,0.0
2020-02-25,-0.0,-0.24869349359811863,1.0,-1.1017441860465116,-0.6649137705774758,-0.25091455448131694,0.0
2020-02-26,-0.0,-0.22814124852467385,1.0,-1.0819164885642287,-0.6668474273501548,-0.21298925005582314,0.0
2020-02-27,-0.0,-0.22661354581673307,1.0,-1.0788207171314743,-0.6711394422310758,-0.21067729083665343,0.0
2020-02-28,-0.0,-0.2995152983944259,1.0,-0.9842774916691911,-0.5553771584368373,-0.1901847924871251,0.0
2020-03-02,-0.0,-0.3398225726959093,1.0,-1.0231333169048793,-0.5329287826515525,-0.18441966485953673,0.0
2020-03-03,-0.0,-0.37199333174565374,1.0,-0.9426351512264824,-0.4937782805429864,-0.16849249821386045,0.0
2020-03-04,-0.0,-0.4403563817191571,1.0,-0.9949384323940327,-0.39743665640539905,-0.12727918541321334,0.0
2020-03-05,-0.0,-0.4653652027615014,1.0,-0.9475256715205662,-0.37184544874398096,-0.11600046411788593,0.0
2020-03-06,-0.0,-0.5131121642969984,1.0,-0.9248312508976015,-0.34398965962947003,-0.0903920723825937,0.0
2020-03-09,-0.0,-0.4941588449725882,1.0,-0.9409282700421941,-0.3419730761502914,-0.09325755618703177,0.0
2020-03-10,-0.07342039308798312,-0.3134942619707163,1.0,-0.8163039176889592,-0.37290594908323443,-0.06204986149584488,0.0
2020-03-11,-0.0,-0.44207798937686227,1.0,-0.8527788573649435,-0.2961523513408472,-0.0,0.0
2020-03-12,-0.0,-0.425451845783626,1.0,-0.8356970969228406,-0.2988838257129691,-0.0,0.0
2020-03-13,-0.10539620807000487,-0.34929508993680114,1.0,-0.6914924647544969,-0.28454059309674284,-0.0,0.0
2020-03-16,-0.03419060626403389,-0.41744021852357693,1.0,-0.6513808190004398,-0.2118336072594273,-0.0,0.0
2020-03-17,-0.14756142922784063,-0.3093888803798438,1.0,-0.4358357219438549,-0.2882524123142901,-0.00700172855173621,0.0
2020-03-18,-0.14316184074457083,-0.34080920372285417,1.0,-0.3661237504308859,-0.295889348500517,-0.008423819372630127,0.0
2020-03-19,-0.1431834678280176,-0.32236027496691,1.0,-0.36206822936680755,-0.29479953887536825,-0.01242474702190342,0.0
2020-03-20,-0.1436764261998189,-0.38790910266913886,1.0,-0.3376094174464232,-0.2868138502005088,-0.0,0.0
2020-03-23,-0.14771538193233344,-0.3729508196721312,1.0,-0.36355510987094525,-0.295779560516219,-0.0,0.0
2020-03-24,-0.14088336230333823,-0.35804697597718055,1.0,-0.4107278156616303,-0.3188037616437135,-0.0,0.0
2020-03-25,-0.14750793514626404,-0.35727459895341857,1.0,-0.32952303337050703,-0.31032855794801406,-0.0,0.0
2020-03-26,-0.13496573262774356,-0.3591133859633903,1.0,-0.3543636679101241,-0.3203782423874382,-0.0,0.0
2020-03-27,-0.13727769127870001,-0.36461919694743533,1.0,-0.36593495756672,-0.3251025196815859,-0.0,0.0
2020-03-30,-0.14538514154586174,-0.37340305818494735,1.0,-0.3561924935460382,-0.3315019527371417,-0.0,0.0
2020-03-31,-0.13867586631215803,-0.38159484937045424,1.0,-0.3503702564327935,-0.3267265815552967,-0.0,0.0
2020-04-01,-0.13943364699674612,-0.37918828599067805,1.0,-0.35269545334623165,-0.3272799226101486,-0.0,0.0
2020-04-02,-0.14357072745119423,-0.35816337659504854,1.0,-0.3485658196095539,-0.3309630275929763,-0.0,0.0
2020-04-03,-0.14297538662600742,-0.3605096928773687,1.0,-0.3490307122631235,-0.3256588978436071,-0.0,0.0
2020-04-06,-0.1440910875539851,-0.36866902237926974,1.0,-0.346769620032282,-0.3216638310866815,-0.0,0.0
2020-04-07,-0.13436787051784255,-0.35579613447548536,1.0,-0.3397184796177522,-0.3224140157548104,-0.0,0.0
2020-04-08,-0.13726043452781458,-0.3704338766739739,1.0,-0.32285720487053154,-0.3399387927853624,-0.0,0.0
2020-04-09,-0.13735190730373648,-0.3697001258516686,1.0,-0.32291802282688886,-0.33990799809052646,-0.0,0.0
2020-04-13,-0.12972385301152425,-0.38780169602087416,1.0,-0.31869971732985436,-0.338160469667319,-0.0,0.0
2020-04-14,-0.12319693206083583,-0.40133786551618944,1.0,-0.3115004139974724,-0.3428988538806816,-0.0,0.0
2020-04-15,-0.11972259663463629,-0.40312622287925565,1.0,-0.30875255445888955,-0.3424061915735467,-0.0,0.0
2020-04-16,-0.11042289153998823,-0.4160650803690214,1.0,-0.3038974068177357,-0.34570674576345123,-0.004885389631632897,0.0
2020-04-17,-0.10257584680145695,-0.42317171584985497,1.0,-0.2936596218020022,-0.3480991951841916,-0.013544461166001439,0.0
2020-04-20,-0.12628179953746127,-0.3950560719116813,1.0,-0.3128681764628878,-0.3465549592005934,-0.0010036217655015928,0.0
2020-04-21,-0.12776638002531757,-0.3947793443624777,1.0,-0.3126282247151775,-0.34578113405211924,-0.0015932602907154393,0.0
2020-04-22,-0.1265065502183406,-0.39508733624454145,1.0,-0.31456331877729254,-0.3461572052401746,-0.001091703056768559,0.0
2020-04-23,-0.1166110856819024,-0.40495651605309624,1.0,-0.3085071601386255,-0.3449944419015236,-0.004577257568822337,0.0
2020-04-24,-0.11754554589540826,-0.4173402070863733,1.0,-0.3000786403949495,-0.3428284328716851,-0.006640744462405522,0.0
2020-04-27,-0.12457882991292171,-0.4151096136174682,1.0,-0.2937032337111101,-0.3437404279525664,-0.010764451056754037,0.0
2020-04-28,-0.11801228609039052,-0.4304080737165423,1.0,-0.2922992540587977,-0.34109258446687146,-0.012132514260640633,0.0
2020-04-29,-0.11128172505319499,-0.43674731831443175,1.0,-0.28736262530984713,-0.3388466010046724,-0.01936955711057977,0.0
2020-04-30,-0.1116145696523947,-0.42402153926976616,1.0,-0.29362577707731374,-0.34668592942824616,-0.013002364066193853,0.0
2020-05-01,-0.11700614785481436,-0.4243551315990986,1.0,-0.28993370818474196,-0.3478023059925176,-0.008751394753538845,0.0
2020-05-04,-0.11611664047494324,-0.42164309411559275,1.0,-0.2929980792736162,-0.35188580408590886,-0.0,0.0
2020-05-05,-0.11564803908737949,-0.4191641582689875,1.0,-0.2976050255202199,-0.3487981503293635,-0.0,0.0
2020-05-06,-0.11673109262049837,-0.4175456987486077,1.0,-0.3019939286728253,-0.34765991832099413,-0.0,0.0
2020-05-07,-0.11877076411960133,-0.4202876376988984,1.0,-0.2981727574750831,-0.34846564084630177,-0.0,0.0
2020-05-08,-0.11863628411476557,-0.42356980405878236,1.0,-0.29592372288313507,-0.34873600419874035,-0.0,0.0
2020-05-11,-0.12612612612612614,-0.40394034811510543,1.0,-0.3035073908860317,-0.353100673489023,-0.0,0.0
2020-05-12,-0.12481387404747307,-0.4099807304896208,1.0,-0.29307173513182094,-0.3618507488832443,-0.0,0.0
2020-05-13,-0.12030305015174343,-0.41254557760747584,1.0,-0.28861815244208644,-0.3618916617541102,-0.0,0.0
2020-05-14,-0.11327641269634361,-0.40845988398618266,1.0,-0.2955310782332877,-0.3552977470724978,-0.0,0.0
2020-05-15,-0.1282509257242431,-0.39745153561315616,1.0,-0.2945545632759747,-0.3579394467436288,-0.0,0.0
2020-05-18,-0.1306904813766064,-0.3886081463733392,1.0,-0.2906556305815726,-0.36822043127858856,-0.0,0.0
2020-05-19,-0.12488761211376943,-0.4107804653406723,1.0,-0.2715949211640096,-0.3739830266880112,-0.011688340167978772,0.0
2020-05-20,-0.12349443847217043,-0.41306684802878396,1.0,-0.27079265483425113,-0.3758364230710164,-0.010706215309010333,0.0
2020-05-21,-0.12496709660436957,-0.41002018074932,1.0,-0.2740633500043871,-0.37626129683249976,-0.008225848907607265,0.0
2020-05-22,-0.1220725161573009,-0.41684740935480336,1.0,-0.2738306495782671,-0.37526563698104937,-0.0028042501916967907,0.0
2020-05-26,-0.12274320771253287,-0.4175723049956179,1.0,-0.2733786152497809,-0.37543821209465383,-0.0019062226117440842,0.0
2020-05-27,-0.10626642811388685,-0.4316921785611733,1.0,-0.2397013672608398,-0.3866542972632695,-0.04452985222980584,0.0
2020-05-28,-0.10940431260897394,-0.43165816945860647,1.0,-0.2395991966276016,-0.38579531660376526,-0.04061003332671213,0.0
2020-05-29,-0.11244314920298494,-0.4290413741334393,1.0,-0.24190842054135206,-0.3898529606570406,-0.03452995981807745,0.0
2020-06-01,-0.1134473248758963,-0.4336017650303365,1.0,-0.23803640375068946,-0.3885934914506343,-0.03258687258687259,0.0
2020-06-02,-0.11452033022824601,-0.4348152399452563,1.0,-0.23608229217253104,-0.38775330007505193,-0.03425897311376982,0.0
2020-06-03,-0.1144345599434891,-0.4349572857111322,1.0,-0.23869230259817664,-0.38656983289552105,-0.032802807885035645,0.0
2020-06-04,-0.1139920424403183,-0.43799734748010605,1.0,-0.2317418213969938,-0.38976569407603884,-0.036958443854995575,0.0
2020-06-05,-0.1087499171618547,-0.4336300779783075,1.0,-0.22684397711458174,-0.3901566193200645,-0.049636616669243856,0.0
2020-06-08,-0.11065646288595947,-0.4418517207820932,1.0,-0.21941077590020347,-0.3903388480934265,-0.04956648677342298,0.0
2020-06-09,-0.11644426741021045,-0.4405939498550532,1.0,-0.22049613844077098,-0.3912456571289473,-0.044147912102502816,0.0
2020-06-10,-0.11307099858356941,-0.44290014164305946,1.0,-0.21848441926345608,-0.3926832507082153,-0.046033994334277614,0.0
2020-06-11,-0.10587635944802534,-0.45252176224333845,1.0,-0.20366801780849228,-0.39584025516645627,-0.057102354530755094,0.0
2020-06-12,-0.1121256793328786,-0.4294923980725649,1.0,-0.22042289159277434,-0.3845849193601619,-0.05362054170608814,0.0
2020-06-15,-0.10793608989553156,-0.42823281538056357,1.0,-0.2226319023790712,-0.38271442366780795,-0.05322184180493372,0.0
2020-06-16,-0.10683385304580789,-0.4330668891914445,1.0,-0.2237691598225658,-0.38119812025121874,-0.05110018006939259,0.0
2020-06-17,-0.10576311344141456,-0.4319812210692583,1.0,-0.2231094925739859,-0.3805366035583441,-0.05236601364543799,0.0
2020-06-18,-0.10926694329183956,-0.4272980746009791,1.0,-0.22700827680080793,-0.38205009989242356,-0.049814485499132796,0.0
2020-06-19,-0.1094086612442295,-0.4272147724774676,1.0,-0.2280940866124423,-0.3824796658606287,-0.05108815124203121,0.0
2020-06-22,-0.11074216602528862,-0.4273556899395273,1.0,-0.22423309510720177,-0.38542056074766357,-0.05125893347993403,0.0
2020-06-23,-0.11136273690690823,-0.426608328569544,1.0,-0.2240886504551251,-0.38558110901015785,-0.05103117716898993,0.0
2020-06-24,-0.11582841539681141,-0.428278869021404,1.0,-0.22245221527349598,-0.38844358319386946,-0.047058046331366156,0.0
2020-06-25,-0.1133057960188074,-0.427275124137628,1.0,-0.22555697148130247,-0.38878147383222744,-0.04222876477567342,0.0
2020-06-26,-0.11241356601909779,-0.42715398968280105,1.0,-0.22383931511359895,-0.38849742070025245,-0.04322247832290638,0.0
2020-06-29,-0.10785108574183229,-0.42426101628064944,1.0,-0.22698687468501436,-0.38580537721585556,-0.04630015119311085,0.0
2020-06-30,-0.107615169031354,-0.42494307234191625,1.0,-0.22705377474163602,-0.384217901558942,-0.045695393238745836,0.0
2020-07-01,-0.10491301017616807,-0.4249699091804355,1.0,-0.22744282744282743,-0.3844840792209213,-0.046591530802057114,0.0
2020-07-02,-0.10035630751743284,-0.4261044440072573,1.0,-0.22462675148097144,-0.38170809014798784,-0.05314009661835749,0.0
2020-07-06,-0.10054725503822098,-0.4222550382209868,1.0,-0.22235493398193187,-0.37278492008339126,-0.05370482974287699,0.0
2020-07-07,-0.10207984699976094,-0.420641992480386,1.0,-0.2227631321583031,-0.3733292765088127,-0.05448460217764545,0.0
2020-07-08,-0.10001084951719649,-0.42582185092763375,1.0,-0.22156884018661172,-0.3676901377888684,-0.054811760876641,0.0
2020-07-09,-0.10738211240647294,-0.42824517139377066,1.0,-0.22281190186184097,-0.3670175743866365,-0.04956934052549156,0.0
2020-07-10,-0.10784121805328983,-0.4282327351821642,1.0,-0.22318651441000545,-0.3671343121261555,-0.0487221315932572,0.0
2020-07-13,-0.11699212803896838,-0.42491192971774017,1.0,-0.22478580437524465,-0.36872091506110555,-0.0392075849171487,0.0
2020-07-14,-0.12297509144748302,-0.4229010625326598,1.0,-0.2281614701271555,-0.36879463508099636,-0.03448876502351506,0.0
2020-07-15,-0.1225193003881886,-0.42384524796091944,1.0,-0.2300126488419767,-0.3697387359881362,-0.03471889039124177,0.0
2020-07-16,-0.12017026850032744,-0.4317397948046278,1.0,-0.22739576511678672,-0.36736520410390744,-0.03623662955686531,0.0
2020-07-17,-0.11629584298640556,-0.42785330244350217,1.0,-0.22874502775713598,-0.3682738121257158,-0.044433273593565595,0.0
2020-07-20,-0.1267151105354438,-0.4248424842484248,1.0,-0.2286228622862286,-0.3698711334548089,-0.045289894843142844,0.0
2020-07-21,-0.13952873816340014,-0.4208984805109007,1.0,-0.23591719885487777,-0.3690376569037657,-0.03677604051970931,0.0
2020-07-22,-0.14141280644948126,-0.4193043899645367,1.0,-0.23738408334985353,-0.368554373444349,-0.036058062952928474,0.0
2020-07-23,-0.14359449444150346,-0.4181665784365626,1.0,-0.2377801305805541,-0.3697723663313923,-0.03643903299805894,0.0
2020-07-24,-0.1274911816578483,-0.42649911816578484,1.0,-0.23218694885361552,-0.36944444444444446,-0.048941798941798946,0.0
2020-07-27,-0.13297461794606039,-0.4274152645158445,1.0,-0.2297616159834168,-0.375791121794165,-0.03925287229585199,0.0
2020-07-28,-0.1374389785955689,-0.42747012436217446,1.0,-0.2319144706324137,-0.3755826025490932,-0.03653553047204612,0.0
2020-07-29,-0.1407384451921374,-0.4225916415795998,1.0,-0.23191517619975208,-0.37504427129449264,-0.043275190366566324,0.0
2020-07-30,-0.14028140347772222,-0.42175124994469276,1.0,-0.23116233794964824,-0.37392150789788065,-0.04519711517189505,0.0
2020-07-31,-0.1382477261159183,-0.42129373492376126,1.0,-0.23126120344346826,-0.3751300152698785,-0.0471153207780999,0.0
2020-08-03,-0.1330367616138813,-0.42400902994489076,1.0,-0.23307438638425956,-0.37277294557687624,-0.0503065312174933,0.0
2020-08-04,-0.13202620164645482,-0.4212622820217757,1.0,-0.23189784898645657,-0.37425865273966535,-0.05353191112684783,0.0
2020-08-05,-0.13168378186968838,-0.4213659702549575,1.0,-0.23202903682719547,-0.37404833569405094,-0.054023548158640224,0.0
2020-08-06,-0.12938106715609313,-0.4156071025805453,1.0,-0.23333259624527342,-0.37341618203126725,-0.05952723171837339,0.0
2020-08-07,-0.130709394322186,-0.414976841078829,1.0,-0.23562263147397114,-0.3694346563836624,-0.06542118210225384,0.0
2020-08-10,-0.13971355612301545,-0.41045853225269235,1.0,-0.24065726657044523,-0.3708004885089375,-0.05886532696791385,0.0
2020-08-11,-0.1379501754074337,-0.40994271504063234,1.0,-0.2389981793152449,-0.37068697544295925,-0.06279142057817842,0.0
2020-08-12,-0.13338511039609452,-0.41034061910573616,1.0,-0.2308665261289249,-0.37434816376345276,-0.07007655608565405,0.0
2020-08-13,-0.13328599010230577,-0.4108430793812831,1.0,-0.23033221632897627,-0.37429262555202947,-0.07046004305275072,0.0
2020-08-14,-0.13410412320802448,-0.41178820292042073,1.0,-0.2303714881718521,-0.3744174692645688,-0.06848342283964315,0.0
2020-08-17,-0.13126523376911148,-0.40686904498116555,1.0,-0.23075559494792822,-0.3735652559273211,-0.07338799025038777,0.0
2020-08-18,-0.13141997300347413,-0.4073598725409927,1.0,-0.2248013985085526,-0.3749861698125733,-0.07426257440640836,0.0
2020-08-19,-0.13470435879839726,-0.40699090164478785,1.0,-0.22196887521306974,-0.37298828946494583,-0.07705930533725898,0.0
2020-08-20,-0.13195780534730978,-0.40482982816957475,1.0,-0.22119020765607378,-0.372498286118667,-0.08100577191003783,0.0
2020-08-21,-0.12113663418720515,-0.40877827256293814,1.0,-0.20464265244036858,-0.37066266919448,-0.09926810987169878,0.0
2020-08-24,-0.12143928035982007,-0.4076417673516183,1.0,-0.20436105476673425,-0.3714172325601905,-0.09989858012170386,0.0
2020-08-25,-0.1208178028715732,-0.41073200855737635,1.0,-0.20008380935577072,-0.3720032641538563,-0.10187247744866677,0.0
2020-08-26,-0.11601116802602941,-0.4107327368259063,1.0,-0.20610284257040473,-0.3691604194605052,-0.09640116956493064,0.0
2020-08-27,-0.11726291255304645,-0.40974955473955005,1.0,-0.20765628092086455,-0.3688735460322346,-0.09529673035906681,0.0
2020-08-28,-0.11911204980969353,-0.40945592150133103,1.0,-0.20872109651728157,-0.3684025256858733,-0.09438320902910699,0.0
2020-08-31,-0.1188345244639912,-0.41004947773501926,1.0,-0.20697086311159976,-0.36811434854315556,-0.09504123144584938,0.0
2020-09-01,-0.11780098955470039,-0.4126663001649258,1.0,-0.2012534359538208,-0.37084112149532716,-0.09642660802638812,0.0
2020-09-02,-0.11946503596489298,-0.4164668617056378,1.0,-0.20111744132333206,-0.37099931809683023,-0.09166098414025207,0.0
2020-09-03,-0.11905023634165109,-0.4185555677695944,1.0,-0.20294602616247115,-0.36847312300758495,-0.08950203363746291,0.0
2020-09-04,-0.11012009116409538,-0.4211518232819074,1.0,-0.19766830294530155,-0.3710115708274895,-0.09151472650771388,0.0
2020-09-08,-0.1110477985491683,-0.4219027372942646,1.0,-0.19588419645400953,-0.36827456223016064,-0.09447938810843982,0.0
2020-09-09,-0.11122066653520016,-0.42242380420254605,1.0,-0.1942417669098797,-0.36760226998838713,-0.0956199741449199,0.0
2020-09-10,-0.10962502462622857,-0.42418405095987566,1.0,-0.19070551408620273,-0.36707309064641114,-0.09743230523389444,0.0
2020-09-11,-0.10971073475996673,-0.42567064898691526,1.0,-0.19150146601899262,-0.36497308651700144,-0.09621023149971555,0.0
2020-09-14,-0.10659720702184478,-0.42106991200805505,1.0,-0.19095565381079543,-0.3671146521910432,-0.10309504005603468,0.0
2020-09-15,-0.1086053023011637,-0.41532505031061334,1.0,-0.1870461107708461,-0.3704829818881792,-0.10598040073497243,0.0
2020-09-16,-0.10679039301310043,-0.41901746724890826,1.0,-0.1812882096069869,-0.368296943231441,-0.10801310043668122,0.0
2020-09-17,-0.10577216958477055,-0.41953019255119417,1.0,-0.18071868314194647,-0.36794306422739376,-0.10913417456228441,0.0
2020-09-18,-0.10329406631762654,-0.41910994764397913,1.0,-0.18017015706806283,-0.3666012216404887,-0.11230366492146597,0.0
2020-09-21,-0.10671617341924211,-0.4164464344217539,1.0,-0.17667358305121766,-0.3711259146008518,-0.11315933165884023,0.0
2020-09-22,-0.1131959935266588,-0.4071425447229148,1.0,-0.1840090976687224,-0.37029261251804224,-0.11229934829200018,0.0
2020-09-23,-0.11481076350907897,-0.4053161233865675,1.0,-0.18413913804419163,-0.3707722598993655,-0.11264493546269963,0.0
2020-09-24,-0.11502506732053332,-0.4075793068721676,1.0,-0.18488517196838672,-0.3721785581364801,-0.10961753179937386,0.0
2020-09-25,-0.11598581373965584,-0.40586277858049824,1.0,-0.18505626340908093,-0.3728490739524497,-0.10948377774858793,0.0
2020-09-28,-0.11307884035156762,-0.4047619047619047,1.0,-0.181533954261227,-0.3729065547247365,-0.11410643228825047,0.0
2020-09-29,-0.11389247500054703,-0.40565851950723175,1.0,-0.1804555699000022,-0.3731209382726855,-0.115030305682589,0.0
2020-09-30,-0.11390937137605847,-0.40596897359035516,1.0,-0.18123536748134697,-0.3723825569437455,-0.11454390302605956,0.0
2020-10-01,-0.11297536709357886,-0.39827198743263587,1.0,-0.180197674164903,-0.3701699648724718,-0.1202190561385901,0.0
2020-10-02,-0.11458674170538577,-0.39700717666819363,1.0,-0.17926400977248436,-0.37093994721113366,-0.11956023820430599,0.0
2020-10-05,-0.10816282107096213,-0.40180670439703964,1.0,-0.17303003918154117,-0.3699608184588594,-0.12377013495864171,0.0
2020-10-06,-0.10828926465147658,-0.4011446976126744,1.0,-0.17274923287850102,-0.37013340297273184,-0.12395812931165807,0.0
2020-10-07,-0.10735211145349594,-0.4010025606527495,1.0,-0.1679180591120177,-0.370708736599974,-0.12306323510264312,0.0
2020-10-08,-0.10496460042869206,-0.40000433022278997,1.0,-0.16251326130729427,-0.37294043778552405,-0.12466711412302163,0.0
2020-10-09,-0.10639449302969954,-0.39888734955407396,1.0,-0.16291453805524286,-0.3709412070309118,-0.125551995843796,0.0
2020-10-12,-0.10980842579750347,-0.4002687239944521,1.0,-0.16439840499306518,-0.37415481969486825,-0.11849861303744798,0.0
2020-10-13,-0.11232300453195133,-0.3989851898432248,1.0,-0.1641693952338617,-0.3750460784526313,-0.11789578680313116,0.0
2020-10-14,-0.11185823048391644,-0.39886775264082597,1.0,-0.1632214823330369,-0.3767867600806889,-0.11834370865236535,0.0
2020-10-15,-0.11036876355748373,-0.39631236442516266,1.0,-0.16368763557483731,-0.37676789587852494,-0.12206073752711497,0.0
2020-10-16,-0.1107157579570849,-0.3966934976459613,1.0,-0.16256969907357186,-0.3764943264411707,-0.12316938230891064,0.0
2020-10-19,-0.11042412409155006,-0.3962902700943703,1.0,-0.16140579238529124,-0.3767436815272806,-0.12461221390606356,0.0
2020-10-20,-0.11206053095036202,-0.3967777705302981,1.0,-0.16245950470723805,-0.3817972300132629,-0.12114887048029048,0.0
2020-10-21,-0.11368036370755476,-0.3979900371973636,1.0,-0.1584042113506341,-0.3840899697635466,-0.12109808357442735,0.0
2020-10-22,-0.11338055712485332,-0.3960931728303855,1.0,-0.15557776715483898,-0.3839468080483247,-0.12389726652470558,0.0
2020-10-23,-0.11175575836592785,-0.39708822251195136,1.0,-0.15593220338983052,-0.3831812255541069,-0.12503259452411994,0.0
2020-10-26,-0.11113041967156138,-0.3959944391345903,1.0,-0.1552697888608915,-0.38291771656964113,-0.12687896428881745,0.0
2020-10-27,-0.10942044714564793,-0.39730844367267204,1.0,-0.1543954851313219,-0.38406772303017145,-0.1254395485131322,0.0
2020-10-28,-0.11369705390677579,-0.39805909554720914,1.0,-0.15338355658800287,-0.3844901326501813,-0.1214042248322876,0.0
