Date,IWF,IWM,LNGR,MTUM,SPY,VLUE,VXX
2018-09-24,-0.2703297212188571,-0.3598916365657127,1.0,-0.08578771881078077,-0.3252523849217376,-0.27419653607483563,0.0
2018-09-25,-0.2731105088828666,-0.35844161860422025,1.0,-0.08966252055682951,-0.32374400667083597,-0.2713038241493526,0.0
2018-09-26,-0.2743371036528834,-0.36016595586871875,1.0,-0.09199425180789914,-0.3234516966437975,-0.26787038753940295,0.0
2018-09-27,-0.27617040005559546,-0.35553290555722855,1.0,-0.09335402719544117,-0.32358868632583565,-0.2678310824897496,0.0
2018-09-28,-0.2769615794596098,-0.35514668396904114,1.0,-0.09338647634054782,-0.3237706817444502,-0.2680168698150809,0.0
2018-10-01,-0.27715980719317757,-0.35488505747126436,1.0,-0.09341397849462366,-0.3239015572858732,-0.26802929180571006,0.0
2018-10-02,-0.277378690272049,-0.35208787134448716,1.0,-0.09454511748621218,-0.324489039254762,-0.26878157297121935,0.0
2018-10-03,-0.2788512963608883,-0.3620044180909197,1.0,-0.09566329496570167,-0.32340425531914896,-0.26538774561097545,0.0
2018-10-04,-0.27862675319238017,-0.3626171702370154,1.0,-0.0957830344474682,-0.3231223687577047,-0.2658572325727444,0.0
2018-10-05,-0.2854972181962691,-0.3702136612277339,1.0,-0.0973865070830801,-0.32217494974052086,-0.2623778577773622,0.0
2018-10-08,-0.2857109453550635,-0.3706596207356139,1.0,-0.09741155563869339,-0.32204737297448965,-0.26244534337222625,0.0
2018-10-09,-0.2863088974628785,-0.3706769554542266,1.0,-0.09860867531860167,-0.32138430959897113,-0.2613819712381621,0.0
2018-10-10,-0.28711690861911776,-0.3697781518105524,1.0,-0.0995628491946607,-0.3217383173200552,-0.2595086144423405,0.0
2018-10-11,-0.26555160957727114,-0.36934356741894836,1.0,-0.06756787719097261,-0.31813495245732615,-0.2705922786115248,0.0
2018-10-12,-0.2636466538843586,-0.3768393818291021,1.0,-0.06190949201875765,-0.32816650881286236,-0.2795167363533461,0.0
2018-10-15,-0.26259781630156276,-0.378430784146257,1.0,-0.059716996375891604,-0.32817801989797096,-0.27942568269430534,0.0
2018-10-16,-0.2624070910853608,-0.379114537648308,1.0,-0.05920779280734961,-0.32817044457781264,-0.2793961497622455,0.0
2018-10-17,-0.261262091202211,-0.3762551819438047,1.0,-0.058014739751266704,-0.3278212805158913,-0.27970981114693694,0.0
2018-10-18,-0.2628156347284677,-0.3791767554479419,1.0,-0.056566355355701606,-0.32703793381759483,-0.28043352934394095,0.0
2018-10-19,-0.2565990138745557,-0.3722967549592937,1.0,-0.049696135764247217,-0.3321866758399266,-0.28253640637541566,0.0
2018-10-22,-0.25544863697953746,-0.3770296029212503,1.0,-0.05417633144248214,-0.3294674230071424,-0.2804813632501206,0.0
2018-10-23,-0.2544505267031602,-0.37853627121762734,1.0,-0.050600303601821606,-0.33336400018400114,-0.28306269837619025,0.0
2018-10-24,-0.25431252587515524,-0.3792952757716546,1.0,-0.0503473020838125,-0.3334560007360044,-0.2826256957541745,0.0
2018-10-25,-0.24791865702197352,-0.36890951276102085,1.0,-0.048928620171966704,-0.3341294754560757,-0.27480551385287294,0.0
2018-10-26,-0.23997194633605573,-0.3658062034795593,1.0,-0.03375489242324834,-0.34831791135947154,-0.2745412999705889,0.0
2018-10-29,-0.23364675640938917,-0.37051568242801414,1.0,-0.027734559967530274,-0.3452614489616451,-0.27766127759363235,0.0
2018-10-30,-0.2353511660426722,-0.37042717307952544,1.0,-0.0288014795435067,-0.34500879606657947,-0.2758130723081781,0.0
2018-10-31,-0.2368125449317038,-0.36257638389647734,1.0,-0.02976725377426312,-0.3437949317038102,-0.2736340762041697,0.0
2018-11-01,-0.23793149946062567,-0.3613133764832794,1.0,-0.03094660194174757,-0.34367134124415677,-0.2735526788924847,0.0
2018-11-02,-0.24403895667748798,-0.3441397067054741,1.0,-0.026620396283443412,-0.35199820888839134,-0.2721146311429531,0.0
2018-11-05,-0.23755488010807163,-0.37210401891252953,1.0,-0.02397838568051334,-0.3596757852077001,-0.25817854328492623,0.0
2018-11-06,-0.2375709267765469,-0.3720841214086283,1.0,-0.024137620462937943,-0.35961001531117714,-0.2582410159416374,0.0
2018-11-07,-0.23701269469703792,-0.37186008823264605,1.0,-0.025029260826505806,-0.3589853245700909,-0.2579229314846493,0.0
2018-11-08,-0.23562197999775256,-0.37201932801438364,1.0,-0.02310371951904708,-0.35862456455781544,-0.25807394089223507,0.0
2018-11-09,-0.23553737582595408,-0.3719602643052996,1.0,-0.023306513237739922,-0.35861014968310334,-0.25807974108868614,0.0
2018-11-12,-0.2355408041981566,-0.3668677535825616,1.0,-0.0230988316027898,-0.3602969209033213,-0.25680069969276315,0.0
2018-11-13,-0.23493854523473706,-0.3670942754158551,1.0,-0.019656569727091587,-0.3616092417220767,-0.25549063066693534,0.0
2018-11-14,-0.23401534526854217,-0.36978956342262304,1.0,-0.01877776282137569,-0.3632610939112487,-0.2575941131601382,0.0
2018-11-15,-0.23451367099955178,-0.37082025997310625,1.0,-0.017503361721201257,-0.3659569699686239,-0.25235320484087853,0.0
2018-11-16,-0.23313418809156208,-0.3658678481125954,1.0,-0.014991832807500393,-0.36649437246872973,-0.25709874471370076,0.0
2018-11-19,-0.23332284455632474,-0.3722466960352423,1.0,-0.0037759597230962874,-0.37548323294075336,-0.26274386406545,0.0
2018-11-20,-0.23103510189424545,-0.37195888320316,1.0,-0.0,-0.3770760391417542,-0.26427417182870994,0.0
2018-11-21,-0.23657617061146186,-0.36892943984652105,1.0,-0.005108528342293707,-0.3774733977290472,-0.24271086621901977,0.0
2018-11-23,-0.23632346048255698,-0.35486462960069637,1.0,-0.009106533044662189,-0.38580005803182826,-0.2458987121398121,0.0
2018-11-26,-0.236758450861876,-0.3663980299977614,1.0,-0.005081710320125363,-0.385717483769868,-0.24470561898365795,0.0
2018-11-27,-0.23475718621674704,-0.3691751472951259,1.0,-0.0,-0.3849089448312802,-0.24290305302624535,0.0
2018-11-28,-0.23457726988661726,-0.3702124810284796,1.0,-0.0,-0.3843853227390412,-0.24274618337648424,0.0
2018-11-29,-0.22114574557708508,-0.36536159269276813,1.0,-0.0,-0.3840952423180951,-0.2463973750720525,0.0
2018-11-30,-0.22209123868413444,-0.36891389933050117,1.0,-0.0,-0.38993305011232454,-0.2433105718543562,0.0
2018-12-03,-0.2207968340077371,-0.36935835297256436,1.0,-0.0,-0.3899684290097381,-0.243163324291876,0.0
2018-12-04,-0.22166829876257454,-0.3692023502181074,1.0,-0.0,-0.3911911332680495,-0.24350129083949076,0.0
2018-12-06,-0.21450607154578274,-0.32228421398096485,1.0,-0.017831747073624327,-0.40562301717536375,-0.2276993764358385,0.0
2018-12-07,-0.20376937660310024,-0.3407605665216906,1.0,-0.0,-0.4283706925393108,-0.257522025203524,0.0
2018-12-10,-0.19580062968382778,-0.3413595849408009,1.0,-0.0,-0.42916056937608094,-0.25089796461354263,0.0
2018-12-11,-0.18793585928130413,-0.34526717896326564,1.0,-0.0,-0.42808599475858394,-0.259672189401679,0.0
2018-12-12,-0.1880732926152138,-0.3452304275402554,1.0,-0.0,-0.4280510827318157,-0.25963353692393115,0.0
2018-12-13,-0.18857972957872388,-0.3533355682199128,1.0,-0.0,-0.42755615152531007,-0.26541513018214324,0.0
2018-12-14,-0.18754613165134537,-0.35733297546355325,1.0,-0.0,-0.4258426714979087,-0.2659643472231542,0.0
2018-12-17,-0.18735321090656942,-0.3574608003220972,1.0,-0.0,-0.4269130113852417,-0.2650591629946093,0.0
2018-12-18,-0.18377077670335545,-0.3534379038367274,1.0,-0.0,-0.4258722873312241,-0.2649837351276681,0.0
2018-12-19,-0.1847552416390009,-0.3531784051157506,1.0,-0.0,-0.42534702880951847,-0.26483367126400925,0.0
2018-12-20,-0.1845346613900129,-0.3496598336964738,1.0,-0.0,-0.42583040597625504,-0.26328427231090756,0.0
2018-12-21,-0.18369570050242318,-0.34973989595838334,1.0,-0.0,-0.42663732159530476,-0.26303854875283444,0.0
2018-12-24,-0.17269067421695275,-0.3377720757388073,1.0,-0.0,-0.4256326313926739,-0.2758803751548399,0.0
2018-12-26,-0.17201900762515193,-0.33782738424135267,1.0,-0.0,-0.42550558072715217,-0.2748369985633772,0.0
2018-12-27,-0.159570079253067,-0.3275431549234611,1.0,-0.0,-0.40484203669525565,-0.27936163283031157,0.0
2018-12-28,-0.15641415237681788,-0.33123507705665295,1.0,-0.0,-0.40510093336227476,-0.277859778597786,0.0
2018-12-31,-0.1493587362625358,-0.34523367344709305,1.0,-0.0,-0.4098407218859927,-0.2804518342109288,0.0
2019-01-02,-0.14754814200253266,-0.34513776690974196,1.0,-0.0,-0.40899960700406096,-0.28164708964674035,0.0
2019-01-03,-0.15559486373165618,-0.34305118798043327,1.0,-0.0,-0.41636093640810623,-0.26878057302585606,0.0
2019-01-04,-0.13474884156024974,-0.35170883459873387,1.0,-0.0,-0.41196945634912,-0.2770465768921182,0.0
2019-01-07,-0.13241089602009443,-0.3475163483608332,1.0,-0.0005413364514312936,-0.4111558615910961,-0.27372136330171926,0.0
2019-01-08,-0.1320689281456595,-0.35034138940067194,1.0,-0.0,-0.4103608973664246,-0.2747805353852823,0.0
2019-01-09,-0.1304131300883423,-0.34436168369998266,1.0,-0.0,-0.41105144638835966,-0.27942577516022865,0.0
2019-01-10,-0.12930305199453376,-0.3473460445543481,1.0,-0.0,-0.41088045812455265,-0.2816207891368951,0.0
2019-01-11,-0.12846620450606586,-0.3491767764298093,1.0,-0.0,-0.40994367417677646,-0.27879116117850955,0.0
2019-01-14,-0.13219523819840118,-0.34963929027925217,1.0,-0.0,-0.40951927034814445,-0.27509261465802987,0.0
2019-01-15,-0.12825238508239376,-0.34614050303555943,1.0,-0.0033824804856895057,-0.40886816999132697,-0.28163486556808326,0.0
2019-01-16,-0.12992552178054906,-0.3404996968909673,1.0,-0.010587165497531827,-0.40939204988308653,-0.2746600848705291,0.0
2019-01-17,-0.1293610942775517,-0.3397974201367847,1.0,-0.012011947017574236,-0.4090987793264652,-0.2740238940351485,0.0
2019-01-18,-0.12867032704702794,-0.33733370949890407,1.0,-0.015929165129451594,-0.40779964842987043,-0.2804531348336553,0.0
2019-01-22,-0.030469239240752337,-0.3555032499082252,1.0,-0.0,-0.5342805934051696,-0.23915437603921483,0.0
2019-01-23,-0.028371861687174274,-0.34610643773111605,1.0,-0.0,-0.5404926150985013,-0.2475185433471012,0.0
2019-01-24,-0.0287178600004325,-0.3467984343576325,1.0,-0.0,-0.538546374586424,-0.24844841381398267,0.0
2019-01-25,-0.0,-0.33958549671166494,1.0,-0.0,-0.6257571824160609,-0.19803565247490482,0.0
2019-01-28,-0.0,-0.3384695403419804,1.0,-0.0,-0.6299113625035216,-0.19879505017012333,0.0
2019-01-29,-0.0,-0.3356140579521265,1.0,-0.0,-0.6379947000304096,-0.19850992658238845,0.0
2019-01-30,-0.0,-0.33505669722379106,1.0,-0.0,-0.6373767215536342,-0.19987400616935305,0.0
2019-01-31,-0.0,-0.33569970908775126,1.0,-0.0,-0.6324953323780991,-0.2027918891928271,0.0
2019-02-01,-0.0,-0.33526588930145707,1.0,-0.0,-0.6337915010965626,-0.20237552385295204,0.0
2019-02-04,-0.0,-0.32951022266548147,1.0,-0.0,-0.6331331439845631,-0.2054506428463023,0.0
2019-02-05,-0.0,-0.32856586463562404,1.0,-0.0,-0.6334602734983555,-0.20172667474467715,0.0
2019-02-06,-0.0,-0.3179370742783003,1.0,-0.0,-0.6317872202400259,-0.21267164017731646,0.0
2019-02-07,-0.0,-0.3141128160795332,1.0,-0.0,-0.6307758807002377,-0.21633888048411495,0.0
2019-02-08,-0.0,-0.31261362652584196,1.0,-0.0,-0.6328239979222577,-0.21887715349320405,0.0
2019-02-11,-0.0,-0.31175413138117003,1.0,-0.0,-0.6358536743843538,-0.21825388230707587,0.0
2019-02-12,-0.0,-0.31323628316664137,1.0,-0.0,-0.6372117241229688,-0.21907881890959582,0.0
2019-02-13,-0.0,-0.3177586319147551,1.0,-0.0,-0.634388767117342,-0.21803858590681224,0.0
2019-02-14,-0.0,-0.3253461013497411,1.0,-0.0,-0.6270771497281019,-0.21411703533591872,0.0
2019-02-15,-0.0,-0.3426490037508402,1.0,-0.0,-0.618758536955532,-0.20672983110378773,0.0
2019-02-19,-0.0,-0.33815664625204866,1.0,-0.0,-0.616212369533339,-0.2021262831018718,0.0
2019-02-20,-0.0,-0.3419747228572661,1.0,-0.0,-0.614264762972868,-0.20051330716473276,0.0
2019-02-21,-0.0,-0.34044296836248356,1.0,-0.0,-0.6151523647264336,-0.20101792145614528,0.0
2019-02-22,-0.0,-0.3423372927759933,1.0,-0.0,-0.6131890400327679,-0.2002500700627331,0.0
2019-02-25,-0.0,-0.3373402806304456,1.0,-0.0,-0.6191814584999892,-0.20550018377186344,0.0
2019-02-26,-0.0,-0.3352454757987705,1.0,-0.0,-0.6189496926140792,-0.21049441510087452,0.0
2019-02-27,-0.0,-0.33192613279643224,1.0,-0.0,-0.6210517200320409,-0.21194605009633913,0.0
2019-02-28,-0.0,-0.33064044530116304,1.0,-0.0,-0.6191548807693141,-0.21606636200212254,0.0
2019-03-01,-0.0,-0.32969602494154326,1.0,-0.0,-0.6219797349961028,-0.21336710833982853,0.0
2019-03-04,-0.0,-0.3324739476135798,1.0,-0.0,-0.62220248283034,-0.2118421907836298,0.0
2019-03-05,-0.0,-0.3355427036627894,1.0,-0.0,-0.6166525873459398,-0.2138323911018693,0.0
2019-03-06,-0.0,-0.33386051953116536,1.0,-0.0,-0.6228091080442837,-0.20984899365210044,0.0
2019-03-07,-0.0,-0.3457773533305841,1.0,-0.0,-0.612896924445988,-0.2117943263950687,0.0
2019-03-08,-0.0,-0.34315771170231263,1.0,-0.0,-0.6278038601982264,-0.2025734654842636,0.0
2019-03-11,-0.0,-0.3411751856705985,1.0,-0.0,-0.6344692005242464,-0.20871559633027523,0.0
2019-03-12,-0.0,-0.33332598827729054,1.0,-0.0,-0.6437133665329866,-0.2264774580230047,0.0
2019-03-13,-0.0,-0.33419637522405893,1.0,-0.0,-0.648741950474673,-0.23001172851800217,0.0
2019-03-14,-0.0,-0.3304692517217707,1.0,-0.0,-0.6549372190358084,-0.22908962065681954,0.0
2019-03-15,-0.0,-0.3265283454771637,1.0,-0.0,-0.653478763106451,-0.24140305669095433,0.0
2019-03-18,-0.0,-0.32890967684182254,1.0,-0.0,-0.6557156924178676,-0.25328976814967324,0.0
2019-03-19,-0.0,-0.32717849771156776,1.0,-0.0,-0.6534595710311406,-0.2629229112447276,0.0
2019-03-20,-0.0,-0.31964265773311,1.0,-0.0,-0.6541373534338358,-0.25958682300390845,0.0
2019-03-21,-0.0,-0.3223487385577138,1.0,-0.0,-0.6593882563072114,-0.25090421969189547,0.0
2019-03-22,-0.0,-0.3197409988125378,1.0,-0.0,-0.6758900365200636,-0.24486366589743014,0.0
2019-03-25,-0.0,-0.29201610571040865,1.0,-0.0,-0.6864502925277512,-0.24607923831557404,0.0
2019-03-26,-0.0,-0.2953865392345139,1.0,-0.0015854584431244697,-0.6802956545040417,-0.2557724085570095,0.0
2019-03-27,-0.0,-0.28783078227497877,1.0,-0.0056004283993038514,-0.6831853273238431,-0.25462983622651614,0.0
2019-03-28,-0.0,-0.28091190970130936,1.0,-0.019763992058711995,-0.6671574204198175,-0.2628655557786254,0.0
2019-03-29,-0.0,-0.27157739755058335,1.0,-0.030539630133624825,-0.6595355477725479,-0.26914582729158765,0.0
2019-04-01,-0.0,-0.27033856612549756,1.0,-0.02723735408560311,-0.6601144952815421,-0.2785455521266604,0.0
2019-04-02,-0.0,-0.2734528268236133,1.0,-0.052791153914749415,-0.6507713572320314,-0.25234082397003743,0.0
2019-04-03,-0.0,-0.27289552904448655,1.0,-0.05073029323224439,-0.6597391013490913,-0.2465380755937117,0.0
2019-04-04,-0.0,-0.2721490738674403,1.0,-0.0481142602097746,-0.6617496094621736,-0.24960946217362198,0.0
2019-04-05,-0.0,-0.27290513350674755,1.0,-0.06440783476733586,-0.6527935258676271,-0.23315324929411502,0.0
2019-04-08,-0.0,-0.27283236994219656,1.0,-0.06429524232992442,-0.6529791018230325,-0.23312583370386838,0.0
2019-04-09,-0.0,-0.27324068927181766,1.0,-0.0643023902167871,-0.6533185102834909,-0.2325958866036687,0.0
2019-04-10,-0.0,-0.26736280826483005,1.0,-0.06856254165740946,-0.6538769162408354,-0.23190402132859364,0.0
2019-04-11,-0.0,-0.2703043718871057,1.0,-0.0604759269507471,-0.643873824017709,-0.23895960154952964,0.0
2019-04-12,-0.0,-0.2725500620237462,1.0,-0.06319776714513556,-0.6425660109870636,-0.2368199539252171,0.0
2019-04-15,-0.0,-0.27352055279943305,1.0,-0.0659549964564139,-0.6354314316087881,-0.23985648476257973,0.0
2019-04-16,-0.0,-0.2705163133763041,1.0,-0.0688639333732031,-0.6357676036059983,-0.239860898841562,0.0
2019-04-17,-0.0,-0.2540994504520475,1.0,-0.08757312533238787,-0.6462285055841163,-0.2280180819003723,0.0
2019-04-18,-0.0,-0.2861939962138285,1.0,-0.10747768863247094,-0.6593121788515279,-0.20071216082214008,0.0
2019-04-22,-0.0,-0.29265976210935735,1.0,-0.10033467504861833,-0.6655510831712723,-0.2027949889195423,0.0
2019-04-23,-0.0,-0.2882888994414671,1.0,-0.09820681545801958,-0.6715057775365759,-0.20326526920380797,0.0
2019-04-24,-0.0,-0.2969053974573587,1.0,-0.1003936117269149,-0.66524906121341,-0.19961091254580826,0.0
2019-04-25,-0.0,-0.29293478260869565,1.0,-0.10063405797101449,-0.6685688405797101,-0.20233242753623187,0.0
2019-04-26,-0.0,-0.28910124317837005,1.0,-0.10525123978170785,-0.6726523403002649,-0.19743665224972262,0.0
2019-04-29,-0.0,-0.29391639288546506,1.0,-0.10710320607227823,-0.6733204939390506,-0.19143536875495637,0.0
2019-04-30,-0.0,-0.299446139934441,1.0,-0.1097547191138239,-0.6725217587882897,-0.1789307109754719,0.0
2019-05-01,-0.0,-0.3065856129685917,1.0,-0.11325002814364517,-0.6479792862771586,-0.18365417088821345,0.0
2019-05-02,-0.0,-0.302218426198557,1.0,-0.11431525477062776,-0.6496370052370142,-0.18147490503697378,0.0
2019-05-03,-0.0,-0.30587521352153196,1.0,-0.11473972849051516,-0.6469927177919627,-0.17996493751685697,0.0
2019-05-06,-0.0,-0.29344409519533005,1.0,-0.11834306241580601,-0.6460260440053884,-0.1873372249663224,0.0
2019-05-07,-0.0,-0.2967736141359258,1.0,-0.12521610274141765,-0.6374413435416152,-0.18579222703697884,0.0
2019-05-08,-0.0,-0.2934028554804637,1.0,-0.14114040191558877,-0.6064539229288816,-0.19681779528263887,0.0
2019-05-09,-0.0,-0.2943086154397278,1.0,-0.14100841841303957,-0.6062824646247537,-0.1973401397098334,0.0
2019-05-10,-0.0,-0.29287776062294424,1.0,-0.1414154975274664,-0.6089592982927212,-0.19435680562081853,0.0
2019-05-13,-0.0,-0.29306217419513614,1.0,-0.1381300758440164,-0.6087209432400384,-0.19737342550954204,0.0
2019-05-14,-0.0,-0.2941946941946942,1.0,-0.15397935397935397,-0.5826839826839826,-0.18914418914418912,0.0
2019-05-15,-0.0,-0.28984032907249324,1.0,-0.15684019638197177,-0.5762528196735813,-0.18857534610111015,0.0
2019-05-16,-0.0,-0.29040392868203335,1.0,-0.1587178693093837,-0.5744591425916913,-0.18849267796310223,0.0
2019-05-17,-0.0,-0.28890314587850097,1.0,-0.1594398477943454,-0.5692226007698774,-0.19472589708419982,0.0
2019-05-20,-0.0,-0.27801857585139317,1.0,-0.16901813356921716,-0.5672932330827067,-0.1970809376382132,0.0
2019-05-21,-0.0,-0.2794534502613163,1.0,-0.16671095756931525,-0.5706882806271592,-0.19771458942333245,0.0
2019-05-22,-0.0,-0.27637056062350546,1.0,-0.1700469400407404,-0.5706979009830838,-0.19705960499512887,0.0
2019-05-23,-0.0,-0.2744369219876986,1.0,-0.1783485994955529,-0.572879330943847,-0.18682242577105182,0.0
2019-05-24,-0.0,-0.26722024690267443,1.0,-0.18296857401559152,-0.5718513283717233,-0.18639164329409688,0.0
2019-05-28,-0.0,-0.2694209039548022,1.0,-0.1843882415254237,-0.5699814618644068,-0.18313029661016947,0.0
2019-05-29,-0.0,-0.2769807162534435,1.0,-0.18640220385674933,-0.573840220385675,-0.16661157024793388,0.0
2019-05-30,-0.0,-0.2778316866619619,1.0,-0.18450070571630203,-0.5770112914608327,-0.16604181369089624,0.0
2019-05-31,-0.0,-0.28099611444719186,1.0,-0.1761524196397033,-0.5756578947368421,-0.1748719533733663,0.0
2019-06-03,-0.0,-0.28541900301251183,1.0,-0.1895903423708688,-0.5739824526683818,-0.1499219385623502,0.0
2019-06-04,-0.0,-0.28763174686998044,1.0,-0.18540277686095893,-0.5663300107817898,-0.161000726120536,0.0
2019-06-05,-0.0,-0.28407106687620043,1.0,-0.19814038763750655,-0.5749738082765846,-0.12545835515976952,0.0
2019-06-06,-0.0,-0.2830052808449352,1.0,-0.19624230786016672,-0.5754593462226684,-0.12746039366298606,0.0
2019-06-07,-0.0,-0.2892221058145626,1.0,-0.19774751178627553,-0.5679893486991444,-0.12766282521389907,0.0
2019-06-10,-0.0,-0.28923056762836613,1.0,-0.20077751326795815,-0.5672570817044139,-0.1267608709895822,0.0
2019-06-11,-0.0,-0.28965788782920643,1.0,-0.20235803657362847,-0.5693630238866043,-0.12603902353661736,0.0
2019-06-12,-0.0,-0.28920432177070116,1.0,-0.20292200691133372,-0.5695507633086916,-0.12547570097546037,0.0
2019-06-13,-0.0,-0.29351013084766536,1.0,-0.2072775808498534,-0.5645048356745875,-0.12279550129097196,0.0
2019-06-14,-0.0,-0.2870538348888549,1.0,-0.22043234027671527,-0.5684465913313371,-0.10981180739218815,0.0
2019-06-17,-0.0,-0.2856145251396648,1.0,-0.21988477653631286,-0.5624563547486034,-0.11430691340782125,0.0
2019-06-18,-0.0,-0.3012061355591487,1.0,-0.21756325656600972,-0.5606126819035966,-0.10564611283485556,0.0
2019-06-19,-0.0,-0.2969753922811312,1.0,-0.22033305651470783,-0.5596616985008086,-0.108440054198173,0.0
2019-06-20,-0.0,-0.2994792806196123,1.0,-0.21496083665164312,-0.5632520894412112,-0.11018247057279132,0.0
2019-06-21,-0.0,-0.2953020134228188,1.0,-0.21637758214939423,-0.5594003312124117,-0.10792730759173712,0.0
2019-06-24,-0.0,-0.29781063282306247,1.0,-0.21863142744995423,-0.5564350822103014,-0.10778926250599678,0.0
2019-06-25,-0.0,-0.2955893901055754,1.0,-0.2168222668179042,-0.5586336270831516,-0.11026524736061424,0.0
2019-06-26,-0.0,-0.2949621451792377,1.0,-0.2136015534658434,-0.5503458206968779,-0.12290271201972378,0.0
2019-06-27,-0.0,-0.3023042681330191,1.0,-0.21744348433272234,-0.556450205114777,-0.10587413808152221,0.0
2019-06-28,-0.0,-0.30237835478943925,1.0,-0.21767401265546588,-0.5561422648919921,-0.10578223870826971,0.0
2019-07-01,-0.0,-0.3017801823814303,1.0,-0.21796326192242244,-0.5568742091714298,-0.10495658623849208,0.0
2019-07-02,-0.0,-0.3003797302605735,1.0,-0.217995722578674,-0.5594037798437431,-0.10460041028327004,0.0
2019-07-03,-0.0,-0.2992797904845046,1.0,-0.21933653426451333,-0.5589480576167613,-0.10486687036228722,0.0
2019-07-05,-0.0,-0.2931497283023809,1.0,-0.22187547738035482,-0.5597625646509394,-0.10752242323723894,0.0
2019-07-08,-0.0,-0.28977086564295235,1.0,-0.22450361503680566,-0.5620672331316485,-0.10797055547061009,0.0
2019-07-09,-0.0,-0.2896145025663427,1.0,-0.22409085945178553,-0.5624549524953588,-0.1079611226384187,0.0
2019-07-10,-0.0,-0.2871531570897968,1.0,-0.2225475202097444,-0.5651299978151628,-0.11000655451168888,0.0
2019-07-11,-0.0,-0.2831308155446086,1.0,-0.22627257799671593,-0.5710125889436234,-0.10896551724137932,0.0
2019-07-12,-0.0,-0.2921800792278567,1.0,-0.22466131185572652,-0.5646188527281084,-0.10715458186513756,0.0
2019-07-15,-0.0,-0.2921336018210471,1.0,-0.2287033794431798,-0.5718569427420767,-0.09608649973734898,0.0
2019-07-16,-0.0,-0.2900676459642287,1.0,-0.23019330545765013,-0.5714442084984347,-0.09748462094178945,0.0
2019-07-17,-0.0,-0.28378881036255826,1.0,-0.23293875675557404,-0.5714504518302956,-0.0998621534691377,0.0
2019-07-18,-0.0,-0.2854861293427846,1.0,-0.2392141419445174,-0.5697033342084538,-0.09339721711735363,0.0
2019-07-19,-0.0,-0.28655495274763737,1.0,-0.2324991249562478,-0.5811384319215961,-0.08739499474973748,0.0
2019-07-22,-0.0,-0.27984812571328244,1.0,-0.2240145729084365,-0.5811605653586164,-0.10969186199631287,0.0
2019-07-23,-0.0,-0.28553553004192916,1.0,-0.22231247118740807,-0.5790178473426558,-0.10835729809233201,0.0
2019-07-24,-0.0,-0.2856171146461876,1.0,-0.22503565551289084,-0.5774657158529897,-0.10606692265496435,0.0
2019-07-25,-0.0,-0.2812815227402307,1.0,-0.22749002236744004,-0.5805885706767248,-0.10352616113328364,0.0
2019-07-26,-0.0,-0.28384423102223394,1.0,-0.22705345787834932,-0.5800991097662589,-0.10167521817304741,0.0
2019-07-29,-0.0,-0.27688967831063743,1.0,-0.22840602591934742,-0.5770672982040655,-0.11047518803587483,0.0
2019-07-30,-0.0,-0.2771903654630808,1.0,-0.22943447549686308,-0.5746720484359232,-0.11233712104593516,0.0
2019-07-31,-0.0,-0.27703043735873073,1.0,-0.22958590269700896,-0.5746230990366259,-0.11321292984265618,0.0
2019-08-01,-0.0,-0.2880839687965641,1.0,-0.2121132439302305,-0.5870146375668333,-0.1040406696467701,0.0
2019-08-02,-0.0,-0.2849173011289053,1.0,-0.21867069222018026,-0.5870744727400018,-0.09716023453224819,0.0
2019-08-05,-0.0,-0.28611749261568753,1.0,-0.2227983809211246,-0.5852094956788098,-0.09386281588447654,0.0
2019-08-06,-0.0,-0.2859774199839643,1.0,-0.22469499642446963,-0.5577177281296726,-0.09859795869720675,0.0
2019-08-07,-0.0,-0.28605098709105453,1.0,-0.21979804095400785,-0.5558630830107899,-0.10059030856055527,0.0
2019-08-08,-0.0,-0.2829593116271025,1.0,-0.21626237730790848,-0.5582868508669521,-0.10446664072296451,0.0
2019-08-09,-0.0,-0.28473350226322747,1.0,-0.21599202997422737,-0.5630130162649168,-0.10202932449700042,0.0
2019-08-12,-0.0,-0.2839765373043874,1.0,-0.21832860760589598,-0.5652042163589532,-0.09694595355078896,0.0
2019-08-13,-0.0,-0.2896104176099002,1.0,-0.21635081818769805,-0.5636116680680421,-0.08641096953625249,0.0
2019-08-14,-0.0,-0.29913353830276707,1.0,-0.21726043301584572,-0.5505579325320892,-0.0830771215411408,0.0
2019-08-15,-0.0,-0.3085920023860756,1.0,-0.2217132874581904,-0.5353970046230213,-0.06474360340015765,0.0
2019-08-16,-0.0,-0.30073020753266716,1.0,-0.22640703732171832,-0.5456699974378684,-0.06228115125117431,0.0
2019-08-19,-0.0,-0.2958475298126065,1.0,-0.22908858603066437,-0.5473594548551959,-0.0571763202725724,0.0
2019-08-20,-0.0,-0.2970332774108603,1.0,-0.23659453375522946,-0.5398075983775404,-0.05018157106755294,0.0
2019-08-21,-0.0,-0.3025438484732662,1.0,-0.24533910901601053,-0.5366076357922452,-0.03892215568862275,0.0
2019-08-22,-0.0,-0.302485222144537,1.0,-0.2484162800059323,-0.5377444437382147,-0.03004300938579207,0.0
2019-08-23,-0.0,-0.30212549534849226,1.0,-0.24965564008561317,-0.5377736336858167,-0.02958316556824684,0.0
2019-08-26,-0.0,-0.29332632685233845,1.0,-0.25288491854965844,-0.5363321071991592,-0.019379926431949555,0.0
2019-08-27,-0.0,-0.2890912532335065,1.0,-0.2477654629960672,-0.5362678500073608,-0.02994805358682622,0.0
2019-08-28,-0.0,-0.2810405328738627,1.0,-0.25548948330566706,-0.5432960013447921,-0.02141161143913765,0.0
2019-08-29,-0.0,-0.27867338371116707,1.0,-0.2624685138539043,-0.5488455079764903,-0.00906801007556675,0.0
2019-08-30,-0.0,-0.2813868230857861,1.0,-0.26414580496491047,-0.5425369225934848,-0.006829370482874201,0.0
2019-09-03,-0.0,-0.28236132358180177,1.0,-0.26672813763909553,-0.5389467507701335,-0.0075651208114168355,0.0
2019-09-04,-0.0,-0.27806063653697066,1.0,-0.26852724872713557,-0.5398202275441574,-0.008862907788044503,0.0
2019-09-05,-0.0,-0.2822791427077888,1.0,-0.26337689492943017,-0.5453005750130685,-0.0,0.0
2019-09-06,-0.0,-0.2742063492063492,1.0,-0.2690685045948204,-0.5452798663324978,-0.0,0.0
2019-09-09,-0.0,-0.2720222417325139,1.0,-0.2681759270872528,-0.5501902253438689,-0.0,0.0
2019-09-10,-0.0,-0.2566168009205984,1.0,-0.28751961502249185,-0.5481117271681138,-0.0,0.0
2019-09-11,-0.0,-0.24643746468852665,1.0,-0.29644897361317457,-0.5496453158676683,-0.0,0.0
2019-09-12,-0.0,-0.2458844939025666,1.0,-0.2964001087706821,-0.5494802016441107,-0.0,0.0
2019-09-13,-0.0,-0.2420400881519572,1.0,-0.3076293420086053,-0.5491866932521776,-0.0,0.0
2019-09-16,-0.0,-0.24127217382176971,1.0,-0.3100031489451034,-0.548021412826703,-0.0,0.0
2019-09-17,-0.0,-0.23773006134969327,1.0,-0.31107656105555087,-0.552210269770569,-0.0,0.0
2019-09-18,-0.0,-0.22619847200067167,1.0,-0.31095206111997314,-0.5617496431869701,-0.0,0.0
2019-09-19,-0.0,-0.2269244494825451,1.0,-0.3093393790540966,-0.5629447698217772,-0.0,0.0
2019-09-20,-0.0,-0.21648103173938532,1.0,-0.30047734695586636,-0.5766686207185329,-0.0,0.0
2019-09-23,-0.0,-0.21846417882333244,1.0,-0.29946210678331486,-0.5750434291215806,-0.0,0.0
2019-09-24,-0.0,-0.21855441358089298,1.0,-0.29738555250873927,-0.5772926129822284,-0.0,0.0
2019-09-25,-0.0,-0.2170146880361552,1.0,-0.2965016529271457,-0.5787965016529272,-0.0,0.0
2019-09-26,-0.0,-0.19751833766673008,1.0,-0.3359122328619443,-0.5804215021032828,-0.0,0.0
2019-09-27,-0.0,-0.20012984565121783,1.0,-0.3426249764392971,-0.5515298749712035,-0.0,0.0
2019-09-30,-0.0,-0.1951393253718835,1.0,-0.3417138068300859,-0.5582652419861721,-0.0,0.0
2019-10-01,-0.0,-0.19726734668177812,1.0,-0.3412878310876044,-0.5602568945976577,-0.0,0.0
2019-10-02,-0.0,-0.18803901867202544,1.0,-0.3412459181110274,-0.5639914594323034,-0.0,0.0
2019-10-03,-0.0,-0.18859063204475243,1.0,-0.33931702429656846,-0.5594264006011522,-0.0,0.0
2019-10-04,-0.0,-0.19505097661565518,1.0,-0.35388448091778846,-0.5445600519186887,-0.0,0.0
2019-10-07,-0.0,-0.19431338983758506,1.0,-0.3405912070477224,-0.5526909106091603,-0.0,0.0
2019-10-08,-0.0,-0.200212792589811,1.0,-0.3459757166103392,-0.5400133516919098,-0.0,0.0
2019-10-09,-0.0,-0.19903266829278463,1.0,-0.34379886171743074,-0.5419350803677528,-0.0,0.0
2019-10-10,-0.0,-0.20066889632107024,1.0,-0.34801421404682276,-0.5416387959866221,-0.0,0.0
2019-10-11,-0.0,-0.2132345222849705,1.0,-0.3936346650431424,-0.4925156929019798,-0.0,0.0
2019-10-14,-0.0,-0.20729443530354807,1.0,-0.40237522676454457,-0.49976796186136774,-0.0,0.0
2019-10-15,-0.0,-0.20707475531555855,1.0,-0.40202075599055015,-0.5002742153223084,-0.0,0.0
2019-10-16,-0.0,-0.2116908641349141,1.0,-0.40442528371267356,-0.49719985629451174,-0.0,0.0
2019-10-17,-0.0,-0.21191115243992645,1.0,-0.404104233150876,-0.49738994441743983,-0.0,0.0
2019-10-18,-0.0,-0.23750926612305412,1.0,-0.4194217939214233,-0.4610399237530446,-0.0,0.0
2019-10-21,-0.0,-0.2147349316224886,1.0,-0.4214713827452305,-0.4741895998649333,-0.0,0.0
2019-10-22,-0.0,-0.2125783244372244,1.0,-0.42266714487647417,-0.4745036815122682,-0.0,0.0
2019-10-23,-0.0,-0.22001224636304134,1.0,-0.4039188361732227,-0.4874897067207196,-0.0,0.0
2019-10-24,-0.0,-0.21975000528753622,1.0,-0.4103762610773884,-0.4849093716291957,-0.0,0.0
2019-10-25,-0.0,-0.220986296734901,1.0,-0.4047538487565555,-0.48896125867027573,-0.0,0.0
2019-10-28,-0.0,-0.22350001058940636,1.0,-0.4077345024037953,-0.4823474596014148,-0.004299298981299109,0.0
2019-10-29,-0.0,-0.2234897478849049,1.0,-0.4090668136807956,-0.4789550688068531,-0.008905663577956363,0.0
2019-10-30,-0.0,-0.2260720484273801,1.0,-0.409156330694662,-0.4750455064979046,-0.006307412267705203,0.0
2019-10-31,-0.0,-0.2226978912790082,1.0,-0.41369079156511607,-0.46724594680512876,-0.015682950090070997,0.0
2019-11-01,-0.0,-0.23103521425540943,1.0,-0.42053457785320325,-0.4635129401781926,-0.006257955027577429,0.0
2019-11-04,-0.0,-0.2353328099471663,1.0,-0.43268475885335994,-0.43839249718856754,-0.015425746355746993,0.0
2019-11-05,-0.0,-0.24199182143465667,1.0,-0.4612157096609303,-0.42662719372976654,-0.0,0.0
2019-11-06,-0.0,-0.23303341902313626,1.0,-0.4631105398457584,-0.4222579263067695,-0.02384318766066838,0.0
2019-11-07,-0.0,-0.2557086403930364,1.0,-0.4615614653423048,-0.4047847911994019,-0.013991242123251094,0.0
2019-11-08,-0.0,-0.23909610788665073,1.0,-0.4621457835438716,-0.40879993171730966,-0.023770911573916014,0.0
2019-11-11,-0.0,-0.23209844781751135,1.0,-0.48006174427579107,-0.40097332990309575,-0.03076494297230083,0.0
2019-11-12,-0.0,-0.2282259102019812,1.0,-0.48027359663793473,-0.40316908958360137,-0.03250568206183799,0.0
2019-11-13,-0.0,-0.2328349165819142,1.0,-0.5190098024365438,-0.38281435959578475,-0.029234198169346286,0.0
2019-11-14,-0.0,-0.22952658255149358,1.0,-0.5212983931845142,-0.3675186023940472,-0.03845573169416586,0.0
2019-11-15,-0.0,-0.2289630718671625,1.0,-0.5334904436564906,-0.3577575023782756,-0.04185764939894491,0.0
2019-11-18,-0.0,-0.22659394883781325,1.0,-0.5308185084188201,-0.3594121975501017,-0.04737479980954854,0.0
2019-11-19,-0.0,-0.27558641231739633,1.0,-0.5227884973389693,-0.3474670930156158,-0.044328609912613066,0.0
2019-11-20,-0.0,-0.27670933299028755,1.0,-0.5273686241718659,-0.3126862631590232,-0.027272142535537405,0.0
2019-11-21,-0.0,-0.2706982974678075,1.0,-0.5437516204303864,-0.30902687753867425,-0.037118658715754906,0.0
2019-11-22,-0.0,-0.27032213549527795,1.0,-0.5526327137867091,-0.3096080037949027,-0.02365345638018026,0.0
2019-11-25,-0.0,-0.2702178132413198,1.0,-0.5524692689238733,-0.3094888936812594,-0.02439076989432823,0.0
2019-11-26,-0.0,-0.2684869900417604,1.0,-0.5437841310632829,-0.3129885426705215,-0.01629724809936824,0.0
2019-11-27,-0.0,-0.25841037493579866,1.0,-0.5471879815100154,-0.3177752097243623,-0.016670946755692518,0.0
2019-11-29,-0.0,-0.2575088906979734,1.0,-0.5483096962166332,-0.319315309139209,-0.017224388362826172,0.0
2019-12-02,-0.0,-0.2604056646476839,1.0,-0.5611622443040977,-0.3166857068954368,-0.01726553574892764,0.0
2019-12-03,-0.0,-0.25942025866706836,1.0,-0.5576190578665348,-0.31728679334610166,-0.017646172717295402,0.0
2019-12-04,-0.0,-0.2628836007322063,1.0,-0.5598794013136642,-0.3159685581996339,-0.014837945515236354,0.0
2019-12-05,-0.0,-0.26306151028762254,1.0,-0.55794462996876,-0.3176990197134547,-0.015770763761714962,0.0
2019-12-06,-0.0,-0.28192540782414144,1.0,-0.5631340009123096,-0.32710645784912135,-0.0,0.0
2019-12-09,-0.0,-0.28183006535947713,1.0,-0.561677559912854,-0.3351416122004357,-0.0,0.0
2019-12-10,-0.0,-0.27332346578617783,1.0,-0.6284868495958101,-0.37533872253216444,-0.0,0.0
2019-12-11,-0.0,-0.26879343739318673,1.0,-0.6331320496752876,-0.3767574342030306,-0.0,0.0
2019-12-12,-0.0,-0.25887557270860134,1.0,-0.6205340013993275,-0.3775927054415781,-0.0,0.0
2019-12-13,-0.0,-0.25753944929239947,1.0,-0.6341954152914048,-0.36894696387394316,-0.0,0.0
2019-12-16,-0.0,-0.257997469727092,1.0,-0.6294957527561902,-0.3716790168082415,-0.0,0.0
2019-12-17,-0.022301762114537445,-0.23540748898678412,1.0,-0.6546897944199705,-0.38199798091042586,-0.0,0.0
2019-12-18,-0.02653368897135568,-0.23868723182187176,1.0,-0.6652441145772934,-0.388913371216514,-0.0,0.0
2019-12-19,-0.02602695317927106,-0.23387208817672395,1.0,-0.6631084147640439,-0.39258092900477004,-0.0,0.0
2019-12-20,-0.027474184940248288,-0.24216266388212088,1.0,-0.6704258034574777,-0.3803921568627451,-0.0,0.0
2019-12-23,-0.029488632421305824,-0.23824502162499714,1.0,-0.6647547239632723,-0.3803455373869603,-0.0,0.0
2019-12-24,-0.031474029878359004,-0.23849498173072475,1.0,-0.661972156699505,-0.380602192313029,-0.0,0.0
2019-12-26,-0.026337695971881795,-0.24043842205059426,1.0,-0.6649863571197336,-0.3805901123803357,-0.0,0.0
2019-12-27,-0.018310773224550346,-0.2506721676246987,1.0,-0.6768032634897089,-0.37205636936769887,-0.0,0.0
2019-12-30,-0.019314251224551382,-0.24809062840959215,1.0,-0.6811523550850802,-0.37289040555284725,-0.0,0.0
2019-12-31,-0.017851339430799945,-0.2481545104229537,1.0,-0.6821347323459771,-0.3732299549654116,-0.0,0.0
2020-01-02,-0.018708747792135355,-0.2505112949707167,1.0,-0.6834851724458493,-0.3713395928232779,-0.0,0.0
2020-01-03,-0.015071415321832683,-0.2529447226859581,1.0,-0.6848451122240772,-0.36581803005008345,-0.0,0.0
2020-01-06,-0.02129885832538889,-0.25337735717441345,1.0,-0.6827260678494198,-0.3678005906015299,-0.0,0.0
2020-01-07,-0.019091247325830157,-0.2530462282578365,1.0,-0.6845409729327504,-0.3686633801506836,-0.0,0.0
2020-01-08,-0.01946240059526578,-0.2524066409338232,1.0,-0.6851834627726363,-0.36818118402083433,-0.0,0.0
2020-01-09,-0.016368322072856448,-0.2513756355784635,1.0,-0.6854728239418635,-0.3685542476376216,-0.0,0.0
2020-01-10,-0.01741570428087751,-0.2527943972914058,1.0,-0.6816706089698994,-0.3671443810583924,-0.0,0.0
2020-01-13,-0.02018186879465528,-0.25225016238285236,1.0,-0.6851860443537162,-0.36213695833719955,-0.0,0.0
2020-01-14,-0.029628592758491973,-0.24603396789846957,1.0,-0.6913727136991414,-0.3659247853676745,-0.0,0.0
2020-01-15,-0.030414875724163706,-0.24799102971407214,1.0,-0.6923705849373948,-0.3652354700056064,-0.0,0.0
2020-01-16,-0.03324229054322198,-0.24583887760580808,1.0,-0.6850152905198776,-0.3703340570067932,-0.0,0.0
2020-01-17,-0.02976412455715085,-0.24310087637516317,1.0,-0.6871387283236995,-0.3707579712847287,-0.0,0.0
2020-01-21,-0.035255738086916,-0.24515903530234184,1.0,-0.6796691133636258,-0.37010369334731447,-0.0,0.0
2020-01-22,-0.035705123720236015,-0.24116700482753795,1.0,-0.6860234613680356,-0.3692483500081625,-0.0,0.0
2020-01-23,-0.03597071988064155,-0.24149104811637448,1.0,-0.6872435658336442,-0.3665143603133159,-0.0,0.0
2020-01-24,-0.035061935754776404,-0.24258753819954743,1.0,-0.6873819021625026,-0.36776541395479045,-0.0,0.0
2020-01-27,-0.032882102206192323,-0.24556185301419267,1.0,-0.6890720876856058,-0.37449060845941257,-0.0,0.0
2020-01-28,-0.016669779604034367,-0.2530117669032499,1.0,-0.7031892043332089,-0.36183227493462833,-0.0,0.0
2020-01-29,-0.011466125987555057,-0.2547251159430422,1.0,-0.7047006455522151,-0.35964482975599527,-0.0,0.0
2020-01-30,-0.029788724174156647,-0.24132134936383798,1.0,-0.6941519785222364,-0.3692774600210108,-0.0,0.0
2020-01-31,-0.030222306042103773,-0.25514510007308044,1.0,-0.6910111035149343,-0.38107923336240834,-0.0,0.0
2020-02-03,-0.0319392523364486,-0.2507242990654206,1.0,-0.6834345794392523,-0.3703271028037383,-0.0,0.0
2020-02-04,-0.02800336040324839,-0.2496499579949594,1.0,-0.6818351535517595,-0.3741248949873985,-0.0,0.0
2020-02-05,-0.028440666884602814,-0.24970812123476394,1.0,-0.6833232148694719,-0.3735347685985149,-0.0,0.0
2020-02-06,-0.016900480180773936,-0.2626635909989643,1.0,-0.6724884662461162,-0.40179832407494587,-0.0,0.0
2020-02-07,-0.005176348791793134,-0.27166419613656145,1.0,-0.6782428648737677,-0.39777887579115784,-0.0,0.0
2020-02-10,-0.00564121850319669,-0.27014385107183153,1.0,-0.6780039488529522,-0.3967186912373073,-0.0,0.0
2020-02-11,-0.0,-0.27228768602413034,1.0,-0.6744753767428758,-0.40056804844842964,-0.0,0.0
2020-02-12,-0.0,-0.27653224290280126,1.0,-0.6746803910509495,-0.3988531678887009,-0.0,0.0
2020-02-13,-0.0,-0.2743169655431415,1.0,-0.6780349262980002,-0.39484555440803687,-0.0,0.0
2020-02-14,-0.0,-0.275162585401357,1.0,-0.6805343601061208,-0.3921066841969338,-0.0,0.0
2020-02-18,-0.0,-0.2789165103189493,1.0,-0.67640712945591,-0.3898686679174484,-0.0,0.0
2020-02-19,-0.0,-0.2683109467871016,1.0,-0.6730004212102776,-0.3987691299667712,-0.0,0.0
2020-02-20,-0.0,-0.26934083978418955,1.0,-0.6720619282195636,-0.4043865822190945,-0.0,0.0
2020-02-21,-0.0,-0.2744714082569876,1.0,-0.6633797235237895,-0.3933375294309625,-0.0,0.0
2020-02-24,-0.0,-0.27281362214757326,1.0,-0.6604193212093131,-0.38345882080389204,-0.0,0.0
2020-02-25,-0.0033660781754482377,-0.2812163678413593,1.0,-0.6422568752719197,-0.3630097776556525,-0.0,0.0
2020-02-26,-0.006357693258149304,-0.2704603149641677,1.0,-0.6264686720733269,-0.34327050524565855,-0.0,0.0
2020-02-27,-0.01589009166498577,-0.26195118671418005,1.0,-0.6193998072569982,-0.3439566104126045,-0.0,0.0
2020-02-28,-0.03407225857277283,-0.2736722323128433,1.0,-0.5767118191566186,-0.30387115127907743,-0.0,0.0
2020-03-02,-0.025402386948428772,-0.28422205189970434,1.0,-0.5784955655315888,-0.3017409394503449,-0.0,0.0
2020-03-03,-0.0277526395173454,-0.29547511312217195,1.0,-0.5478991596638656,-0.28358112475759534,-0.0,0.0
2020-03-04,-0.018385034538979706,-0.2995022954477196,1.0,-0.5542969923199039,-0.2730939202814605,-0.0,0.0
2020-03-05,-0.028655916266008594,-0.30872654554737694,1.0,-0.5340807556482151,-0.2558822278007063,-0.0,0.0
2020-03-06,-0.0399779080635568,-0.32084289234429436,1.0,-0.5192879598946385,-0.24413713994392047,-0.0,0.0
2020-03-09,-0.03545224474171115,-0.3243869760319857,1.0,-0.5230641628208672,-0.2437846919461517,-0.0,0.0
2020-03-10,-0.15364609789300446,-0.22159010098136825,1.0,-0.4383241562874617,-0.2182579190117236,-0.0,0.0
2020-03-11,-0.11329449786537923,-0.26124167098910744,1.0,-0.44645493356741006,-0.17398156645253957,-0.0,0.0
2020-03-12,-0.11656904596445944,-0.25944604387967835,1.0,-0.43814156656408215,-0.1713690062543433,-0.0,0.0
2020-03-13,-0.150458389314787,-0.24330198371927605,1.0,-0.3948273136805501,-0.1872283252983482,-0.0,0.0
2020-03-16,-0.1109582497372695,-0.2822203114550492,1.0,-0.3674214197000095,-0.15016719212763924,-0.0,0.0
2020-03-17,-0.16149198944671742,-0.24387259587810198,1.0,-0.29835965281229687,-0.20022559553397318,-0.007876725423469583,0.0
2020-03-18,-0.1596376962953117,-0.24821981277177524,1.0,-0.2822664869073163,-0.1986594003379982,-0.010082980460664982,0.0
2020-03-19,-0.15480288306106535,-0.26105395279843296,1.0,-0.283589753342335,-0.1994370804252325,-0.0028906680866439723,0.0
2020-03-20,-0.152833756757273,-0.30142690684036594,1.0,-0.2653626482779698,-0.19057897652384861,-0.0,0.0
2020-03-23,-0.15330804567028192,-0.306215809236986,1.0,-0.2573623315479481,-0.18921906867697233,-0.0,0.0
2020-03-24,-0.15465668963674195,-0.30541928341000635,1.0,-0.25783114131368473,-0.1909824956573196,-0.0,0.0
2020-03-25,-0.1564306153000701,-0.30319683159310984,1.0,-0.24530518656080044,-0.19006651380493073,-0.0,0.0
2020-03-26,-0.15536648222542257,-0.3032858333964982,1.0,-0.24550898203592816,-0.1907640415371788,-0.0,0.0
2020-03-27,-0.1542062248730677,-0.3019195560672694,1.0,-0.24121855004624299,-0.19012476170702705,-0.0,0.0
2020-03-30,-0.14441811479726172,-0.2981456405627022,1.0,-0.2509591514330851,-0.1871661776875047,-0.0,0.0
2020-03-31,-0.14598938532766212,-0.29820830353446004,1.0,-0.24844732186547216,-0.1894079120713667,-0.0,0.0
2020-04-01,-0.1503457297701364,-0.2956269856101663,1.0,-0.22997570547561202,-0.19286114744907493,-0.0,0.0
2020-04-02,-0.1505005499524617,-0.2914561622639399,1.0,-0.22937678268488654,-0.19289349564698643,-0.0,0.0
2020-04-03,-0.1498648270718747,-0.291283676703645,1.0,-0.22942108697678756,-0.19386594574438334,-0.0,0.0
2020-04-06,-0.1498789346246973,-0.2875768299497113,1.0,-0.22970758055503815,-0.1953808902961445,-0.0,0.0
2020-04-07,-0.14584646180079325,-0.2848352300107499,1.0,-0.2282499907328465,-0.19451755198873114,-0.0,0.0
2020-04-08,-0.14559109874826145,-0.2877515067222995,1.0,-0.22358831710709318,-0.19749652294853964,-0.0,0.0
2020-04-09,-0.1458622926512835,-0.2862756000370679,1.0,-0.22324159021406728,-0.19803539987026228,-0.0,0.0
2020-04-13,-0.14435875570056728,-0.29003373994290166,1.0,-0.22162693263134478,-0.19780504986837716,-0.0,0.0
2020-04-14,-0.14233488596507507,-0.2984022120362982,1.0,-0.21504258912168056,-0.1999554623564125,-0.0,0.0
2020-04-15,-0.1455312662651498,-0.29583983939326347,1.0,-0.2179158301732471,-0.19958732991300468,-0.0,0.0
2020-04-16,-0.14481336281377158,-0.2957767414206351,1.0,-0.2178146076810167,-0.19962468181564816,-0.0,0.0
2020-04-17,-0.1485533538003535,-0.2909107823983626,1.0,-0.22279281793655226,-0.1983812447669551,-0.0,0.0
2020-04-20,-0.1481364262575865,-0.2923260230107607,1.0,-0.22089213240495964,-0.20035744870983357,-0.0,0.0
2020-04-21,-0.14966201746708627,-0.2938120332954694,1.0,-0.22183944433064562,-0.19683059905774566,-0.0,0.0
2020-04-22,-0.14861746864649622,-0.293978638681106,1.0,-0.22200513564809646,-0.19615942838003794,-0.0,0.0
2020-04-23,-0.1448534740676045,-0.2981064055153959,1.0,-0.21974244141750135,-0.19560329288461897,-0.0,0.0
2020-04-24,-0.14334566134517812,-0.29908747932425145,1.0,-0.22047317263553068,-0.19560651959782183,-0.0,0.0
2020-04-27,-0.14441695652982645,-0.2983575454325626,1.0,-0.2211268391584978,-0.19618310671304476,-0.0,0.0
2020-04-28,-0.14641854585339553,-0.29319031064676243,1.0,-0.22200739900726887,-0.19739361603242178,-0.0,0.0
2020-04-29,-0.15329771589195632,-0.28382881289674045,1.0,-0.2262514194232953,-0.1981794151045254,-0.0,0.0
2020-04-30,-0.152695445338487,-0.2736885139278613,1.0,-0.22977719138498132,-0.20212588036348095,-0.0,0.0
2020-05-01,-0.15560840564092085,-0.2724958659259397,1.0,-0.22769922520949074,-0.20220731684658405,-0.0,0.0
2020-05-04,-0.15215293244246475,-0.27310690423162587,1.0,-0.2293058648849295,-0.20141054194506314,-0.0,0.0
2020-05-05,-0.15211863620334454,-0.27344605504927705,1.0,-0.22737986970804952,-0.20306612966090684,-0.0,0.0
2020-05-06,-0.15504409630484128,-0.2727086666914747,1.0,-0.23090090425333976,-0.20194991255163172,-0.0,0.0
2020-05-07,-0.15436316583195248,-0.27357524529426,1.0,-0.22961776917205043,-0.20425983504310105,-0.0,0.0
2020-05-08,-0.15511526572567128,-0.27323004729805217,1.0,-0.22902312763025584,-0.20479684183084426,-0.0,0.0
2020-05-11,-0.1561011018463371,-0.2660996128648005,1.0,-0.23179720071471113,-0.20722900536033353,-0.0,0.0
2020-05-12,-0.15718142045983433,-0.26391138415712556,1.0,-0.2357255887554687,-0.20487759471283626,-0.0,0.0
2020-05-13,-0.15672792819578912,-0.25486406630368125,1.0,-0.24059242190548752,-0.20610261460985263,-0.0,0.0
2020-05-14,-0.15736295634699118,-0.25996427375237247,1.0,-0.23534665624651113,-0.20806817758922258,-0.0,0.0
2020-05-15,-0.1617272236795594,-0.25873007013822996,1.0,-0.23571654480846868,-0.2042566649922792,-0.0,0.0
2020-05-18,-0.1647882863583018,-0.26083716771297105,1.0,-0.23304334867085186,-0.2041877014213595,-0.0,0.0
2020-05-19,-0.16404226375715109,-0.2637385162961444,1.0,-0.2309598792464081,-0.2047406965693308,-0.0,0.0
2020-05-20,-0.16366346780955932,-0.26341190720208707,1.0,-0.2311562470884189,-0.20518028510202183,-0.0,0.0
2020-05-21,-0.1623614861718968,-0.26358133904460374,1.0,-0.23121333457491383,-0.20521463823447247,-0.0,0.0
2020-05-22,-0.16206549681457472,-0.2617264632465259,1.0,-0.23290860996237103,-0.20612123244290453,-0.0,0.0
2020-05-26,-0.16213094905467076,-0.26145105709229766,1.0,-0.23237403371519044,-0.20676166526962836,-0.0,0.0
2020-05-27,-0.1637948698843209,-0.25844308254009646,1.0,-0.23523275524840265,-0.20531639438928523,-0.0,0.0
2020-05-28,-0.167492271592983,-0.253789712838467,1.0,-0.23686170807106408,-0.204123058586912,-0.0,0.0
2020-05-29,-0.17173637515842838,-0.24437113248341163,1.0,-0.2402519943338552,-0.2075039141131738,-0.0,0.0
2020-06-01,-0.1708922113269453,-0.23999850863129635,1.0,-0.24521829909399348,-0.20810186048245777,-0.0,0.0
2020-06-02,-0.1705371454132031,-0.23962798672978713,1.0,-0.24553621351623364,-0.20809259328288662,-0.0,0.0
2020-06-03,-0.17002441433550144,-0.2397077734498761,1.0,-0.24690161581899844,-0.20705592932888534,-0.0,0.0
2020-06-04,-0.16930724405637368,-0.23915997989313573,1.0,-0.2485990356152142,-0.20468043118053358,-0.0,0.0
2020-06-05,-0.17087429252308609,-0.23789842120941315,1.0,-0.24813821864760202,-0.2048704200178731,-0.0,0.0
2020-06-08,-0.16967824776224946,-0.2359640471183728,1.0,-0.2494370731525764,-0.2058358300612241,-0.0,0.0
2020-06-09,-0.17270646043888546,-0.23312301077670444,1.0,-0.2501907793102165,-0.20525992517728517,-0.0,0.0
2020-06-10,-0.17344964845057848,-0.2342360775268777,1.0,-0.24630780104906813,-0.2060563223094379,-0.0,0.0
2020-06-11,-0.17416294642857144,-0.2322358630952381,1.0,-0.24771205357142861,-0.20600818452380953,-0.0,0.0
2020-06-12,-0.17787547971235887,-0.2300756362010507,1.0,-0.2472893923022467,-0.2077014791907299,-0.0,0.0
2020-06-15,-0.17714753915197112,-0.22964190610975588,1.0,-0.24796558723301243,-0.2074076832833653,-0.0,0.0
2020-06-16,-0.17704783717855613,-0.2298568050202037,1.0,-0.2479004897305551,-0.2073068543656779,-0.0,0.0
2020-06-17,-0.17700729927007303,-0.22983390436466558,1.0,-0.24793311485178013,-0.207284373603456,-0.0,0.0
2020-06-18,-0.17797099290648097,-0.22773733499655566,1.0,-0.24894341941129378,-0.20714564986688017,-0.0,0.0
2020-06-19,-0.1777761227377672,-0.2275824830565279,1.0,-0.24916213599463766,-0.20739927012735535,-0.0,0.0
2020-06-22,-0.1771442404379725,-0.2273472123943242,1.0,-0.25308182190607426,-0.20455476518565416,-0.0,0.0
2020-06-23,-0.17575791413098096,-0.22769992369679715,1.0,-0.252861370107755,-0.2047345206856122,-0.0,0.0
2020-06-24,-0.17732807089399413,-0.2266262054585397,1.0,-0.2517965521093198,-0.20596120192128684,-0.0,0.0
2020-06-25,-0.17921428037941592,-0.23041302561804464,1.0,-0.24889834939129135,-0.20867876615131822,-0.0,0.0
2020-06-26,-0.17905626202080185,-0.23087408735271603,1.0,-0.24887494631486567,-0.20852239837170655,-0.0,0.0
2020-06-29,-0.17712548719765772,-0.23105756858064636,1.0,-0.2495197956100927,-0.2071685657273931,-0.0,0.0
2020-06-30,-0.17917598806860552,-0.22552199850857568,1.0,-0.2511744966442953,-0.20838926174496644,-0.0,0.0
2020-07-01,-0.1769146180083127,-0.22587739734963566,1.0,-0.2530892960319088,-0.20794736547816528,-0.0,0.0
2020-07-02,-0.17804900773315943,-0.2250815242709401,1.0,-0.25420665238050877,-0.2060747228174788,-0.0,0.0
2020-07-06,-0.17945373924060068,-0.22431717405075083,1.0,-0.2539031933524612,-0.2054067146104259,-0.0,0.0
2020-07-07,-0.18054727110050703,-0.2233634059051596,1.0,-0.2545108857739338,-0.20559946316731287,-0.0,0.0
2020-07-08,-0.1803407015320386,-0.22371118649122151,1.0,-0.2545569761807135,-0.20518507473813694,-0.0,0.0
2020-07-09,-0.17897070880226576,-0.22341059849444733,1.0,-0.25458373705001114,-0.20634269956025936,-0.0,0.0
2020-07-10,-0.17913312462731065,-0.22458258795468097,1.0,-0.25385733452593917,-0.20585494931425163,-0.0,0.0
2020-07-13,-0.18258050089445438,-0.2223650864639237,1.0,-0.2539505068574836,-0.2045505366726297,-0.0,0.0
2020-07-14,-0.18049089351558717,-0.22296919810793697,1.0,-0.2530261834705203,-0.20579909866289245,-0.0,0.0
2020-07-15,-0.17962096789221624,-0.22145612433147605,1.0,-0.25693680934722246,-0.20548608911167843,-0.0,0.0
2020-07-16,-0.17925917640698694,-0.22357064295434634,1.0,-0.2557090393900416,-0.2056559103704118,-0.0,0.0
2020-07-17,-0.17767386403860128,-0.22326135961398738,1.0,-0.2551185796523651,-0.20694152057678336,-0.0,0.0
2020-07-20,-0.18115942028985507,-0.22243388614970863,1.0,-0.2558269834155087,-0.20820259973106228,-0.0,0.0
2020-07-21,-0.1826829632952082,-0.22088285863796067,1.0,-0.2574568288854003,-0.20787545787545786,-0.0,0.0
2020-07-22,-0.18488054735110482,-0.2189778292892661,1.0,-0.2587953789210005,-0.20673346543537593,-0.0,0.0
2020-07-23,-0.18389108836931353,-0.2187196533950848,1.0,-0.25823560170314486,-0.20661836109658627,-0.0,0.0
2020-07-24,-0.18189964157706093,-0.2204114396654719,1.0,-0.2575231481481481,-0.20695191158900836,-0.0,0.0
2020-07-27,-0.181882731043761,-0.22114055084270712,1.0,-0.25871669344893305,-0.20679023879816139,-0.0,0.0
2020-07-28,-0.1831707225898097,-0.21892639527494298,1.0,-0.2558595940338679,-0.21111360322978578,-0.0,0.0
2020-07-29,-0.1846041522361795,-0.2180579216354344,1.0,-0.2552183761723796,-0.2141827508096673,-0.0,0.0
2020-07-30,-0.18450543488428653,-0.21935978746889673,1.0,-0.2541205964341172,-0.21288656900712802,-0.0,0.0
2020-07-31,-0.18452325254982688,-0.22017404323009265,1.0,-0.254084401609432,-0.21266959857771126,-0.0,0.0
2020-08-03,-0.17594412926660302,-0.2273399614297216,1.0,-0.25802767323859277,-0.21103184856484863,-0.0,0.0
2020-08-04,-0.17615881636857383,-0.22773667946436932,1.0,-0.2577582170615226,-0.21118082217436088,-0.0,0.0
2020-08-05,-0.17745138446551012,-0.22696616583611223,1.0,-0.25769043426130617,-0.21132301697328484,-0.0,0.0
2020-08-06,-0.17715377554652229,-0.2256710937939044,1.0,-0.25839686791675254,-0.21205252608508324,-0.0,0.0
2020-08-07,-0.17851174493493813,-0.22821413147567454,1.0,-0.25925230486133277,-0.2117092588767674,-0.0,0.0
2020-08-10,-0.1772149522182378,-0.22923980999943674,1.0,-0.25988021703621644,-0.21114094211741732,-0.0,0.0
2020-08-11,-0.17902683618471707,-0.22984469191909707,1.0,-0.2599861030254089,-0.20911190820484893,-0.0,0.0
2020-08-12,-0.17586582116993732,-0.23289932835540877,1.0,-0.25618175678210947,-0.2111553037409478,-0.0,0.0
2020-08-13,-0.1753563390847712,-0.23415228807201802,1.0,-0.25438859714928735,-0.21157164291072766,-0.0,0.0
2020-08-14,-0.17629846378931968,-0.23390167501359896,1.0,-0.25511601297994857,-0.21041772175641965,-0.0,0.0
2020-08-17,-0.17770813002026875,-0.23417911568200586,1.0,-0.25487951355003374,-0.20996922152991518,-0.0,0.0
2020-08-18,-0.17739936917993393,-0.23357239411234607,1.0,-0.25597026133974166,-0.21049864824271552,-0.0,0.0
2020-08-19,-0.1782038762019231,-0.23576472355769235,1.0,-0.2540377103365385,-0.20999849759615388,-0.0,0.0
2020-08-20,-0.17894499633809693,-0.23610824209873993,1.0,-0.25406095660175393,-0.20878481155283468,-0.0,0.0
2020-08-21,-0.17603572500750525,-0.2408060642449715,1.0,-0.2482175022515761,-0.21125412788952266,-0.0,0.0
2020-08-24,-0.1751444219371296,-0.24463575662090178,1.0,-0.2449170980568685,-0.2109122964963613,-0.0,0.0
2020-08-25,-0.17505064145847402,-0.2449546102483307,1.0,-0.24632380523670194,-0.20929927226348563,-0.0,0.0
2020-08-26,-0.17630306890995617,-0.24588751077303556,1.0,-0.24264623224791096,-0.20871585416120209,-0.0,0.0
2020-08-27,-0.17314858159348373,-0.2492088755734482,1.0,-0.2410073963112068,-0.2091189963486565,-0.0,0.0
2020-08-28,-0.17209815996855288,-0.2506598281638995,1.0,-0.2401587331299253,-0.2089362259700878,-0.0,0.0
2020-08-31,-0.17246865057084035,-0.2506082725060827,1.0,-0.23973423170503463,-0.20879655624181173,-0.0,0.0
2020-09-01,-0.172249251497006,-0.24955089820359283,1.0,-0.24094311377245511,-0.20851422155688623,-0.0,0.0
2020-09-02,-0.16862085086489015,-0.25043478260869567,1.0,-0.24117812061711083,-0.20978027115474523,-0.0,0.0
2020-09-03,-0.17098144924280714,-0.24812339716590856,1.0,-0.23895097433593535,-0.213024840418562,-0.0008423653619363173,0.0
2020-09-04,-0.16701227372078684,-0.24967774477386087,1.0,-0.23725457228791869,-0.21334230043527805,-0.0008593472697042724,0.0
2020-09-08,-0.16621828644023465,-0.24896312072637597,1.0,-0.23659529948062627,-0.21301797257407615,-0.0034562642454134445,0.0
2020-09-09,-0.16086170589441118,-0.25163526583552304,1.0,-0.22753955386593613,-0.21337656771211866,-0.010137716404837778,0.0
2020-09-10,-0.15957169459962756,-0.25232774674115455,1.0,-0.22525139664804467,-0.21320297951582864,-0.011843575418994412,0.0
2020-09-11,-0.16029126936829557,-0.2529052443384982,1.0,-0.22584550059594757,-0.2122690703218117,-0.01106227651966627,0.0
2020-09-14,-0.1600513832520386,-0.24935770934951784,1.0,-0.22549056112000598,-0.21197453177942438,-0.01485646200245746,0.0
2020-09-15,-0.15952451930242958,-0.25122969145923385,1.0,-0.22628186018780744,-0.2109293486361604,-0.015184826352660604,0.0
2020-09-16,-0.16017671072007755,-0.2507502749454769,1.0,-0.22715156485917198,-0.21067347661565416,-0.015285104479281228,0.0
2020-09-17,-0.159379775615938,-0.251239330575124,1.0,-0.22671363077267137,-0.21042528607104255,-0.0158969771515897,0.0
2020-09-18,-0.1581635506179283,-0.2502097041773072,1.0,-0.2276175741420769,-0.21071075735828657,-0.017335545324062854,0.0
2020-09-21,-0.15787609959743548,-0.24960861786193525,1.0,-0.22838079618309226,-0.21063813925749214,-0.017220814074847175,0.0
2020-09-22,-0.15556011336515513,-0.2536358890214797,1.0,-0.22531324582338902,-0.21117989260143197,-0.018887977326968973,0.0
2020-09-23,-0.15303041598330103,-0.25359698822126137,1.0,-0.226256150290741,-0.21013493365140898,-0.020705978828090055,0.0
2020-09-24,-0.15100764807681571,-0.2504698635999925,1.0,-0.2238411581905134,-0.21040585049963714,-0.025121420197621838,0.0
2020-09-25,-0.15094058761140985,-0.2505256498520738,1.0,-0.22453156690173606,-0.21046461864801,-0.024245017955826807,0.0
2020-09-28,-0.1492498466229155,-0.24908438528323634,1.0,-0.2216438305229694,-0.21080518321589917,-0.0283329305248285,0.0
2020-09-29,-0.149901307213884,-0.2511638300249525,1.0,-0.22097873449778405,-0.21125842612938062,-0.02884436333842315,0.0
2020-09-30,-0.1499171368452414,-0.25130812058916635,1.0,-0.2216263523453066,-0.21067724335698193,-0.028564512224642943,0.0
2020-10-01,-0.14996369593953046,-0.24954852642749425,1.0,-0.22171541340085268,-0.21071249045854823,-0.02980656451883157,0.0
2020-10-02,-0.14971051994713033,-0.24740771078057222,1.0,-0.22093564420946812,-0.21224193458309287,-0.031293631438836865,0.0
2020-10-05,-0.1485389912525591,-0.24840871021775546,1.0,-0.2199143867485576,-0.21235808672994602,-0.03195607667969477,0.0
2020-10-06,-0.1504998045457084,-0.24871093241004452,1.0,-0.22274343366653637,-0.21168630516930068,-0.027810353493047415,0.0
2020-10-07,-0.15040294812857116,-0.24895307934262684,1.0,-0.22226358205066163,-0.21198980066630682,-0.027582869586256952,0.0
2020-10-08,-0.15054343780242685,-0.24884612521402513,1.0,-0.22286533164594655,-0.21166157969180374,-0.027153279237698207,0.0
2020-10-09,-0.15121515501135138,-0.2493393873981168,1.0,-0.22323123301946482,-0.2118054263277383,-0.025289366928430534,0.0
2020-10-12,-0.15072749599970228,-0.24930227365757449,1.0,-0.22353291407732667,-0.21205298998995273,-0.02498790607673129,0.0
2020-10-13,-0.15071601264645715,-0.24928398735354287,1.0,-0.2228194160312442,-0.2111958341082388,-0.025757857541379953,0.0
2020-10-14,-0.1503710454367921,-0.2493908903230606,1.0,-0.2221064965499284,-0.211877173731099,-0.026131270109918725,0.0
2020-10-15,-0.15034503282926917,-0.24933504454736527,1.0,-0.22219742201886053,-0.21174413630191766,-0.026375016275133452,0.0
2020-10-16,-0.15252566582353816,-0.24512721321231956,1.0,-0.22604523136438026,-0.21291474482963843,-0.023210831721470017,0.0
2020-10-19,-0.15195285631959546,-0.24369341735913597,1.0,-0.22224081200156154,-0.21316899968397374,-0.027903258788318182,0.0
2020-10-20,-0.15213106218387384,-0.24397500743826245,1.0,-0.22205072894971734,-0.21435212734305265,-0.027056679559654864,0.0
2020-10-21,-0.15209387087176435,-0.2439378161261529,1.0,-0.22218089854210057,-0.2142963403748884,-0.027056679559654864,0.0
2020-10-22,-0.15214399940496112,-0.2438729592026479,1.0,-0.22220982557923313,-0.21432556063817917,-0.02696269850124586,0.0
2020-10-23,-0.15125144110974748,-0.24487708728476326,1.0,-0.22113131763918328,-0.21454870021198258,-0.02766930715162334,0.0
2020-10-26,-0.1515230408747722,-0.2454903856882508,1.0,-0.22103618849258005,-0.21491799010674306,-0.026648566221594082,0.0
2020-10-27,-0.15092200163580935,-0.24630084021116813,1.0,-0.2210201501970407,-0.21509034128931517,-0.0255409324113317,0.0
2020-10-28,-0.15055022678266045,-0.2462636627258532,1.0,-0.22081567402780877,-0.2150531638040003,-0.02619153840434233,0.0
2020-10-29,-0.14988490383901387,-0.2472711071508131,1.0,-0.21966659241107891,-0.21532264052869976,-0.024225885497883716,0.0
2020-10-30,-0.14720557956632227,-0.24822392461649756,1.0,-0.2228302201777003,-0.21450167869266015,-0.022147613659549998,0.0
2020-11-02,-0.1471619040554824,-0.249244348841953,1.0,-0.22259721475327757,-0.21415988280453202,-0.02119531959871678,0.0
2020-11-03,-0.1473494891810209,-0.25027348747520073,1.0,-0.2236107763335991,-0.21380231027385832,-0.019116310978436208,0.0
2020-11-04,-0.14722253144829123,-0.2517718653753386,1.0,-0.22381164421685407,-0.21366284463245389,-0.018887528294185312,0.0
2020-11-05,-0.1549761975602499,-0.24776852127343052,1.0,-0.2294518000595061,-0.21401740553406723,-0.013351681047307348,0.0
2020-11-06,-0.15406058353465898,-0.2466827727188255,1.0,-0.23023601561048132,-0.21477420553800408,-0.01261847240289909,0.0
