Date,IWF,IWM,LXP,MTUM,SPY,VLUE,VXX
2018-09-24,-0.23382414808582247,-0.6998737904922172,1.0,-0.0,-0.45987939980367415,-0.41110643668489694,0.0
2018-09-25,-0.23226023933928872,-0.7019214562615878,1.0,-0.0,-0.46148660037080735,-0.41347828529692676,0.0
2018-09-26,-0.2307973664959766,-0.7017050250407968,1.0,-0.0,-0.4628045692420235,-0.4182657138033875,0.0
2018-09-27,-0.23031651272809192,-0.7038747465645415,1.0,-0.0,-0.463111061049786,-0.41864721784185627,0.0
2018-09-28,-0.24899344300011506,-0.7149718164040033,1.0,-0.0,-0.4793799608880709,-0.4325319222362821,0.0
2018-10-01,-0.24950776001853137,-0.7251563585823488,1.0,-0.0,-0.48309010887190174,-0.43777507528376186,0.0
2018-10-02,-0.24800651882893898,-0.746726034573075,1.0,-0.0,-0.4805890227576975,-0.4348699144403702,0.0
2018-10-03,-0.24911114996794312,-0.7514425598880924,1.0,-0.0,-0.48027044355073734,-0.43340910415573813,0.0
2018-10-04,-0.2500218499635834,-0.7497450837581938,1.0,-0.0,-0.4810196649672251,-0.43254187909686814,0.0
2018-10-05,-0.23689782186258304,-0.7441341106180575,1.0,-0.0,-0.48327967748484585,-0.43603352765451436,0.0
2018-10-08,-0.23406965635042415,-0.7409744940794998,1.0,-0.0,-0.4852204626386034,-0.43487449697460995,0.0
2018-10-09,-0.2258788550107853,-0.7461085524398066,1.0,-0.0,-0.4948405526730018,-0.4480848831108261,0.0
2018-10-10,-0.23060747663551404,-0.7463200934579439,1.0,-0.0,-0.49891939252336454,-0.444713785046729,0.0
2018-10-11,-0.18722241202596515,-0.737444482405193,1.0,-0.0,-0.48044072429108303,-0.44194852522491745,0.0
2018-10-12,-0.18364001243675626,-0.7361429096356596,1.0,-0.0,-0.4735012295429492,-0.4332513638033862,0.0
2018-10-15,-0.16851334968564097,-0.7486537539823508,1.0,-0.0,-0.4698187149341679,-0.43237756914488706,0.0
2018-10-16,-0.16520513182010432,-0.7541519808261665,1.0,-0.0,-0.4688848160157902,-0.4314394473424503,0.0
2018-10-17,-0.14909161620090006,-0.7254014111895104,1.0,-0.0,-0.46544252458469915,-0.43796877604311346,0.0
2018-10-18,-0.14919567693718222,-0.7260578445808907,1.0,-0.0,-0.4650904342511043,-0.43800183368988416,0.0
2018-10-19,-0.1354198262787812,-0.7181580035847236,1.0,-0.0,-0.46678615745208885,-0.4371432510685234,0.0
2018-10-22,-0.13539827890556047,-0.709896293027361,1.0,-0.0,-0.4714254192409532,-0.44144417475728154,0.0
2018-10-23,-0.1338191454123882,-0.710472562658717,1.0,-0.0,-0.4733355415700563,-0.44269625703875454,0.0
2018-10-24,-0.13250248701226927,-0.7065325522272577,1.0,-0.0,-0.4764562838510003,-0.44785564275450424,0.0
2018-10-25,-0.09941252560094857,-0.6720383744745068,1.0,-0.0,-0.4973321116740325,-0.42602673277999353,0.0
2018-10-26,-0.09218549422336329,-0.6639388104407361,1.0,-0.0,-0.4976198117244331,-0.4205979888746256,0.0
2018-10-29,-0.09350356740518213,-0.665629526312966,1.0,-0.0,-0.5026286143447241,-0.4204978273697763,0.0
2018-10-30,-0.07581664202177711,-0.6686920284984541,1.0,-0.0,-0.506143298830488,-0.43788143567683824,0.0
2018-10-31,-0.08027461665865256,-0.6516001495966234,1.0,-0.0,-0.5052625955014158,-0.43425762675642465,0.0
2018-11-01,-0.05346561201233409,-0.678643249765384,1.0,-0.0,-0.509612548599008,-0.43960316396299776,0.0
2018-11-02,-0.058945908460471576,-0.6540061879867706,1.0,-0.0,-0.5182705643870693,-0.4360130161101035,0.0
2018-11-05,-0.057724097477736894,-0.6570948648216285,1.0,-0.0,-0.518317069268917,-0.43310403668746333,0.0
2018-11-06,-0.05231981559409258,-0.6556058859792544,1.0,-0.0,-0.5276206813369428,-0.44477203891822353,0.0
2018-11-07,-0.05561430624474633,-0.6637924021801025,1.0,-0.0,-0.5391686325551126,-0.4530220450662979,0.0
2018-11-08,-0.043560248915708095,-0.6628323590420516,1.0,-0.0,-0.5339295816384256,-0.4535707550981924,0.0
2018-11-09,-0.04213255550153946,-0.6651272079079565,1.0,-0.0,-0.5384054448225571,-0.4551126235618214,0.0
2018-11-12,-0.04137522866673841,-0.6540406757774669,1.0,-0.0,-0.5421284838050145,-0.45262563219627683,0.0
2018-11-13,-0.018067787563384043,-0.6529490258873766,1.0,-0.0,-0.5471577261809448,-0.45065385641846817,0.0
2018-11-14,-0.016878878664669375,-0.6560025679435053,1.0,-0.0,-0.5490316713032313,-0.4530280333832656,0.0
2018-11-15,-0.016466745207240015,-0.6605440719717255,1.0,-0.0,-0.556763414372925,-0.4437185391453358,0.0
2018-11-16,-0.013252110719247623,-0.6526130169926259,1.0,-0.0,-0.556374906487122,-0.449529763813188,0.0
2018-11-19,-0.014907429670593893,-0.6520798268814619,1.0,-0.0,-0.5554219764366435,-0.44919986107771637,0.0
2018-11-20,-0.0,-0.6400553515354729,1.0,-0.0,-0.5533024642077812,-0.4677736973761243,0.0
2018-11-21,-0.0,-0.6374336913778997,1.0,-0.0,-0.5549338893140852,-0.4467815576258214,0.0
2018-11-23,-0.0,-0.6389681030840727,1.0,-0.0,-0.5545521757498945,-0.44692648922686945,0.0
2018-11-26,-0.0,-0.642713833157339,1.0,-0.0,-0.552428722280887,-0.44477296726504745,0.0
2018-11-27,-0.0,-0.6438201361330845,1.0,-0.0,-0.5456361199442853,-0.43862184962287454,0.0
2018-11-28,-0.0,-0.6430918026754974,1.0,-0.0,-0.5460853110462824,-0.43901285184893163,0.0
2018-11-29,-0.0,-0.6311883121956301,1.0,-0.0,-0.5364723039662491,-0.4365738691111748,0.0
2018-11-30,-0.0,-0.6312472328567337,1.0,-0.0,-0.5363960726098393,-0.4367268276167409,0.0
2018-12-03,-0.0,-0.6319947848761408,1.0,-0.0,-0.5376792698826597,-0.43791395045632336,0.0
2018-12-04,-0.0,-0.6332735169436425,1.0,-0.0,-0.5324959038776624,-0.4349171673038412,0.0
2018-12-06,-0.0,-0.6067289528769082,1.0,-0.0,-0.527441670495737,-0.41854291111451475,0.0
2018-12-07,-0.0,-0.6212140839961655,1.0,-0.0,-0.5491100344586367,-0.420550820011918,0.0
2018-12-10,-0.0,-0.6218457194198435,1.0,-0.0,-0.5432935438326274,-0.401950969066872,0.0
2018-12-11,-0.0,-0.623569941126565,1.0,-0.0,-0.5390647093606191,-0.4082577062498393,0.0
2018-12-12,-0.0,-0.6237399711993417,1.0,-0.0,-0.540115202633203,-0.4076321744497017,0.0
2018-12-13,-0.0,-0.619597433055849,1.0,-0.0,-0.5508105461199453,-0.4068451844024638,0.0
2018-12-14,-0.0,-0.6009005745044252,1.0,-0.0,-0.5739609751048083,-0.41297034314994047,0.0
2018-12-17,-0.0,-0.5977776058988837,1.0,-0.0,-0.5583056178616547,-0.4221001882073891,0.0
2018-12-18,-0.0,-0.6091642801353814,1.0,-0.0,-0.5682634730538922,-0.4260609216349909,0.0
2018-12-19,-0.0,-0.612181414194223,1.0,-0.0,-0.5717945366618742,-0.43006142987844725,0.0
2018-12-20,-0.0,-0.6064561513209317,1.0,-0.0,-0.5717263300505445,-0.427205460893127,0.0
2018-12-21,-0.0,-0.6064566519135642,1.0,-0.0,-0.5716480083311637,-0.4253840145795366,0.0
2018-12-24,-0.0,-0.586812561436184,1.0,-0.0,-0.5624450307827618,-0.4375291013503027,0.0
2018-12-26,-0.0,-0.5874365514931333,1.0,-0.0,-0.5562855891371004,-0.43286697070418184,0.0
2018-12-27,-0.0,-0.5698837796867106,1.0,-0.0,-0.5268064679130875,-0.4298383021728146,0.0
2018-12-28,-0.0,-0.5718794182993334,1.0,-0.0,-0.5253231670369622,-0.427539890931125,0.0
2018-12-31,-0.0,-0.5729761123175597,1.0,-0.0,-0.5249482349376294,-0.4271753951820615,0.0
2019-01-02,-0.0,-0.5722538977748625,1.0,-0.0,-0.5232100509611988,-0.42736767748120486,0.0
2019-01-03,-0.0,-0.5726802171443,1.0,-0.0,-0.537381643731852,-0.41487185961368517,0.0
2019-01-04,-0.0,-0.5750452079566003,1.0,-0.0,-0.5201677717500501,-0.41634016475788627,0.0
2019-01-07,-0.0,-0.559324133488591,1.0,-0.0,-0.513960805688378,-0.4042315982459183,0.0
2019-01-08,-0.0,-0.5609737957706324,1.0,-0.0,-0.5132756526266207,-0.40483922949153384,0.0
2019-01-09,-0.0,-0.5585532020314629,1.0,-0.0,-0.512894834633965,-0.40594574507617986,0.0
2019-01-10,-0.0,-0.5569751894220769,1.0,-0.0,-0.514039518645075,-0.4050908730748279,0.0
2019-01-11,-0.0,-0.5451660095712763,1.0,-0.0,-0.517691983436237,-0.41674725383718914,0.0
2019-01-14,-0.0,-0.545366603829745,1.0,-0.0,-0.5183549955352713,-0.4166832026986804,0.0
2019-01-15,-0.0,-0.5412880480659417,1.0,-0.0,-0.5184716222255324,-0.4229852524951586,0.0
2019-01-16,-0.0,-0.543913065003218,1.0,-0.0,-0.5054705678498935,-0.4259616812713501,0.0
2019-01-17,-0.0,-0.551614012676264,1.0,-0.0,-0.4933670711934359,-0.4116592148577605,0.0
2019-01-18,-0.0,-0.5470560620660687,1.0,-0.0,-0.49623205593852693,-0.4274701652953821,0.0
2019-01-22,-0.0,-0.5757739823792883,1.0,-0.0,-0.5206477334252104,-0.36457154107397743,0.0
2019-01-23,-0.0,-0.554152069867272,1.0,-0.0,-0.5319484876893472,-0.38093945823259484,0.0
2019-01-24,-0.0,-0.5529745741792149,1.0,-0.0,-0.5342384596395952,-0.38128857072327815,0.0
2019-01-25,-0.0,-0.5435611250903112,1.0,-0.0,-0.5926156605794862,-0.3551657988489997,0.0
2019-01-28,-0.0,-0.5417143425700214,1.0,-0.0,-0.5918362270533805,-0.35391274065966866,0.0
2019-01-29,-0.0,-0.5375833728860133,1.0,-0.0,-0.5871199820139392,-0.3733856261397417,0.0
2019-01-30,-0.0,-0.5353868445377102,1.0,-0.0,-0.5844762547153314,-0.3783007319693223,0.0
2019-01-31,-0.0,-0.5536256407704175,1.0,-0.0,-0.5378490021400488,-0.39692927885333207,0.0
2019-02-01,-0.0,-0.5542258788332086,1.0,-0.0,-0.544103714784343,-0.3947893293443031,0.0
2019-02-04,-0.0,-0.5504260301958244,1.0,-0.0,-0.5508993970800737,-0.3900792266679954,0.0
2019-02-05,-0.0,-0.5289648857984212,1.0,-0.0,-0.5441092771770062,-0.40149959169533045,0.0
2019-02-06,-0.0,-0.5299416015045036,1.0,-0.0,-0.5407552212214194,-0.40381569830743347,0.0
2019-02-07,-0.0,-0.5347576372728623,1.0,-0.0,-0.5472842501361588,-0.393573302965787,0.0
2019-02-08,-0.0,-0.5455358029595789,1.0,-0.0,-0.5669629556063164,-0.3703446221074585,0.0
2019-02-11,-0.0,-0.5383754198283369,1.0,-0.0,-0.5672347306878965,-0.3822614753078742,0.0
2019-02-12,-0.0,-0.5300817033919287,1.0,-0.0,-0.5616984402079722,-0.3840802178757118,0.0
2019-02-13,-0.0,-0.5329129574678536,1.0,-0.0,-0.561028684470821,-0.3788575667655787,0.0
2019-02-14,-0.0,-0.5215020448630562,1.0,-0.0,-0.5695873094559425,-0.3875573181311191,0.0
2019-02-15,-0.0,-0.5394439897825063,1.0,-0.0,-0.5607221684894478,-0.3798080499962801,0.0
2019-02-19,-0.0,-0.5299668136113725,1.0,-0.0,-0.5688246074595077,-0.3778047451582545,0.0
2019-02-20,-0.0,-0.5298941995589583,1.0,-0.0,-0.5739983646770237,-0.3738695210485889,0.0
2019-02-21,-0.0,-0.5350727223172032,1.0,-0.0,-0.5745186947149334,-0.3681706682524344,0.0
2019-02-22,-0.0,-0.5324878000445887,1.0,-0.0,-0.5795288463920335,-0.3651316604325101,0.0
2019-02-25,-0.0,-0.5281607910362476,1.0,-0.0,-0.5883083650095651,-0.36794116916349906,0.0
2019-02-26,-0.0,-0.5299634319261673,1.0,-0.0,-0.5949650488818129,-0.36269558944252345,0.0
2019-02-27,-0.0,-0.5246652396834087,1.0,-0.0,-0.6007516551346508,-0.36350739210513217,0.0
2019-02-28,-0.0,-0.5189418517594211,1.0,-0.0,-0.597704017968555,-0.37898677314699275,0.0
2019-03-01,-0.0,-0.5182049745280192,1.0,-0.0,-0.5958945160323643,-0.38315353111577266,0.0
2019-03-04,-0.0,-0.497334849058987,1.0,-0.0,-0.6083617531893395,-0.4205128205128205,0.0
2019-03-05,-0.0,-0.4921189120809614,1.0,-0.0,-0.6165717900063251,-0.4213535736875395,0.0
2019-03-06,-0.0,-0.49046486923971877,1.0,-0.0,-0.6141939400070818,-0.4245283018867924,0.0
2019-03-07,-0.0,-0.47153280985684354,1.0,-0.0,-0.6389779584416897,-0.4142954528239958,0.0
2019-03-08,-0.0,-0.4653049804141019,1.0,-0.0,-0.6652591951976395,-0.41305896118431096,0.0
2019-03-11,-0.0,-0.46386731267143483,1.0,-0.0,-0.6659232484811197,-0.4337204234920147,0.0
2019-03-12,-0.0,-0.43628504128594725,1.0,-0.0,-0.6810239950301555,-0.4711516061398286,0.0
2019-03-13,-0.0,-0.44574268762360775,1.0,-0.0,-0.6884042885396066,-0.46812220256063286,0.0
2019-03-14,-0.0,-0.43493335387934356,1.0,-0.0,-0.6864165189922182,-0.4469014048334489,0.0
2019-03-15,-0.0,-0.42450670165418947,1.0,-0.0,-0.6853181034704536,-0.462787167811479,0.0
2019-03-18,-0.0,-0.43901615500493485,1.0,-0.0,-0.6927432341177082,-0.4655342579606255,0.0
2019-03-19,-0.0,-0.436676456064662,1.0,-0.0,-0.6963900511994179,-0.46588871273747956,0.0
2019-03-20,-0.0,-0.4360624137122613,1.0,-0.0,-0.6963974055067859,-0.4724530464455964,0.0
2019-03-21,-0.0,-0.43580446577629384,1.0,-0.0,-0.7320012520868113,-0.44070847245409017,0.0
2019-03-22,-0.0,-0.4328067915998634,1.0,-0.0,-0.7510973269903016,-0.4444502851736011,0.0
2019-03-25,-0.0,-0.37397060356509954,1.0,-0.0,-0.7837225059939539,-0.44839987490878763,0.0
2019-03-26,-0.0,-0.38072421647945964,1.0,-0.0,-0.7768962898960542,-0.46066033042704163,0.0
2019-03-27,-0.0,-0.37712208009626197,1.0,-0.0,-0.7799837819456433,-0.45870935677103764,0.0
2019-03-28,-0.0,-0.36909983291562243,1.0,-0.0,-0.7678310359231412,-0.4737886382623225,0.0
2019-03-29,-0.0,-0.3716285020496619,1.0,-0.0,-0.7664429880675736,-0.4729627405415285,0.0
2019-04-01,-0.0,-0.38247293268476384,1.0,-0.0,-0.7696270725456352,-0.4630733824990847,0.0
2019-04-02,-0.0,-0.38655747998534873,1.0,-0.0,-0.7752864842237455,-0.4544241536288002,0.0
2019-04-03,-0.0,-0.3861059467385896,1.0,-0.0,-0.7846500301133835,-0.44777291890334914,0.0
2019-04-04,-0.0,-0.3874251497005988,1.0,-0.0,-0.7835459515751106,-0.4324915386618068,0.0
2019-04-05,-0.0,-0.38582964313623336,1.0,-0.0,-0.787106017191977,-0.4318833029434748,0.0
2019-04-08,-0.0,-0.3791225967800761,1.0,-0.0,-0.7929974469858804,-0.4329964049393008,0.0
2019-04-09,-0.0,-0.3643621184450822,1.0,-0.0,-0.8343855987477172,-0.41017479780850513,0.0
2019-04-10,-0.0,-0.36730693845550766,1.0,-0.0,-0.8306023781523586,-0.41547105710179016,0.0
2019-04-11,-0.0,-0.3722116164125631,1.0,-0.0,-0.8262506864719266,-0.416668845942624,0.0
2019-04-12,-0.0,-0.3747067716207058,1.0,-0.0,-0.8163478079549601,-0.4154199030391492,0.0
2019-04-15,-0.0,-0.37686868950403085,1.0,-0.0,-0.8111090818962143,-0.4209867202379399,0.0
2019-04-16,-0.0,-0.3739856490541423,1.0,-0.0,-0.80808871493803,-0.4272146118721461,0.0
2019-04-17,-0.0,-0.3722614331068139,1.0,-0.0,-0.8456169810825702,-0.405898249940965,0.0
2019-04-18,-0.0,-0.3663358538122243,1.0,-0.0,-0.8398708254568368,-0.419318420499895,0.0
2019-04-22,-0.0,-0.3638973764619113,1.0,-0.0,-0.8446159519544832,-0.42553471710041096,0.0
2019-04-23,-0.0,-0.35097126935310047,1.0,-0.0,-0.8309807323292066,-0.44665247220250764,0.0
2019-04-24,-0.0,-0.3633076435810811,1.0,-0.0,-0.8336148648648649,-0.44243559966216217,0.0
2019-04-25,-0.0,-0.3568588207410528,1.0,-0.0,-0.8418613225186317,-0.4347299396939931,0.0
2019-04-26,-0.0,-0.3560002111820918,1.0,-0.0,-0.8375745736761523,-0.4462277598859617,0.0
2019-04-29,-0.0,-0.3537669877292519,1.0,-0.0,-0.8371816862382899,-0.4479218894313234,0.0
2019-04-30,-0.0,-0.33778691332648164,1.0,-0.0,-0.8406198118428335,-0.4568477086462698,0.0
2019-05-01,-0.0,-0.34168570903264783,1.0,-0.0,-0.819084390512962,-0.46576313923252693,0.0
2019-05-02,-0.0,-0.3436178872462779,1.0,-0.0,-0.809810151511173,-0.4724155134837066,0.0
2019-05-03,-0.0,-0.3359520744107833,1.0,-0.0,-0.8164428913003495,-0.47513071809558843,0.0
2019-05-06,-0.0,-0.3256388035400089,1.0,-0.0,-0.8124162924446545,-0.48806428740250524,0.0
2019-05-07,-0.0,-0.3302896725440806,1.0,-0.0,-0.8097712006717044,-0.48381087321578503,0.0
2019-05-08,-0.0,-0.3342745098039216,1.0,-0.0,-0.7915294117647058,-0.4885751633986928,0.0
2019-05-09,-0.0,-0.33357702349869456,1.0,-0.0,-0.7859268929503916,-0.4914621409921671,0.0
2019-05-10,-0.0,-0.33533763823168017,1.0,-0.0,-0.7920054377663328,-0.4869676609761836,0.0
2019-05-13,-0.0,-0.3338388328191183,1.0,-0.0,-0.7926580557443915,-0.48815562411755475,0.0
2019-05-14,-0.0,-0.2779026797942993,1.0,-0.0,-0.8126986588107605,-0.49360415536088076,0.0
2019-05-15,-0.0,-0.2774128478328333,1.0,-0.0,-0.8260318609703113,-0.48267301127547324,0.0
2019-05-16,-0.0,-0.27973511304257853,1.0,-0.0,-0.8247452015106835,-0.48233224688292203,0.0
2019-05-17,-0.0,-0.26996325622315376,1.0,-0.0,-0.819049836981835,-0.49857682554468763,0.0
2019-05-20,-0.0,-0.2665356061977806,1.0,-0.0,-0.8208437879924468,-0.4993662536537417,0.0
2019-05-21,-0.0,-0.2702590673575129,1.0,-0.0,-0.8203626943005181,-0.5000518134715025,0.0
2019-05-22,-0.0,-0.26529925154740636,1.0,-0.0,-0.8250589179809908,-0.4994431927071194,0.0
2019-05-23,-0.0,-0.2672134965197816,1.0,-0.0,-0.8321473853080447,-0.48816208243848164,0.0
2019-05-24,-0.0,-0.2422151587978396,1.0,-0.0,-0.8428818771480994,-0.4990826162234799,0.0
2019-05-28,-0.0,-0.23998656261305493,1.0,-0.0,-0.8437128533774356,-0.500413458059848,0.0
2019-05-29,-0.0,-0.24794305021794638,1.0,-0.0,-0.8480049521549612,-0.4832993732428877,0.0
2019-05-30,-0.0,-0.24835526315789475,1.0,-0.0,-0.843518708881579,-0.4780016447368421,0.0
2019-05-31,-0.0,-0.24395440776300253,1.0,-0.0,-0.8414026800842018,-0.4817733737228526,0.0
2019-06-03,-0.0,-0.2524741081703107,1.0,-0.0,-0.8614499424626006,-0.4432936964582534,0.0
2019-06-04,-0.0,-0.24398607841130104,1.0,-0.0,-0.8873477326236052,-0.42778175862421947,0.0
2019-06-05,-0.0,-0.23928915479389548,1.0,-0.0,-0.9073163311869391,-0.3885058054048573,0.0
2019-06-06,-0.0,-0.2359078763201425,1.0,-0.0,-0.932637740170505,-0.37630741824659625,0.0
2019-06-07,-0.0,-0.24417924120206622,1.0,-0.0,-0.9244255579022367,-0.37601465686149776,0.0
2019-06-10,-0.0,-0.2507227265811229,1.0,-0.0,-0.9073134858244154,-0.3778465283765278,0.0
2019-06-11,-0.0,-0.25038269211144,1.0,-0.0,-0.9320593938156955,-0.3688641698132462,0.0
2019-06-12,-0.0,-0.25538210386695237,1.0,-0.0,-0.9304917865523926,-0.3648607284970921,0.0
2019-06-13,-0.0,-0.26684030437669165,1.0,-0.0,-0.9325366426638068,-0.354118788621623,0.0
2019-06-14,-0.0,-0.27171799856748186,1.0,-0.0,-0.9234114396807532,-0.36293870868719946,0.0
2019-06-17,-0.0,-0.2759159220666172,1.0,-0.0,-0.9159732712051,-0.36836580557617965,0.0
2019-06-18,-0.0,-0.3067405593504317,1.0,-0.0,-0.9167418481763114,-0.3541693517205825,0.0
2019-06-19,-0.0,-0.29259763967809116,1.0,-0.0,-0.9284447072738025,-0.3501144164759726,0.0
2019-06-20,-0.0,-0.29154039755508754,1.0,-0.0,-0.9273717191432533,-0.349298885407571,0.0
2019-06-21,-0.0,-0.2939605587510271,1.0,-0.0,-0.9230433442892358,-0.3508114215283484,0.0
2019-06-24,-0.0,-0.2858648975288642,1.0,-0.0,-0.9152202422278793,-0.37031037054179844,0.0
2019-06-25,-0.0,-0.27953201337104655,1.0,-0.0,-0.9189508871175108,-0.37287220365132423,0.0
2019-06-26,-0.0,-0.27828124195458526,1.0,-0.0,-0.9190824365377683,-0.37719478914577004,0.0
2019-06-27,-0.0,-0.2920075027353723,1.0,-0.0,-0.9699109050174543,-0.34319804095243056,0.0
2019-06-28,-0.0,-0.3035117929451054,1.0,-0.0,-0.9616990189939469,-0.3438478396994364,0.0
2019-07-01,-0.0,-0.3010948905109489,1.0,-0.0,-0.9619655891553702,-0.3438216892596455,0.0
2019-07-02,-0.0,-0.3119409194924069,1.0,-0.0,-0.9484085708342,-0.34005096733929685,0.0
2019-07-03,-0.0,-0.3065647902697645,1.0,-0.0,-0.953271999584178,-0.3390508862206975,0.0
2019-07-05,-0.0,-0.2766507969364521,1.0,-0.0,-0.9668288139101635,-0.3440022769612917,0.0
2019-07-08,-0.0,-0.2735951567836076,1.0,-0.0,-0.9715409293180173,-0.34205215771499536,0.0
2019-07-09,-0.0,-0.26778231855568774,1.0,-0.0,-0.9728415498422223,-0.3458951942475816,0.0
2019-07-10,-0.0,-0.25023922207567173,1.0,-0.0,-0.987224248066827,-0.34872113171438174,0.0
2019-07-11,-0.0,-0.24913969313565681,1.0,-0.0,-0.9906853993635023,-0.34756397319464927,0.0
2019-07-12,-0.0,-0.2530002069108215,1.0,-0.0,-0.9992240844196152,-0.33416097661907723,0.0
2019-07-15,-0.0,-0.24320487338994864,1.0,-0.0,-1.009628042642162,-0.32841176015074475,0.0
2019-07-16,-0.0,-0.24643216599138043,1.0,-0.0,-1.0201811659655733,-0.3140726212289349,0.0
2019-07-17,-0.0,-0.24376481500566832,1.0,-0.0,-1.0163093888488097,-0.3164485210759559,0.0
2019-07-18,-0.0,-0.2446269079302978,1.0,-0.0,-1.0181719904249569,-0.31116316182337644,0.0
2019-07-19,-0.0,-0.24738128940934243,1.0,-0.0,-1.0154420280530176,-0.31082228799382317,0.0
2019-07-22,-0.0,-0.2533680224620695,1.0,-0.0,-1.0224620694984674,-0.30009530923984445,0.0
2019-07-23,-0.0,-0.2548110364015766,1.0,-0.0,-1.0209959553803745,-0.30035809052734624,0.0
2019-07-24,-0.0,-0.25446394063538685,1.0,-0.0,-1.0211537966040556,-0.3009971399860864,0.0
2019-07-25,-0.0,-0.2513620476973684,1.0,-0.0,-1.0191457648026314,-0.2993935032894737,0.0
2019-07-26,-0.0,-0.2434181799501708,1.0,-0.0,-1.0241183571777155,-0.3009529191174582,0.0
2019-07-29,-0.0,-0.23212954633080582,1.0,-0.0,-1.0229533478987276,-0.3153065158719959,0.0
2019-07-30,-0.0,-0.2299778817962039,1.0,-0.0,-1.0205750732986987,-0.3213569260840492,0.0
2019-07-31,-0.0,-0.2515957994440441,1.0,-0.0,-1.0101667867806032,-0.3121074848141666,0.0
2019-08-01,-0.0,-0.26997124961495017,1.0,-0.0,-0.9983314508676454,-0.2986959646780984,0.0
2019-08-02,-0.0,-0.26671455692955,1.0,-0.0,-1.0031812817486787,-0.29562830314536404,0.0
2019-08-05,-0.0,-0.2673699340366007,1.0,-0.0008213341546674881,-1.0037730037730037,-0.2947306280639614,0.0
2019-08-06,-0.0,-0.2698763363043092,1.0,-0.00528173484675351,-0.9701378837510475,-0.2939996444986161,0.0
2019-08-07,-0.0,-0.27838372564935066,1.0,-0.0016233766233766237,-0.9645900974025975,-0.29192877435064934,0.0
2019-08-08,-0.0,-0.2831238779174147,1.0,-0.01685047448063606,-0.9770710438573993,-0.2876891510643755,0.0
2019-08-09,-0.0,-0.2865822263412625,1.0,-0.014313664916074553,-0.9873082071877253,-0.28619606631654826,0.0
2019-08-12,-0.0,-0.282282127790925,1.0,-0.024565284494289536,-0.9956785677538841,-0.2697808416503756,0.0
2019-08-13,-0.0,-0.27519588953114965,1.0,-0.020860629415542713,-1.0033911368015414,-0.26956968529222863,0.0
2019-08-14,-0.0,-0.28404420961278304,1.0,-0.019271511345942773,-0.992801899073436,-0.25640043903310616,0.0
2019-08-15,-0.0,-0.307407780182175,1.0,-0.03490010568164662,-0.9675657994061697,-0.20635599617533087,0.0
2019-08-16,-0.0,-0.3030936665491006,1.0,-0.03899833728019348,-0.9728926286088578,-0.2043129944072152,0.0
2019-08-19,-0.0,-0.29854643135088993,1.0,-0.04207566590515402,-0.9736148419652046,-0.19621921522355834,0.0
2019-08-20,-0.0,-0.28889160753609,1.0,-0.07359921702960606,-0.9108392463909958,-0.1734524100807438,0.0
2019-08-21,-0.0,-0.28812149966983785,1.0,-0.08667367751718066,-0.9030790677199246,-0.16777128323020862,0.0
2019-08-22,-0.0,-0.2889724555577261,1.0,-0.08795663215471773,-0.9054747020902519,-0.15947939050595822,0.0
2019-08-23,-0.0,-0.29591267434808977,1.0,-0.08392965433596118,-0.897319587628866,-0.1485506367495452,0.0
2019-08-26,-0.0,-0.2915038008680847,1.0,-0.08915853336850435,-0.8871489892328721,-0.13021270473130142,0.0
2019-08-27,-0.0,-0.28796797178466743,1.0,-0.09262922098038749,-0.8757476824821866,-0.12668303028858757,0.0
2019-08-28,-0.0,-0.28478426154723435,1.0,-0.09328074510549327,-0.8693689412659191,-0.1285402014826079,0.0
2019-08-29,-0.0,-0.2804463967707468,1.0,-0.09732874272824409,-0.8725869642645138,-0.12408880446396771,0.0
2019-08-30,-0.0,-0.2754708042165107,1.0,-0.10005922065616486,-0.8751865450669193,-0.11810967665521734,0.0
2019-09-03,-0.0,-0.2829227854097584,1.0,-0.11023211747986734,-0.8658218853623875,-0.10956892468024633,0.0
2019-09-04,-0.0,-0.2604986254621291,1.0,-0.1229974405156887,-0.8637785572092141,-0.12261825765475401,0.0
2019-09-05,-0.0,-0.26608843617800676,1.0,-0.11313307966818709,-0.8745775529978966,-0.10954080306288848,0.0
2019-09-06,-0.0,-0.23037096734803525,1.0,-0.1614526094707793,-0.9816836398270935,-0.06867413974161721,0.0
2019-09-09,-0.0,-0.22146599422220045,1.0,-0.16026049062331688,-0.9856534299564217,-0.08086471135484502,0.0
2019-09-10,-0.0,-0.22027852430979722,1.0,-0.1737600781822624,-0.9776203273882238,-0.07156120205228439,0.0
2019-09-11,-0.0,-0.22862648486474618,1.0,-0.17425665292582385,-0.9695099641437178,-0.0668341585969705,0.0
2019-09-12,-0.0,-0.21280584297017652,1.0,-0.1800121728545344,-0.97034692635423,-0.07138161898965308,0.0
2019-09-13,-0.0,-0.2236405596422905,1.0,-0.17618635511322658,-0.94425212750613,-0.05990672628491754,0.0
2019-09-16,-0.0,-0.21913543288228957,1.0,-0.172985271225003,-0.9450125733445097,-0.05781343551670459,0.0
2019-09-17,-0.0,-0.18946236559139787,1.0,-0.17792114695340502,-0.9524731182795699,-0.06960573476702508,0.0
2019-09-18,-0.0,-0.17441527446300717,1.0,-0.1752505966587112,-0.9572792362768497,-0.07968973747016707,0.0
2019-09-19,-0.0,-0.17349179075983198,1.0,-0.1748281786941581,-0.9590015273004963,-0.07910939289805269,0.0
2019-09-20,-0.0,-0.1744844560204545,1.0,-0.18432937465650315,-0.9500824392458602,-0.08064708834141797,0.0
2019-09-23,-0.0,-0.1758969333365203,1.0,-0.1867007672634271,-0.947008628725769,-0.08059851327772068,0.0
2019-09-24,-0.0,-0.18255553969839683,1.0,-0.2096237096237096,-0.9187241330098472,-0.0676942105513534,0.0
2019-09-25,-0.0,-0.18280132151260906,1.0,-0.20533358686093217,-0.9184987997052741,-0.07018753119577877,0.0
2019-09-26,-0.0,-0.16884829305715385,1.0,-0.21972094361334868,-0.9655734560797853,-0.043248945147679324,0.0
2019-09-27,-0.0,-0.15658542442069878,1.0,-0.23088005762996758,-0.9630447832873095,-0.050762396446152,0.0
2019-09-30,-0.0,-0.12785179117781686,1.0,-0.2581367896118914,-0.9605627695198632,-0.06256474499506132,0.0
2019-10-01,-0.0,-0.11506195458271057,1.0,-0.26879128296610577,-0.957571958921942,-0.06925895569162528,0.0
2019-10-02,-0.0,-0.13079995159143168,1.0,-0.29011254992133606,-0.9516398402517245,-0.04787607406510952,0.0
2019-10-03,-0.0,-0.1604136604136604,1.0,-0.2829244829244829,-0.9462481962481963,-0.015367965367965367,0.0
2019-10-04,-0.0,-0.163593746224295,1.0,-0.2993741391392601,-0.9350699562622334,-0.018413358142232317,0.0
2019-10-07,-0.0,-0.1771621296073235,1.0,-0.302914960250542,-0.9162370513129366,-0.012743917128402794,0.0
2019-10-08,-0.0,-0.17748886481280846,1.0,-0.3107981220657277,-0.9069700252798845,-0.012326953172023595,0.0
2019-10-09,-0.0,-0.18596793904104666,1.0,-0.3111206958522033,-0.899096638152062,-0.0,0.0
2019-10-10,-0.0,-0.21445029225582693,1.0,-0.3595838082995804,-0.8371856127670927,-0.014139846232203924,0.0
2019-10-11,-0.0,-0.21477474843456862,1.0,-0.3761177301854153,-0.8239894744536218,-0.021587115951562992,0.0
2019-10-14,-0.0,-0.21240870599082814,1.0,-0.37808458496105596,-0.8231140659500642,-0.012811491519666126,0.0
2019-10-15,-0.0,-0.21567155141092406,1.0,-0.40247063097977476,-0.8040450526825724,-0.0,0.0
2019-10-16,-0.0,-0.22591370188807458,1.0,-0.41248847255254095,-0.78845313789254,-0.0,0.0
2019-10-17,-0.0,-0.19522105059495018,1.0,-0.46253748669826833,-0.7607139402147625,-0.0,0.0
2019-10-18,-0.0,-0.2216433642685793,1.0,-0.47990016719571593,-0.72158278611064,-0.0,0.0
2019-10-21,-0.0,-0.21700652231893897,1.0,-0.4789418810464806,-0.7239046626094124,-0.004776568144897316,0.0
2019-10-22,-0.0,-0.22467598291217147,1.0,-0.47749378514710494,-0.711365336808824,-0.0,0.0
2019-10-23,-0.0,-0.22886130341370256,1.0,-0.47839579851993314,-0.6799474814991645,-0.0,0.0
2019-10-24,-0.0,-0.22425887666362368,1.0,-0.4992792965934752,-0.6788065151587949,-0.0,0.0
2019-10-25,-0.0,-0.22773274497577822,1.0,-0.48654611731977554,-0.6839176938941915,-0.0,0.0
2019-10-28,-0.0,-0.23372283131371419,1.0,-0.4949269090209656,-0.6756587805347182,-0.0,0.0
2019-10-29,-0.0,-0.23659115112789234,1.0,-0.5308355116661825,-0.6529189660180075,-0.0,0.0
2019-10-30,-0.0,-0.23806878562457734,1.0,-0.5307699739155637,-0.6463868225292242,-0.0,0.0
2019-10-31,-0.0,-0.23805845864207958,1.0,-0.5389925418165142,-0.6366006130675098,-0.0,0.0
2019-11-01,-0.0,-0.24355411642461883,1.0,-0.5486069158833338,-0.6242901674600683,-0.0,0.0
2019-11-04,-0.0,-0.2262270495174049,1.0,-0.5651563898497787,-0.6276397590652896,-0.0,0.0
2019-11-05,-0.0,-0.23574190724031424,1.0,-0.65629788165479,-0.5400442639297615,-0.0,0.0
2019-11-06,-0.0,-0.23244510239328894,1.0,-0.6788798420922774,-0.5559832223044658,-0.0,0.0
2019-11-07,-0.0,-0.22140303291825914,1.0,-0.6813956355566514,-0.562988534089508,-0.0,0.0
2019-11-08,-0.0,-0.21472695824067212,1.0,-0.6810229799851742,-0.5751914998764517,-0.0,0.0
2019-11-11,-0.0,-0.2080117147750118,1.0,-0.7047231391625922,-0.5692090044923184,-0.0,0.0
2019-11-12,-0.0,-0.20442908982452654,1.0,-0.7104190485658896,-0.5706119202664414,-0.0,0.0
2019-11-13,-0.0,-0.2105845937036012,1.0,-0.7586380451468405,-0.547348818481516,-0.0,0.0
2019-11-14,-0.0,-0.20997130920622137,1.0,-0.7601298635928927,-0.5466351235717521,-0.0,0.0
2019-11-15,-0.0,-0.20963236959311543,1.0,-0.7574545180040765,-0.5492312724893686,-0.0,0.0
2019-11-18,-0.0,-0.20554266693564655,1.0,-0.7601623966108533,-0.5560066572523703,-0.0,0.0
2019-11-19,-0.0,-0.2170777698501682,1.0,-0.7660788910406686,-0.5650290490266028,-0.0,0.0
2019-11-20,-0.0,-0.21625558848646204,1.0,-0.7284874667202492,-0.566936253579143,-0.0,0.0
2019-11-21,-0.0,-0.20421138294084734,1.0,-0.7703829917094756,-0.553252632114338,-0.015284064900055946,0.0
2019-11-22,-0.0,-0.20207345821398695,1.0,-0.7806392740361461,-0.5520772603989759,-0.0,0.0
2019-11-25,-0.0,-0.20210366240020278,1.0,-0.7803320238246103,-0.552097326067672,-0.0,0.0
2019-11-26,-0.0,-0.20806724385995912,1.0,-0.7809021379710729,-0.535224777242093,-0.0,0.0
2019-11-27,-0.0,-0.23310122923003446,1.0,-0.7714738191599004,-0.509187803222644,-0.0,0.0
2019-11-29,-0.0,-0.2227626212731464,1.0,-0.7956278339286166,-0.5147300960052689,-0.0,0.0
2019-12-02,-0.0,-0.21958620689655173,1.0,-0.7773291536050158,-0.5109216300940439,-0.0,0.0
2019-12-03,-0.0,-0.21814960826388538,1.0,-0.7669294874993761,-0.5100304406407505,-0.0,0.0
2019-12-04,-0.0,-0.2218696912161487,1.0,-0.7750324772659138,-0.5013490556610373,-0.0,0.0
2019-12-05,-0.0,-0.222041774935039,1.0,-0.7756845892464522,-0.5007995202878274,-0.0,0.0
2019-12-06,-0.0,-0.23849900320488554,1.0,-0.7844399020869609,-0.5005930300047947,-0.0,0.0
2019-12-09,-0.0,-0.23095516767594526,1.0,-0.797669329805099,-0.5157752786117755,-0.0,0.0
2019-12-10,-0.0,-0.22248331108144193,1.0,-0.8802670226969292,-0.5674499332443258,-0.0,0.0
2019-12-11,-0.0,-0.21812493314793027,1.0,-0.8857631832281526,-0.5701946732270831,-0.0,0.0
2019-12-12,-0.0,-0.22735568934048872,1.0,-0.9078155220790541,-0.5889563867171538,-0.0,0.0
2019-12-13,-0.0,-0.22510846284804217,1.0,-0.9523312647591851,-0.5684826184853643,-0.0,0.0
2019-12-16,-0.0,-0.23013848896201838,1.0,-0.9417249417249417,-0.570492252845194,-0.0,0.0
2019-12-17,-0.0,-0.20588070568468217,1.0,-0.9887986558387007,-0.6056566788014562,-0.0,0.0
2019-12-18,-0.0,-0.2126486800116043,1.0,-1.0395126196692777,-0.6489120974760662,-0.0,0.0
2019-12-19,-0.0,-0.2112896675755642,1.0,-1.0383187329581713,-0.651128386610199,-0.0,0.0
2019-12-20,-0.0,-0.21603071195905074,1.0,-1.0423452768729642,-0.6499534667287111,-0.0,0.0
2019-12-23,-0.0,-0.2186754350229878,1.0,-1.0439387766978991,-0.6472385497293837,-0.0,0.0
2019-12-24,-0.0,-0.2160360884749709,1.0,-1.0532305005820721,-0.6410942956926658,-0.0,0.0
2019-12-26,-0.0,-0.21611710951369284,1.0,-1.0531998486656382,-0.6409592270306451,-0.0,0.0
2019-12-27,-0.0,-0.22693070461969203,1.0,-1.0640165655622957,-0.6255249650023331,-0.0,0.0
2019-12-30,-0.0,-0.21884998092107194,1.0,-1.0857084152748833,-0.6306613049986791,-0.0,0.0
2019-12-31,-0.0,-0.21307788908034228,1.0,-1.0890160918197482,-0.6183814725037237,-0.0,0.0
2020-01-02,-0.0,-0.21502166022713967,1.0,-1.0923194005385786,-0.6197166608125512,-0.0,0.0
2020-01-03,-0.0,-0.22262065722179766,1.0,-1.1034624654635234,-0.6131914643465992,-0.0,0.0
2020-01-06,-0.0,-0.23828275351591413,1.0,-1.1234048852701701,-0.5991117690599556,-0.0,0.0
2020-01-07,-0.0,-0.24184919156986198,1.0,-1.1201560698767403,-0.593863616209985,-0.0,0.0
2020-01-08,-0.0,-0.24205726467888553,1.0,-1.122198205667249,-0.5966600538892015,-0.0,0.0
2020-01-09,-0.0,-0.24772113186258501,1.0,-1.1242911012797292,-0.5972267585142077,-0.0,0.0
2020-01-10,-0.0,-0.24490701043730226,1.0,-1.1245675763578842,-0.5872682652789687,-0.0,0.0
2020-01-13,-0.0,-0.24468116673095758,1.0,-1.1411234088009259,-0.5814664253286252,-0.0,0.0
2020-01-14,-0.0,-0.2308682249423877,1.0,-1.1729267051746326,-0.589082093795828,-0.0,0.0
2020-01-15,-0.0,-0.22849349559378934,1.0,-1.1752293027995921,-0.5936994185000899,-0.0,0.0
2020-01-16,-0.0,-0.2309468822170901,1.0,-1.184097657538766,-0.584295612009238,-0.0,0.0
2020-01-17,-0.0,-0.23527300998744094,1.0,-1.1690389330781652,-0.5859697386519945,-0.0,0.0
2020-01-21,-0.0,-0.23989831015403024,1.0,-1.1636309256766861,-0.5873784955884552,-0.0,0.0
2020-01-22,-0.0,-0.23769561581650933,1.0,-1.1676024369848284,-0.5812029626090073,-0.0,0.0
2020-01-23,-0.0,-0.23482904707918137,1.0,-1.1420132466137598,-0.6066292738230206,-0.0,0.0
2020-01-24,-0.0,-0.2331257112056058,1.0,-1.1513744984128884,-0.6100497095286579,-0.0,0.0
2020-01-27,-0.0,-0.22954008198928755,1.0,-1.1544630300128669,-0.6083066519046052,-0.0,0.0
2020-01-28,-0.0,-0.24147294918086598,1.0,-1.1717644952403687,-0.5708573304288144,-0.0,0.0
2020-01-29,-0.0,-0.24051389303854198,1.0,-1.1756199581714968,-0.5716163728712279,-0.0,0.0
2020-01-30,-0.0,-0.23534330854463456,1.0,-1.17271451184183,-0.578532389570827,-0.0,0.0
2020-01-31,-0.0,-0.2474612826887937,1.0,-1.171135008836833,-0.5769403588652907,-0.0,0.0
2020-02-03,-0.0,-0.2413833875258646,1.0,-1.1564587644102868,-0.5581140999113213,-0.0,0.0
2020-02-04,-0.0,-0.24027716349697775,1.0,-1.1489311514079317,-0.5593395252837977,-0.0,0.0
2020-02-05,-0.0,-0.23878759453596765,1.0,-1.1478864982118777,-0.5446444275077681,-0.0,0.0
2020-02-06,-0.0,-0.23172523210718063,1.0,-1.182160065812669,-0.5241508990480668,-0.0,0.0
2020-02-07,-0.0,-0.23368593782049402,1.0,-1.171975268848712,-0.5245699885720984,-0.0,0.0
2020-02-10,-0.0,-0.23605539776886364,1.0,-1.1711416273826605,-0.5207741633238661,-0.0,0.0
2020-02-11,-0.0,-0.23879943997199862,1.0,-1.1616497491541244,-0.5163633181659083,-0.0,0.0
2020-02-12,-0.0,-0.235333508021079,1.0,-1.1655166390077736,-0.5106413951727953,-0.0,0.0
2020-02-13,-0.0,-0.24828903843960304,1.0,-1.1312022356564388,-0.4721113265655299,-0.0,0.0
2020-02-14,-0.0,-0.2563456860781228,1.0,-1.1493203605666047,-0.4559450565173845,-0.0,0.0
2020-02-18,-0.0,-0.2514020830948838,1.0,-1.1537427034451184,-0.45624928465148223,-0.0,0.0
2020-02-19,-0.0,-0.27237309499255186,1.0,-1.1539761659218517,-0.43832359344562855,-0.0,0.0
2020-02-20,-0.0,-0.2721106033169498,1.0,-1.1589491535167142,-0.44324681670546984,-0.0,0.0
2020-02-21,-0.0,-0.2918862570220652,1.0,-1.1693982741645914,-0.4344124630798633,-0.0,0.0
2020-02-24,-0.0,-0.2968976514931865,1.0,-1.1737025224702813,-0.4287909538996811,-0.0,0.0
2020-02-25,-0.0,-0.3131615343362782,1.0,-1.1443732535493523,-0.365011713567981,-0.0,0.0
2020-02-26,-0.0,-0.2941208866859425,1.0,-1.1209968332644913,-0.3385928679608977,-0.0,0.0
2020-02-27,-0.0,-0.29651787929751044,1.0,-1.1236800749910396,-0.33685313335722755,-0.0,0.0
2020-02-28,-0.0,-0.3028514175850957,1.0,-1.070324135503263,-0.3347233881231552,-0.0,0.0
2020-03-02,-0.0,-0.30868681393142705,1.0,-1.0719880742648054,-0.3296923702398699,-0.0,0.0
2020-03-03,-0.0,-0.33725756349682845,1.0,-0.9900806598971522,-0.2830144352502023,-0.0,0.0
2020-03-04,-0.0,-0.3746857098421421,1.0,-1.031234609502579,-0.18618937764068536,-0.0,0.0
2020-03-05,-0.0,-0.4060447441930694,1.0,-0.9701034300525958,-0.14039811762337367,-0.0,0.0
2020-03-06,-0.0,-0.431541683286797,1.0,-0.9484942161946551,-0.11298364579178301,-0.0,0.0
2020-03-09,-0.0,-0.4261477788525932,1.0,-0.9540144355978869,-0.10018106505940423,-0.0,0.0
2020-03-10,-0.0072619883324054136,-0.3674566096197139,1.0,-0.8050398199026894,-0.24090435961366222,-0.0,0.0
2020-03-11,-0.0,-0.3928520473676701,1.0,-0.7940267275407809,-0.19101631236029865,-0.0,0.0
2020-03-12,-0.0,-0.37360961186464536,1.0,-0.7805650725113812,-0.1924719575726287,-0.0,0.0
2020-03-13,-0.07890417292798521,-0.33781065772743035,1.0,-0.6717373714021501,-0.22341925788926137,-0.0,0.0
2020-03-16,-0.10600177761145156,-0.3284137156757263,1.0,-0.6646629555129344,-0.23988398746316136,-0.0,0.0
2020-03-17,-0.1950284188180511,-0.2844620968294186,1.0,-0.49494396128649365,-0.2867903855372184,-0.021433951927686094,0.0
2020-03-18,-0.19868584294444702,-0.2806828102743188,1.0,-0.5061112898037955,-0.2896429720167256,-0.022377429582318618,0.0
2020-03-19,-0.1963018902466932,-0.27413153920087874,1.0,-0.5096343082063253,-0.28884617144949426,-0.019520344180511694,0.0
2020-03-20,-0.19750543805248297,-0.3534039894478641,1.0,-0.48199657518396816,-0.2811588836950988,-0.0,0.0
2020-03-23,-0.20144924159463173,-0.3404785759220858,1.0,-0.5000815489643281,-0.2879610428947552,-0.0,0.0
2020-03-24,-0.19735450978549446,-0.3296525150952705,1.0,-0.5228954725935672,-0.29957944693748095,-0.0,0.0
2020-03-25,-0.20074493853114572,-0.3220145331566199,1.0,-0.46830583611352317,-0.29402221105068327,-0.0,0.0
2020-03-26,-0.18765876864809938,-0.32409588471664125,1.0,-0.49327975613135655,-0.3043046510553785,-0.0,0.0
2020-03-27,-0.18460062584226036,-0.3172380713094722,1.0,-0.4795230807884699,-0.3027569036796784,-0.0,0.0
2020-03-30,-0.16867661782106128,-0.3074997724583599,1.0,-0.5004550832802402,-0.29880768180577044,-0.0,0.0
2020-03-31,-0.16808708892979704,-0.30981114065589416,1.0,-0.49517056430535666,-0.29960682711756553,-0.0,0.0
2020-04-01,-0.16991029862609286,-0.3190870898149199,1.0,-0.48288861133189503,-0.29903485863517654,-0.0,0.0
2020-04-02,-0.16702952782691521,-0.3179344128452851,1.0,-0.48482786773710707,-0.298090443144192,-0.0,0.0
2020-04-03,-0.16973977019846495,-0.31286616104273585,1.0,-0.48344611471910626,-0.30471411054089653,-0.0,0.0
2020-04-06,-0.16902877616272477,-0.30907730334021183,1.0,-0.4839792285539355,-0.3055398081589152,-0.0,0.0
2020-04-07,-0.1654890629585318,-0.30495045034876633,1.0,-0.48177159755299215,-0.30515361520576084,-0.0,0.0
2020-04-08,-0.1654895412595618,-0.30126136696978584,1.0,-0.4853442245639371,-0.3043752961617438,-0.0,0.0
2020-04-09,-0.16872131737604606,-0.28754611716008277,1.0,-0.49142895707729684,-0.3019211734005219,-0.0,0.0
2020-04-13,-0.155068010303222,-0.3237606760359709,1.0,-0.48009399430611416,-0.30055583171404043,-0.0,0.0
2020-04-14,-0.151869741705785,-0.34564709617434297,1.0,-0.4632968229131234,-0.30691430256026486,-0.0,0.0
2020-04-15,-0.14338709312583411,-0.35264312696509764,1.0,-0.45768961071275077,-0.3082630233662829,-0.0,0.0
2020-04-16,-0.1361011075626826,-0.36400081538357,1.0,-0.4560032615342801,-0.3088718262327014,-0.0,0.0
2020-04-17,-0.13394009373089721,-0.3671806017795286,1.0,-0.45251194276528783,-0.3104213362312934,-0.0,0.0
2020-04-20,-0.14348691052131843,-0.35056743681331104,1.0,-0.45971424695935253,-0.30693584120812045,-0.0,0.0
2020-04-21,-0.14656599324309005,-0.3489785275378092,1.0,-0.4571797836881845,-0.31467247126045844,-0.0,0.0
2020-04-22,-0.13492565643783613,-0.36134586704026755,1.0,-0.44710082704388304,-0.316310390021241,-0.0,0.0
2020-04-23,-0.13375033872278927,-0.36216240628669494,1.0,-0.4460979134676181,-0.3161412699846446,-0.0,0.0
2020-04-24,-0.13457846834842702,-0.3605546647394927,1.0,-0.4466677205898959,-0.3165834820117889,-0.0,0.0
2020-04-27,-0.14609258337481335,-0.36218833431376984,1.0,-0.43422779311281057,-0.32003710575139144,-0.0,0.0
2020-04-28,-0.1454924062379756,-0.36665082275186167,1.0,-0.4318824834204749,-0.3194133224689346,-0.0,0.0
2020-04-29,-0.14188393988774214,-0.3732346550787615,1.0,-0.42868459170740536,-0.31948216548977004,-0.0,0.0
2020-04-30,-0.140838382924844,-0.3676856290132947,1.0,-0.4311748213801212,-0.321312290856471,-0.0,0.0
2020-05-01,-0.13098231070643926,-0.38304908156100653,1.0,-0.43215329211116393,-0.31874702724740095,-0.0,0.0
2020-05-04,-0.12519232509729386,-0.3839714001267083,1.0,-0.435310887863155,-0.31817359037016923,-0.0,0.0
2020-05-05,-0.12559467174119887,-0.3856871007204024,1.0,-0.4263060124144805,-0.32782837207194965,-0.0,0.0
2020-05-06,-0.12507077982378653,-0.3860614708613621,1.0,-0.4255396253765486,-0.32828248510792507,-0.0,0.0
2020-05-07,-0.12870479470678872,-0.39012507930753193,1.0,-0.41965014048762805,-0.32744946977250067,-0.0,0.0
2020-05-08,-0.1304653642819867,-0.3920767817030835,1.0,-0.41712613164522494,-0.32929457944773444,-0.0,0.0
2020-05-11,-0.13228557173311561,-0.38270512994965306,1.0,-0.42089626706581396,-0.33199528280491675,-0.0,0.0
2020-05-12,-0.13068969435291444,-0.390773775707306,1.0,-0.4071582774684695,-0.3438700147710488,-0.0,0.0
2020-05-13,-0.130210001372558,-0.4061399094111727,1.0,-0.40634579310975893,-0.3449238230315231,-0.0,0.0
2020-05-14,-0.13244651420140172,-0.4263187015861306,1.0,-0.39215234230911106,-0.354504795278495,-0.0,0.0
2020-05-15,-0.1292916724273008,-0.42895985990137797,1.0,-0.39257569473247617,-0.3534494677174064,-0.0,0.0
2020-05-18,-0.13377015896453867,-0.42973490529035835,1.0,-0.3882518515100478,-0.35539764206446256,-0.0,0.0
2020-05-19,-0.1315303673620085,-0.4399344655713494,1.0,-0.3790382130330441,-0.3570472586302381,-0.0,0.0
2020-05-20,-0.12993607053012993,-0.44157492672344156,1.0,-0.3786147845553786,-0.3577973181933578,-0.0,0.0
2020-05-21,-0.13127885503231765,-0.440258541089566,1.0,-0.3797322253000924,-0.3571098799630656,-0.0,0.0
2020-05-22,-0.1324984432297793,-0.44269932424640795,1.0,-0.3756544200742637,-0.355474065361286,-0.0,0.0
2020-05-26,-0.13259069627989575,-0.44235337530847113,1.0,-0.37526234461126873,-0.35614289997463044,-0.0,0.0
2020-05-27,-0.13037361623616237,-0.44321955719557193,1.0,-0.36722785977859784,-0.3570110701107011,-0.008440959409594096,0.0
2020-05-28,-0.13185673458099012,-0.440513506038536,1.0,-0.36945699271688026,-0.35797916474601277,-0.004978335023508805,0.0
2020-05-29,-0.1324776477094663,-0.43868098442252745,1.0,-0.3705641072909946,-0.36040188035763665,-0.0022121854548806342,0.0
2020-06-01,-0.12863290148882803,-0.43106979312884,1.0,-0.37473824700278435,-0.35984996663368385,-0.006857353245737165,0.0
2020-06-02,-0.12859641854255857,-0.4286240390369654,1.0,-0.3728996915711458,-0.3612530497629241,-0.010334668323896332,0.0
2020-06-03,-0.12976025818349468,-0.4287229137851544,1.0,-0.3684877823881973,-0.36544490548639924,-0.012793914246196404,0.0
2020-06-04,-0.1293338888117391,-0.43646715733925845,1.0,-0.35282136740267556,-0.3728880248113688,-0.022982919039022356,0.0
2020-06-05,-0.1326386476785921,-0.43702674539770753,1.0,-0.35422021535255294,-0.3731851337269885,-0.01859441935857358,0.0
2020-06-08,-0.13204445473489232,-0.4373466080111137,1.0,-0.35466543181291965,-0.3734892336188933,-0.017781893956934476,0.0
2020-06-09,-0.13560695515269383,-0.43546109143108513,1.0,-0.3562084693570419,-0.3739899516102892,-0.014007547868768955,0.0
2020-06-10,-0.13296840354767184,-0.43283444198078347,1.0,-0.3449972283813747,-0.3702882483370288,-0.028593865484109388,0.0
2020-06-11,-0.12725214820290123,-0.4378869075117804,1.0,-0.33317934029381874,-0.3735101173426961,-0.03804398041208537,0.0
2020-06-12,-0.13414830304005146,-0.41963280406259335,1.0,-0.3409085686711551,-0.3655874445644431,-0.03756979710011719,0.0
2020-06-15,-0.1371956842493545,-0.4256501291036518,1.0,-0.33481648838067135,-0.36796846182220583,-0.03979158981925489,0.0
2020-06-16,-0.1356022150438394,-0.43278726349792335,1.0,-0.3365251499769266,-0.3656898938624827,-0.03673281033687125,0.0
2020-06-17,-0.13659877141933396,-0.43418317860606903,1.0,-0.3364971594845504,-0.3664495866241744,-0.035633458038889655,0.0
2020-06-18,-0.13770408516730942,-0.4325335427106667,1.0,-0.3376440431378888,-0.366695148142161,-0.03473200471099,0.0
2020-06-19,-0.13838976396138392,-0.43346112984433466,1.0,-0.3372442145133725,-0.36632177005866323,-0.034135525890341356,0.0
2020-06-22,-0.14246385193753613,-0.4337073452862926,1.0,-0.3277964141122036,-0.37475997686524,-0.03474840948525159,0.0
2020-06-23,-0.14048478120085114,-0.4317235636969192,1.0,-0.3274817281894717,-0.375057822185216,-0.038116384494402814,0.0
2020-06-24,-0.1383441258094357,-0.4290934320074006,1.0,-0.32895467160037,-0.374745605920444,-0.04151248843663275,0.0
2020-06-25,-0.1350820883459949,-0.4285219479529868,1.0,-0.3310550257464151,-0.37328838294040223,-0.04117117325143741,0.0
2020-06-26,-0.1345905271904718,-0.4286769458037116,1.0,-0.3302788292863078,-0.37318807127689035,-0.04145508263318253,0.0
2020-06-29,-0.1322620804131317,-0.4273791958686831,1.0,-0.33186554776835114,-0.37204905938767985,-0.04184341571375876,0.0
2020-06-30,-0.13436138579627965,-0.4218472673627919,1.0,-0.3338865454210175,-0.37256529055159854,-0.042389876218795385,0.0
2020-07-01,-0.13365138629606582,-0.42206550047246993,1.0,-0.33374818502385395,-0.37302081172647444,-0.04222268316854502,0.0
2020-07-02,-0.14111265004616805,-0.4170360110803324,1.0,-0.3373268698060942,-0.3774238227146815,-0.035503231763619574,0.0
2020-07-06,-0.14224048383001317,-0.4170494679254865,1.0,-0.3368343297707809,-0.3773689434685256,-0.03485607442118142,0.0
2020-07-07,-0.13807733991283697,-0.4221182004750156,1.0,-0.3347937371734268,-0.37752207900016144,-0.0334125025941384,0.0
2020-07-08,-0.13728747087457033,-0.42358179343437835,1.0,-0.33303342791888707,-0.3781115186748794,-0.03495051560661638,0.0
2020-07-09,-0.13367170377206136,-0.4232091360018456,1.0,-0.3316184104279617,-0.3793286422886146,-0.03924328065520821,0.0
2020-07-10,-0.13635629398869273,-0.42420676127841234,1.0,-0.3326641283027576,-0.3791854159455405,-0.03519095419406946,0.0
2020-07-13,-0.14226037988414225,-0.4252348311754252,1.0,-0.3329179071753329,-0.37933024071637933,-0.02817974105102818,0.0
2020-07-14,-0.13651664668449692,-0.42075532601678506,1.0,-0.32945218113068336,-0.38441851886009404,-0.034469242829475236,0.0
2020-07-15,-0.13810676813098122,-0.41720281332872133,1.0,-0.331211806756601,-0.38348898881586535,-0.035996771589991934,0.0
2020-07-16,-0.14427447451604716,-0.4053898156480007,1.0,-0.334648485267991,-0.3863085761749844,-0.03668581712466256,0.0
2020-07-17,-0.14762047705913595,-0.4071397233703558,1.0,-0.33486503336643036,-0.38702750132772995,-0.03241970120303877,0.0
2020-07-20,-0.15355570998378504,-0.4056289089645587,1.0,-0.337595552466991,-0.38698170025480655,-0.03266157053509382,0.0
2020-07-21,-0.14322416386992246,-0.40891100567064,1.0,-0.3321143386182155,-0.38970026617289666,-0.04059715310727925,0.0
2020-07-22,-0.125482313255239,-0.41833599038839214,1.0,-0.3223816455257503,-0.3953235830965089,-0.04895912756174765,0.0
2020-07-23,-0.12503464843389078,-0.4134020142289568,1.0,-0.32121408112353317,-0.39506144322276626,-0.0551834057100619,0.0
2020-07-24,-0.12402724858561368,-0.41475580187045374,1.0,-0.3185313474194666,-0.39355732594388637,-0.058330446830620025,0.0
2020-07-27,-0.12674722177298248,-0.4147124737194742,1.0,-0.3178615160686644,-0.39528221241596007,-0.05579557794053093,0.0
2020-07-28,-0.13180913592817142,-0.41444902115055304,1.0,-0.3197574859999074,-0.39510343870042114,-0.052945804600360996,0.0
2020-07-29,-0.13477877338780817,-0.40493987650308744,1.0,-0.3169831468499002,-0.3978364826593621,-0.06683225776498444,0.0
2020-07-30,-0.13473679324111038,-0.40711168879398385,1.0,-0.3159641630303593,-0.3965509237768081,-0.06666047720731594,0.0
2020-07-31,-0.13530081036524486,-0.4083869319896905,1.0,-0.31594956695381615,-0.39605730605800266,-0.06626883692850674,0.0
2020-08-03,-0.13423442253651965,-0.40869504633177733,1.0,-0.31603149167421446,-0.39548061961494696,-0.0679300494670104,0.0
2020-08-04,-0.13224157955865273,-0.40227642276422765,1.0,-0.31414634146341464,-0.4007433217189315,-0.07347270615563298,0.0
2020-08-05,-0.1320101331721942,-0.40225904664512985,1.0,-0.3146164036535199,-0.3998652009203524,-0.0753712784995468,0.0
2020-08-06,-0.13312103391367008,-0.40482555031263806,1.0,-0.3138002370935125,-0.3996187908230864,-0.07308058854977803,0.0
2020-08-07,-0.13729646625824035,-0.4048312329660602,1.0,-0.3140068485173193,-0.39744694728505203,-0.07584616459735842,0.0
2020-08-10,-0.13842604460394772,-0.4047214001071986,1.0,-0.31521055207289506,-0.3977068816853488,-0.0743399128428608,0.0
2020-08-11,-0.14022983147245985,-0.40427962052166616,1.0,-0.3166825948113098,-0.3975897997715671,-0.0721428404932286,0.0
2020-08-12,-0.14019825072886297,-0.40531778425655973,1.0,-0.31904373177842565,-0.3977609329446064,-0.07006413994169096,0.0
2020-08-13,-0.13847444983215218,-0.4083131294293174,1.0,-0.31380548302872063,-0.39740302126072363,-0.07320029839612084,0.0
2020-08-14,-0.1365851383804705,-0.40723728695003386,1.0,-0.31238779174147213,-0.3985870502926158,-0.07680290983702114,0.0
2020-08-17,-0.13941993845006062,-0.4121281357828966,1.0,-0.3106639932854612,-0.396251049146694,-0.07295066679100998,0.0
2020-08-18,-0.1385455054345291,-0.41001539394504827,1.0,-0.31319680925502635,-0.39527452535336105,-0.07536035825908476,0.0
2020-08-19,-0.13589429673604214,-0.41412764777898403,1.0,-0.2945646901203483,-0.3749047146058072,-0.0904576008870204,0.0
2020-08-20,-0.13834384894497215,-0.4161871085534678,1.0,-0.2952922415586216,-0.37569622593542723,-0.0856040121102868,0.0
2020-08-21,-0.13831754102149296,-0.4163161543794777,1.0,-0.29489253524381787,-0.37573376473307146,-0.08581003004391034,0.0
2020-08-24,-0.13901987979657882,-0.41458622283865004,1.0,-0.29680998613037446,-0.3766065649560796,-0.08458159963014332,0.0
2020-08-25,-0.13888760460492858,-0.41733321004207313,1.0,-0.29684682602062046,-0.37549123861482264,-0.08315224929492811,0.0
2020-08-26,-0.13819089669201787,-0.417369795880626,1.0,-0.29693243024572924,-0.37559814142721754,-0.08354330890681708,0.0
2020-08-27,-0.13230911401178239,-0.42095414115744484,1.0,-0.29506757537253087,-0.37433290978398986,-0.08758230333833891,0.0
2020-08-28,-0.13244941328651944,-0.4179987064584681,1.0,-0.29571283377991314,-0.3743647787120022,-0.08941605839416059,0.0
2020-08-31,-0.13358593443153202,-0.4181087262897673,1.0,-0.29632881269782596,-0.374904696994201,-0.08744772774530417,0.0
2020-09-01,-0.13252316151837903,-0.4202573758750549,1.0,-0.291523230829656,-0.37758473303606493,-0.08846429314049395,0.0
2020-09-02,-0.12854141171580966,-0.41873513588399647,1.0,-0.29134821861506843,-0.37685007735112797,-0.09351405019741856,0.0
2020-09-03,-0.13013761891567377,-0.41959915027246697,1.0,-0.29195529694282807,-0.375681167451741,-0.09166897570887596,0.0
2020-09-04,-0.10707070707070708,-0.4225895316804408,1.0,-0.2769742883379247,-0.38170339761248856,-0.107346189164371,0.0
2020-09-08,-0.10861827450800285,-0.42209566675086685,1.0,-0.27673548120421615,-0.38069212574919054,-0.10820492800881806,0.0
2020-09-09,-0.10370421276888186,-0.42505669713421756,1.0,-0.2671981307126658,-0.38001970082239483,-0.11481456028222574,0.0
2020-09-10,-0.10194463509494396,-0.42850606268588426,1.0,-0.2619766643788607,-0.3787920384351407,-0.11658659345687486,0.0
2020-09-11,-0.10081631719753961,-0.4295612009237875,1.0,-0.2620446802185992,-0.37774678160656716,-0.11641094825417876,0.0
2020-09-14,-0.10256410256410256,-0.4316887394496672,1.0,-0.2625174409295729,-0.3772044191312701,-0.11333745053638004,0.0
2020-09-15,-0.10269787876707627,-0.43236996865060295,1.0,-0.26219079654927807,-0.3765360060410517,-0.1144596233495801,0.0
2020-09-16,-0.10409271007489178,-0.4262189954881707,1.0,-0.2593958271305224,-0.378512699539656,-0.12204841627922954,0.0
2020-09-17,-0.10855964248882778,-0.42429242580497306,1.0,-0.2618310988885069,-0.3798785378709751,-0.11722241320041252,0.0
2020-09-18,-0.11091993576508373,-0.4237439779766002,1.0,-0.2630649231475109,-0.38107364074328975,-0.11527873365450791,0.0
2020-09-21,-0.11303170121433326,-0.42196359295732616,1.0,-0.2608406216284461,-0.38383490576865686,-0.11585519821867181,0.0
2020-09-22,-0.10981582396357865,-0.4277666643673404,1.0,-0.2593180198201927,-0.3835046331424892,-0.11892115610126233,0.0
2020-09-23,-0.11538372976582469,-0.4280549862994773,1.0,-0.25775403532201985,-0.38623960947753805,-0.11517649496879966,0.0
2020-09-24,-0.11224278652718704,-0.42660075870789743,1.0,-0.25648925163811936,-0.3868490631107024,-0.11693298080239109,0.0
2020-09-25,-0.11196706986156463,-0.4275398978981741,1.0,-0.2550935933403854,-0.38564135583866066,-0.11934875592144598,0.0
2020-09-28,-0.11055703649232466,-0.4267395900358489,1.0,-0.2531023071973527,-0.38572019487085213,-0.12190918282930417,0.0
2020-09-29,-0.11152749678131321,-0.42721169762736805,1.0,-0.2513104653301453,-0.3857596100790877,-0.12327570351296671,0.0
2020-09-30,-0.11161186479650494,-0.4270636928029432,1.0,-0.250931248562888,-0.3862267187859278,-0.12352264888480109,0.0
2020-10-01,-0.11201802588922356,-0.4275860483296163,1.0,-0.24985629871473572,-0.38590117950014946,-0.1238590117950015,0.0
2020-10-02,-0.11414380647979948,-0.4283152061440824,1.0,-0.2497413138954678,-0.38552277587435907,-0.1217089378923406,0.0
2020-10-05,-0.10508653779851516,-0.4357000022984807,1.0,-0.24099570184108304,-0.3875238467373066,-0.12919760038614475,0.0
2020-10-06,-0.10678028388993523,-0.4293720428131747,1.0,-0.23859616886398088,-0.3903716293812302,-0.1317240112085994,0.0
2020-10-07,-0.10597014925373134,-0.4302181400688863,1.0,-0.23846153846153845,-0.3897588978185993,-0.1318025258323766,0.0
2020-10-08,-0.10624870918144894,-0.42816164490442205,1.0,-0.23913991325699335,-0.39059595658260093,-0.1306423113110127,0.0
2020-10-09,-0.10416045161438374,-0.4263487619615853,1.0,-0.23785483167726096,-0.38928792711751614,-0.1371595107510843,0.0
2020-10-12,-0.10264763915018583,-0.4258248061304088,1.0,-0.23759922911026474,-0.3885880787408801,-0.13965493507089433,0.0
2020-10-13,-0.10129542588558982,-0.4265275707898659,1.0,-0.23677633841568269,-0.38711452481944286,-0.14107531812449847,0.0
2020-10-14,-0.1002248118920903,-0.42691319508166636,1.0,-0.2342631675536796,-0.3897962928977794,-0.14284731143329052,0.0
2020-10-15,-0.10254996554100619,-0.42958878934068456,1.0,-0.23505628302320236,-0.3905122903744544,-0.1395589248793935,0.0
2020-10-16,-0.09938444577150995,-0.43580320639441406,1.0,-0.22862786531305987,-0.3881896274518811,-0.14483899122605542,0.0
2020-10-19,-0.1007121525384792,-0.4359292441994027,1.0,-0.22690098782448884,-0.3881231334711693,-0.14560073512520103,0.0
2020-10-20,-0.09848432734860471,-0.43640365962715827,1.0,-0.22226043888009905,-0.3872188209396712,-0.14865515580931415,0.0
2020-10-21,-0.09987383874297512,-0.43743548572083957,1.0,-0.21862598921894713,-0.3892418855373323,-0.14866383759605462,0.0
2020-10-22,-0.10043808344228079,-0.4360191747517145,1.0,-0.21791784215234294,-0.3906282254180142,-0.14860432578728872,0.0
2020-10-23,-0.10146788990825688,-0.4351605504587156,1.0,-0.21830275229357798,-0.39082568807339446,-0.14784403669724772,0.0
2020-10-26,-0.10203192367672691,-0.4367259884414274,1.0,-0.21715897624071187,-0.39214292266764517,-0.14526190257774516,0.0
2020-10-27,-0.10007333058343645,-0.4374398460057748,1.0,-0.21774600119162196,-0.3930060956047482,-0.14333837481094458,0.0
2020-10-28,-0.0972932089569343,-0.4372808324356535,1.0,-0.21551190667186176,-0.3928170337603997,-0.14904540349751325,0.0
2020-10-29,-0.09147485471102366,-0.43966503454903216,1.0,-0.21555392852239968,-0.3937903262709926,-0.14750835125612044,0.0
2020-10-30,-0.09015830893118594,-0.43917002196193267,1.0,-0.2171028550512445,-0.39380490483162517,-0.14748810395314788,0.0
2020-11-02,-0.08670996066953261,-0.4379401811030824,1.0,-0.21666056891978414,-0.39451660111588766,-0.15082776913930304,0.0
2020-11-03,-0.08831934886485744,-0.43711561764100687,1.0,-0.2163515398157251,-0.39459063993232585,-0.14988911497748003,0.0
2020-11-04,-0.08814923189465983,-0.4367227505486466,1.0,-0.21616678858814925,-0.39475128017556693,-0.15021488661302124,0.0
2020-11-05,-0.07277744834192401,-0.4448752451762989,1.0,-0.20451124389910139,-0.39670665511107056,-0.16183916434794507,0.0
2020-11-06,-0.0688727222969737,-0.43923464617209057,1.0,-0.20914958151839266,-0.40324750849506263,-0.1600720654975028,0.0
