Date,IWF,IWM,MPX,MTUM,SPY,VLUE,VXX
2018-09-24,-0.6098182033516907,-1.8639189909397762,1.0,-0.0,-1.236276425652869,-1.2116420915497128,0.0
2018-09-25,-0.6201780415430267,-1.9095258281354084,1.0,-0.0,-1.2741476412523467,-1.252043844243929,0.0
2018-09-26,-0.810051225252665,-2.1981171258479852,1.0,-0.0,-1.500484563200886,-1.413609303613457,0.0
2018-09-27,-0.8131389886709035,-2.185064935064935,1.0,-0.0,-1.4984802431610942,-1.4113705443492677,0.0
2018-09-28,-0.8107510536861743,-2.1880052511573274,1.0,-0.0,-1.4987217577558212,-1.4119394735023838,0.0
2018-10-01,-0.8150301017230641,-2.1880146702650336,1.0,-0.0,-1.5027333748529512,-1.4141581897446545,0.0
2018-10-02,-0.8156273790573741,-2.188386739566752,1.0,-0.001453387777700879,-1.501834036957575,-1.4136618451103882,0.0
2018-10-03,-0.8142975663716815,-2.1731194690265485,1.0,-0.0,-1.5053235619469028,-1.4209762168141593,0.0
2018-10-04,-0.8167986661108794,-2.18743921078227,1.0,-0.002848409059330276,-1.5081283868278448,-1.43212449631791,0.0
2018-10-05,-0.7753502566236649,-2.1754751005687334,1.0,-0.0,-1.527604383409627,-1.4574143431821336,0.0
2018-10-08,-0.766160220994475,-2.1632596685082874,1.0,-0.0,-1.526174033149171,-1.4504834254143646,0.0
2018-10-09,-0.7643809129203785,-2.163524618465576,1.0,-0.0,-1.5265520336993303,-1.451142876873144,0.0
2018-10-10,-0.7661922943422422,-2.17702186740715,1.0,-0.0,-1.5342589378687954,-1.4646303366886497,0.0
2018-10-11,-0.5719034638654346,-2.1463333554949804,1.0,-0.0,-1.4606076723622101,-1.4696496243600825,0.0
2018-10-12,-0.5677536702611408,-2.118357801740938,1.0,-0.0,-1.4032740028582564,-1.406586981941016,0.0
2018-10-15,-0.5033385703063629,-2.211246399581042,1.0,-0.0,-1.406192720607489,-1.425373134328358,0.0
2018-10-16,-0.4941222827871544,-2.238326656596835,1.0,-0.0,-1.4079595455440994,-1.426938989952059,0.0
2018-10-17,-0.44144657673063525,-2.1301539046171385,1.0,-0.0,-1.3604408132243966,-1.4014820444613338,0.0
2018-10-18,-0.4401165368294382,-2.127937171448477,1.0,-0.0,-1.3634175691937425,-1.4020520615618468,0.0
2018-10-19,-0.39874818233546183,-2.118859455016754,1.0,-0.0,-1.3862300056900803,-1.4184737940190935,0.0
2018-10-22,-0.4003159557661928,-2.1141864139020536,1.0,-0.0,-1.3861611374407583,-1.4184518167456557,0.0
2018-10-23,-0.40664896978890147,-2.1151561117431426,1.0,-0.0,-1.3821261534572116,-1.4164454556946025,0.0
2018-10-24,-0.40037842951750235,-2.1105014191106903,1.0,-0.0,-1.3802585935036267,-1.4159571113213498,0.0
2018-10-25,-0.32653545174294524,-1.9731444154612285,1.0,-0.0,-1.318176428740811,-1.3105288119516245,0.0
2018-10-26,-0.2887438825448614,-1.9360288976928455,1.0,-0.0,-1.3173502680027966,-1.2840247028664649,0.0
2018-10-29,-0.27375631276484585,-1.9385847797062747,1.0,-0.0,-1.3109653450978116,-1.2815348000232192,0.0
2018-10-30,-0.2550214791594102,-1.9397422500870776,1.0,-0.0,-1.312550795309416,-1.297805642633229,0.0
2018-10-31,-0.2578389223273144,-1.8960160504442534,1.0,-0.0,-1.2985382631126399,-1.2798509601605044,0.0
2018-11-01,-0.21245526953711188,-1.9520951171649545,1.0,-0.0,-1.31172803878564,-1.2953942052406788,0.0
2018-11-02,-0.22168812589413447,-1.89310443490701,1.0,-0.0,-1.3246924177396282,-1.2829756795422034,0.0
2018-11-05,-0.21327041491626864,-1.9383668066985096,1.0,-0.0,-1.337630200840191,-1.2654658456580539,0.0
2018-11-06,-0.22013808975834293,-1.9430379746835442,1.0,-0.0,-1.3326237054085155,-1.2579401611047178,0.0
2018-11-07,-0.21873021354976113,-1.9462384159327693,1.0,-0.0,-1.3318367581879929,-1.259195303056467,0.0
2018-11-08,-0.16292804815719236,-1.94457379748992,1.0,-0.0,-1.3081946731784884,-1.2632744619228804,0.0
2018-11-09,-0.16408668730650156,-1.9614723082215342,1.0,-0.0,-1.3300653594771243,-1.2776631120284372,0.0
2018-11-12,-0.1618444330308737,-1.9474975746162189,1.0,-0.0,-1.3268275980140387,-1.270672829994864,0.0
2018-11-13,-0.10674325375456233,-2.052174953628912,1.0,-0.0,-1.4563513432657214,-1.3680966911984682,0.0
2018-11-14,-0.10743554465514146,-2.051145540467787,1.0,-0.0,-1.4560028713285875,-1.367350601184423,0.0
2018-11-15,-0.10492351816443593,-2.05532982791587,1.0,-0.0,-1.4632528680688335,-1.351637189292543,0.0
2018-11-16,-0.09721395404214789,-2.0347660435766164,1.0,-0.0,-1.4598166448386714,-1.3612930110727468,0.0
2018-11-19,-0.10465116279069768,-2.0358378056052477,1.0,-0.0,-1.4596302921884319,-1.3629099582587956,0.0
2018-11-20,-0.06589902568644818,-2.0214939474461175,1.0,-0.0,-1.4511957484499558,-1.3663418954827282,0.0
2018-11-21,-0.06655428970006975,-2.001743780516159,1.0,-0.0,-1.4336200883515462,-1.3106835619623343,0.0
2018-11-23,-0.06801971585966948,-1.9838793853290808,1.0,-0.0,-1.4369962307915338,-1.3098869237460133,0.0
2018-11-26,-0.06663962450020282,-1.9889320275830096,1.0,-0.0,-1.4331575592513184,-1.3060207452048445,0.0
2018-11-27,-0.04699798908359666,-1.9891985061763862,1.0,-0.0,-1.418213157138753,-1.291065785693766,0.0
2018-11-28,-0.04808686659772493,-1.9883948063886019,1.0,-0.0,-1.4177869700103414,-1.2908767091807423,0.0
2018-11-29,-0.0,-1.956516822165677,1.0,-0.0,-1.403279615493356,-1.2947695787390443,0.0
2018-11-30,-0.0,-1.9570378745053703,1.0,-0.0,-1.40423968343697,-1.2916336913510458,0.0
2018-12-03,-0.0,-1.9586748826954605,1.0,-0.0,-1.4037537452654192,-1.2908021934535587,0.0
2018-12-04,-0.0,-1.955614311431143,1.0,-0.0,-1.3895139513951396,-1.280434293429343,0.0
2018-12-06,-0.0,-1.8283187749379919,1.0,-0.0,-1.358783565189259,-1.2049498544160464,0.0
2018-12-07,-0.0,-1.8320466447119796,1.0,-0.0,-1.3645737731468983,-1.2021270852453707,0.0
2018-12-10,-0.0,-1.8331287688777416,1.0,-0.0,-1.3463898820641444,-1.1569987726132664,0.0
2018-12-11,-0.0,-2.1692725158289186,1.0,-0.0,-1.6856829047680577,-1.6058276263083084,0.0
2018-12-12,-0.0,-2.182261525456792,1.0,-0.0,-1.7063528187788541,-1.6137590220430458,0.0
2018-12-13,-0.0,-2.1729708687471616,1.0,-0.0,-1.7071303445143713,-1.607928372153377,0.0
2018-12-14,-0.0,-2.1827873114924596,1.0,-0.0,-1.7063832553302134,-1.611089443577743,0.0
2018-12-17,-0.0,-2.1766344845461028,1.0,-0.0,-1.6667530616212014,-1.6362340439318346,0.0
2018-12-18,-0.0,-2.140569964777457,1.0,-0.0,-1.638488632724944,-1.6250400256163942,0.0
2018-12-19,-0.0,-2.14613309352518,1.0,-0.0,-1.6452980472764642,-1.6319373072970194,0.0
2018-12-20,-0.0,-2.1102136860849656,1.0,-0.0,-1.6387687611294839,-1.6107860595268382,0.0
2018-12-21,-0.0,-2.1035547712088745,1.0,-0.0,-1.629081053825791,-1.570150006302786,0.0
2018-12-24,-0.0,-2.048293504710801,1.0,-0.0,-1.5989892057153554,-1.5922505771510576,0.0
2018-12-26,-0.0,-2.0419961988841884,1.0,-0.0,-1.5390840537060877,-1.5496903929863282,0.0
2018-12-27,-0.0,-1.955377169165388,1.0,-0.0,-1.3801794357218748,-1.5669342462519182,0.0
2018-12-28,-0.0,-1.9593797901190897,1.0,-0.0,-1.3754274260110837,-1.560723971229808,0.0
2018-12-31,-0.0,-1.99629695992355,1.0,-0.0,-1.3971809114256704,-1.5791674132473275,0.0
2019-01-02,-0.0,-1.9939158962123473,1.0,-0.0,-1.3908141962421712,-1.5800775424992546,0.0
2019-01-03,-0.0,-1.9915395614871307,1.0,-0.0,-1.3978193517635846,-1.5687559580552908,0.0
2019-01-04,-0.0,-1.9876783398184177,1.0,-0.0,-1.3474826081829974,-1.5603702393585663,0.0
2019-01-07,-0.0,-1.9075740318906604,1.0,-0.0,-1.2944191343963554,-1.492767653758542,0.0
2019-01-08,-0.0,-1.883607487237663,1.0,-0.0,-1.3030062393647193,-1.4855360181508792,0.0
2019-01-09,-0.0,-1.8621568072459667,1.0,-0.0,-1.3020662326634587,-1.4966883668270592,0.0
2019-01-10,-0.0,-1.8568033946251767,1.0,-0.0,-1.3065912305516267,-1.4943140028288546,0.0
2019-01-11,-0.0,-1.8300124533001245,1.0,-0.0,-1.3138797690478885,-1.5166987433488055,0.0
2019-01-14,-0.0,-1.8324645892351275,1.0,-0.0,-1.3242492917847026,-1.5090651558073653,0.0
2019-01-15,-0.0,-1.829838022165388,1.0,-0.0,-1.3230463199772662,-1.5305484512645637,0.0
2019-01-16,-0.0,-1.8039050191312176,1.0,-0.0,-1.303117263110511,-1.5198627053792484,0.0
2019-01-17,-0.0,-1.8007421567525022,1.0,-0.0,-1.3032160125941752,-1.5184414708197458,0.0
2019-01-18,-0.0,-1.8036511388348404,1.0,-0.0,-1.3435962000686734,-1.5755408034794551,0.0
2019-01-22,-0.0,-1.967346450571138,1.0,-0.0,-1.3669636983434006,-1.6461934094850788,0.0
2019-01-23,-0.0,-1.9330888541541422,1.0,-0.0,-1.3887820127449801,-1.6899122279668153,0.0
2019-01-24,-0.0,-2.019973453005499,1.0,-0.0,-1.4975665255040769,-1.8031729979141646,0.0
2019-01-25,-0.0,-1.969524928217176,1.0,-0.0,-1.6408901070216655,-1.915296267293135,0.0
2019-01-28,-0.0,-1.9463905167820992,1.0,-0.0,-1.7544619072988814,-1.9587107085775175,0.0
2019-01-29,-0.0,-1.92667068838394,1.0,-0.0,-1.7690863998927544,-2.0070380052282326,0.0
2019-01-30,-0.0,-1.9276276074854113,1.0,-0.0,-1.7698034744114293,-2.009926889798108,0.0
2019-01-31,-0.0,-1.9524194091123224,1.0,-0.0,-1.7262265293761356,-2.0512820512820515,0.0
2019-02-01,-0.0,-1.9411725293132327,1.0,-0.0,-1.730921273031826,-2.0281407035175882,0.0
2019-02-04,-0.0,-1.952554007672118,1.0,-0.0,-1.7530116427754223,-2.0243623393229693,0.0
2019-02-05,-0.0,-1.9520474137931034,1.0,-0.0,-1.748114224137931,-2.0346848060344827,0.0
2019-02-06,-0.0,-1.960640608034745,1.0,-0.0,-1.7542073832790446,-2.071254071661238,0.0
2019-02-07,-0.0,-1.9625970840713993,1.0,-0.0,-1.7518735522550755,-2.09844665485761,0.0
2019-02-08,-0.0,-1.9565128345166576,1.0,-0.0,-1.773962315674495,-2.096395412342982,0.0
2019-02-11,-0.0,-1.9362022887685877,1.0,-0.0,-1.7913383128897415,-2.1250599602549167,0.0
2019-02-12,-0.0,-1.936861716809274,1.0,-0.0,-1.8305961910019324,-2.1329699144355505,0.0
2019-02-13,-0.0,-1.959776844135271,1.0,-0.0,-1.8169295406019694,-2.1108203044286795,0.0
2019-02-14,-0.0,-1.9151838260749152,1.0,-0.0,-1.8773800456968774,-2.131136190542131,0.0
2019-02-15,-0.0,-1.951560219612204,1.0,-0.0,-1.87226353464452,-2.1259295295017027,0.0
2019-02-19,-0.0,-1.9166666666666665,1.0,-0.0,-1.899111851235082,-2.122953094643353,0.0
2019-02-20,-0.0,-1.934554792143799,1.0,-0.0,-1.8911097230897358,-2.1144423624123814,0.0
2019-02-21,-0.0,-1.9565430028645288,1.0,-0.0,-1.9042129532592749,-2.125829665339202,0.0
2019-02-22,-0.0,-1.9618581907090462,1.0,-0.0,-1.9063918966119453,-2.117429269996507,0.0
2019-02-25,-0.0,-1.9540683339203948,1.0,-0.0,-1.943219443466009,-2.1474462839027826,0.0
2019-02-26,-0.0,-1.9603855896425557,1.0,-0.0,-1.9358992400788066,-2.140022516183507,0.0
2019-02-27,-0.0,-1.9519650655021834,1.0,-0.0,-1.9480208480067616,-2.1432596140301454,0.0
2019-02-28,-0.0,-1.9483014337170705,1.0,-0.0,-1.9513383713539092,-2.1630058619959036,0.0
2019-03-01,-0.0,-1.9517119661136604,1.0,-0.0,-1.9507236145428875,-2.1571478997529123,0.0
2019-03-04,-0.0,-1.948218694885362,1.0,-0.0,-1.9428571428571428,-2.1635273368606707,0.0
2019-03-05,-0.0,-1.9222629796839732,1.0,-0.0,-1.967127539503386,-2.1648560948081266,0.0
2019-03-06,-0.0,-1.9131108294606392,1.0,-0.0,-1.9690184481059005,-2.1591325165469653,0.0
2019-03-07,-0.0,-1.8585184143941524,1.0,-0.0,-2.0252319370255836,-2.1447146471745855,0.0
2019-03-08,-0.0,-1.8290224822045247,1.0,-0.0,-2.074141940940165,-2.1445485939812534,0.0
2019-03-11,-0.0,-1.840120447375968,1.0,-0.0,-2.0992973903068544,-2.2299971322053342,0.0
2019-03-12,-0.0,-1.724617923512951,1.0,-0.0,-2.122192724402669,-2.328334648776638,0.0
2019-03-13,-0.0,-1.768243145219788,1.0,-0.0,-2.148121282460467,-2.337371246191789,0.0
2019-03-14,-0.0,-1.770803131342418,1.0,-0.0,-2.14554943461873,-2.33219773847492,0.0
2019-03-15,-0.0,-1.7533478893740904,1.0,-0.0,-2.1606986899563316,-2.363901018922853,0.0
2019-03-18,-0.0,-1.8033960871170174,1.0,-0.0,-2.1886304909560725,-2.390697674418605,0.0
2019-03-19,-0.0,-1.8113796950539236,1.0,-0.0,-2.2055039047973226,-2.4208999628114545,0.0
2019-03-20,-0.0,-1.8183583538725818,1.0,-0.0,-2.2086040779744565,-2.4419299424901038,0.0
2019-03-21,-0.0,-1.8190136130328052,1.0,-0.0,-2.215279327531057,-2.40459718812765,0.0
2019-03-22,-0.0,-1.8138205880141363,1.0,-0.0,-2.306188435220693,-2.3993533348372056,0.0
2019-03-25,-0.0,-1.6359212563592125,1.0,-0.0,-2.347194573471946,-2.3898842438988424,0.0
2019-03-26,-0.0,-1.6878030585602388,1.0,-0.0,-2.358373741141365,-2.4138008205893327,0.0
2019-03-27,-0.0,-1.6750781598928095,1.0,-0.0,-2.3597588209021887,-2.408962334375466,0.0
2019-03-28,-0.0,-1.6718388660947407,1.0,-0.0,-2.358970533383066,-2.429093621782917,0.0
2019-03-29,-0.0,-1.6630856460757983,1.0,-0.0,-2.3612354521038497,-2.436213070725157,0.0
2019-04-01,-0.0,-1.6850175779789063,1.0,-0.0,-2.3663699603560473,-2.4285286857655772,0.0
2019-04-02,-0.0,-1.7111326523003503,1.0,-0.0,-2.3869957497576615,-2.358362538214898,0.0
2019-04-03,-0.0,-1.7125726202889915,1.0,-0.0,-2.3784448085803667,-2.357217339490541,0.0
2019-04-04,-0.0,-1.705834201518083,1.0,-0.0,-2.367763059979164,-2.368060723321923,0.0
2019-04-05,-0.0,-1.6982230849634163,1.0,-0.0,-2.3891294609526654,-2.3786023592653427,0.0
2019-04-08,-0.0,-1.6942124105011933,1.0,-0.0,-2.3883502386634845,-2.375671241050119,0.0
2019-04-09,-0.0,-1.5855136522421043,1.0,-0.0,-2.3440507592500177,-2.199615028159977,0.0
2019-04-10,-0.0,-1.5275348121195156,1.0,-0.0,-2.286753901056609,-2.183122244769435,0.0
2019-04-11,-0.0,-1.5351079438272899,1.0,-0.0,-2.2688465031789278,-2.1827010410116676,0.0
2019-04-12,-0.0,-1.5406105587452739,1.0,-0.0,-2.276571908696261,-2.184638005881529,0.0
2019-04-15,-0.0,-1.5468519688355442,1.0,-0.0,-2.27303993823261,-2.1991998315434826,0.0
2019-04-16,-0.0,-1.5472161763673384,1.0,-0.0,-2.2766271150740716,-2.1971494769360387,0.0
2019-04-17,-0.0,-1.5273327712197864,1.0,-0.0,-2.2946880269814502,-2.204398538504778,0.0
2019-04-18,-0.0,-1.524592467678471,1.0,-0.0,-2.285342889263631,-2.2164839797639124,0.0
2019-04-22,-0.0,-1.5265127444750406,1.0,-0.0,-2.3016310103791566,-2.2325072371672667,0.0
2019-04-23,-0.0,-1.5303758123763775,1.0,-0.0,-2.308137892059904,-2.2256287086747673,0.0
2019-04-24,-0.0,-1.50468738986396,1.0,-0.0,-2.304504123493339,-2.2395150489885105,0.0
2019-04-25,-0.0,-1.6033696291936432,1.0,-0.0,-2.4545320776927606,-2.299367274867569,0.0
2019-04-26,-0.0,-1.5891632878732032,1.0,-0.0,-2.467674161444895,-2.315075562108367,0.0
2019-04-29,-0.0,-1.581115943097221,1.0,-0.0,-2.4674578020196063,-2.3222525245079972,0.0
2019-04-30,-0.0,-1.5832780847145487,1.0,-0.0,-2.4663720073664823,-2.31683241252302,0.0
2019-05-01,-0.0,-1.5848639079442355,1.0,-0.0,-2.4842516780998745,-2.307221361658184,0.0
2019-05-02,-0.0,-1.5875718708536046,1.0,-0.0,-2.455919209789179,-2.3278785198289844,0.0
2019-05-03,-0.0,-1.5886645047169812,1.0,-0.0,-2.4548201650943398,-2.3267983490566038,0.0
2019-05-06,-0.0,-1.5318976921946201,1.0,-0.0,-2.4698662354843455,-2.347861237689255,0.0
2019-05-07,-0.0,-1.5299440847557384,1.0,-0.0,-2.472042377869335,-2.3553560918187166,0.0
2019-05-08,-0.0,-1.5045315012425085,1.0,-0.0,-2.4455488963601812,-2.358792574185061,0.0
2019-05-09,-0.0,-1.5025210084033613,1.0,-0.0,-2.452100840336134,-2.352648885641213,0.0
2019-05-10,-0.0,-1.501497552779604,1.0,-0.0,-2.4588355613996637,-2.344802396084447,0.0
2019-05-13,-0.0,-1.5025622254758417,1.0,-0.0,-2.4599560761347,-2.358125915080527,0.0
2019-05-14,-0.0,-1.3753333813883082,1.0,-0.0,-2.490232826353348,-2.3426079434873497,0.0
2019-05-15,-0.0,-1.387450414713307,1.0,-0.0,-2.510277677605482,-2.314677244861161,0.0
2019-05-16,-0.0,-1.3989742107924583,1.0,-0.0,-2.50494834934624,-2.3199450986057935,0.0
2019-05-17,-0.0,-1.3736675309709019,1.0,-0.0,-2.4746470757706716,-2.35422068568136,0.0
2019-05-20,-0.0,-1.3652849740932642,1.0,-0.0,-2.4755325273459987,-2.355497985031664,0.0
2019-05-21,-0.0,-1.3713976164680393,1.0,-0.0,-2.4832069339111595,-2.3682195738533767,0.0
2019-05-22,-0.0,-1.3592499098449333,1.0,-0.0,-2.48856833754057,-2.3645870897944463,0.0
2019-05-23,-0.0,-1.3556741937811123,1.0,-0.0,-2.5225452709039753,-2.3362672245869707,0.0
2019-05-24,-0.0,-1.304500753714737,1.0,-0.0,-2.5287488335367168,-2.3449860024406006,0.0
2019-05-28,-0.0,-1.279532669839896,1.0,-0.0,-2.5610125486802247,-2.371339968267705,0.0
2019-05-29,-0.0,-1.3048174551739038,1.0,-0.0,-2.567365161661986,-2.3287967163534242,0.0
2019-05-30,-0.0,-1.3001653605579122,1.0,-0.0,-2.560716083111654,-2.3287799266661873,0.0
2019-05-31,-0.0,-1.3037819959735402,1.0,-0.0,-2.563272936439459,-2.323123382226057,0.0
2019-06-03,-0.0,-1.310364464692483,1.0,-0.0,-2.5517511389521643,-2.2563354214123006,0.0
2019-06-04,-0.0,-1.3106049822064056,1.0,-0.0,-2.5683985765124553,-2.2385053380782916,0.0
2019-06-05,-0.0,-1.281123092003921,1.0,-0.0,-2.6003360873827193,-2.12029127573169,0.0
2019-06-06,-0.0,-1.29605033205173,1.0,-0.0,-2.578049632995456,-2.1165326808808107,0.0
2019-06-07,-0.0,-1.334478407178912,1.0,-0.0,-2.563166012338755,-2.113081884464386,0.0
2019-06-10,-0.0,-1.3450332963374028,1.0,-0.0,-2.4975027746947838,-2.0942008879023306,0.0
2019-06-11,-0.0,-1.3515109412990622,1.0,-0.040291767974991316,-2.480653004515457,-2.0744008336227857,0.0
2019-06-12,-0.0,-1.3363617449198972,1.0,-0.03093140994521118,-2.481309383452389,-2.0867605243082044,0.0
2019-06-13,-0.0,-1.3799888749826172,1.0,-0.07210401891252956,-2.4543874287303575,-2.046655541649284,0.0
2019-06-14,-0.0,-1.4036309900781088,1.0,-0.06600520723383295,-2.4817394975723035,-2.0854267820702277,0.0
2019-06-17,-0.0,-1.3739689028396234,1.0,-0.10161325644207607,-2.6647200525585806,-2.159500693481276,0.0
2019-06-18,-0.0,-1.3757297139521307,1.0,-0.09975189725627555,-2.6646234676007006,-2.156961471103328,0.0
2019-06-19,-0.0,-1.3694563135405924,1.0,-0.14373066155886252,-2.7139384116693677,-2.1399734787092974,0.0
2019-06-20,-0.0,-1.3832680511418223,1.0,-0.12807626930751606,-2.727292883009386,-2.151725666986919,0.0
2019-06-21,-0.0,-1.3935007385524372,1.0,-0.12813884785819796,-2.7093057607090105,-2.154579025110783,0.0
2019-06-24,-0.0,-1.3523931174393267,1.0,-0.131790517694793,-2.781952062514088,-2.2475768277105717,0.0
2019-06-25,-0.0,-1.360633484162896,1.0,-0.1260180995475113,-2.7951734539969837,-2.259653092006033,0.0
2019-06-26,-0.0,-1.3536365005270292,1.0,-0.1003613913567234,-2.7641168498720075,-2.3108718566480952,0.0
2019-06-27,-0.0,-1.3532274005930205,1.0,-0.15760662966623581,-2.807040218961453,-2.2848779746065535,0.0
2019-06-28,-0.0,-1.3169805589307413,1.0,-0.16828675577156743,-2.8244987849331715,-2.2844775212636694,0.0
2019-07-01,-0.0,-1.2929493545183715,1.0,-0.18982507065923154,-2.8857994041708044,-2.2701856237109466,0.0
2019-07-02,-0.0,-1.3084618909424164,1.0,-0.17664579196578586,-2.878188483274782,-2.273865892775317,0.0
2019-07-03,-0.0,-1.3042946660553263,1.0,-0.18057465994192268,-2.8822405624331346,-2.2745682408681036,0.0
2019-07-05,-0.0,-1.2952170264703637,1.0,-0.17934243649401174,-2.8763444961476847,-2.2775192615760163,0.0
2019-07-08,-0.0,-1.296,1.0,-0.17363809523809523,-2.8703238095238093,-2.2790857142857144,0.0
2019-07-09,-0.0,-1.287844211166895,1.0,-0.1702418986764035,-2.870074547390842,-2.2787159592271413,0.0
2019-07-10,-0.0,-1.2852034994294408,1.0,-0.16934195511601366,-2.8730315709395207,-2.2798782807151006,0.0
2019-07-11,-0.0,-1.221868211440985,1.0,-0.2055032585083273,-2.707313540912382,-2.1065170166545983,0.0
2019-07-12,-0.0,-1.1797999858145967,1.0,-0.21377402652670402,-2.67380665295411,-2.0253918717639547,0.0
2019-07-15,-0.0,-1.2239778927230214,1.0,-0.2551548217955077,-2.646708708283143,-1.9597534188336994,0.0
2019-07-16,-0.0,-1.2476265258048398,1.0,-0.2397744307231066,-2.669997858519523,-1.9807980583910345,0.0
2019-07-17,-0.0,-1.2720462328767124,1.0,-0.22873858447488582,-2.663384703196347,-1.970462328767123,0.0
2019-07-18,-0.0,-1.2684573296383146,1.0,-0.21601648546862787,-2.6629005897818523,-1.9584310381581755,0.0
2019-07-19,-0.0,-1.2762773462552555,1.0,-0.22390080524478012,-2.6712035915342405,-1.9546782583909355,0.0
2019-07-22,-0.0,-1.2726884171534407,1.0,-0.21577147741843566,-2.6684000569881747,-1.966661917652087,0.0
2019-07-23,-0.0,-1.2844485398355543,1.0,-0.21477176070314713,-2.6439608732633966,-1.9449957470938473,0.0
2019-07-24,-0.0,-1.2856231390897492,1.0,-0.23826740394158516,-2.6390897490429603,-1.9262725081525593,0.0
2019-07-25,-0.0,-1.280028328611898,1.0,-0.23774787535410769,-2.643342776203966,-1.9211048158640227,0.0
2019-07-26,-0.0,-1.2483474305210036,1.0,-0.25069301300732105,-2.6726135475158146,-1.936171725069301,0.0
2019-07-29,-0.0,-1.2332811610700058,1.0,-0.25362834376778604,-2.6750853727945363,-1.9524046670461015,0.0
2019-07-30,-0.0,-1.211489761956443,1.0,-0.277838072498372,-2.728890818319948,-2.017147818537009,0.0
2019-07-31,-0.0,-1.267906436147029,1.0,-0.2745169257591166,-2.717565015254976,-2.0042859218364084,0.0
2019-08-01,-0.0,-1.3039222794170957,1.0,-0.26810701080258104,-2.6998477488581165,-1.9781773363300224,0.0
2019-08-02,-0.0,-1.2927376728694517,1.0,-0.2608066034320469,-2.6932155528202157,-1.9937730794294402,0.0
2019-08-05,-0.0,-1.2843996811825231,1.0,-0.23882327367582062,-2.715527860299978,-2.007028476197377,0.0
2019-08-06,-0.0,-1.270840661273303,1.0,-0.2049243756595146,-2.5976785086176575,-1.9613788251846642,0.0
2019-08-07,-0.0,-1.283964443200112,1.0,-0.17288444040036396,-2.5787079162875344,-1.9638132568068873,0.0
2019-08-08,-0.0,-1.283273822026185,1.0,-0.17006231183924944,-2.581040397675558,-1.9669537212070294,0.0
2019-08-09,-0.0,-1.2446053181122092,1.0,-0.14993735208130307,-2.5590978699707643,-2.0072393150494223,0.0
2019-08-12,-0.0,-1.2303894297635605,1.0,-0.18150208623087621,-2.571557719054242,-1.9705841446453407,0.0
2019-08-13,-0.0,-1.20748959778086,1.0,-0.16844660194174757,-2.581900138696255,-1.9770457697642165,0.0
2019-08-14,-0.0,-1.2174122505161733,1.0,-0.15567790777701307,-2.553819683413627,-1.9554026152787334,0.0
2019-08-15,-0.0,-1.2473814130362266,1.0,-0.17466141837347388,-2.4616051771298957,-1.7879111348322103,0.0
2019-08-16,-0.0,-1.2326834786080245,1.0,-0.18124958413733447,-2.455053563111318,-1.7848160223567766,0.0
2019-08-19,-0.0,-1.1905737704918034,1.0,-0.190309360126917,-2.46602326811211,-1.7633527234267583,0.0
2019-08-20,-0.0,-1.1947351102336294,1.0,-0.19440605462323132,-2.45357025337282,-1.7383349786113853,0.0
2019-08-21,-0.0,-1.2011305376626793,1.0,-0.21046404627316945,-2.444853424477455,-1.7164453792559484,0.0
2019-08-22,-0.0,-1.2088300799161538,1.0,-0.18878553648630944,-2.4377702083060395,-1.7151185641294382,0.0
2019-08-23,-0.0,-1.1955351280367696,1.0,-0.19080761654629022,-2.441891004596192,-1.7377544320420224,0.0
2019-08-26,-0.0,-1.1513593418600165,1.0,-0.17327591747541615,-2.4136512629346356,-1.6888617520406195,0.0
2019-08-27,-0.0,-1.144733550162622,1.0,-0.12634475856892668,-2.328058543907931,-1.6554916187140358,0.0
2019-08-28,-0.0,-1.1317877897894144,1.0,-0.13409985627694807,-2.3342498281572204,-1.6486908704617884,0.0
2019-08-29,-0.0,-1.107548346849657,1.0,-0.14485339987523393,-2.340361821584529,-1.645539613225203,0.0
2019-08-30,-0.0,-1.0871508379888268,1.0,-0.1505276225946617,-2.343761638733706,-1.6258845437616387,0.0
2019-09-03,-0.0,-1.1033798449612402,1.0,-0.17444961240310075,-2.320868217054264,-1.6028527131782946,0.0
2019-09-04,-0.0,-1.0750077423350881,1.0,-0.19083307525549706,-2.315391762155466,-1.6126354908640443,0.0
2019-09-05,-0.0,-1.0754232626367581,1.0,-0.14992971089786686,-2.3065827272171626,-1.5802212578693233,0.0
2019-09-06,-0.0,-1.0615140995188501,1.0,-0.16919422620135208,-2.321335038674706,-1.5384615384615383,0.0
2019-09-09,-0.0,-1.079815062659691,1.0,-0.1693636695461735,-2.314150139919698,-1.5201971042705926,0.0
2019-09-10,-0.0,-1.0667068757539202,1.0,-0.22201447527141135,-2.278890229191797,-1.463751507840772,0.0
2019-09-11,-0.0,-0.9930932971014493,1.0,-0.13949275362318841,-2.1371150362318843,-1.3915307971014492,0.0
2019-09-12,-0.0,-0.9856351091505485,1.0,-0.14212193190815517,-2.136918900576858,-1.390792896731139,0.0
2019-09-13,-0.0,-0.9838244443187603,1.0,-0.1413381596063571,-2.1380012442735143,-1.392681409422544,0.0
2019-09-16,-0.0,-0.984445701357466,1.0,-0.1474547511312217,-2.1330316742081448,-1.391233031674208,0.0
2019-09-17,-0.0,-0.9444696797637974,1.0,-0.1579037020213491,-2.1547808312514194,-1.420849420849421,0.0
2019-09-18,-0.0,-0.9516266394140691,1.0,-0.162550388917277,-2.1505706012604326,-1.4129336285698064,0.0
2019-09-19,-0.0,-0.936284486657621,1.0,-0.1584690185436454,-2.162426503844414,-1.3964269561284486,0.0
2019-09-20,-0.0,-0.9553657294789839,1.0,-0.20020365446625557,-2.128245743055948,-1.3733099507835038,0.0
2019-09-23,-0.0,-0.9579227545588402,1.0,-0.20506286102616378,-2.125042473666327,-1.3751274209989808,0.0
2019-09-24,-0.0,-0.9583734496233789,1.0,-0.20756640425893413,-2.1228974344452625,-1.3746955881520078,0.0
2019-09-25,-0.0,-0.9557087170216371,1.0,-0.20490367775831872,-2.1253036551607254,-1.363482289136207,0.0
2019-09-26,-0.0,-0.9118546293625612,1.0,-0.37363715027401206,-2.167060859532737,-1.3160657629074128,0.0
2019-09-27,-0.0,-0.8772257574873022,1.0,-0.3853114600969117,-2.212329966723101,-1.363185241403468,0.0
2019-09-30,-0.0,-0.7759607522485691,1.0,-0.46630066581006885,-2.2084452750846864,-1.3897325078845928,0.0
2019-10-01,-0.0,-0.7384938458846175,1.0,-0.4960625328122266,-2.199673336055533,-1.3991133407221608,0.0
2019-10-02,-0.0,-0.7387711739361389,1.0,-0.5537980286844124,-2.237974384701647,-1.3715988903972143,0.0
2019-10-03,-0.0,-0.7955142807079025,1.0,-0.5275392792477075,-2.207230886046376,-1.310437474446586,0.0
2019-10-04,-0.0,-0.8280321565886053,1.0,-0.5667016194803681,-2.143656064313177,-1.2870791098683443,0.0
2019-10-07,-0.0,-0.8396702850177047,1.0,-0.5446682533232716,-2.131827944505718,-1.2886167063330818,0.0
2019-10-08,-0.0,-0.8342339201673349,1.0,-0.5310557201789553,-2.152693045145546,-1.2922549532275869,0.0
2019-10-09,-0.0,-0.8447716206816601,1.0,-0.5111291444470206,-2.1722119174588452,-1.268258752608393,0.0
2019-10-10,-0.0,-0.8864816472694718,1.0,-0.5855565502834975,-2.1773202029245002,-1.3190092509698597,0.0
2019-10-11,-0.0,-0.9169144868604722,1.0,-0.6927838805607817,-2.142380287673727,-1.3170480063118286,0.0
2019-10-14,-0.0,-0.9092635706408527,1.0,-0.7242984928317608,-2.1642568312706776,-1.32881999754932,0.0
2019-10-15,-0.0,-0.9156198296464244,1.0,-0.7545192720142165,-2.1566885225810406,-1.300937557448373,0.0
2019-10-16,-0.0,-0.939337666357165,1.0,-0.8050758279170536,-2.1649025069637884,-1.2807180439492418,0.0
2019-10-17,-0.0,-0.8830109387553303,1.0,-0.8754094308139175,-2.134293306964959,-1.287374080711946,0.0
2019-10-18,-0.0,-0.9150416097379208,1.0,-0.9113774686374363,-2.086200471991057,-1.2977269904359707,0.0
2019-10-21,-0.0,-0.8387116716122652,1.0,-0.9104846686449061,-2.068558358061326,-1.3642433234421365,0.0
2019-10-22,-0.0,-0.8168326015707131,1.0,-0.918867107785542,-2.073959557232082,-1.3743120400717335,0.0
2019-10-23,-0.0,-0.8169623539593249,1.0,-0.8932434938492921,-2.0813500649069665,-1.3899981455152377,0.0
2019-10-24,-0.0,-0.7983800075348487,1.0,-1.0045209092050735,-2.085143790028883,-1.3909958558332287,0.0
2019-10-25,-0.0,-0.8003985800585415,1.0,-0.9816279504266053,-2.06165535280563,-1.3840692532851717,0.0
2019-10-28,-0.0,-0.8413531457477079,1.0,-1.0314258615238696,-2.131267783749605,-1.3191274106860573,0.0
2019-10-29,-0.0,-0.8278085274618332,1.0,-1.093303327048233,-1.918922206678426,-1.2423210267015388,0.0
2019-10-30,-0.0,-0.8310013383623311,1.0,-1.0937461978342864,-1.9168998661637668,-1.2417569047329358,0.0
2019-10-31,-0.0,-0.8098208279826331,1.0,-1.1290283128477954,-1.9120650645141564,-1.2642328624717176,0.0
2019-11-01,-0.0,-0.8279708279708279,1.0,-1.1467794324937182,-1.9113807685236255,-1.2424465281608137,0.0
2019-11-04,-0.0,-0.8086733133524986,1.0,-1.1628234142761025,-1.9261116887883052,-1.2189736375313476,0.0
2019-11-05,-0.0,-0.8331575355214991,1.0,-1.2776571322206365,-1.9048209964633616,-1.189055035056152,0.0
2019-11-06,-0.0,-0.8251183338592615,1.0,-1.2826759230041023,-1.9260965604291576,-1.2772483433259703,0.0
2019-11-07,-0.0,-0.8176753608508484,1.0,-1.2986832109394784,-1.9313750316535834,-1.2829830336794126,0.0
2019-11-08,-0.0,-0.7992647524877987,1.0,-1.3071559865627178,-1.9392153134309438,-1.2927045699435888,0.0
2019-11-11,-0.0,-0.7798270893371757,1.0,-1.3695805315401857,-1.940313800832533,-1.3143772014089017,0.0
2019-11-12,-0.0,-0.771336966976595,1.0,-1.3703109971144598,-1.9501763385700546,-1.3204873356845142,0.0
2019-11-13,-0.0,-0.7884615384615384,1.0,-1.5364338042909471,-1.9118916797488228,-1.3043563579277866,0.0
2019-11-14,-0.0,-0.7820840710866287,1.0,-1.562791002688701,-1.908977637877894,-1.3039543576627977,0.0
2019-11-15,-0.0,-0.7776245814457357,1.0,-1.582955813800801,-1.8998095988444619,-1.3052327489987525,0.0
2019-11-18,-0.0,-0.7722595963593193,1.0,-1.597150771666007,-1.9159081915314604,-1.310117398760058,0.0
2019-11-19,-0.0,-0.8903706743263576,1.0,-1.628846942962659,-1.959718232799891,-1.3601422514019972,0.0
2019-11-20,-0.0,-0.8752992680757918,1.0,-1.6048293316916344,-1.9699705862234083,-1.3902455708324784,0.0
2019-11-21,-0.0,-0.8324993049763691,1.0,-1.7251181540172364,-1.9392549346677785,-1.4534334167361689,0.0
2019-11-22,-0.0,-0.6960176221668309,1.0,-1.4026433250246362,-1.6623384151643386,-1.0357660425482582,0.0
2019-11-25,-0.0,-0.696694452428859,1.0,-1.3789594711123887,-1.6419085944236849,-1.0312733544121875,0.0
2019-11-26,-0.0,-0.6670688268413192,1.0,-1.3834310008043202,-1.6519016431115707,-1.0427438814202,0.0
2019-11-27,-0.0,-0.628321618378193,1.0,-1.3780787473569918,-1.6598662780730327,-1.0483456197496999,0.0
2019-11-29,-0.0,-0.6226827864133564,1.0,-1.4447898675877953,-1.696833621185953,-0.9928036845135291,0.0
2019-12-02,-0.0,-0.6433750438545199,1.0,-1.531926090515729,-1.687638872646474,-0.9843293182083966,0.0
2019-12-03,-0.0,-0.6336467038068709,1.0,-1.4914113277623027,-1.6905756731662025,-0.9875232126276694,0.0
2019-12-04,-0.0,-0.677561061324899,1.0,-1.5227552275522755,-1.6883383119545483,-0.9685468283254262,0.0
2019-12-05,-0.0,-0.6542755344418052,1.0,-1.5854513064133018,-1.6661520190023753,-1.0323040380047506,0.0
2019-12-06,-0.0,-0.7347883597883598,1.0,-1.6134559884559883,-1.7010582010582012,-0.9632034632034633,0.0
2019-12-09,-0.0,-0.6707119741100325,1.0,-1.7061862086133932,-1.812671147622604,-1.033980582524272,0.0
2019-12-10,-0.0,-0.6668222429657288,1.0,-2.061674889985331,-2.025270036004801,-0.9137218295772769,0.0
2019-12-11,-0.0,-0.6554975922953452,1.0,-2.0789192081326915,-2.0274879614767256,-0.9261637239165329,0.0
2019-12-12,-0.0,-0.6225365023243632,1.0,-2.012571204085641,-1.992142997446474,-0.9203168991029921,0.0
2019-12-13,-0.0,-0.6151159725882973,1.0,-2.0465867158671585,-1.9987480231945176,-0.9289008961518187,0.0
2019-12-16,-0.0,-0.6167842309974291,1.0,-2.05629903091832,-1.998022282286242,-0.9212868349924189,0.0
2019-12-17,-0.0,-0.5673162393162393,1.0,-2.23548717948718,-2.126358974358974,-0.9084444444444445,0.0
2019-12-18,-0.0,-0.6049741836957313,1.0,-2.427096211184641,-2.264053523380118,-0.9760744673114683,0.0
2019-12-19,-0.0,-0.6340394448502557,1.0,-2.4443389335281225,-2.2459459459459463,-0.9802775748721696,0.0
2019-12-20,-0.0,-0.6725928139239561,1.0,-2.5175916934339284,-2.3025323074624637,-0.9771420034361695,0.0
2019-12-23,-0.0,-0.6794075847108982,1.0,-2.5260677687186774,-2.29164485002618,-0.9828708205550152,0.0
2019-12-24,-0.0,-0.6822975095355621,1.0,-2.520305137985192,-2.295639817515519,-0.9806297210380673,0.0
2019-12-26,-0.0,-0.6718703092164515,1.0,-2.5285199639747824,-2.3082407685379764,-0.9965475833083159,0.0
2019-12-27,-0.0,-0.6858433734939758,1.0,-2.5466114457831326,-2.300903614457831,-0.996762048192771,0.0
2019-12-30,-0.0,-0.6833105335157319,1.0,-2.618255053959568,-2.3458732330141356,-0.95250037999696,0.0
2019-12-31,-0.0,-0.6764166793951428,1.0,-2.6357110126775622,-2.3663510004582253,-0.9586069955704902,0.0
2020-01-02,-0.0,-0.6891431169027957,1.0,-2.6073187362678993,-2.3360860671262977,-0.94378361997121,0.0
2020-01-03,-0.0,-0.6975445574848924,1.0,-2.650807006807925,-2.3263979193758124,-0.974527652413371,0.0
2020-01-06,-0.0,-0.7196917148362235,1.0,-2.6665125240847782,-2.335028901734104,-0.9858959537572255,0.0
2020-01-07,-0.0,-0.6545454545454545,1.0,-2.4009904492394765,-2.1640608418818537,-0.8550406791651928,0.0
2020-01-08,-0.0,-0.6519376014682008,1.0,-2.3854026964071435,-2.1396908308039815,-0.8815557281005153,0.0
2020-01-09,-0.0,-0.6936862420733388,1.0,-2.2823959194926937,-2.0592087124345193,-0.8574579542321479,0.0
2020-01-10,-0.0,-0.700859993120055,1.0,-2.2830409356725148,-2.041623667010664,-0.8544203646370828,0.0
2020-01-13,-0.0,-0.7013893689085505,1.0,-2.2903850141701803,-2.058063178267782,-0.862445565770374,0.0
2020-01-14,-0.0,-0.6891626995239429,1.0,-2.374614953794455,-2.107042845141417,-0.8299495939512742,0.0
2020-01-15,-0.0,-0.7076999222230078,1.0,-2.4048645973272995,-2.1095241462207452,-0.8485469843738952,0.0
2020-01-16,-0.0,-0.7012430648219679,1.0,-2.386052391319615,-2.077322845705457,-0.8584170236673925,0.0
2020-01-17,-0.0,-0.6442390369733448,1.0,-2.467612496417312,-2.140226425910003,-0.9132989395242189,0.0
2020-01-21,-0.0,-0.6321806433288362,1.0,-2.4281048072143716,-2.147979833842221,-0.8924944969111694,0.0
2020-01-22,-0.0,-0.6617345132743363,1.0,-2.3806725663716817,-2.1747964601769914,-0.8625132743362832,0.0
2020-01-23,-0.0,-0.6509675583380763,1.0,-2.377418895845191,-2.192373363688105,-0.8935685828116107,0.0
2020-01-24,-0.0,-0.6452542128762782,1.0,-2.4238801670747514,-2.2259830044649282,-0.906380527149647,0.0
2020-01-27,-0.0,-0.6315978456014362,1.0,-2.439784560143626,-2.192100538599641,-0.9178456014362657,0.0
2020-01-28,-0.0,-0.6830405163140911,1.0,-2.482681964861958,-2.1596271064897814,-0.8456794550017928,0.0
2020-01-29,-0.0,-0.6783086922362689,1.0,-2.461395614598957,-2.150703521177059,-0.8520105706735233,0.0
2020-01-30,-0.0,-0.6574783418056849,1.0,-2.472256032075607,-2.142621894465526,-0.8873773895611083,0.0
2020-01-31,-0.0,-0.6922634454989933,1.0,-2.469010641357492,-2.137618636755824,-0.8912136899626114,0.0
2020-02-03,-0.0,-0.6656532805429863,1.0,-2.4256928733031673,-2.098557692307692,-0.8802319004524887,0.0
2020-02-04,-0.0,-0.6365090403337968,1.0,-2.3831710709318497,-2.054242002781641,-0.8801808066759387,0.0
2020-02-05,-0.0,-0.6440537172919839,1.0,-2.383358715215284,-2.0469334071715353,-0.8479856015506022,0.0
2020-02-06,-0.0,-0.659575937564749,1.0,-2.4287588921886867,-2.0239657434905722,-0.7942537468057187,0.0
2020-02-07,-0.0,-0.6560082872928177,1.0,-2.425828729281768,-2.026174033149171,-0.7980662983425414,0.0
2020-02-10,-0.0,-0.6584861436646905,1.0,-2.4205156486970907,-2.022266648283469,-0.7924307183234524,0.0
2020-02-11,-0.0,-0.6635565312843029,1.0,-2.3904363336992316,-2.0124176728869374,-0.7941822173435785,0.0
2020-02-12,-0.0,-0.6634199876534742,1.0,-2.391041909595994,-2.01255230125523,-0.7922354070923932,0.0
2020-02-13,-0.0,-0.6663694354894025,1.0,-2.398929967761849,-2.009945812469991,-0.7838672062555732,0.0
2020-02-14,-0.0,-0.6623581986937092,1.0,-2.3986937091784117,-2.016844276383637,-0.797318666208319,0.0
2020-02-18,-0.0,-0.665429298137073,1.0,-2.393070736234275,-2.0109300886780783,-0.8047707431085447,0.0
2020-02-19,-0.0,-0.7307295606133535,1.0,-2.3876779206491094,-1.9627312108918382,-0.7949528983015884,0.0
2020-02-20,-0.0,-0.733360921442858,1.0,-2.392992620180702,-1.9704807228084695,-0.8001931167666735,0.0
2020-02-21,-0.0,-0.7363648852864405,1.0,-2.3835004808352798,-1.956862206347026,-0.7923478499793928,0.0
2020-02-24,-0.0,-0.763544758092346,1.0,-2.3947132307267585,-1.9611429360204296,-0.7823866381392781,0.0
2020-02-25,-0.0,-0.8297148835992676,1.0,-2.301857180224954,-1.7025241956578605,-0.705270729793356,0.0
2020-02-26,-0.0,-0.782103355620821,1.0,-2.191276635630819,-1.6538773979878774,-0.621570955445854,0.0
2020-02-27,-0.0,-0.7841384913442909,1.0,-2.1904880944940937,-1.6517717642647332,-0.623148553215424,0.0
2020-02-28,-0.0,-0.9381828805141689,1.0,-1.9609114811568802,-1.3727139935728894,-0.5710195734735612,0.0
2020-03-02,-0.0,-0.9137328048496154,1.0,-1.946549312193985,-1.3940312427139194,-0.5744928887852646,0.0
2020-03-03,-0.0,-1.0515868687970336,1.0,-1.6535609117679138,-1.2411931508343332,-0.5068709782964337,0.0
2020-03-04,-0.0,-1.1117345302981725,1.0,-1.6628192796836594,-1.1501549641979265,-0.4188842577749279,0.0
2020-03-05,-0.0,-1.20866480871548,1.0,-1.462731188244236,-1.0214846719027109,-0.3742082594375475,0.0
2020-03-06,-0.0,-1.289809395167342,1.0,-1.4289859422682474,-0.9556756215918755,-0.32828055430486763,0.0
2020-03-09,-0.0,-1.2561434799841458,1.0,-1.4104240982956797,-0.9450059453032105,-0.34284581847007534,0.0
2020-03-10,-0.20772438007461047,-0.8043010752688172,1.0,-1.2545534342769367,-0.8764538073293834,-0.24581961816984857,0.0
2020-03-11,-0.08640033999150021,-0.9775180620484487,1.0,-1.2737781555461112,-0.7654483637909052,-0.146748831279218,0.0
2020-03-12,-0.13203761755485893,-0.9310344827586208,1.0,-1.2053918495297806,-0.7437826541274817,-0.16748171368861026,0.0
2020-03-13,-0.30040671838517735,-0.727724636589591,1.0,-0.9446787677939295,-0.6332379302553287,-0.15986292084055134,0.0
2020-03-16,-0.21312697454829435,-0.8898157679883568,1.0,-0.8776046288736644,-0.5692378687302545,-0.0,0.0
2020-03-17,-0.35085338129008176,-0.6574938074717518,1.0,-0.6436157578636624,-0.5233958806962776,-0.21777340436361167,0.0
2020-03-18,-0.46475025013468796,-0.6505041176017856,1.0,-0.8449934580158548,-0.6283768182867698,-0.25956284153005466,0.0
2020-03-19,-0.4595131644311972,-0.6341472734915358,1.0,-0.8462302724597808,-0.6264664297451183,-0.25491994344453367,0.0
2020-03-20,-0.4627915017864689,-0.6954934880325789,1.0,-0.8305735909946597,-0.6261861769564716,-0.22682392715816974,0.0
2020-03-23,-0.4596519288624853,-0.7191439125633117,1.0,-0.7921093720248296,-0.6163981872881679,-0.22087665181461597,0.0
2020-03-24,-0.46218039096139923,-0.712189917311283,1.0,-0.7920588347368822,-0.6165834698776818,-0.22756544602370157,0.0
2020-03-25,-0.454034184892483,-0.6925197573975372,1.0,-0.7218158426759786,-0.5984561661459291,-0.20896893953317403,0.0
2020-03-26,-0.4663925700231269,-0.6932931977533865,1.0,-0.7051136155060387,-0.5968209683932308,-0.20931683858889175,0.0
2020-03-27,-0.46059372842556595,-0.6891464699683877,1.0,-0.6921986846408197,-0.5940191126775916,-0.197667235928927,0.0
2020-03-30,-0.4643442772291658,-0.6968625879094851,1.0,-0.6898662682651313,-0.5983675254163174,-0.19447582261414567,0.0
2020-03-31,-0.4584892635250518,-0.7004323656578135,1.0,-0.6912763870217637,-0.5929586164298951,-0.1902045561893689,0.0
2020-04-01,-0.4586799574889141,-0.6837321801590501,1.0,-0.72613332356067,-0.5964012166965954,-0.19976545607798588,0.0
2020-04-02,-0.4752241623407268,-0.637056666787672,1.0,-0.7222928086543,-0.609285947653102,-0.18633608015391875,0.0
2020-04-03,-0.47226250906453954,-0.6408992023205221,1.0,-0.7231689630166788,-0.6022480058013053,-0.18723712835387962,0.0
2020-04-06,-0.476245696684182,-0.6319985504620402,1.0,-0.7200942199673854,-0.6066678746149665,-0.18883855770973004,0.0
2020-04-07,-0.4498156924697209,-0.5771107600491487,1.0,-0.6880463401790416,-0.6049499736703529,-0.19066175179919256,0.0
2020-04-08,-0.4501999018026233,-0.5729115522199622,1.0,-0.692046012485095,-0.6052465455565688,-0.18664515676509785,0.0
2020-04-09,-0.4503030515362786,-0.5704375853974705,1.0,-0.6934800126125494,-0.6048418176085204,-0.18442350138387695,0.0
2020-04-13,-0.457739824309663,-0.5490498022608756,1.0,-0.700381479018654,-0.6059216743079131,-0.18671473068981206,0.0
2020-04-14,-0.44699827264074454,-0.5819438079458527,1.0,-0.682377410371206,-0.6169492720414567,-0.19695420735361513,0.0
2020-04-15,-0.43262236902210194,-0.5906743033838153,1.0,-0.6718788432481816,-0.6160441336659757,-0.20260725956639375,0.0
2020-04-16,-0.4239433144146368,-0.605175027320478,1.0,-0.6679945006521663,-0.6199457115662566,-0.20812916416963376,0.0
2020-04-17,-0.43769470404984423,-0.596750212404418,1.0,-0.6840484282073067,-0.6230529595015576,-0.19849192863211554,0.0
2020-04-20,-0.45351754354969787,-0.5732659623334865,1.0,-0.6991979082011237,-0.6198014204445074,-0.18766121338468605,0.0
2020-04-21,-0.45884431878423754,-0.578830182010956,1.0,-0.6983919420392296,-0.6175295988690581,-0.18052659480473585,0.0
2020-04-22,-0.4464292005778106,-0.599654722897509,1.0,-0.6837895923616248,-0.6222386639890074,-0.1711235598773914,0.0
2020-04-23,-0.4356296374441748,-0.6101557829588212,1.0,-0.6760206772866335,-0.6198614481133734,-0.17487780004923165,0.0
2020-04-24,-0.43083142907365096,-0.612339602742134,1.0,-0.6785375285638953,-0.6195464932325541,-0.17430128317806293,0.0
2020-04-27,-0.4485694101024372,-0.622571529494878,1.0,-0.6616036736135641,-0.6220416813846698,-0.17756976333451077,0.0
2020-04-28,-0.43822702856533025,-0.6578563551634591,1.0,-0.6594571520045532,-0.6205044288712603,-0.18128134893813808,0.0
2020-04-29,-0.43606697237922576,-0.6631829654118233,1.0,-0.6513099427677651,-0.6178237531548826,-0.1864135651061107,0.0
2020-04-30,-0.4464653025874201,-0.7041247158168236,1.0,-0.6500667604922232,-0.6202951896358846,-0.1877232867814225,0.0
2020-05-01,-0.41045158457147035,-0.7596794261875137,1.0,-0.6566273878357608,-0.6147624972553611,-0.21803410671155676,0.0
2020-05-04,-0.4154160733194581,-0.7585350713842334,1.0,-0.6533391755212327,-0.6156205498959361,-0.20842005330996458,0.0
2020-05-05,-0.4192415987128387,-0.758803525066735,1.0,-0.6639119464657915,-0.6134493728745384,-0.2013017881303251,0.0
2020-05-06,-0.41574676511440894,-0.7598508662913956,1.0,-0.6539586227063383,-0.6143723956429564,-0.21130930623583596,0.0
2020-05-07,-0.4152573394831247,-0.764367816091954,1.0,-0.647448568709276,-0.6181638480122996,-0.21535251482538986,0.0
2020-05-08,-0.40973237788827144,-0.7685361216730039,1.0,-0.6497879496928927,-0.6145802866335186,-0.21340304182509506,0.0
2020-05-11,-0.4018602607294566,-0.777501098579171,1.0,-0.64622088765197,-0.6141423758605536,-0.22220594697524534,0.0
2020-05-12,-0.40057119841821975,-0.7777452308593606,1.0,-0.6423052982314817,-0.6146607594009739,-0.22628245029475302,0.0
2020-05-13,-0.4005338013235348,-0.763409016123725,1.0,-0.6491901575810757,-0.6201235786625718,-0.22295345691199592,0.0
2020-05-14,-0.40393818726482306,-0.7549410002557265,1.0,-0.6606510064662259,-0.624082124721441,-0.20962262083074565,0.0
2020-05-15,-0.41038476997844114,-0.762706909781854,1.0,-0.6648152884861328,-0.6237804655241714,-0.1923484488617678,0.0
2020-05-18,-0.4135382363702891,-0.7628979143798024,1.0,-0.6583241858763264,-0.6211489206000732,-0.2030735455543359,0.0
2020-05-19,-0.4138952914059927,-0.7611312333077233,1.0,-0.6643983463212966,-0.6226539348040829,-0.19646581055866533,0.0
2020-05-20,-0.4134552102376599,-0.7548080438756856,1.0,-0.6673126142595978,-0.6240950639853747,-0.196636197440585,0.0
2020-05-21,-0.416060262551651,-0.7529162248144221,1.0,-0.6706768566936044,-0.6245291988152265,-0.19252568837532455,0.0
2020-05-22,-0.41659050195590974,-0.7580521332212189,1.0,-0.6664351259459658,-0.6229298431616277,-0.19186195298504735,0.0
2020-05-26,-0.41540653079114614,-0.7590035795164,1.0,-0.6680546424136168,-0.6204616845642486,-0.18964131784644603,0.0
2020-05-27,-0.4052679714651546,-0.7671483446131334,1.0,-0.644411926102067,-0.6239253704042437,-0.21755990488384858,0.0
2020-05-28,-0.41388969732246794,-0.7488358556461001,1.0,-0.6555951688009313,-0.6244906868451688,-0.19517607683352736,0.0
2020-05-29,-0.41615243044278444,-0.7451192667171881,1.0,-0.6555158601277471,-0.6133665331456822,-0.1785211648803724,0.0
2020-06-01,-0.4151856668111545,-0.7535760728218466,1.0,-0.6415980349660454,-0.6174324519578096,-0.1844386649328132,0.0
2020-06-02,-0.4131093164118835,-0.7514061147966542,1.0,-0.6335448514565907,-0.6144361119123161,-0.1929622151716181,0.0
2020-06-03,-0.4118579924310687,-0.7520273923229411,1.0,-0.6392503153721392,-0.6111371418273563,-0.19001621913858355,0.0
2020-06-04,-0.4117540621720407,-0.7623493648898055,1.0,-0.6238193464336119,-0.6200919190822567,-0.2008830022075055,0.0
2020-06-05,-0.40301413325641766,-0.7717046437842515,1.0,-0.6274516873377559,-0.6084871646957024,-0.19476492644937987,0.0
2020-06-08,-0.396946290641279,-0.7558469552721394,1.0,-0.6400934075803845,-0.6076163104005748,-0.19206035566732532,0.0
2020-06-09,-0.39813715970798724,-0.7565001618297551,1.0,-0.6395152299780631,-0.6084439169993168,-0.19362031143237315,0.0
2020-06-10,-0.39784136546184734,-0.751362593230063,1.0,-0.6294463568559954,-0.6024096385542169,-0.2047117039586919,0.0
2020-06-11,-0.4426038942167974,-0.7140002906131938,1.0,-0.6971447253705317,-0.6175530369078756,-0.1613629758791049,0.0
2020-06-12,-0.43257696198872664,-0.7072192513368983,1.0,-0.6960904755022401,-0.6070602688249747,-0.17025581731464084,0.0
2020-06-15,-0.4379992048863349,-0.6984712132711699,1.0,-0.7041092919874228,-0.6093100581878637,-0.16422711337598034,0.0
2020-06-16,-0.4373802032476222,-0.7027232288163178,1.0,-0.706556724892409,-0.6085132544935083,-0.16133232071172832,0.0
2020-06-17,-0.4355036855036855,-0.6995591848533025,1.0,-0.7074360456713398,-0.608035843329961,-0.16270414799826563,0.0
2020-06-18,-0.4340113443404748,-0.7020846128834135,1.0,-0.7054445608584126,-0.6075725279092453,-0.16373423895371944,0.0
2020-06-19,-0.4338872832369942,-0.701300578034682,1.0,-0.7052384393063584,-0.6072615606936416,-0.16499277456647402,0.0
2020-06-22,-0.4357584300119267,-0.7017962340525498,1.0,-0.7004951389641837,-0.610828002457624,-0.16527521775271967,0.0
2020-06-23,-0.44310401043364855,-0.7071695105604464,1.0,-0.704017679237764,-0.6134478136434446,-0.1550556098974749,0.0
2020-06-24,-0.4429068250978119,-0.7076148384292131,1.0,-0.7041008549485582,-0.6132444573250254,-0.15479640631792493,0.0
2020-06-25,-0.4390005785363032,-0.7049464853919584,1.0,-0.7093939832224473,-0.6103919583453862,-0.1520827306913509,0.0
2020-06-26,-0.43866493281317737,-0.7018133217743101,1.0,-0.7115662476520734,-0.6082213552954776,-0.15192891200693542,0.0
2020-06-29,-0.4342793263856334,-0.6979192960946233,1.0,-0.7153726876059284,-0.6044859543471206,-0.15401536186938805,0.0
2020-06-30,-0.43682011382465247,-0.6910525178301276,1.0,-0.7186802103594843,-0.6027303508392767,-0.1527627692529357,0.0
2020-07-01,-0.42935232135793144,-0.6915165246161039,1.0,-0.71507174452476,-0.6059265652533535,-0.15438558636314598,0.0
2020-07-02,-0.4224435495469582,-0.6975406299439092,1.0,-0.7109521070041709,-0.6023658852293975,-0.16226808571839496,0.0
2020-07-06,-0.4242315297501348,-0.6970699262987596,1.0,-0.7106237641560309,-0.6020492539996405,-0.1612079813050512,0.0
2020-07-07,-0.4192401608733123,-0.7006966388968687,1.0,-0.7043952887101408,-0.6027721918988797,-0.16381786842861246,0.0
2020-07-08,-0.4193745068502977,-0.6951796858188078,1.0,-0.7071587404059967,-0.6049422566530377,-0.1598522344164694,0.0
2020-07-09,-0.41753870412844035,-0.6988603784403669,1.0,-0.702766628440367,-0.6024942660550459,-0.16205561926605505,0.0
2020-07-10,-0.415332258642307,-0.6979043524986566,1.0,-0.7020240014329213,-0.6023284972237148,-0.1647143113021673,0.0
2020-07-13,-0.4193421803652968,-0.7049800228310502,1.0,-0.6967037671232876,-0.5939283675799086,-0.15243293378995432,0.0
2020-07-14,-0.40924303923663036,-0.6900947091077405,1.0,-0.6879584134444208,-0.6031474756106245,-0.17004913480025635,0.0
2020-07-15,-0.40873440285204987,-0.688663101604278,1.0,-0.6927272727272727,-0.6037076648841354,-0.17122994652406417,0.0
2020-07-16,-0.4080165171579097,-0.6872063220845792,1.0,-0.6945749679624091,-0.5989961554891072,-0.1709739427595045,0.0
2020-07-17,-0.4123197436353926,-0.6896564002136372,1.0,-0.6958874844222895,-0.5949083140466441,-0.16784760548335412,0.0
2020-07-20,-0.4241709548313322,-0.6861778158947971,1.0,-0.6943967981703831,-0.5984133790737565,-0.17031160663236136,0.0
2020-07-21,-0.4239239239239239,-0.6855426855426855,1.0,-0.6956956956956957,-0.5995638495638496,-0.17027742027742027,0.0
2020-07-22,-0.4171105788137714,-0.692073933717064,1.0,-0.6900718601408601,-0.6020163741017482,-0.17389439061885525,0.0
2020-07-23,-0.4227077363896848,-0.6936962750716332,1.0,-0.6914398280802292,-0.6043696275071633,-0.16941260744985673,0.0
2020-07-24,-0.38706252745643577,-0.7327939669058426,1.0,-0.688168106604188,-0.6384902621174403,-0.21434324205593788,0.0
2020-07-27,-0.38888278589476,-0.7320297337873961,1.0,-0.6875022886227984,-0.6389834852978871,-0.21436156578417373,0.0
2020-07-28,-0.3879613356766257,-0.7297524897480961,1.0,-0.6849004100761571,-0.6405609256004687,-0.21818248388986528,0.0
2020-07-29,-0.3938771015343954,-0.7223037956097202,1.0,-0.6824755891637913,-0.6426473827178621,-0.22953527641142354,0.0
2020-07-30,-0.41859070464767617,-0.6829085457271364,1.0,-0.7100824587706148,-0.6816716641679161,-0.254872563718141,0.0
2020-07-31,-0.41229622378675496,-0.6852528142765709,1.0,-0.7128873159896087,-0.6912390346748993,-0.2632431007868679,0.0
2020-08-03,-0.3853120618439501,-0.7097275379893138,1.0,-0.7305316609193224,-0.6871423699268634,-0.2767440979195877,0.0
2020-08-04,-0.4093792043052085,-0.7301556794157218,1.0,-0.7512204497405343,-0.6943301941187777,-0.25888910244089947,0.0
2020-08-05,-0.413210740940217,-0.7285527429406786,1.0,-0.7518658151881203,-0.6957374778795107,-0.2577133184581057,0.0
2020-08-06,-0.4150363224045816,-0.7234116154821847,1.0,-0.7533151401007033,-0.693508090863666,-0.25840796402352306,0.0
2020-08-07,-0.4198358571263438,-0.7258505760413054,1.0,-0.7530535968866798,-0.6909798481871074,-0.26339922166994184,0.0
2020-08-10,-0.4133266533066132,-0.7321180823184832,1.0,-0.7514259287806382,-0.6913827655310621,-0.2656081393556343,0.0
2020-08-11,-0.421241464449674,-0.7296400601828633,1.0,-0.7593457042552371,-0.6928359245399484,-0.2548127001273099,0.0
2020-08-12,-0.4171164225134927,-0.7304548959136469,1.0,-0.7532382420971473,-0.6944101773323054,-0.25979182729375483,0.0
2020-08-13,-0.41410132922365633,-0.7350799460604892,1.0,-0.7453284530918899,-0.6937776921595069,-0.26449624349836254,0.0
2020-08-14,-0.43159975197643774,-0.7402340722368626,1.0,-0.7600372035343358,-0.6985738645171292,-0.24496202139203227,0.0
2020-08-17,-0.4318781017369727,-0.7410049627791564,1.0,-0.7591888957816378,-0.6976969602977668,-0.24740229528535984,0.0
2020-08-18,-0.435518465078189,-0.7334165269274265,1.0,-0.7377061966228601,-0.7229653316694614,-0.2700542058261514,0.0
2020-08-19,-0.4364076154806492,-0.7350967540574282,1.0,-0.7348236579275905,-0.7214029338327091,-0.27368133583021226,0.0
2020-08-20,-0.43486739469578783,-0.7332293291731669,1.0,-0.7346723868954758,-0.721801872074883,-0.27558502340093605,0.0
2020-08-21,-0.43492335894535666,-0.7318928195327431,1.0,-0.7393034049689925,-0.7219470338156714,-0.27224150707905925,0.0
2020-08-24,-0.43457907466645856,-0.7342981977061714,1.0,-0.7409690255129905,-0.721346648981821,-0.26987594600920656,0.0
2020-08-25,-0.43456722705464756,-0.7321839528806022,1.0,-0.7402192144166634,-0.7220813667745837,-0.2715606350196981,0.0
2020-08-26,-0.43304598822015056,-0.7322619651285253,1.0,-0.7408043062760854,-0.7223544096423139,-0.27210672075515857,0.0
2020-08-27,-0.44144073755762175,-0.7276349714821471,1.0,-0.744667552152512,-0.7257598249863271,-0.26709117899835927,0.0
2020-08-28,-0.439051037927267,-0.7322850007803964,1.0,-0.7418448571874513,-0.7237786795692212,-0.26502263149680033,0.0
2020-08-31,-0.44474425152510555,-0.731698732989207,1.0,-0.7478101048021274,-0.7280228374784921,-0.25825121226341313,0.0
2020-09-01,-0.44414030422711454,-0.7324912994173541,1.0,-0.7470769952684472,-0.7287373401634536,-0.25796738747898174,0.0
2020-09-02,-0.4426549917911031,-0.7338753811273552,1.0,-0.7465014463294504,-0.7279727933703386,-0.25803299194746304,0.0
2020-09-03,-0.44573885848318995,-0.740109460516028,1.0,-0.7513291634089131,-0.7240422204847536,-0.2480844409695074,0.0
2020-09-04,-0.4074548631333722,-0.7463793438167347,1.0,-0.7237429625315474,-0.730110658124636,-0.2750145602795574,0.0
2020-09-08,-0.39786739046141917,-0.7412563008918185,1.0,-0.7197363319115936,-0.7289647150058162,-0.28964715005816205,0.0
2020-09-09,-0.3785911058638331,-0.7702872884691067,1.0,-0.6735537190082644,-0.7726485635576545,-0.3403778040141677,0.0
2020-09-10,-0.384214680347277,-0.7718626677190213,1.0,-0.6810970797158642,-0.7762825572217836,-0.33287292817679554,0.0
2020-09-11,-0.38383559482486584,-0.7738639949510886,1.0,-0.6819580309245817,-0.7737851057115809,-0.33105869359419376,0.0
2020-09-14,-0.38077378602447687,-0.7647848401105408,1.0,-0.681484405842874,-0.7776154757204895,-0.3432688511646269,0.0
2020-09-15,-0.3787980560275001,-0.7707929985380695,1.0,-0.6822869335019164,-0.7749812319728161,-0.3443043976451065,0.0
2020-09-16,-0.38058904921921327,-0.766554655070172,1.0,-0.6791856098043092,-0.7759240956710812,-0.3510970547539039,0.0
2020-09-17,-0.36660063391442155,-0.77797147385103,1.0,-0.6709984152139461,-0.7771790808240887,-0.36921553090332804,0.0
2020-09-18,-0.3605328892589509,-0.774949446889497,1.0,-0.6736053288925896,-0.7785179017485429,-0.3773442765949011,0.0
2020-09-21,-0.3558328381857793,-0.7805902158843335,1.0,-0.6770053475935829,-0.7714002772826302,-0.376351752822341,0.0
2020-09-22,-0.3426590341046521,-0.8329436426670966,1.0,-0.6643957107151496,-0.7980327340159639,-0.39329194549705715,0.0
2020-09-23,-0.3306800274758576,-0.8285587296456423,1.0,-0.6747343327003111,-0.7980120408905411,-0.40858216493595706,0.0
2020-09-24,-0.32299137722620674,-0.8229913772262067,1.0,-0.6683858489805786,-0.7981303892336208,-0.4168345555645096,0.0
2020-09-25,-0.32336967453835935,-0.8206541416904695,1.0,-0.669268214185139,-0.7960735406525324,-0.41364605543710015,0.0
2020-09-28,-0.31883591928611626,-0.8167055229520058,1.0,-0.660503255888737,-0.7977329367312485,-0.42579789372136023,0.0
2020-09-29,-0.32200257152041145,-0.8083011893281903,1.0,-0.659112825458052,-0.8005464480874317,-0.4279974284795886,0.0
2020-09-30,-0.32227088271927357,-0.807505323636948,1.0,-0.661255976535819,-0.7989473261280083,-0.4278596970549239,0.0
2020-10-01,-0.3216308495681864,-0.8116890941956216,1.0,-0.660373568989757,-0.797951395862623,-0.42526611769431616,0.0
2020-10-02,-0.3311677830683561,-0.8237833911710112,1.0,-0.6681462351706884,-0.7979178435961585,-0.41421192801226697,0.0
2020-10-05,-0.320795033059184,-0.8324866956942428,1.0,-0.657635865183035,-0.7982583454281568,-0.4224318658280922,0.0
2020-10-06,-0.324376586230512,-0.8218990452403013,1.0,-0.6556016597510373,-0.8024412842927929,-0.42420335978729407,0.0
2020-10-07,-0.31908900692097214,-0.8288668920006439,1.0,-0.6510542411073555,-0.7986077579269275,-0.4261628842749075,0.0
2020-10-08,-0.32079343365253077,-0.8242938762372254,1.0,-0.6532147742818057,-0.80135994206164,-0.4238351975537137,0.0
2020-10-09,-0.31935302616792427,-0.8191924867554986,1.0,-0.650585968855354,-0.7917402472306951,-0.4325734467811848,0.0
2020-10-12,-0.31482224540566567,-0.8178316347002649,1.0,-0.6490650830591445,-0.7896637509028168,-0.44113634539764063,0.0
2020-10-13,-0.3074363599919823,-0.82220885949088,1.0,-0.6479454800561234,-0.7864501904189216,-0.44477851272800156,0.0
2020-10-14,-0.30595490769292377,-0.8243562532537745,1.0,-0.6462296263665853,-0.7825878018501462,-0.4455568459412919,0.0
2020-10-15,-0.30688190995032844,-0.8251081557442718,1.0,-0.6464909469636276,-0.7826470116968435,-0.4446803396891524,0.0
2020-10-16,-0.3032694927478163,-0.832278227422069,1.0,-0.6399551246093437,-0.780992066672009,-0.4502764644602933,0.0
2020-10-19,-0.3010179544725874,-0.8311958961205514,1.0,-0.639628085924976,-0.7825825585123437,-0.45331035588329593,0.0
2020-10-20,-0.29912340391466197,-0.8311251651122763,1.0,-0.6425169114998198,-0.7800104070768122,-0.449985990473522,0.0
2020-10-21,-0.2998799519807923,-0.8334933973589436,1.0,-0.6386954781912765,-0.780032012805122,-0.4494197679071628,0.0
2020-10-22,-0.30021606914212545,-0.8323463508322664,1.0,-0.637604033290653,-0.7806898207426377,-0.4504241357234315,0.0
2020-10-23,-0.30507524815882164,-0.8281700288184438,1.0,-0.6404098623118796,-0.781940441882805,-0.44696605827729746,0.0
2020-10-26,-0.30403648437812536,-0.8266191943033164,1.0,-0.6408769052286275,-0.7797335680281634,-0.44921390566868025,0.0
2020-10-27,-0.29984414338808296,-0.8275986092794628,1.0,-0.6439675498541342,-0.7797226551572554,-0.4452303880430004,0.0
2020-10-28,-0.31692172101594424,-0.8294207194936303,1.0,-0.645380979088214,-0.7847528242929253,-0.42957295088534575,0.0
2020-10-29,-0.3190085305005634,-0.8336150008047643,1.0,-0.650812811846129,-0.7993320457106068,-0.42105263157894735,0.0
2020-10-30,-0.32038170397809634,-0.8345144145595104,1.0,-0.6493396682235465,-0.8010146561443067,-0.4211628281526816,0.0
2020-11-02,-0.30864843121480295,-0.8301689460981497,1.0,-0.6468624296057925,-0.8025744167337088,-0.4343121480289622,0.0
2020-11-03,-0.3068912833708588,-0.834472499195883,1.0,-0.6502492762946286,-0.800619170151174,-0.428353168221293,0.0
2020-11-04,-0.30662006909295414,-0.8297983449827268,1.0,-0.6496344500682896,-0.8012372459227123,-0.4297019362095284,0.0
2020-11-05,-0.2841477568335534,-0.8456397326609836,1.0,-0.6354904550366189,-0.7970544683235282,-0.4397486693080402,0.0
2020-11-06,-0.2796738869794581,-0.8410598673167613,1.0,-0.6375589481256495,-0.7993765486371993,-0.43881384381744065,0.0
