Date,IWF,IWM,MTUM,NLOK,SPY,VLUE,VXX
2018-09-24,-1.098873137041076,-1.7954925481643038,-0.555652490003635,1.0,-1.43395129043984,-1.3861868411486733,0.0
2018-09-25,-1.1181217901687455,-1.8082905355832721,-0.5729273661041819,1.0,-1.444974321349963,-1.3924431401320614,0.0
2018-09-26,-1.119394206734304,-1.811645346272607,-0.5705043375974121,1.0,-1.4497132774591972,-1.400602852521688,0.0
2018-09-27,-1.1209251101321587,-1.802055800293686,-0.572099853157122,1.0,-1.4482378854625553,-1.3987518355359767,0.0
2018-09-28,-1.1206871237703713,-1.8014975774482453,-0.5726765526354426,1.0,-1.4478050212890912,-1.3983996476288356,0.0
2018-10-01,-1.1208984805109008,-1.800704690596785,-0.572928136240182,1.0,-1.4477721500403729,-1.3982235924539383,0.0
2018-10-02,-1.1217199558985667,-1.8110988607129732,-0.5714810731348768,1.0,-1.4478500551267914,-1.3981624402793091,0.0
2018-10-03,-1.1201086557521476,-1.8019969165259526,-0.5700756185302107,1.0,-1.4486454739005947,-1.4008516261654798,0.0
2018-10-04,-1.121818848551522,-1.7947928126145947,-0.5706637330399706,1.0,-1.4503850385038504,-1.3964063072973965,0.0
2018-10-05,-1.0997666277712952,-1.7825262543757294,-0.5451429404900817,1.0,-1.458065927654609,-1.407380396732789,0.0
2018-10-08,-1.0940133682069164,-1.7739029351932576,-0.5382882882882882,1.0,-1.4567712874164485,-1.4024266201685556,0.0
2018-10-09,-1.0925440512596476,-1.7794524537643805,-0.5293432357652541,1.0,-1.4658511722731906,-1.4140090286879279,0.0
2018-10-10,-1.0925710123816461,-1.7809176984705024,-0.5281864530225783,1.0,-1.4665695557174072,-1.4150764748725417,0.0
2018-10-11,-0.9967978367608341,-1.8137764178467233,-0.3655447235465737,1.0,-1.4679427880167937,-1.4719277022699782,0.0
2018-10-12,-0.9954593084177435,-1.7922458959133776,-0.3452322738386308,1.0,-1.4273140062871115,-1.4254977296542088,0.0
2018-10-15,-0.9669404231625834,-1.8343541202672606,-0.3016425389755011,1.0,-1.4258073496659243,-1.4310968819599108,0.0
2018-10-16,-0.9641811846689897,-1.852473867595819,-0.29066202090592336,1.0,-1.4281533101045298,-1.433240418118467,0.0
2018-10-17,-0.9203623580313685,-1.7695375878853434,-0.25615197404002166,1.0,-1.3966333153055706,-1.417725797728502,0.0
2018-10-18,-0.9194998310239946,-1.7680973301791145,-0.25643798580601557,1.0,-1.39743156471781,-1.417573504562352,0.0
2018-10-19,-0.8950073421439059,-1.7458950740889068,-0.23000934454678945,1.0,-1.3933386730743558,-1.4104258443465492,0.0
2018-10-22,-0.8956388370232062,-1.7395305414777271,-0.2265270738863697,1.0,-1.3949719925313415,-1.411776473726327,0.0
2018-10-23,-0.8972598173211547,-1.7386492432828855,-0.2305487032468831,1.0,-1.3913594239615972,-1.4092939529301953,0.0
2018-10-24,-0.8967445576193328,-1.734904467079422,-0.22055788562678916,1.0,-1.3930497303774714,-1.4120897410292257,0.0
2018-10-25,-0.8216524216524217,-1.6280468502690724,-0.18638809749920862,1.0,-1.3631528964862298,-1.3318771763216206,0.0
2018-10-26,-0.7955040787097577,-1.599539199202939,-0.15773086742636525,1.0,-1.362413599850551,-1.3118500529298212,0.0
2018-10-29,-0.7710806132542037,-1.6111523244312564,-0.1326038575667656,1.0,-1.3500247279920872,-1.3171364985163205,0.0
2018-10-30,-0.7745668316831684,-1.6124999999999998,-0.13446782178217823,1.0,-1.3510519801980199,-1.3155321782178218,0.0
2018-10-31,-0.7872564181874422,-1.5854005567584288,-0.1326322301268172,1.0,-1.362078564800495,-1.3187751314568514,0.0
2018-11-01,-0.7773871206513694,-1.59159881569208,-0.12293362941031336,1.0,-1.3594867999013078,-1.31686405132001,0.0
2018-11-02,-0.7787210651682649,-1.5518841995968973,-0.1162890123984609,1.0,-1.357906309167532,-1.3028156110670006,0.0
2018-11-05,-0.7769686497161196,-1.6060232041471245,-0.11503332510491238,1.0,-1.378116514440879,-1.2951740311034314,0.0
2018-11-06,-0.775305895439377,-1.6052403905574095,-0.11759980224941292,1.0,-1.3815968359906068,-1.299962921764924,0.0
2018-11-07,-0.8328348504551366,-1.6949284785435632,-0.1081924577373212,1.0,-1.4785435630689208,-1.3874512353706112,0.0
2018-11-08,-0.796256994018908,-1.7021030291337065,-0.06411987909190302,1.0,-1.4694835680751175,-1.399318284134028,0.0
2018-11-09,-0.7968478610485686,-1.7024123512383402,-0.06426503698938565,1.0,-1.469604374396912,-1.3997426825345771,0.0
2018-11-12,-0.7951475577747904,-1.6740925676973308,-0.06036745406824147,1.0,-1.477882337878497,-1.3941489021189426,0.0
2018-11-13,-0.7645085754066198,-1.670780330358838,-0.018986140117714066,1.0,-1.4838934244668058,-1.3904816150876524,0.0
2018-11-14,-0.7654094418428048,-1.6698519174788002,-0.019174788001518797,1.0,-1.4839260853056575,-1.3899506391596002,0.0
2018-11-15,-0.7709855753955644,-1.6844379487831223,-0.013407892228506068,1.0,-1.5020651966702674,-1.3835546800533773,0.0
2018-11-16,-0.76737561716673,-1.673123180149386,-0.013482719331560956,1.0,-1.4953158627674388,-1.3806177997214837,0.0
2018-11-19,-0.7680911680911681,-1.672048116492561,-0.018233618233618232,1.0,-1.4933206710984488,-1.379423868312757,0.0
2018-11-20,-0.7203957667981715,-1.6555200701358883,-0.0,1.0,-1.4912643246289685,-1.3948900995679128,0.0
2018-11-21,-0.7177807982206845,-1.6357963672309404,-0.0,1.0,-1.4749165945879155,-1.3496849128876807,0.0
2018-11-23,-0.7199135535659154,-1.616671812287743,-0.0,1.0,-1.4847792528558197,-1.3534424205001543,0.0
2018-11-26,-0.7188658265381764,-1.6254633061527055,-0.0,1.0,-1.482394366197183,-1.3507536446750679,0.0
2018-11-27,-0.7003433055419324,-1.6238352133398726,-0.0,1.0,-1.4691638057871508,-1.3370524767042669,0.0
2018-11-28,-0.6999018886436105,-1.6276060829040961,-0.0,1.0,-1.467991169977925,-1.3364606328182487,0.0
2018-11-29,-0.650144543483498,-1.595458925560106,-0.0,1.0,-1.4481450252951096,-1.328896651409299,0.0
2018-11-30,-0.6504848521351563,-1.596398241281696,-0.0,1.0,-1.4498584593145816,-1.3263867975667047,0.0
2018-12-03,-0.6466751223047653,-1.6048801111312436,-0.0,1.0,-1.456483662499245,-1.3317630005435768,0.0
2018-12-04,-0.6321203007518796,-1.6078195488721803,-0.0,1.0,-1.4487819548872178,-1.3263157894736841,0.0
2018-12-06,-0.6022038246268657,-1.503556436567164,-0.0,1.0,-1.447003264925373,-1.277460354477612,0.0
2018-12-07,-0.6093275741302825,-1.504727994396451,-0.0,1.0,-1.4489259864580901,-1.2741069343917815,0.0
2018-12-10,-0.564659881547927,-1.5025587947789085,-0.0,1.0,-1.439422689897073,-1.2434592605370594,0.0
2018-12-11,-0.5735657978019449,-1.5004890960354451,-0.0,1.0,-1.442775763852926,-1.2371828068358364,0.0
2018-12-12,-0.5754331433834111,-1.5006043861163874,-0.0,1.0,-1.4436769700109364,-1.2363437517987683,0.0
2018-12-13,-0.5748764509826456,-1.4954028272612343,-0.0,1.0,-1.4431674520170092,-1.2330191931961842,0.0
2018-12-14,-0.5779653232288436,-1.4852451486967504,-0.0,1.0,-1.4460328395912274,-1.2319439660121714,0.0
2018-12-17,-0.5607668606641562,-1.479002624671916,-0.0,1.0,-1.4309597169918977,-1.2350793107383318,0.0
2018-12-18,-0.5419300225733634,-1.4581828442437923,-0.0,1.0,-1.4170428893905191,-1.2261851015801355,0.0
2018-12-19,-0.5433715220949265,-1.4578136463683051,-0.0,1.0,-1.4165020599356624,-1.2259721203228175,0.0
2018-12-20,-0.5381899691790417,-1.4341832446063323,-0.0,1.0,-1.4171476604090782,-1.2142336789016532,0.0
2018-12-21,-0.5289210233592881,-1.427919911012236,-0.0,1.0,-1.4111790878754173,-1.1937152391546162,0.0
2018-12-24,-0.5091720376797224,-1.4047815788024018,-0.0,1.0,-1.3989974108962706,-1.1957803117941939,0.0
2018-12-26,-0.5022302001740644,-1.4074738903394255,-0.0,1.0,-1.3617819843342038,-1.1680809399477805,0.0
2018-12-27,-0.41141967298209187,-1.3465870750064886,-0.0,1.0,-1.265351674020244,-1.1674539320010382,0.0
2018-12-28,-0.40739396453385873,-1.3497355594731928,-0.0,1.0,-1.2636627605516955,-1.16431608420616,0.0
2018-12-31,-0.40811987970548586,-1.348854091050503,-0.0,1.0,-1.2636627605516955,-1.1644716374572228,0.0
2019-01-02,-0.4047113642246959,-1.347450168263008,-0.0,1.0,-1.2612477349210458,-1.1639658296660627,0.0
2019-01-03,-0.41111341059602646,-1.3443708609271523,-0.0,1.0,-1.2649524006622517,-1.1534043874172184,0.0
2019-01-04,-0.36863449691991784,-1.3548254620123203,-0.0,1.0,-1.2492813141683778,-1.1607289527720739,0.0
2019-01-07,-0.3358343337334935,-1.3092236894757903,-0.0,1.0,-1.2314925970388155,-1.125450180072029,0.0
2019-01-08,-0.3397074242348595,-1.2877827150631584,-0.0,1.0,-1.2433970742423486,-1.1218732837385792,0.0
2019-01-09,-0.3362558533426323,-1.2755803526950285,-0.0,1.0,-1.2427020025904154,-1.12702998904055,0.0
2019-01-10,-0.33648628466172154,-1.273609797381391,-0.0,1.0,-1.2425947129984567,-1.1256036242345795,0.0
2019-01-11,-0.33738904956617133,-1.267527675276753,-0.0,1.0,-1.2472823376882418,-1.134337289318839,0.0
2019-01-14,-0.34761144908746383,-1.2665802333699012,-0.0,1.0,-1.2458362421462053,-1.1265084272464347,0.0
2019-01-15,-0.34629611116665,-1.2664200739778066,-0.0,1.0,-1.2471758472458263,-1.1386084174747575,0.0
2019-01-16,-0.33210442407333596,-1.2703766440813071,-0.0,1.0,-1.2355520127540853,-1.144031486648067,0.0
2019-01-17,-0.336105577689243,-1.2644422310756973,-0.0,1.0,-1.2352589641434264,-1.1442231075697211,0.0
2019-01-18,-0.3456177296430004,-1.2546630565583634,-0.0,1.0,-1.2386682711592458,-1.1750401123144805,0.0
2019-01-22,-0.14815769131667098,-1.3532594692089668,-0.0,1.0,-1.4196856480288587,-1.2322081937644935,0.0
2019-01-23,-0.14039167054203483,-1.322688988787268,-0.0,1.0,-1.4397251072185189,-1.2643517800857746,0.0
2019-01-24,-0.14118254583010587,-1.323470178156468,-0.0,1.0,-1.4352698166795768,-1.2640330493157759,0.0
2019-01-25,-0.12159362549800797,-1.3155378486055778,-0.0,1.0,-1.5379548472775564,-1.3370517928286851,0.0
2019-01-28,-0.13635638722024346,-1.2976449949497635,-0.0,1.0,-1.547445643506459,-1.334591462442188,0.0
2019-01-29,-0.12728148584274473,-1.2965797784081787,-0.0,1.0,-1.5624364395439705,-1.366161751324734,0.0
2019-01-30,-0.13007389953946663,-1.298275677412445,-0.0,1.0,-1.5631894612830675,-1.3635000535503912,0.0
2019-01-31,-0.11743562231759656,-1.317381974248927,-0.0,1.0,-1.5466201716738197,-1.383369098712446,0.0
2019-02-01,-0.11347517730496454,-1.3188265635074146,-0.0,1.0,-1.5537287771330324,-1.3868471953578336,0.0
2019-02-04,-0.0986218302094818,-1.3548511576626239,-0.0,1.0,-1.6013781697905183,-1.4577728776185226,0.0
2019-02-05,-0.09188175601147143,-1.3480035296712993,-0.0,1.0,-1.6025259210236045,-1.4727001985440105,0.0
2019-02-06,-0.08675496688741723,-1.3450331125827815,-0.0,1.0,-1.6048565121412803,-1.4821743929359823,0.0
2019-02-07,-0.08654376862788386,-1.3442432939618059,-0.0,1.0,-1.604536924605365,-1.4840490120322332,0.0
2019-02-08,-0.09443983402489627,-1.3434024896265562,-0.0,1.0,-1.6121715076071923,-1.4824896265560166,0.0
2019-02-11,-0.09785136781481893,-1.3273895226492414,-0.0,1.0,-1.6179532617122605,-1.4945730424188728,0.0
2019-02-12,-0.11749666518452645,-1.3224766562916852,-0.0,1.0,-1.6213872832369942,-1.4966651845264562,0.0
2019-02-13,-0.11162945684771743,-1.3403865378207265,-0.0,1.0,-1.6140175497056537,-1.487670776407864,0.0
2019-02-14,-0.13409002392477606,-1.3059589384076116,-0.0,1.0,-1.6313915317420578,-1.4924052745785346,0.0
2019-02-15,-0.13261269292918038,-1.3232295091101578,-0.0,1.0,-1.6272357497074723,-1.4888282164149997,0.0
2019-02-19,-0.15126892252894034,-1.3003116651825466,-0.0,1.0,-1.6307324131789849,-1.4831366874443455,0.0
2019-02-20,-0.1509433962264151,-1.3122391050258808,-0.0,1.0,-1.6254800467523793,-1.4771525574664666,0.0
2019-02-21,-0.15445113788487283,-1.306950022311468,-0.0,1.0,-1.6325858991521642,-1.483879964301651,0.0
2019-02-22,-0.15271430163861333,-1.3087727120722328,-0.0,1.0,-1.6315349459369077,-1.4804926986957976,0.0
2019-02-25,-0.1626280149980413,-1.3070121439364264,-0.0,1.0,-1.6385360120879737,-1.488107896356819,0.0
2019-02-26,-0.16468020815846904,-1.3077611773263946,-0.0,1.0,-1.6368418107548541,-1.486374573331095,0.0
2019-02-27,-0.17161254199328108,-1.3009518477043673,-0.0,1.0,-1.6399776035834266,-1.4866181410974244,0.0
2019-02-28,-0.16933676898946895,-1.3005825677795204,-0.0,1.0,-1.6404884606766748,-1.4912054671745463,0.0
2019-03-01,-0.16827138378862516,-1.3035714285714286,-0.0,1.0,-1.638602776533811,-1.4874048365427677,0.0
2019-03-04,-0.15956137406288462,-1.3018910148819514,-0.0,1.0,-1.6357838200738501,-1.4974823766364551,0.0
2019-03-05,-0.18259309107222968,-1.2932368775235532,-0.0,1.0,-1.6352063705697621,-1.4968034993270523,0.0
2019-03-06,-0.18747547233279138,-1.288781745809273,-0.0,1.0,-1.636261703201211,-1.4938610752929302,0.0
2019-03-07,-0.20670391061452514,-1.245754189944134,-0.0,1.0,-1.6502793296089386,-1.4837430167597765,0.0
2019-03-08,-0.21849118260183673,-1.2330272128007211,-0.040340300862020395,1.0,-1.6571637838751478,-1.4850977519860273,0.0
2019-03-11,-0.21784776902887137,-1.241983339039142,-0.06190802236676937,1.0,-1.6650690402830082,-1.51894328426338,0.0
2019-03-12,-0.21172131619892817,-1.198640004610154,-0.11421656197775602,1.0,-1.6764248256785572,-1.5616896213911142,0.0
2019-03-13,-0.23475485929794024,-1.2039454598201333,-0.14998549463301422,1.0,-1.6605744125326372,-1.5529445894981142,0.0
2019-03-14,-0.236822267323862,-1.20063786604813,-0.153029863728617,1.0,-1.6586836764279502,-1.5496085821977388,0.0
2019-03-15,-0.24450261780104712,-1.1899941826643397,-0.16329261198371148,1.0,-1.6595113438045377,-1.5600349040139618,0.0
2019-03-18,-0.24674712982042982,-1.2061819252281425,-0.21554312628790107,1.0,-1.653105681483662,-1.5659699735060346,0.0
2019-03-19,-0.24461793233972084,-1.2121480955760586,-0.220309912467471,1.0,-1.6583274189732669,-1.5790158504849774,0.0
2019-03-20,-0.2511873664212776,-1.2155663737829494,-0.22049394443125148,1.0,-1.6608881500831156,-1.588696271669437,0.0
2019-03-21,-0.2620742850361932,-1.2117004865313874,-0.22546576480360744,1.0,-1.667378663818678,-1.5666903999050672,0.0
2019-03-22,-0.2633114949374628,-1.1982727814175105,-0.26468135795116143,1.0,-1.6754615842763552,-1.5541989279332937,0.0
2019-03-25,-0.23082790588511412,-1.0979287684093177,-0.3150853722936103,1.0,-1.6832130493457726,-1.540515167517456,0.0
2019-03-26,-0.22133522559280938,-1.1121163739577788,-0.3364673880905919,1.0,-1.6857666607533557,-1.5576252143575184,0.0
2019-03-27,-0.2237160209918038,-1.0894510289521788,-0.3404092222418775,1.0,-1.6879532991332038,-1.5550445191343831,0.0
2019-03-28,-0.22062817333805643,-1.088617310190105,-0.3484472783091274,1.0,-1.6867989136852048,-1.5593930806470655,0.0
2019-03-29,-0.21490140512457198,-1.0840713189278546,-0.35866099893730075,1.0,-1.6850867871059156,-1.5612232849214784,0.0
2019-04-01,-0.21238624276090295,-1.0941969034393098,-0.3579955088051058,1.0,-1.6857936414135446,-1.5590946696607966,0.0
2019-04-02,-0.2255081001472754,-1.090721649484536,-0.40164948453608246,1.0,-1.6628571428571428,-1.5102209131075108,0.0
2019-04-03,-0.22755655042412817,-1.09059849198869,-0.4010956644674835,1.0,-1.6628770028275213,-1.5085414703110274,0.0
2019-04-04,-0.23532185805234612,-1.0898373025229897,-0.39259608582881395,1.0,-1.662166941759019,-1.5148549870313603,0.0
2019-04-05,-0.2512553907957701,-1.0794588527205056,-0.39640810539374965,1.0,-1.6647368110119924,-1.5158622319371418,0.0
2019-04-08,-0.25193409319081084,-1.0718124372527018,-0.3994566822181539,1.0,-1.6669816334967225,-1.515443217386169,0.0
2019-04-09,-0.2818046011353451,-1.0541977890648342,-0.4163728712279654,1.0,-1.6982372273677921,-1.5248879593665967,0.0
2019-04-10,-0.2823046247247188,-1.0456520445211595,-0.42283197428724484,1.0,-1.6946610320814237,-1.506576989464913,0.0
2019-04-11,-0.3019362526064939,-1.0176347929699137,-0.4415251712838844,1.0,-1.7019362526064938,-1.494727435210009,0.0
2019-04-12,-0.3024900457597908,-1.0120639448505377,-0.4400665596957271,1.0,-1.697688239139478,-1.4904617578891068,0.0
2019-04-15,-0.2951043959312355,-1.0162393670810779,-0.44024745702218787,1.0,-1.699185057402891,-1.4977098328475402,0.0
2019-04-16,-0.2988923296808004,-1.015424011434016,-0.4497379704621248,1.0,-1.697713196760362,-1.4934492615531205,0.0
2019-04-17,-0.29970238095238094,-0.9957142857142858,-0.4657142857142857,1.0,-1.702142857142857,-1.489047619047619,0.0
2019-04-18,-0.30948835547084397,-0.990053010899994,-0.4586336291619512,1.0,-1.6988504377866458,-1.4992554648877239,0.0
2019-04-22,-0.32387551520219815,-0.9947434442386954,-0.4525416641777671,1.0,-1.6993011170180994,-1.502897079027537,0.0
2019-04-23,-0.32421618393550317,-0.9936697521648254,-0.4520155270229919,1.0,-1.6989549119140044,-1.5031352642579874,0.0
2019-04-24,-0.3183038110574342,-0.9763225383193177,-0.45869863422198365,1.0,-1.6992902725591936,-1.511480885071867,0.0
2019-04-25,-0.31523621812100583,-0.9725258316908559,-0.47130143940751357,1.0,-1.7029803499970138,-1.5106014453801588,0.0
2019-04-26,-0.32179165171630186,-0.9642387274249491,-0.4790096878363832,1.0,-1.7070924530558544,-1.5080731969860064,0.0
2019-04-29,-0.0,-0.5206081210130257,-0.027961343061232283,1.0,-1.4350051568050726,-0.8363191871347262,0.0
2019-04-30,-0.0,-0.5598338450424417,-0.05569803142495937,1.0,-1.3100957197038108,-0.6864366985732346,0.0
2019-05-01,-0.0,-0.5287335808109652,-0.06753283837806967,1.0,-1.3257781267846942,-0.6473800685322673,0.0
2019-05-02,-0.0,-0.5350207054119663,-0.06215193488504926,1.0,-1.3169355990289877,-0.6557903755533343,0.0
2019-05-03,-0.0,-0.523028436358427,-0.05830527899147625,1.0,-1.3346823293460353,-0.6653534847073991,0.0
2019-05-06,-0.0,-0.4976232174130598,-0.06998105722148755,1.0,-1.3363951535079883,-0.6700739840594733,0.0
2019-05-07,-0.0,-0.4842427260439639,-0.0813118019492068,1.0,-1.3205876075976382,-0.6708045813473714,0.0
2019-05-08,-0.0,-0.4854024943310658,-0.10898526077097506,1.0,-1.2698058390022675,-0.6789257369614513,0.0
2019-05-09,-0.0,-0.48489356426876346,-0.11153614564516698,1.0,-1.2713137109056778,-0.6742464491906633,0.0
2019-05-10,-0.0,-0.4872366001979918,-0.11533022203365863,1.0,-1.2620562862395701,-0.6710154150756612,0.0
2019-05-13,-0.0,-0.5404007002528691,-0.03201711729235557,1.0,-1.4533359268624781,-0.864539972767944,0.0
2019-05-14,-0.0,-0.46045761670761676,-0.13333077395577395,1.0,-1.3983031326781328,-0.8469748157248158,0.0
2019-05-15,-0.0,-0.4701386488458732,-0.13861043899066713,1.0,-1.4040788109229174,-0.8278219456926682,0.0
2019-05-16,-0.0,-0.4719213336406238,-0.14189137282015823,1.0,-1.3984789121917491,-0.8288392102635015,0.0
2019-05-17,-0.0,-0.46371851567006345,-0.15066333397423573,1.0,-1.3876946741011345,-0.8433378196500673,0.0
2019-05-20,-0.0,-0.4409863814726475,-0.1678464260983304,1.0,-1.3891282603677773,-0.8490805570516272,0.0
2019-05-21,-0.0,-0.43729557086235427,-0.1768191788201793,1.0,-1.3835379228075577,-0.8504636933851542,0.0
2019-05-22,-0.0,-0.4331857555341675,-0.1807122232916266,1.0,-1.3844850818094323,-0.8514340712223292,0.0
2019-05-23,-0.0,-0.4296926095487247,-0.18185665371446158,1.0,-1.3864501981302657,-0.8491516946870311,0.0
2019-05-24,-0.0,-0.40736619988490314,-0.19355457510070978,1.0,-1.3851141377325917,-0.8505275273355074,0.0
2019-05-28,-0.0,-0.3958933026290539,-0.1945116100556515,1.0,-1.3901362502398773,-0.8574937631932451,0.0
2019-05-29,-0.0,-0.39505841792760005,-0.1933729170656962,1.0,-1.391380961501628,-0.8508714805592799,0.0
2019-05-30,-0.0,-0.3956368376658232,-0.1912813434552565,1.0,-1.3962502875546354,-0.8508933364005827,0.0
2019-05-31,-0.0,-0.4005446455968088,-0.18571647744706965,1.0,-1.3945228597729364,-0.8547483890764037,0.0
2019-06-03,-0.0,-0.406189186095318,-0.20837944060747127,1.0,-1.3898195138703398,-0.8113862708436677,0.0
2019-06-04,-0.0,-0.39930008075991236,-0.23674191439449294,1.0,-1.4538322501249856,-0.7558358650924893,0.0
2019-06-05,-0.0,-0.3955939063036921,-0.24794776831736093,1.0,-1.4453438203963194,-0.7292581421098852,0.0
2019-06-06,-0.0,-0.40261822067860004,-0.24476165031869013,1.0,-1.4380367161558718,-0.7312316323804435,0.0
2019-06-07,-0.0,-0.4236951624603872,-0.24508418922530642,1.0,-1.4213279370776222,-0.7279981673093812,0.0
2019-06-10,-0.0,-0.424425035279759,-0.2393302566840841,1.0,-1.4196193600061024,-0.7306533429955376,0.0
2019-06-11,-0.0,-0.4232328641370869,-0.2661031211750306,1.0,-1.4113372093023255,-0.7243344553243575,0.0
2019-06-12,-0.0,-0.4334711376512019,-0.2742688715357526,1.0,-1.4064461797580767,-0.7137115296279283,0.0
2019-06-13,-0.0,-0.45935473970921087,-0.2964284344189972,1.0,-1.390877354509533,-0.6896075497755783,0.0
2019-06-14,-0.0,-0.46078544281930206,-0.2980536680870667,1.0,-1.390840339360436,-0.6892778993435448,0.0
2019-06-17,-0.0,-0.46143820913830114,-0.297148114075437,1.0,-1.379178166206685,-0.6954538485127262,0.0
2019-06-18,-0.0,-0.47533683927680315,-0.2924263943802541,1.0,-1.382902767648075,-0.6879966220106714,0.0
2019-06-19,-0.0,-0.46937837527289444,-0.30403309203722856,1.0,-1.3804435252211882,-0.6762419089202957,0.0
2019-06-20,-0.0,-0.472741910749885,-0.30348106118693446,1.0,-1.3799263916577211,-0.6776184634258549,0.0
2019-06-21,-0.0,-0.4753865633273223,-0.3054521735794038,1.0,-1.378582665080766,-0.6774354448835515,0.0
2019-06-24,-0.0,-0.455000577656256,-0.3022682635652944,1.0,-1.3905726499017985,-0.7032002156583356,0.0
2019-06-25,-0.0,-0.4299090628853268,-0.3080302096177559,1.0,-1.405209617755857,-0.7100801479654748,0.0
2019-06-26,-0.0,-0.42753567296567685,-0.29915156189741615,1.0,-1.3910528345545703,-0.7387967605090628,0.0
2019-06-27,-0.0,-0.42345855372379443,-0.3035790123933439,1.0,-1.3903324195976987,-0.7434848075363885,0.0
2019-06-28,-0.0,-0.4124638240401312,-0.3070422535211268,1.0,-1.3960254678757475,-0.743237507235192,0.0
2019-07-01,-0.0,-0.4164540323204206,-0.3043377406634192,1.0,-1.3939147916183405,-0.7513724580530425,0.0
2019-07-02,-0.0,-0.41975737907587696,-0.3021944058105393,1.0,-1.3924045742543656,-0.7490727862772368,0.0
2019-07-03,-0.0,-0.4197898153156634,-0.3024109419673905,1.0,-1.3915848852484352,-0.7499034077737424,0.0
2019-07-05,-0.0,-0.4360191546949823,-0.34249427441182595,1.0,-1.542785758900687,-0.8427649385800541,0.0
2019-07-08,-0.0,-0.4352171921202782,-0.3430094540002499,1.0,-1.5432926575319645,-0.8432385156803133,0.0
2019-07-09,-0.0,-0.4176131618506765,-0.34712710873559377,1.0,-1.5499415400033407,-0.8610322365124436,0.0
2019-07-10,-0.0,-0.3897003589015942,-0.33970453217594526,1.0,-1.5756197312411317,-0.8682497287371672,0.0
2019-07-11,-0.0,-0.3841977783345861,-0.3487847657228765,1.0,-1.5791781508393885,-0.8639021130877809,0.0
2019-07-12,-0.0,-0.4016965442313317,-0.34637081609627685,1.0,-1.5737328151769672,-0.8568801972337136,0.0
2019-07-15,-0.0,-0.4377866733383371,-0.3731131682094905,1.0,-1.5448669835710116,-0.8140271870569594,0.0
2019-07-16,-0.0,-0.4965396408234779,-0.3520805957074025,1.0,-1.6515111695137976,-0.8801138852387209,0.0
2019-07-17,-0.0,-0.5233611966564012,-0.33941926968763747,1.0,-1.6568851737791466,-0.8798064232292124,0.0
2019-07-18,-0.0,-0.5209068454481298,-0.32952540578687367,1.0,-1.67356210303458,-0.8866884262526463,0.0
2019-07-19,-0.0,-0.5211255182146952,-0.32940813266296204,1.0,-1.6736350004410336,-0.8862132839375496,0.0
2019-07-22,-0.0,-0.446324764242346,-0.29918615165999224,1.0,-1.645868320199802,-0.9146966369547431,0.0
2019-07-23,-0.0,-0.44216015860701663,-0.3031635203861736,1.0,-1.6491250754245323,-0.9154814240151711,0.0
2019-07-24,-0.0,-0.44192951503937344,-0.3157622961401093,1.0,-1.6418090279271913,-0.9035672791428202,0.0
2019-07-25,-0.0,-0.41326618457300274,-0.33049242424242425,1.0,-1.671229338842975,-0.8894197658402204,0.0
2019-07-26,-0.0,-0.40956189002106713,-0.33212949825873855,1.0,-1.6716539834042736,-0.8860656090115654,0.0
2019-07-29,-0.0,-0.3951477610014195,-0.3336344474555857,1.0,-1.670581150255947,-0.9022669591775282,0.0
2019-07-30,-0.0,-0.4069301383441797,-0.33534456751282166,1.0,-1.669180709391027,-0.8983321122268673,0.0
2019-07-31,-0.0,-0.41076352981730435,-0.33570320579110646,1.0,-1.6624008962426748,-0.8999913822819717,0.0
2019-08-01,-0.0,-0.42750817415246944,-0.3372913440027534,1.0,-1.6502753398726553,-0.8870676303562209,0.0
2019-08-02,-0.0,-0.4141530826166945,-0.36246951610833017,1.0,-1.6462585034013606,-0.8555170495871305,0.0
2019-08-05,-0.0,-0.41220982429139413,-0.35701765636355864,1.0,-1.6491813090504894,-0.8567825231926809,0.0
2019-08-06,-0.0,-0.4121701126239704,-0.35762312993780465,1.0,-1.5805597579425112,-0.8520339552866029,0.0
2019-08-07,-0.0,-0.4241814446820107,-0.33756760155955223,1.0,-1.5707458181360836,-0.8598499140569321,0.0
2019-08-08,-0.0,-0.42084521214153947,-0.3329280563474761,1.0,-1.573746436357538,-0.8650427637095423,0.0
2019-08-09,-0.0,-0.4521599583622484,-0.35335704371963916,1.0,-1.6469465648854962,-0.8847588480222068,0.0
2019-08-12,-0.0,-0.4432980752557656,-0.3738512224726894,1.0,-1.6585312987688572,-0.8593289405236691,0.0
2019-08-13,-0.0,-0.4324960753532182,-0.37000697714983427,1.0,-1.6847636490493634,-0.873408337694052,0.0
2019-08-14,-0.0,-0.4247884606953396,-0.3678810995659608,1.0,-1.7097636897715816,-0.8818448857906968,0.0
2019-08-15,-0.0,-0.4655343791866545,-0.38934266822248154,1.0,-1.6778598902286181,-0.7889710013397294,0.0
2019-08-16,-0.0,-0.4688201761962343,-0.38974779754707206,1.0,-1.6724391086543446,-0.7875712558300225,0.0
2019-08-19,-0.0,-0.4479941522982328,-0.39721374209915294,1.0,-1.6811282624586146,-0.7734445543277293,0.0
2019-08-20,-0.0,-0.4508383002444149,-0.4016551605848806,1.0,-1.6764289695982162,-0.7590583594185498,0.0
2019-08-21,-0.0,-0.4551995888298784,-0.410227856775741,1.0,-1.6715350351207814,-0.7460596196676376,0.0
2019-08-22,-0.0,-0.4589630517617845,-0.4046752579526481,1.0,-1.6770133150661473,-0.740762940446119,0.0
2019-08-23,-0.0,-0.45867237687366164,-0.4062098501070664,1.0,-1.6777730192719484,-0.74,0.0
2019-08-26,-0.0,-0.43347603102615184,-0.40957063535794513,1.0,-1.6797355147713304,-0.7157631500868902,0.0
2019-08-27,-0.0,-0.4286258572517145,-0.40407247481161623,1.0,-1.6762340191347047,-0.7244094488188976,0.0
2019-08-28,-0.0,-0.42252686807142253,-0.4082254379284082,1.0,-1.6807988491156807,-0.7195988829652196,0.0
2019-08-29,-0.0,-0.4007871016884601,-0.4217341627523169,1.0,-1.694511446828319,-0.7146967965807627,0.0
2019-08-30,-0.0,-0.3895194295599342,-0.42753470317708114,1.0,-1.6991266191299945,-0.7030083118855744,0.0
2019-09-03,-0.0,-0.39471573882581357,-0.4350230025746001,1.0,-1.6917232937998565,-0.6991938547250243,0.0
2019-09-04,-0.0,-0.3892927679959659,-0.4206832794049671,1.0,-1.6967264781274953,-0.6955498592259529,0.0
2019-09-05,-0.0,-0.40022632968691063,-0.4165304497254705,1.0,-1.701119074563058,-0.6734146443690012,0.0
2019-09-06,-0.0,-0.3917042983776551,-0.43025589563472155,1.0,-1.7164659642080613,-0.6428332497073088,0.0
2019-09-09,-0.0,-0.3699507181668843,-0.42820437218314306,1.0,-1.7366581020176066,-0.6773092961543321,0.0
2019-09-10,-0.0,-0.3604456357848886,-0.4344948902663763,1.0,-1.741539621377115,-0.6518261015245435,0.0
2019-09-11,-0.0,-0.36494673072905787,-0.45351994986421557,1.0,-1.7316064340923334,-0.6279506998119907,0.0
2019-09-12,-0.0,-0.3472923886267797,-0.4597302826604317,1.0,-1.7364201912237485,-0.6317481524779759,0.0
2019-09-13,-0.0,-0.3483709273182957,-0.4495405179615706,1.0,-1.7362155388471179,-0.6429824561403509,0.0
2019-09-16,-0.0,-0.34870509607351713,-0.45050125313283207,1.0,-1.7349206349206348,-0.6429406850459483,0.0
2019-09-17,-0.0,-0.3015892879489426,-0.4596838109539899,1.0,-1.74471280190214,-0.6654152588328536,0.0
2019-09-18,-0.0,-0.2952535869202536,-0.45854187520854184,1.0,-1.7470804137470803,-0.6700033366700033,0.0
2019-09-19,-0.0,-0.30234208658623135,-0.45764622385504944,1.0,-1.7380703878428592,-0.6767837014152717,0.0
2019-09-20,-0.0,-0.31458655413028036,-0.4736138386328501,1.0,-1.718714745330715,-0.6714160364350479,0.0
2019-09-23,-0.0,-0.31497576466655525,-0.4735918435567441,1.0,-1.717867290656861,-0.6721126525154604,0.0
2019-09-24,-0.0,-0.3190032972995534,-0.4891689970366042,1.0,-1.7023248048749948,-0.6632998038315456,0.0
2019-09-25,-0.0,-0.3110713244784944,-0.49098555190073695,1.0,-1.7087896073614524,-0.6528708831244535,0.0
2019-09-26,-0.0,-0.2774851460115461,-0.6168724453246808,1.0,-1.7275293919346004,-0.5920104504656357,0.0
2019-09-27,-0.0,-0.25821257065148107,-0.6171433428243593,1.0,-1.7525817007352005,-0.6217330330202712,0.0
2019-09-30,-0.0,-0.20103158702416984,-0.6665672023530416,1.0,-1.751779700754508,-0.6433778080907115,0.0
2019-10-01,-0.0,-0.17257693291279516,-0.689796266302958,1.0,-1.7455459892592278,-0.6542920467138352,0.0
2019-10-02,-0.0,-0.1779138477348634,-0.7231309411663955,1.0,-1.7540035968142502,-0.626873340755331,0.0
2019-10-03,-0.0,-0.23448334538648063,-0.7094907899774535,1.0,-1.739481856468286,-0.5706385332028758,0.0
2019-10-04,-0.0,-0.2512687108192247,-0.721395368672438,1.0,-1.7188366241630775,-0.5730734786131605,0.0
2019-10-07,-0.0,-0.25862876111844063,-0.7014938077201345,1.0,-1.7170277056645527,-0.5786696173979657,0.0
2019-10-08,-0.0,-0.26051063829787235,-0.6927234042553192,1.0,-1.7229787234042553,-0.5791063829787234,0.0
2019-10-09,-0.0,-0.2670481034117398,-0.6798898071625344,1.0,-1.7324009324009324,-0.5588895952532316,0.0
2019-10-10,-0.0,-0.29862009486847785,-0.7345838723587753,1.0,-1.690685640362225,-0.5883139284174213,0.0
2019-10-11,-0.0,-0.3136829310644209,-0.7976645250911616,1.0,-1.6411703420732766,-0.5885570411529779,0.0
2019-10-14,-0.0,-0.283198186415555,-0.8389135931641817,1.0,-1.6712878193390879,-0.5661783939314675,0.0
2019-10-15,-0.0,-0.2812826313957536,-0.8261834319526628,1.0,-1.6679864253393666,-0.5754002784545772,0.0
2019-10-16,-0.0,-0.3209346685741536,-0.8401612693458188,1.0,-1.6270429618069102,-0.547058568517796,0.0
2019-10-17,-0.0,-0.3109470026064292,-0.8567332754126847,1.0,-1.6242397914856648,-0.5520851433536056,0.0
2019-10-18,-0.0,-0.3143728222996515,-0.870383275261324,1.0,-1.6085801393728223,-0.5620644599303136,0.0
2019-10-21,-0.0,-0.23584415584415583,-0.8751948051948051,1.0,-1.5907359307359308,-0.6272294372294371,0.0
2019-10-22,-0.0,-0.23818166104917468,-0.8768905021173624,1.0,-1.5879785671074238,-0.6180969665543169,0.0
2019-10-23,-0.0,-0.24725453510127715,-0.8393801350361995,1.0,-1.425201334092573,-0.5554787277312292,0.0
2019-10-24,-0.0,-0.2345967675773238,-0.9074165230945934,1.0,-1.410246943965871,-0.5498400196898843,0.0
2019-10-25,-0.0,-0.23625338031631568,-0.896091125133164,1.0,-1.4134639023191018,-0.5515447021224289,0.0
2019-10-28,-0.0,-0.2734445631626531,-0.9162077751294485,1.0,-1.4120572039122217,-0.5077669104956029,0.0
2019-10-29,-0.0,-0.27372126734313523,-0.9704700766204183,1.0,-1.3827707599917167,-0.5146821288051356,0.0
2019-10-30,-0.0,-0.2786939587304218,-0.9715753708461092,1.0,-1.3799204441866246,-0.5133007375486865,0.0
2019-10-31,-0.0,-0.2697933884297521,-0.9765289256198347,1.0,-1.3392148760330578,-0.5466942148760331,0.0
2019-11-01,-0.0,-0.2647313512844831,-0.9695682652261762,1.0,-1.3433672838233475,-0.5458743969320853,0.0
2019-11-04,-0.0,-0.2620411190309423,-0.9672036586873223,1.0,-1.3493057558403032,-0.5415928474310906,0.0
2019-11-05,-0.0,-0.27694672982631097,-1.0257624864954706,1.0,-1.3200781185074377,-0.5324108701072051,0.0
2019-11-06,-0.0,-0.2708167622556202,-1.0280068656591452,1.0,-1.320341608406246,-0.5672122912044208,0.0
2019-11-07,-0.0,-0.2836089595980741,-1.0319028679087292,1.0,-1.3092317353987857,-0.5620263763868536,0.0
2019-11-08,-0.0,-0.26359674851252823,-1.034190899187128,1.0,-1.3168524260454202,-0.5754211011480768,0.0
2019-11-11,-0.0,-0.25073845894168284,-1.0737614988606634,1.0,-1.3063549666638536,-0.5888682589248038,0.0
2019-11-12,-0.0,-0.23170834741466712,-1.072617438323758,1.0,-1.3211811422777964,-0.5989354511659344,0.0
2019-11-13,-0.0,-0.24226715791277528,-1.1587267586325078,1.0,-1.2904207008825292,-0.5927084225858967,0.0
2019-11-14,-0.0,-0.23804622839744413,-1.1735494661006047,1.0,-1.2836313735580427,-0.5931643724001887,0.0
2019-11-15,-0.0,-0.23350579381707787,-1.1947663231709924,1.0,-1.2562534741523068,-0.5913541711207081,0.0
2019-11-18,-0.0,-0.2275377229080933,-1.2003600823045268,1.0,-1.2657750342935528,-0.5930212620027435,0.0
2019-11-19,-0.0,-0.30520874403119114,-1.1972225872869846,1.0,-1.272396723178692,-0.6059490953695186,0.0
2019-11-20,-0.0,-0.30713691856649017,-1.1879840721130706,1.0,-1.2734870695313525,-0.6071850522907276,0.0
2019-11-21,-0.0,-0.28471111111111114,-1.2550666666666666,1.0,-1.2559555555555555,-0.6487111111111111,0.0
2019-11-22,-0.0,-0.280010658613492,-1.2416840609317403,1.0,-1.2588266642980857,-0.6605675711684506,0.0
2019-11-25,-0.0,-0.27989878362780785,-1.2396785936251444,1.0,-1.257879783361449,-0.6618130160703187,0.0
2019-11-26,-0.0,-0.2615616547687669,-1.2406775151864498,1.0,-1.2653305546933888,-0.6664745266705094,0.0
2019-11-27,-0.0,-0.2547872340425532,-1.2390514184397163,1.0,-1.2683510638297872,-0.6704343971631206,0.0
2019-11-29,-0.0,-0.25174138238971244,-1.2651366315413466,1.0,-1.2842471869976781,-0.6639578496160029,0.0
2019-12-02,-0.0,-0.2598258201344705,-1.3030097919768964,1.0,-1.2859527999639007,-0.6633725914895537,0.0
2019-12-03,-0.0,-0.24939161784587655,-1.2870211807120326,1.0,-1.2948625506985127,-0.6752140603875619,0.0
2019-12-04,-0.0,-0.2750045298061243,-1.296974089508969,1.0,-1.2918554085885123,-0.6659720963942743,0.0
2019-12-05,-0.0,-0.2696644601689112,-1.3186030586624058,1.0,-1.287468614471582,-0.6894772882903447,0.0
2019-12-06,-0.004641117544343351,-0.28563551144196303,-1.327819134270747,1.0,-1.2961124896608767,-0.6810035842293907,0.0
2019-12-09,-0.0,-0.23314870446864439,-1.3952309425460008,1.0,-1.3443954187007134,-0.7211791212917762,0.0
2019-12-10,-0.03532964267740312,-0.2229994967287368,-1.6261701056869655,1.0,-1.486059386009059,-0.6622043281328637,0.0
2019-12-11,-0.03893203390690828,-0.21948124460687277,-1.6470737526013908,1.0,-1.4962184660677122,-0.6741789756865134,0.0
2019-12-12,-0.03933810466473783,-0.21983655651997364,-1.6467691995330187,1.0,-1.4962184660677122,-0.6737221460839551,0.0
2019-12-13,-0.04320578794517756,-0.2269832373770826,-1.6911907066795742,1.0,-1.4887145259081878,-0.6448769552147551,0.0
2019-12-16,-0.040322169546821635,-0.22832237345159812,-1.6951623591782636,1.0,-1.489677320691237,-0.6441351888667992,0.0
2019-12-17,-0.14637319179935476,-0.18035175356436678,-1.7461754605057758,1.0,-1.5120720158185037,-0.6184306379435945,0.0
2019-12-18,-0.22729979966430236,-0.19741187936542315,-1.8069197032865885,1.0,-1.5383074340787264,-0.6445936434024582,0.0
2019-12-19,-0.2248889370462672,-0.23101094376422146,-1.8121681655650668,1.0,-1.506826308375772,-0.6428648824358002,0.0
2019-12-20,-0.22697386295712657,-0.25370863446177255,-1.8232896810302668,1.0,-1.5041569309351737,-0.6257675379014291,0.0
2019-12-23,-0.2366770304914635,-0.2773686794305351,-1.814978454153712,1.0,-1.5264277532318768,-0.5991927125947745,0.0
2019-12-24,-0.2436429117101386,-0.2791662119393212,-1.8044308632543924,1.0,-1.5323038306231582,-0.5971843282767652,0.0
2019-12-26,-0.2360512680665394,-0.2754840469048268,-1.8059449140987183,1.0,-1.529151895282247,-0.6073629670029997,0.0
2019-12-27,-0.22171178561662563,-0.28985507246376807,-1.8232977850697292,1.0,-1.5244736122504785,-0.6095706863549357,0.0
2019-12-30,-0.24188758112418873,-0.2870421295787042,-1.848531514684853,1.0,-1.5369596304036957,-0.5855791442085578,0.0
2019-12-31,-0.2296369528203438,-0.29455703850167514,-1.851101224803647,1.0,-1.5361124842093699,-0.5810402592409513,0.0
2020-01-02,-0.22954157723845686,-0.2981674096087172,-1.856419569643938,1.0,-1.5389906994661824,-0.5801551923394419,0.0
2020-01-03,-0.22975809124047275,-0.28305534077101513,-1.8564011929747044,1.0,-1.5507014249420084,-0.6031149895062411,0.0
2020-01-06,-0.25740318906605925,-0.2964609144952497,-1.8581587865992555,1.0,-1.540307794877493,-0.6035335296405355,0.0
2020-01-07,-0.26768323223329066,-0.29439590405698707,-1.8561411319494685,1.0,-1.5516166731593302,-0.5952473704713674,0.0
2020-01-08,-0.2634100150392692,-0.28507770289088175,-1.8663733080822147,1.0,-1.550994262797304,-0.604244415975046,0.0
2020-01-09,-0.2609181280017871,-0.2954875460739417,-1.8676421311292304,1.0,-1.54735842734279,-0.6132581257678991,0.0
2020-01-10,-0.2912249542099129,-0.2912249542099129,-1.8509185768995948,1.0,-1.519564855414331,-0.5973802519842372,0.0
2020-01-13,-0.2883517214614404,-0.29056938515274155,-1.8486444530686923,1.0,-1.518711537395354,-0.5978821311748074,0.0
2020-01-14,-0.3407208417282292,-0.27344974255652565,-1.880568614282516,1.0,-1.5282628162077456,-0.5735952540855159,0.0
2020-01-15,-0.3476064874572086,-0.2803187608732252,-1.8842808238397217,1.0,-1.5248330433806612,-0.5748919692463101,0.0
2020-01-16,-0.37568379277056746,-0.28606671672208517,-1.7544245414566126,1.0,-1.4548964925453183,-0.49200900997532987,0.0
2020-01-17,-0.38880565068493156,-0.2859589041095891,-1.7371040239726028,1.0,-1.456656678082192,-0.4825021404109589,0.0
2020-01-21,-0.40477589614829856,-0.2838292643837812,-1.7211389497302207,1.0,-1.4575030717452857,-0.4749719536300016,0.0
2020-01-22,-0.4079158209592992,-0.2856532421749813,-1.7171776519602606,1.0,-1.460741373784852,-0.46976818715949153,0.0
2020-01-23,-0.4220340799485585,-0.2773014682241989,-1.7072661022398457,1.0,-1.4636694888007715,-0.4882649233737006,0.0
2020-01-24,-0.42215552816335283,-0.2768101184415028,-1.7081301248727156,1.0,-1.4640655983707593,-0.4881826464440753,0.0
2020-01-27,-0.4028319529788939,-0.27373764360138925,-1.7191557574138392,1.0,-1.456211594977291,-0.49131712530056104,0.0
2020-01-28,-0.36239116585262265,-0.3001698874495647,-1.7470269696326182,1.0,-1.4461138245912084,-0.4533340411977065,0.0
2020-01-29,-0.34474017743979724,-0.3020701309674694,-1.7385931558935361,1.0,-1.4381601182931982,-0.45738276299112807,0.0
2020-01-30,-0.36156850327211315,-0.29649567236647667,-1.727411864048976,1.0,-1.448490605868693,-0.4436352121595946,0.0
2020-01-31,-0.3288775726713346,-0.3189582007214089,-1.7503182686187142,1.0,-1.4587311691067262,-0.44759176745172924,0.0
2020-02-03,-0.32277081798084006,-0.29803137172333927,-1.744604695231077,1.0,-1.4508369302031792,-0.44746815454258343,0.0
2020-02-04,-0.32164265432747924,-0.31191502786833525,-1.7365127773688085,1.0,-1.4503102324114,-0.43779577242612266,0.0
2020-02-05,-0.28631095332567613,-0.319672131147541,-1.7429779680484494,1.0,-1.4501409627231912,-0.42179179283700535,0.0
2020-02-06,-0.3121770447309358,-0.31979748421107573,-1.7642361292343023,1.0,-1.43175531081998,-0.39151312698992635,0.0
2020-02-07,-0.3061064718162839,-0.32823590814196246,-1.762473903966597,1.0,-1.4305323590814196,-0.39180584551148223,0.0
2020-02-10,-0.35624784457983677,-0.26324864927003105,-2.0241981836992755,1.0,-1.6294401655362687,-0.47459478100931146,0.0
2020-02-11,-0.3497189400022944,-0.2624756223471378,-2.0172077549615692,1.0,-1.6260754846850982,-0.4804405185270162,0.0
2020-02-12,-0.3439761111749168,-0.26668198001607907,-2.0215343976111178,1.0,-1.6235787297576663,-0.48673481107155164,0.0
2020-02-13,-0.33741168361192486,-0.2796829226262278,-2.030386581653168,1.0,-1.6271468780515828,-0.4695846975702223,0.0
2020-02-14,-0.3382242936877841,-0.2831002934576213,-2.0369411358536165,1.0,-1.6219575349559814,-0.47379020657114906,0.0
2020-02-18,-0.33339090385722514,-0.28796776050662065,-2.0291306850892346,1.0,-1.617328727691422,-0.4891767415083478,0.0
2020-02-19,-0.32585242023885075,-0.32267928229389026,-2.031962153118329,1.0,-1.5987999769226329,-0.4900478855362603,0.0
2020-02-20,-0.344835558638229,-0.32304491069880353,-2.0225420495925093,1.0,-1.598115715854575,-0.49141668111669845,0.0
2020-02-21,-0.3257991791433031,-0.3357419504017573,-2.0304641886814268,1.0,-1.5984160934158043,-0.4903173593849356,0.0
2020-02-24,-0.2961201647045178,-0.3567244679000174,-2.0472655570376386,1.0,-1.6124224322913645,-0.4869222293104449,0.0
2020-02-25,-0.25891412309580936,-0.420568048657999,-2.0155683276602865,1.0,-1.4505328943697338,-0.4344623625913732,0.0
2020-02-26,-0.2667419719218977,-0.38368027540207633,-1.94524232155344,1.0,-1.414286482706686,-0.3690495401000484,0.0
2020-02-27,-0.3017153304296392,-0.36672581599182663,-1.9271925579394527,1.0,-1.4287250631822337,-0.3528526106361241,0.0
2020-02-28,-0.26399391017508245,-0.49388480081197667,-1.7689418929205785,1.0,-1.2325298147678254,-0.315503679269221,0.0
2020-03-02,-0.3076338199513382,-0.4507806163828061,-1.7413321167883211,1.0,-1.2506589618815895,-0.3185320356853203,0.0
2020-03-03,-0.28882625519514643,-0.5486074619022596,-1.5280179620694596,1.0,-1.139349352696699,-0.27239287249796973,0.0
2020-03-04,-0.22292843691148778,-0.5974576271186441,-1.5637476459510358,1.0,-1.0936440677966102,-0.23027306967984934,0.0
2020-03-05,-0.2185244040862656,-0.7234960272417706,-1.4169807037457434,1.0,-1.003677639046538,-0.17766174801362086,0.0
2020-03-06,-0.23062788508940976,-0.785147671760857,-1.383408775153498,1.0,-0.9418276341146418,-0.14063550396629768,0.0
2020-03-09,-0.2239957198270097,-0.7802398680279995,-1.3851709839939366,1.0,-0.9398100673235544,-0.1292523072807526,0.0
2020-03-10,-0.5247254917450035,-0.4738920925823525,-1.1162019116833872,1.0,-0.7512441741053796,-0.08369539458093056,0.0
2020-03-11,-0.4416245597917623,-0.5831419384474046,-1.1137268412188024,1.0,-0.670992191088654,-0.018450467003521664,0.0
2020-03-12,-0.5009631770022968,-0.4520634215010743,-1.0466770393420761,1.0,-0.6958212936208046,-0.009076090983181446,0.0
2020-03-13,-0.5815122670599275,-0.26414398712964204,-0.8996514278053358,1.0,-0.6063815524869285,-0.0,0.0
2020-03-16,-0.43781047302641984,-0.40183515266571745,-0.8434424932763802,1.0,-0.480968201233982,-0.0,0.0
2020-03-17,-0.4553443636571821,-0.2884868609377684,-0.5587107116276407,1.0,-0.5599988549836835,-0.0,0.0
2020-03-18,-0.44647922927843153,-0.3308990815380726,-0.4660000561750414,1.0,-0.5654017919838216,-0.0,0.0
2020-03-19,-0.48200843742245014,-0.24432679846692584,-0.4458047260595031,1.0,-0.5851876361430501,-0.0,0.0
2020-03-20,-0.48151211845479364,-0.24680839330520862,-0.44439848898447626,1.0,-0.5846085973474509,-0.0,0.0
2020-03-23,-0.4744054054054054,-0.3034054054054054,-0.3632972972972973,1.0,-0.5616216216216217,-0.0,0.0
2020-03-24,-0.47857970936345745,-0.3081070879728236,-0.35431775902510043,1.0,-0.5550942277102261,-0.0,0.0
2020-03-25,-0.4753091180175317,-0.3041309992031053,-0.25762833860312073,1.0,-0.5335595485977224,-0.0,0.0
2020-03-26,-0.4724788348215434,-0.3042896477187926,-0.2623195491623993,1.0,-0.5341859447775404,-0.0,0.0
2020-03-27,-0.46973880880601926,-0.29361842271932714,-0.2393534821270235,1.0,-0.5306665315532135,-0.0,0.0
2020-03-30,-0.4522109830234846,-0.2813359231137906,-0.25916303004313496,1.0,-0.5298034962036172,-0.0,0.0
2020-03-31,-0.4422936908438151,-0.29225979764505033,-0.2543245211016545,1.0,-0.5217042002460396,-0.0,0.0
2020-04-01,-0.44056137179583743,-0.29456955637568727,-0.25658406768597325,1.0,-0.5188923200522206,-0.0,0.0
2020-04-02,-0.46273515743432986,-0.24028927160217697,-0.24627848604587585,1.0,-0.535823454857228,-0.0,0.0
2020-04-03,-0.46167602205553626,-0.25180070537976257,-0.2507327008096965,1.0,-0.5195221300481844,-0.0,0.0
2020-04-06,-0.4637591222757285,-0.25013652385444074,-0.2481755448542918,1.0,-0.5201807079382416,-0.0,0.0
2020-04-07,-0.44619314035514474,-0.22957917781561665,-0.23675504743371442,1.0,-0.520019459985405,-0.0,0.0
2020-04-08,-0.446244405526367,-0.22788966725043783,-0.23864078614516446,1.0,-0.5196049815139132,-0.0,0.0
2020-04-09,-0.4470913589830673,-0.2209014603852312,-0.24147299985444667,1.0,-0.5164475280190189,-0.0,0.0
2020-04-13,-0.4657770229285454,-0.1822880019410409,-0.25514982409316994,1.0,-0.5230619919932064,-0.0,0.0
2020-04-14,-0.4611702386159304,-0.19307965203868396,-0.24928318024979346,1.0,-0.5263400884482674,-0.0,0.0
2020-04-15,-0.44675243023649464,-0.20527639406103398,-0.2366639261014654,1.0,-0.52945301542777,-0.0,0.0
2020-04-16,-0.468449068473264,-0.17108637793370432,-0.2529155577062666,1.0,-0.5270989595935156,-0.0,0.0
2020-04-17,-0.4753258732431973,-0.16425953346117433,-0.2621064640629172,1.0,-0.5256693448552079,-0.0,0.0
2020-04-20,-0.4926675554478245,-0.13452914798206278,-0.2799418252333051,1.0,-0.5167858441401043,-0.0,0.0
2020-04-21,-0.4892155914498501,-0.1361592030177,-0.2825708482445111,1.0,-0.5101073604797369,-0.0,0.0
2020-04-22,-0.48685923711240775,-0.13683271447171722,-0.27653469643632156,1.0,-0.5109225056662006,-0.0,0.0
2020-04-23,-0.4845266478818968,-0.13876646677744864,-0.27466705199527974,1.0,-0.510343664956771,-0.0,0.0
2020-04-24,-0.43215108245048367,-0.12920313219714416,-0.2718562874251497,1.0,-0.46987563334868726,-0.0,0.0
2020-04-27,-0.4397020380780531,-0.1367432391792167,-0.2668702431350776,1.0,-0.47003030513336574,-0.0,0.0
2020-04-28,-0.44192228566145025,-0.13032523520029587,-0.2677931624326761,1.0,-0.47148702064214887,-0.0,0.0
2020-04-29,-0.4474591168783106,-0.12485832581592765,-0.26893807970763073,1.0,-0.4717923808202068,-0.0,0.0
2020-04-30,-0.44704362470297826,-0.10828892426234803,-0.2735137379749463,1.0,-0.4781184395690589,-0.0,0.0
2020-05-01,-0.4531343696664975,-0.10341805433829973,-0.2705383089625905,1.0,-0.47928871257899347,-0.0,0.0
2020-05-04,-0.4583237446495145,-0.0963087402770746,-0.26630459796566486,1.0,-0.4803470336447738,-0.0,0.0
2020-05-05,-0.4572860854968152,-0.09501690160277786,-0.2677121898498402,1.0,-0.47954561133212226,-0.0,0.0
2020-05-06,-0.45646177187255754,-0.09296124316123396,-0.27081513493632475,1.0,-0.4785067353225139,-0.0,0.0
2020-05-07,-0.455728208900331,-0.09332475174696579,-0.2720899227657227,1.0,-0.47749632217727106,-0.0,0.0
2020-05-08,-0.45185474783248625,-0.09309385277004807,-0.2787296184715866,1.0,-0.47607110824920085,-0.0,0.0
2020-05-11,-0.4562128411725547,-0.08181254734522415,-0.2817758189289075,1.0,-0.47572481234074787,-0.0,0.0
2020-05-12,-0.45494762417768814,-0.08132578449125541,-0.28191257707383044,1.0,-0.4739725399408623,-0.0,0.0
2020-05-13,-0.45661597743067506,-0.08018532535149889,-0.28209362600059634,1.0,-0.4747356590747494,-0.0,0.0
2020-05-14,-0.45823202899215565,-0.07853571264736915,-0.28017340244965366,1.0,-0.47674205238772427,-0.0,0.0
2020-05-15,-0.4392679248731893,-0.08593428688936618,-0.2778869442032628,1.0,-0.4817895169766485,-0.0,0.0
2020-05-18,-0.44408030434981893,-0.07065591052848696,-0.273089792363753,1.0,-0.5039418801851767,-0.0,0.0
2020-05-19,-0.4515848495251173,-0.03492390433688065,-0.302826410344433,1.0,-0.4992562078040966,-0.0,0.0
2020-05-20,-0.45532771878432804,-0.024739106554375685,-0.3078084950567558,1.0,-0.5006407909190773,-0.0,0.0
2020-05-21,-0.45809440800036705,-0.02942795541079866,-0.3038212762053305,1.0,-0.502385430524336,-0.0,0.0
2020-05-22,-0.46222396205125843,-0.02235936168742948,-0.30893223110046747,1.0,-0.5091993460289681,-0.0,0.0
2020-05-26,-0.46189052437902484,-0.021458141674333023,-0.3058417663293468,1.0,-0.5107405703771849,-0.0,0.0
2020-05-27,-0.47120961060480526,-0.00628279480806407,-0.31897265948632975,1.0,-0.5049249746847095,-0.0,0.0
2020-05-28,-0.4743097542472241,-0.0,-0.3228120186670958,1.0,-0.5017816501528771,-0.0,0.0
2020-05-29,-0.48101090050683887,-0.0,-0.33171330046980957,1.0,-0.501608461200213,-0.0,0.0
2020-06-01,-0.48496054646095865,-0.0,-0.37001531032858326,1.0,-0.5004593098574962,-0.0,0.0
2020-06-02,-0.48723727285666835,-0.0,-0.3729895146368079,1.0,-0.512003605826256,-0.0,0.0
2020-06-03,-0.4877364101344118,-0.0,-0.3834185797549661,1.0,-0.5078149161413108,-0.0,0.0
2020-06-04,-0.48610053313023616,-0.0,-0.39634900990099015,1.0,-0.4976199543031226,-0.0,0.0
2020-06-05,-0.47974951784566305,-0.0,-0.39479511416938506,1.0,-0.506464439629515,-0.0,0.0
2020-06-08,-0.4763082190152398,-0.0,-0.40731318798887334,1.0,-0.49385416419010486,-0.0,0.0
2020-06-09,-0.4777584107351782,-0.0,-0.4079176714978152,1.0,-0.502017621355746,-0.0,0.0
2020-06-10,-0.4756030373440008,-0.0,-0.40194504994370855,1.0,-0.517833616786835,-0.0,0.0
2020-06-11,-0.4758414181339083,-0.0,-0.40498263265061685,1.0,-0.5146724158581867,-0.0,0.0
2020-06-12,-0.4772781574043102,-0.0,-0.4069384049314283,1.0,-0.5050413341616095,-0.0,0.0
2020-06-15,-0.476415770609319,-0.0,-0.4117562724014337,1.0,-0.5013142174432497,-0.0,0.0
2020-06-16,-0.4762542125767824,-0.0,-0.41317909127847224,1.0,-0.5007050837735127,-0.0,0.0
2020-06-17,-0.44615314410878887,-0.0,-0.374965775303459,1.0,-0.460527516656019,-0.0,0.0
2020-06-18,-0.4459656809054399,-0.0,-0.37392752829499815,1.0,-0.46196148229280753,-0.0,0.0
2020-06-19,-0.44603496615076016,-0.0,-0.37261516719473003,1.0,-0.46075995532356223,-0.0,0.0
2020-06-22,-0.444164932421616,-0.0,-0.3895762343632081,1.0,-0.45317538363025134,-0.0,0.0
2020-06-23,-0.44188333218997966,-0.0,-0.3895177334156548,1.0,-0.4553063044522193,-0.0,0.0
2020-06-24,-0.43887885507875907,-0.0,-0.3918291762876934,1.0,-0.4554994170229304,-0.0,0.0
2020-06-25,-0.4402260973042245,-0.0,-0.39063572703556226,1.0,-0.4575724289441164,-0.0,0.0
2020-06-26,-0.4208297301492272,-0.0,-0.37348943435552895,1.0,-0.4230249007738531,-0.0,0.0
2020-06-29,-0.41961148312669894,-0.0,-0.37256071957391323,1.0,-0.4178213883179739,-0.0,0.0
2020-06-30,-0.4177435332966429,-0.0,-0.3716015410016511,1.0,-0.4120858558062741,-0.0,0.0
2020-07-01,-0.41861027988030275,-0.0,-0.3699392712550607,1.0,-0.4117672944904066,-0.0,0.0
2020-07-02,-0.41304490906298674,-0.0,-0.3649327570698317,1.0,-0.4159408525482109,-0.0,0.0
2020-07-06,-0.41133134537800387,-0.0,-0.36460708647605683,1.0,-0.41665935800736714,-0.0,0.0
2020-07-07,-0.4075672596617299,-0.0,-0.361318026465691,1.0,-0.4219612654456226,-0.0,0.0
2020-07-08,-0.40806045340050373,-0.0,-0.36035483517687,1.0,-0.42192530938560946,-0.0,0.0
2020-07-09,-0.4076613079854571,-0.0,-0.36079109904069384,1.0,-0.4217661746024793,-0.0,0.0
2020-07-10,-0.4069036511378321,-0.0,-0.3597038789232757,1.0,-0.42363712026633377,-0.0,0.0
2020-07-13,-0.4027972027972028,-0.0,-0.35928758741258743,1.0,-0.42320804195804196,-0.0,0.0
2020-07-14,-0.39870779036518017,-0.0,-0.35636173138628774,1.0,-0.4277170235522669,-0.0,0.0
2020-07-15,-0.40010470518945096,-0.0,-0.35466701568396486,1.0,-0.4265863926880876,-0.0,0.0
2020-07-16,-0.4006283682063142,-0.0,-0.3548971265245565,1.0,-0.4263085549713089,-0.0,0.0
2020-07-17,-0.3992673992673993,-0.0,-0.35424297924297926,1.0,-0.4268489447060876,-0.0,0.0
2020-07-20,-0.39879641541111577,-0.0,-0.35514466999542116,1.0,-0.42648758258291,-0.0,0.0
2020-07-21,-0.39172425821360835,-0.0,-0.3528308879635484,1.0,-0.4355665046109573,-0.0,0.0
2020-07-22,-0.39808284385440096,-0.0,-0.3577308557329083,1.0,-0.4277136056946962,-0.0,0.0
2020-07-23,-0.370503066450294,-0.0,-0.33570781259879023,1.0,-0.40129402094880817,-0.0,0.0
2020-07-24,-0.36025381566742554,-0.0,-0.3318576608483009,1.0,-0.41601315456615223,-0.0,0.0
2020-07-27,-0.3538806564523904,-0.0,-0.333235522206619,1.0,-0.4088155771205802,-0.0,0.0
2020-07-28,-0.3437493520227259,-0.0,-0.33141186472308043,1.0,-0.398366060505526,-0.0,0.0
2020-07-29,-0.34818715397743827,-0.0,-0.3320775923073721,1.0,-0.40107397077800444,-0.0,0.0
2020-07-30,-0.34971435719944954,-0.0,-0.33255493932696717,1.0,-0.40271464909720195,-0.0,0.0
2020-07-31,-0.3492159479522896,-0.0,-0.3326382517307532,1.0,-0.40339060805738597,-0.0,0.0
2020-08-03,-0.3507216752878358,-0.0,-0.3319706324044719,1.0,-0.4030744201568497,-0.0,0.0
2020-08-04,-0.3526279521393222,-0.0,-0.33350038631000856,1.0,-0.4020338699910209,-0.0,0.0
2020-08-05,-0.3532372598162072,-0.0,-0.3336675020885547,1.0,-0.4016499582289056,-0.0,0.0
2020-08-06,-0.35185378590078326,-0.0,-0.3361253263707572,1.0,-0.40079373368146215,-0.0,0.0
2020-08-07,-0.3551380335972519,-0.0,-0.3371664362615726,1.0,-0.40228729420635917,-0.0,0.0
2020-08-10,-0.3415978543219784,-0.0,-0.3355789740448988,1.0,-0.4236869337500792,-0.011024054402230154,0.0
2020-08-11,-0.3454849003571504,-0.0,-0.34092013778820346,1.0,-0.42393119043090516,-0.0029797755658403603,0.0
2020-08-12,-0.34678631140081695,-0.0,-0.34486042623436547,1.0,-0.42437197096357754,-0.00035978074538105015,0.0
2020-08-13,-0.34475759561917246,-0.0,-0.3382244116963021,1.0,-0.42543924561811536,-0.0058777512315791695,0.0
2020-08-14,-0.34854288798120675,-0.0,-0.34090283803517385,1.0,-0.42551480391949376,-0.001396795835008783,0.0
2020-08-17,-0.34795488689984977,-0.0,-0.3411836898791764,1.0,-0.42493493302862945,-0.0019255591527539727,0.0
2020-08-18,-0.3474893671046785,-0.0,-0.33449713282126153,1.0,-0.42855329143655174,-0.005459277597917856,0.0
2020-08-19,-0.3473456946913894,-0.0,-0.3331004995343324,1.0,-0.4279061891457116,-0.008318516637033275,0.0
2020-08-20,-0.3485649308260861,-0.0,-0.3303923013750553,1.0,-0.42253995662153343,-0.00425361662700836,0.0
2020-08-21,-0.34633201381285267,-0.0,-0.32942390297313234,1.0,-0.42306072601701333,-0.006801145456076812,0.0
2020-08-24,-0.34669895756554703,-0.0,-0.3321891123512688,1.0,-0.42305991365694434,-0.004001263556912709,0.0
2020-08-25,-0.34705608859207915,-0.0,-0.3228158417515533,1.0,-0.4312101103174268,-0.01229975907688406,0.0
2020-08-26,-0.34519986478492354,-0.0,-0.3252556410039719,1.0,-0.4312938392630778,-0.010986224964083495,0.0
2020-08-27,-0.35036079311001544,-0.0,-0.3273377489049241,1.0,-0.4325496751803966,-0.005840404596144487,0.0
2020-08-28,-0.3505828590771574,-0.0,-0.3271415575348552,1.0,-0.4324158503818732,-0.005521822836228235,0.0
2020-08-31,-0.3514462853636344,-0.0,-0.3280010156795531,1.0,-0.43276412958378296,-0.003787638333439133,0.0
2020-09-01,-0.3505187380901969,-0.0,-0.3166207918695744,1.0,-0.4432140588608935,-0.0069447385136565745,0.0
2020-09-02,-0.3501418349633769,-0.0,-0.3165671704983276,1.0,-0.44286379609636306,-0.00736695033659342,0.0
2020-09-03,-0.3503757806711125,-0.0,-0.3168836667725204,1.0,-0.44212977664867154,-0.007684979358526516,0.0
2020-09-04,-0.3514966764045895,-0.0,-0.31713874423133914,1.0,-0.44542529319615565,-0.002879038062576739,0.0
2020-09-08,-0.340762848192363,-0.0,-0.3154262975192617,1.0,-0.44498772330877995,-0.015494030988061975,0.0
2020-09-09,-0.3386401116326272,-0.0,-0.31561588227832044,1.0,-0.4438876908114508,-0.016110617785107192,0.0
2020-09-10,-0.33630393005722975,-0.0,-0.3132219711528309,1.0,-0.4436677718412772,-0.018604945832365424,0.0
2020-09-11,-0.33710904480135245,-0.0,-0.3132502113271344,1.0,-0.4444420963651733,-0.018469991546914623,0.0
2020-09-14,-0.3549089976928993,-0.0,-0.3217123814406563,1.0,-0.4553106041186021,-0.004272408784072461,0.0
2020-09-15,-0.3552100463447451,-0.0,-0.3184546056425261,1.0,-0.45667727398927876,-0.005360613373769302,0.0
2020-09-16,-0.3547304518832029,-0.0,-0.31561284254627847,1.0,-0.45703475695780427,-0.010196229318968833,0.0
2020-09-17,-0.353889233268495,-0.0,-0.31519996579954257,1.0,-0.45683261013616056,-0.011606780240685718,0.0
2020-09-18,-0.3540080417486526,-0.0,-0.31683634185986825,1.0,-0.45713919069210374,-0.010757977585764394,0.0
2020-09-21,-0.35263427984946977,-0.0,-0.31887187820732127,1.0,-0.45552514539856315,-0.011182860075265139,0.0
2020-09-22,-0.35054173268810757,-0.0,-0.317545287139737,1.0,-0.45674703438824893,-0.016423279516937176,0.0
2020-09-23,-0.3528441349758972,-0.0,-0.31678628816282806,1.0,-0.45791108730583824,-0.014911622924477771,0.0
2020-09-24,-0.35352496088140095,-0.0,-0.31629262855550555,1.0,-0.45977750626969327,-0.013889782007587935,0.0
2020-09-25,-0.3534242463227411,-0.0,-0.31568677902139886,1.0,-0.4592821304515631,-0.015781122689652215,0.0
2020-09-28,-0.3532374563302399,-0.0,-0.3148295003965107,1.0,-0.4590093662258611,-0.01622478942066571,0.0
2020-09-29,-0.35322093446731934,-0.0,-0.3149381949056321,1.0,-0.4587287645407999,-0.015381649135585596,0.0
2020-09-30,-0.3533269045323047,-0.0,-0.31423979427836707,1.0,-0.4597021322190078,-0.015664845173041893,0.0
2020-10-01,-0.35365958176208434,-0.0,-0.3133356187864244,1.0,-0.45976174151525534,-0.015855330819334934,0.0
2020-10-02,-0.3484579329238277,-0.0,-0.31138839543693686,1.0,-0.4608436958243264,-0.01958350277165422,0.0
2020-10-05,-0.3452818889554282,-0.0,-0.30800325091966807,1.0,-0.4620155701941997,-0.023462229446488153,0.0
2020-10-06,-0.3479017224346033,-0.0024698251793307847,-0.31463425110605214,1.0,-0.46366135475280273,-0.01902839225119196,0.0
2020-10-07,-0.34778968160250767,-0.0025549090752946734,-0.313523842239732,1.0,-0.4643708268029285,-0.018721686669386176,0.0
2020-10-08,-0.348694942903752,-0.0,-0.31490941873443806,1.0,-0.46593543401734355,-0.016957156349274492,0.0
2020-10-09,-0.3485673844042207,-0.0,-0.3142532383975294,1.0,-0.4619327442738269,-0.01988075834262675,0.0
2020-10-12,-0.34609694916707756,-0.0,-0.31376626717835476,1.0,-0.4605407027849838,-0.023540509829985207,0.0
2020-10-13,-0.3456504509136088,-0.0,-0.3126191547244178,1.0,-0.45898935372619576,-0.024848445901077477,0.0
2020-10-14,-0.34607641566007025,-0.0,-0.31412233359033664,1.0,-0.45875096376252894,-0.022744795682343867,0.0
2020-10-15,-0.3441569568197395,-0.0,-0.3143205962988348,1.0,-0.4582547978067169,-0.025145647703906787,0.0
2020-10-16,-0.3467900917116654,-0.0,-0.31886946087254653,1.0,-0.4586011828233479,-0.018535184709008314,0.0
2020-10-19,-0.3461554936817306,-0.0,-0.32242450203469697,1.0,-0.4581709145427286,-0.01501392161062326,0.0
2020-10-20,-0.3465081405312768,-0.0,-0.3228363324764353,1.0,-0.4593401885175664,-0.013581833761782349,0.0
2020-10-21,-0.3469199794379712,-0.0,-0.3224168951336532,1.0,-0.45889736120630564,-0.013622344071281699,0.0
2020-10-22,-0.34700038538945743,-0.0,-0.32214276538346254,1.0,-0.4591273069841134,-0.012782083672333319,0.0
2020-10-23,-0.3494318789720326,-0.0,-0.3214644897609826,1.0,-0.45924721289024883,-0.009671966276506964,0.0
2020-10-26,-0.3492647058823529,-0.0,-0.32171255129958964,1.0,-0.45772058823529416,-0.008763679890560877,0.0
2020-10-27,-0.34869320122992825,-0.0,-0.3223436966176973,1.0,-0.4585326272634096,-0.005743935770413392,0.0
2020-10-28,-0.351775956284153,-0.0,-0.3196507855191257,1.0,-0.45839737021857924,-0.004738729508196721,0.0
