Date,IWF,IWM,MTUM,NVMI,SPY,VLUE,VXX
2018-09-24,-0.4948035868382546,-0.8187821258394928,-0.20286646906539602,1.0,-0.592616215810603,-0.6428919821408472,0.0
2018-09-25,-0.4978990020259623,-0.8166128911232835,-0.20747354993621972,1.0,-0.5905680198094094,-0.6392286336009605,0.0
2018-09-26,-0.4974091318714329,-0.8166115950735957,-0.2049789726644638,1.0,-0.5921823370381496,-0.6436993091018324,0.0
2018-09-27,-0.49977489307421025,-0.8097471298866962,-0.2069107826217453,1.0,-0.5920687326480079,-0.6432805582651759,0.0
2018-09-28,-0.49949352841868316,-0.8097542674920277,-0.20724066779215905,1.0,-0.5919714875257925,-0.6431813918589383,0.0
2018-10-01,-0.4996060776589758,-0.8094916525980116,-0.20742824985931343,1.0,-0.5919714875257925,-0.6431438754455073,0.0
2018-10-02,-0.49962482179035045,-0.8095595407818714,-0.20781121032490435,1.0,-0.5918811435431831,-0.6429428978764913,0.0
2018-10-03,-0.49915626054674317,-0.8029399632504594,-0.20699741253234333,1.0,-0.5939925750928113,-0.646829414632317,0.0
2018-10-04,-0.4995313613016908,-0.801672102875567,-0.2074007423236981,1.0,-0.594383833839463,-0.6460840550369287,0.0
2018-10-05,-0.49679907154355885,-0.8017670622589943,-0.20175208715510462,1.0,-0.5953726928980569,-0.6480476208303695,0.0
2018-10-08,-0.49881743439576526,-0.8062844914967902,-0.2029132409805909,1.0,-0.5959004392386531,-0.6502984570334498,0.0
2018-10-09,-0.5016535137166479,-0.8072904922961293,-0.2080796692972567,1.0,-0.5940248027057496,-0.6469372416384818,0.0
2018-10-10,-0.5026109170141628,-0.8060783650775762,-0.20921146549457156,1.0,-0.594349900447049,-0.644464480258462,0.0
2018-10-11,-0.45655283717859374,-0.8103290173495215,-0.14169387081392362,1.0,-0.5868759857682574,-0.6724865201922019,0.0
2018-10-12,-0.47162412403325954,-0.8060346392650957,-0.13921063142224321,1.0,-0.5650847826876293,-0.6489960422642607,0.0
2018-10-15,-0.4641484811136083,-0.8178423838178787,-0.1278184586384398,1.0,-0.5644529833973755,-0.6507286304647285,0.0
2018-10-16,-0.4633173843700159,-0.8208278961867479,-0.12556183848049876,1.0,-0.5644845585036973,-0.6505727127736697,0.0
2018-10-17,-0.44800343188074215,-0.7841132520644909,-0.10810424337754264,1.0,-0.5671182926393309,-0.667500804347049,0.0
2018-10-18,-0.4461075700064456,-0.7818520375277519,-0.11000501324930173,1.0,-0.5732292487287832,-0.6696626799398411,0.0
2018-10-19,-0.43966806752617715,-0.7755894294465419,-0.10217964242467413,1.0,-0.5738300448749912,-0.6702400455872926,0.0
2018-10-22,-0.4410026347646514,-0.771416364024781,-0.09866125471765291,1.0,-0.5768354340240689,-0.6726126895962401,0.0
2018-10-23,-0.4396714872344224,-0.7755757900374932,-0.09173361899660774,1.0,-0.5852883413676129,-0.6785574004642028,0.0
2018-10-24,-0.4392984967788118,-0.7816034359341446,-0.09269863994273443,1.0,-0.586471009305655,-0.679026485325698,0.0
2018-10-25,-0.41644256626968884,-0.7457479132469529,-0.08979149931896763,1.0,-0.5856878426989837,-0.6547689728634792,0.0
2018-10-26,-0.4095432950723029,-0.7375247078406214,-0.08301834448798417,1.0,-0.5883413669937927,-0.649339390366543,0.0
2018-10-29,-0.3965660194845575,-0.7480480895460513,-0.07054515304359843,1.0,-0.5821875215919298,-0.6573619843847164,0.0
2018-10-30,-0.4243101641634649,-0.7571777855396438,-0.0824310164163465,1.0,-0.5888927698218652,-0.6400279427174292,0.0
2018-10-31,-0.42443483114708347,-0.7545701925760536,-0.08278677086240581,1.0,-0.5879500418643595,-0.6389547864917667,0.0
2018-11-01,-0.4290056599818322,-0.7504017888337643,-0.08696107889036406,1.0,-0.5883236671092168,-0.6391237509607994,0.0
2018-11-02,-0.43470999088976614,-0.9127315517764956,-0.07800637716368053,1.0,-0.6464470088065594,-0.7240737928940176,0.0
2018-11-05,-0.4439268395127725,-0.9004925732177632,-0.07590973309404711,1.0,-0.6523349497880789,-0.7456947573408682,0.0
2018-11-06,-0.45685104429653434,-0.9120189732996711,-0.06916073751051947,1.0,-0.6494912401499503,-0.7377400351924107,0.0
2018-11-07,-0.45250669728281673,-0.9133945656333716,-0.07696134711060085,1.0,-0.6467661691542289,-0.7373899732108687,0.0
2018-11-08,-0.4255400497036895,-0.9371057159242975,-0.03785127126744409,1.0,-0.6546740584974192,-0.7681514050850697,0.0
2018-11-09,-0.4237139032319755,-0.9373876458213807,-0.039127940332759605,1.0,-0.6566073819085867,-0.767986230636833,0.0
2018-11-12,-0.42347696879643393,-0.9216672381605517,-0.0383281898883682,1.0,-0.661637520478531,-0.7648493161123177,0.0
2018-11-13,-0.4109967456293045,-0.9214031635510482,-0.02225081359267388,1.0,-0.664497086202982,-0.7650041625671687,0.0
2018-11-14,-0.4132081187518934,-0.9208573159648592,-0.021925174189639504,1.0,-0.6657830960315057,-0.7649575886095124,0.0
2018-11-15,-0.4160091047040971,-0.9290212443095599,-0.016160849772382396,1.0,-0.6786039453717755,-0.7538315629742033,0.0
2018-11-16,-0.41367696033908574,-0.9204889494399032,-0.013321223130487437,1.0,-0.6780199818346958,-0.7589691189827431,0.0
2018-11-19,-0.4140370790768067,-0.918690881573969,-0.01831252364737041,1.0,-0.6751797200151344,-0.7573968974650019,0.0
2018-11-20,-0.3953208002109784,-0.916437478807972,-0.0,1.0,-0.6814225972949554,-0.7742530987454319,0.0
2018-11-21,-0.401143455027839,-0.9096819999252643,-0.004222562684503568,1.0,-0.6768057994843242,-0.7449273196068906,0.0
2018-11-23,-0.4016010174690457,-0.9143006770657988,-0.0028055212658511953,1.0,-0.6765046945722515,-0.7454831107619795,0.0
2018-11-26,-0.40135367586567944,-0.9180315608406252,-0.0017949293246578416,1.0,-0.6747064542666966,-0.7435494727395109,0.0
2018-11-27,-0.4008448282307203,-0.9189189189189189,-0.0,1.0,-0.6747785129527868,-0.743635751934507,0.0
2018-11-28,-0.40165987513551904,-0.9139407080638529,-0.0012710755542263263,1.0,-0.67677296347527,-0.7448128902015028,0.0
2018-11-29,-0.3738525318329879,-0.9023171453953212,-0.0,1.0,-0.6748593426117856,-0.7504811963281018,0.0
2018-11-30,-0.37346364578705754,-0.9026358655412409,-0.0,1.0,-0.6748111950244335,-0.7511846586702206,0.0
2018-12-03,-0.37317244697782875,-0.9025798571269941,-0.0,1.0,-0.6746492948884035,-0.7510086241995779,0.0
2018-12-04,-0.37153638415152973,-0.9031852317709297,-0.0,1.0,-0.6739669268617514,-0.750767637157338,0.0
2018-12-06,-0.3585171281088691,-0.842147059885211,-0.020575388947045446,1.0,-0.6664621160163159,-0.72205176334693,0.0
2018-12-07,-0.3561544853499043,-0.8443224104917085,-0.0170165107120922,1.0,-0.6688825463347665,-0.726471332056794,0.0
2018-12-10,-0.33070414455757924,-0.8567689660117596,-0.005915674745446723,1.0,-0.6779721784024093,-0.7138964577656676,0.0
2018-12-11,-0.3259519793274235,-0.8608548971754657,-0.0015791551519936835,1.0,-0.678283027671105,-0.7223558123676561,0.0
2018-12-12,-0.3272661999640998,-0.8604918327050798,-0.0026566146113803624,1.0,-0.6790522347872914,-0.7205528630407466,0.0
2018-12-13,-0.32596922856220634,-0.8565792776960871,-0.004949252232543126,1.0,-0.6807732310009682,-0.7181795359179428,0.0
2018-12-14,-0.32605108336920646,-0.858301047496054,-0.004555890371645861,1.0,-0.6800473525613431,-0.7183240063136749,0.0
2018-12-17,-0.3171691163322963,-0.8584915781568502,-0.0,1.0,-0.6717805671780567,-0.7287487036441012,0.0
2018-12-18,-0.3034914314157719,-0.8474720898812486,-0.0,1.0,-0.6698072957405958,-0.7346583232596174,0.0
2018-12-19,-0.3169687455401741,-0.8474382760097047,-0.0,1.0,-0.6679035250463823,-0.7355858427286999,0.0
2018-12-20,-0.31636932262420925,-0.8380837301869357,-0.0,1.0,-0.668739782500533,-0.7307555618736228,0.0
2018-12-21,-0.31228988994656565,-0.8408294702572631,-0.0,1.0,-0.6734137796808096,-0.7121271099472735,0.0
2018-12-24,-0.3067664395891426,-0.8360806184038685,-0.0,1.0,-0.6712082171472945,-0.7156471709434895,0.0
2018-12-26,-0.3083117428751488,-0.8439184931027239,-0.0,1.0,-0.6470135144597717,-0.7019116308381766,0.0
2018-12-27,-0.2517389976587153,-0.8185334735842014,-0.0,1.0,-0.5924807437820229,-0.7304129483220793,0.0
2018-12-28,-0.254695794201715,-0.8171362460868382,-0.0,1.0,-0.5959575336872193,-0.734959847556826,0.0
2018-12-31,-0.2559809426578186,-0.8153139356814701,-0.0,1.0,-0.5962906244682661,-0.7355113152969202,0.0
2019-01-02,-0.2543525571273123,-0.814914309031556,-0.0,1.0,-0.5950421653971708,-0.736126224156692,0.0
2019-01-03,-0.24954878256427718,-0.8177422101140813,-0.0,1.0,-0.5929507917588966,-0.7451387706453261,0.0
2019-01-04,-0.25533005330053304,-0.8177873445401121,-0.0,1.0,-0.5982643159764931,-0.7452849528495284,0.0
2019-01-07,-0.23939210544011832,-0.7946002286329097,-0.0,1.0,-0.5974043440252841,-0.7308519938134624,0.0
2019-01-08,-0.24305182599355532,-0.7771549409237379,-0.0,1.0,-0.6087204618689581,-0.7276785714285714,0.0
2019-01-09,-0.23743663768505155,-0.7622612373694988,-0.0,1.0,-0.6140185974688643,-0.7432273658061701,0.0
2019-01-10,-0.23809683588900443,-0.7605945710163405,-0.0,1.0,-0.6145354494513975,-0.7421400530147971,0.0
2019-01-11,-0.23844862323707186,-0.7589321692411013,-0.0,1.0,-0.6156816655473473,-0.744862323707186,0.0
2019-01-14,-0.23873586741369476,-0.7566343476364613,-0.0,1.0,-0.6123393833663233,-0.7472070319052572,0.0
2019-01-15,-0.22566475539013514,-0.748080340676659,-0.01378130972739161,1.0,-0.6032927606209972,-0.7622975555779097,0.0
2019-01-16,-0.22127274555142254,-0.754163734459301,-0.003686203545457592,1.0,-0.5996782949633055,-0.7722931537146878,0.0
2019-01-17,-0.21147371579052635,-0.759058635287843,-0.00980032667755592,1.0,-0.5915863862128737,-0.7615253841794727,0.0
2019-01-18,-0.21319084989146767,-0.7544832192352646,-0.017164802137251627,1.0,-0.591384204374687,-0.7632325930873268,0.0
2019-01-22,-0.0,-0.8511329072827313,-0.0,1.0,-0.7071528655890092,-0.8592324254126653,0.0
2019-01-23,-0.0,-0.8386289631533848,-0.0,1.0,-0.7105398457583548,-0.8784233076263924,0.0
2019-01-24,-0.0,-0.8365786767226602,-0.0,1.0,-0.7144669180665066,-0.8771340418237914,0.0
2019-01-25,-0.0,-0.8006226170904894,-0.0,1.0,-0.7281821679667005,-0.9690440379166814,0.0
2019-01-28,-0.0,-0.8142832137230877,-0.0,1.0,-0.7135305443724838,-0.9729739191318046,0.0
2019-01-29,-0.0,-0.7958467798512698,-0.0,1.0,-0.72113091062158,-0.9908446751788972,0.0
2019-01-30,-0.0,-0.7981174487215511,-0.0,1.0,-0.7229558864849678,-0.9911491992132623,0.0
2019-01-31,-0.0,-0.7656946826758149,-0.0,1.0,-0.7008576329331047,-0.9639794168096056,0.0
2019-02-01,-0.0,-0.7637062720999691,-0.0,1.0,-0.7102887157128634,-0.9589755913350956,0.0
2019-02-04,-0.0,-0.7689879931389366,-0.0,1.0,-0.7034648370497427,-0.9580789022298456,0.0
2019-02-05,-0.0,-0.7566730219256436,-0.0,1.0,-0.670570611466703,-0.9773593898951383,0.0
2019-02-06,-0.0,-0.7651757188498403,-0.0,1.0,-0.6634151315342262,-0.9701923730541772,0.0
2019-02-07,-0.0,-0.756787905494729,-0.0,1.0,-0.6648927155011695,-0.9680349818650216,0.0
2019-02-08,-0.0,-0.7412808484601265,-0.0,1.0,-0.6699979604323884,-0.9879665510911687,0.0
2019-02-11,-0.0,-0.7410483321987746,-0.0,1.0,-0.678999319264806,-0.9836283185840708,0.0
2019-02-12,-0.0,-0.7386363636363636,-0.0,1.0,-0.6952975702975702,-0.9785353535353535,0.0
2019-02-13,-0.0,-0.765668038222192,-0.0,1.0,-0.6786479409664365,-0.9562689155643215,0.0
2019-02-14,-0.0,-0.7659169020315105,-0.0,1.0,-0.6889440909245584,-0.9480042195528635,0.0
2019-02-15,-0.0,-0.7693302917844131,-0.0,1.0,-0.6883320281910728,-0.9470566204759797,0.0
2019-02-19,-0.0,-0.7531460444867696,-0.0,1.0,-0.7034215359499354,-0.9445615944493573,0.0
2019-02-20,-0.0,-0.7532011987467647,-0.0,1.0,-0.7137310993052717,-0.9385982836125869,0.0
2019-02-21,-0.0,-0.7646737460306621,-0.0,1.0,-0.7127394407074811,-0.9370369105746577,0.0
2019-02-22,-0.0,-0.7622038642725474,-0.0,1.0,-0.7179627227418585,-0.9335017409708473,0.0
2019-02-25,-0.0,-0.7624026240262403,-0.0,1.0,-0.7197280306136395,-0.9345360120267869,0.0
2019-02-26,-0.0,-0.7627784611179446,-0.0,1.0,-0.7193180265135984,-0.9345701790351236,0.0
2019-02-27,-0.0,-0.7551731202622413,-0.0,1.0,-0.7195588335723554,-0.9398688793280066,0.0
2019-02-28,-0.0,-0.7474163301622065,-0.0,1.0,-0.7152145643693109,-0.9594483608240367,0.0
2019-03-01,-0.0,-0.7526535643360953,-0.0,1.0,-0.7048209272067384,-0.9664794905156476,0.0
2019-03-04,-0.0,-0.7492727334953284,-0.0,1.0,-0.7042335466648414,-0.968924330059208,0.0
2019-03-05,-0.0,-0.7292489439884612,-0.0,1.0,-0.7385555822658745,-0.9663449981111988,0.0
2019-03-06,-0.0,-0.730936781806332,-0.0,1.0,-0.7365279731073988,-0.9627139573971805,0.0
2019-03-07,-0.0,-0.6844406490179333,-0.0,1.0,-0.7699402220324508,-0.9614688300597779,0.0
2019-03-08,-0.0,-0.6778301724434653,-0.0,1.0,-0.7904519326747668,-0.9737032320242315,0.0
2019-03-11,-0.0,-0.6782428225527499,-0.0,1.0,-0.7933932895191974,-0.9873746108612935,0.0
2019-03-12,-0.0,-0.6452523703290574,-0.0,1.0,-0.8124651422197434,-1.0280256553262688,0.0
2019-03-13,-0.0,-0.6474870258785832,-0.0,1.0,-0.8100031346870538,-1.0255302845599248,0.0
2019-03-14,-0.0,-0.653272101033295,-0.0,1.0,-0.8013777267508609,-1.0244581289357408,0.0
2019-03-15,-0.0,-0.6464146205357144,-0.0,1.0,-0.8098144531250001,-1.0314941406250002,0.0
2019-03-18,-0.0,-0.6590022149562282,-0.0,1.0,-0.817846218753296,-1.0389902612242028,0.0
2019-03-19,-0.0,-0.6601572138601995,-0.0,1.0,-0.8132821037047482,-1.051570376114773,0.0
2019-03-20,-0.0,-0.660238751147842,-0.0,1.0,-0.8086458995549904,-1.062937062937063,0.0
2019-03-21,-0.0,-0.6621950788999893,-0.0,1.0,-0.8349278073922406,-1.0330426801284993,0.0
2019-03-22,-0.0,-0.6579452541770352,-0.0,1.0,-0.8642019196587274,-1.0327763953075009,0.0
2019-03-25,-0.0,-0.5874027391472731,-0.0,1.0,-0.8951167130232722,-1.0382353976692602,0.0
2019-03-26,-0.0,-0.5826387907896594,-0.0,1.0,-0.8961011442294109,-1.0528323209492865,0.0
2019-03-27,-0.0,-0.5441269395492523,-0.0,1.0,-0.910061082637085,-1.0563083620023872,0.0
2019-03-28,-0.0,-0.5415597652268653,-0.0,1.0,-0.9092538572382525,-1.0637191157347203,0.0
2019-03-29,-0.0,-0.5478383128295256,-0.0,1.0,-0.9059402460456943,-1.0611599297012304,0.0
2019-04-01,-0.0,-0.5469938045620952,-0.0,1.0,-0.9005913827090961,-1.0725499859194594,0.0
2019-04-02,-0.0,-0.5573205876150981,-0.0,1.0,-0.9137203908062135,-1.0434033879243692,0.0
2019-04-03,-0.0,-0.5595856741573034,-0.0,1.0,-0.9179775280898876,-1.0336727528089886,0.0
2019-04-04,-0.0,-0.5642479610766915,-0.0018201547131506176,1.0,-0.906297035247996,-1.0279323742518114,0.0
2019-04-05,-0.007985709782494483,-0.5524850267941578,-0.0,1.0,-0.908549612973276,-1.0334839410178278,0.0
2019-04-08,-0.0065533555282985805,-0.5562992815840196,-0.0,1.0,-0.9091291396530576,-1.032206062729981,0.0
2019-04-09,-0.0,-0.5619014330653617,-0.0,1.0,-0.889653967144355,-1.04372596994058,0.0
2019-04-10,-0.0,-0.560865173626833,-0.005468287415972973,1.0,-0.8975653930549267,-1.0190867611716765,0.0
2019-04-11,-0.0,-0.5512914102965204,-0.004136684395314076,1.0,-0.8979038481593492,-1.022838669308583,0.0
2019-04-12,-0.0,-0.5472862840298249,-0.009432980752557656,1.0,-0.8953008496618693,-1.0159875151725335,0.0
2019-04-15,-0.0,-0.5473205292953148,-0.005556906192477338,1.0,-0.9026152189768346,-1.0175737158337095,0.0
2019-04-16,-0.0,-0.5458365164247517,-0.006389332592541148,1.0,-0.902701576498368,-1.0175706646294882,0.0
2019-04-17,-0.0,-0.5074047098810391,-0.01591925918218708,1.0,-0.9102070544168142,-1.0347518468421602,0.0
2019-04-18,-0.0,-0.4983150946673615,-0.003335070349140177,1.0,-0.9175264894910544,-1.0548549591801286,0.0
2019-04-22,-0.00316653907718004,-0.5009395225833391,-0.0,1.0,-0.920070986150741,-1.055571020947874,0.0
2019-04-23,-0.0,-0.5122239610502521,-0.008520257346548427,1.0,-0.9116327595200835,-1.0452790818988003,0.0
2019-04-24,-0.0,-0.49850860155382903,-0.022579078801331854,1.0,-0.8920990566037735,-1.0552164261931187,0.0
2019-04-25,-0.0,-0.4902681885993824,-0.03552718315234362,1.0,-0.891718419317906,-1.0519723831662213,0.0
2019-04-26,-0.0,-0.48665254972749683,-0.037421460061790535,1.0,-0.896101641962023,-1.0512028326448433,0.0
2019-04-29,-0.0,-0.48477694844645025,-0.03568824856795695,1.0,-0.8972400624891513,-1.0539489671931959,0.0
2019-04-30,-0.0,-0.4874267281745343,-0.04536783323505948,1.0,-0.9001075231521626,-1.035586694877042,0.0
2019-05-01,-0.0,-0.46406357982031793,-0.05566689702833449,1.0,-0.9171734623358674,-1.0184865238424328,0.0
2019-05-02,-0.0,-0.4607920997203136,-0.055522944649701325,1.0,-0.9199613273022341,-1.016643071717137,0.0
2019-05-03,-0.0008972323831872455,-0.4562771757885293,-0.05856166747187522,1.0,-0.919249085513148,-1.0158741113948513,0.0
2019-05-06,-0.0322941375804812,-0.47756692646560495,-0.057404269739071506,1.0,-0.8722128092172146,-0.9492036597763471,0.0
2019-05-07,-0.026974755700325734,-0.4750950054288817,-0.06029451682953312,1.0,-0.8761536373507058,-0.9545331161780675,0.0
2019-05-08,-0.03855989232839838,-0.47439434724091517,-0.09074697173620458,1.0,-0.8285329744279946,-0.9325033647375504,0.0
2019-05-09,-0.04048869143780291,-0.47509423801830913,-0.09019924609585353,1.0,-0.8279483037156704,-0.9319130317716748,0.0
2019-05-10,-0.043036783000470716,-0.47622890188958367,-0.09158765382287673,1.0,-0.8219689328222715,-0.9293927778898526,0.0
2019-05-13,-0.054164004975960724,-0.4758766768651447,-0.0784722455703863,1.0,-0.8178058702888075,-0.9358168308509563,0.0
2019-05-14,-0.020889735619506,-0.441391757745914,-0.1353654868143989,1.0,-0.8099869648049733,-0.9347237541361677,0.0
2019-05-15,-0.0010710580044850555,-0.4479365398132343,-0.15001506175318807,1.0,-0.8235097231984471,-0.9245238812464439,0.0
2019-05-16,-0.0,-0.4491511234638181,-0.15859089843619192,1.0,-0.8203797341191441,-0.9205036332585474,0.0
2019-05-17,-0.0,-0.45099548268362055,-0.15295298644805086,1.0,-0.8105069432825832,-0.931704868663209,0.0
2019-05-20,-0.0,-0.44169917641959255,-0.1559801273715448,1.0,-0.8074755760061352,-0.9291787536260877,0.0
2019-05-21,-0.010933501711475191,-0.4255092884915755,-0.13585457445747898,1.0,-0.8256621581203683,-0.9253265095875843,0.0
2019-05-22,-0.0050394536171341426,-0.41761156421987927,-0.14829918440421722,1.0,-0.8198726874875671,-0.9245739672435516,0.0
2019-05-23,-0.004338754015831485,-0.41088994137714047,-0.14953797237770347,1.0,-0.8270128837810089,-0.9202464147318915,0.0
2019-05-24,-0.0,-0.3950356482703987,-0.16335489833641403,1.0,-0.8208674412463691,-0.9214747821494585,0.0
2019-05-28,-0.0,-0.3865302079894355,-0.1641465830307032,1.0,-0.8242984483327831,-0.9264443710795641,0.0
2019-05-29,-0.012315189831736309,-0.39299944021864397,-0.16101946063419934,1.0,-0.8180052026737792,-0.9085580690836049,0.0
2019-05-30,-0.009296498978044439,-0.3871563262345883,-0.16374365398562668,1.0,-0.817267752357091,-0.9191995780312522,0.0
2019-05-31,-0.014619014619014617,-0.3835593835593835,-0.1723921723921724,1.0,-0.8212388212388212,-0.9082269082269082,0.0
2019-06-03,-0.013957765443856943,-0.38970081119248584,-0.1844067128641335,1.0,-0.8147065585076686,-0.8814082564287826,0.0
2019-06-04,-0.03232900091899698,-0.3796113955625574,-0.17953262439280557,1.0,-0.818891952212157,-0.8717999212288303,0.0
2019-06-05,-0.021992322207040147,-0.3739020105406988,-0.2055436267811829,1.0,-0.8360010410566725,-0.8158631010475633,0.0
2019-06-06,-0.02422055333398355,-0.3729965213433467,-0.19721057251536137,1.0,-0.8339022725056082,-0.8227185539191783,0.0
2019-06-07,-0.02025812775690247,-0.35905897729129227,-0.2129717366443392,1.0,-0.8433589282796929,-0.8317921908184938,0.0
2019-06-10,-0.00795929018789144,-0.35930975991649267,-0.19144702505219208,1.0,-0.8615931628392484,-0.8416949373695197,0.0
2019-06-11,-0.004560706257940515,-0.35755937062253634,-0.1850995211258429,1.0,-0.8681955891455191,-0.8422321399485291,0.0
2019-06-12,-0.004103967168262654,-0.36131196664712395,-0.18708878900397366,1.0,-0.8651879356393719,-0.8394241417497231,0.0
2019-06-13,-0.01124584392724428,-0.3582371732185931,-0.18309537779516266,1.0,-0.8618879979138144,-0.8451985135928027,0.0
2019-06-14,-0.016864175022789425,-0.35531970308633937,-0.19436124495377005,1.0,-0.8577614272691757,-0.831325693449668,0.0
2019-06-17,-0.01709151284305108,-0.3556662434482534,-0.19448513852264218,1.0,-0.8577335026206986,-0.8305824136471661,0.0
2019-06-18,-0.001277139208173691,-0.337393981072142,-0.2100730261649802,1.0,-0.8719258604316076,-0.8540786586763599,0.0
2019-06-19,-0.007499590633699034,-0.3256263304404781,-0.21414769936138858,1.0,-0.8672343212706729,-0.8604224660225971,0.0
2019-06-20,-0.014474202441906262,-0.328672705789681,-0.19833924117106472,1.0,-0.8762636208481029,-0.8643823027438623,0.0
2019-06-21,-0.006547560293488633,-0.34126279077419147,-0.19669002730891982,1.0,-0.8683578455565426,-0.8773730793274768,0.0
2019-06-24,-0.007779023007449404,-0.3267519282747709,-0.19757399960445646,1.0,-0.8670973696354408,-0.8969609071131913,0.0
2019-06-25,-0.008902370668337236,-0.32876125160737246,-0.19604998516271555,1.0,-0.8662666095156452,-0.8971611329090969,0.0
2019-06-26,-0.003291855948383699,-0.33188491671604453,-0.1970504970702482,1.0,-0.8576601487918889,-0.9019685298571335,0.0
2019-06-27,-0.0024059853004185752,-0.3287960185887083,-0.2120892521670347,1.0,-0.8605846873867045,-0.8919613724003822,0.0
2019-06-28,-0.0,-0.3421460870713272,-0.20922863649866322,1.0,-0.8560583556127668,-0.8932237515265539,0.0
2019-07-01,-0.017699990111737368,-0.32753221925574344,-0.2083786545370645,1.0,-0.8617291275256271,-0.8806816309041168,0.0
2019-07-02,-0.011188258909473822,-0.32844121228075945,-0.20816742900391588,1.0,-0.860048043700023,-0.8828194412451875,0.0
2019-07-03,-0.0401675542278218,-0.32312638004935706,-0.19577217820496168,1.0,-0.8290362384725288,-0.8590726068320561,0.0
2019-07-05,-0.0428214852993614,-0.33368990891114786,-0.18577587604136278,1.0,-0.8210638918603521,-0.8582774157995398,0.0
2019-07-08,-0.04195033391687739,-0.3357323477922583,-0.18378395902223948,1.0,-0.820625040523893,-0.8598521688387474,0.0
2019-07-09,-0.03817661966339593,-0.3402430307362401,-0.18282539476249268,1.0,-0.8278965494833972,-0.8599324192605108,0.0
2019-07-10,-0.03898635477582846,-0.3422027290448343,-0.18346328784925275,1.0,-0.8259584145549058,-0.8582846003898635,0.0
2019-07-11,-0.03840031188070563,-0.3424190247230434,-0.183782203307235,1.0,-0.825834118449693,-0.8582892043793249,0.0
2019-07-12,-0.030171993367363526,-0.35780472737913316,-0.18564879539616996,1.0,-0.8255031374971551,-0.8521637350846961,0.0
2019-07-15,-0.031733645467551044,-0.3737156977500325,-0.2006112628430225,1.0,-0.8226362335804396,-0.822733775523475,0.0
2019-07-16,-0.022067175077072853,-0.36556871653415546,-0.18289793931526854,1.0,-0.8281031964952135,-0.8465357780301801,0.0
2019-07-17,-0.02363022591534666,-0.3692871981303557,-0.18076473643209556,1.0,-0.8279343027784991,-0.8443261490521943,0.0
2019-07-18,-0.048346960540348385,-0.36867789160714864,-0.18611640758814596,1.0,-0.7983711986555926,-0.8302685583169054,0.0
2019-07-19,-0.028979393152685384,-0.3687165341554438,-0.19730650657147494,1.0,-0.8068473146195035,-0.8433230569527828,0.0
2019-07-22,-0.028330358591595006,-0.3511926010060036,-0.1881551192601006,1.0,-0.810060035696901,-0.8674671426253449,0.0
2019-07-23,-0.038789025543992425,-0.33813982318207025,-0.19188986396111307,1.0,-0.8223012429452256,-0.871203471112126,0.0
2019-07-24,-0.03790248989701473,-0.3361686872637205,-0.1912723243384174,1.0,-0.8203949941337505,-0.873289010559249,0.0
2019-07-25,-0.033981375592223494,-0.35749060611011274,-0.17876164025486033,1.0,-0.8132984806404182,-0.8838751837934977,0.0
2019-07-26,-0.033887217061363335,-0.3622268742640325,-0.17610885777835927,1.0,-0.8142417898730866,-0.8845348685071307,0.0
2019-07-29,-0.03387112609222109,-0.34813626992178553,-0.1762280328566286,1.0,-0.816212324508296,-0.898124815917793,0.0
2019-07-30,-0.024632316813521567,-0.3445248779848668,-0.1837924596285499,1.0,-0.8170591896229814,-0.9055652003013528,0.0
2019-07-31,-0.0,-0.4024832037939665,-0.1885127124226057,1.0,-0.8158345409037017,-0.8865432749308391,0.0
2019-08-01,-0.0,-0.4130592105263158,-0.18618421052631579,1.0,-0.811875,-0.8783881578947368,0.0
2019-08-02,-0.0,-0.4048793318866311,-0.19306898139014927,1.0,-0.8034129019530479,-0.8865653975143025,0.0
2019-08-05,-0.0,-0.4030923773882214,-0.1828835926728383,1.0,-0.8021469371676188,-0.894622808745322,0.0
2019-08-06,-0.0,-0.40687995838210433,-0.18354142281180907,1.0,-0.777214202106906,-0.8837625178826896,0.0
2019-08-07,-0.0,-0.41849590855955315,-0.1657033380958566,1.0,-0.7675347447720483,-0.8954409663592674,0.0
2019-08-08,-0.0,-0.4229651637337164,-0.17930719252995525,1.0,-0.7739070815240459,-0.8886676025988441,0.0
2019-08-09,-0.0,-0.4153636097656123,-0.17268619355677645,1.0,-0.7626865186437373,-0.9001332856539125,0.0
2019-08-12,-0.0,-0.41110172794595295,-0.1835780174093803,1.0,-0.7666298557879694,-0.8866766272573731,0.0
2019-08-13,-0.0,-0.40856485233572143,-0.18086037540117353,1.0,-0.7660388368398872,-0.8863422699127953,0.0
2019-08-14,-0.0,-0.4092469079842,-0.18043773878132485,1.0,-0.7600207213624295,-0.8880075114938807,0.0
2019-08-15,-0.0,-0.43219285099327187,-0.18596345779790185,1.0,-0.7303019674117535,-0.8402155543509455,0.0
2019-08-16,-0.0,-0.42421832755494765,-0.18877826902891312,1.0,-0.7228919494894875,-0.84487420083336,0.0
2019-08-19,-0.00408654607659898,-0.42512750657332027,-0.19152912852029016,1.0,-0.7135299521652358,-0.8336237209744353,0.0
2019-08-20,-0.0018006634023061128,-0.4257147370083715,-0.2018954351603222,1.0,-0.7033012162375611,-0.8263465487284789,0.0
2019-08-21,-0.00365919056181193,-0.42872464591022363,-0.18967855903599257,1.0,-0.7073909340399356,-0.8250212927037002,0.0
2019-08-22,-0.0038436298865660444,-0.42614293303334266,-0.2050873410205931,1.0,-0.6965407331020905,-0.7932564607356021,0.0
2019-08-23,-0.0017184814872676145,-0.4265271051398219,-0.20453054210279645,1.0,-0.6972035619434463,-0.794532104358694,0.0
2019-08-26,-0.009985115355991071,-0.4183205160009923,-0.2034544777970727,1.0,-0.6864611758868767,-0.7827152071446293,0.0
2019-08-27,-0.013518960652382872,-0.41167715729744814,-0.19776130972683018,1.0,-0.6837307370314099,-0.7939908840035969,0.0
2019-08-28,-0.016972689399783983,-0.3972226508254899,-0.20567813609010954,1.0,-0.6738157691714242,-0.792254281746644,0.0
2019-08-29,-0.03439226945756538,-0.3793337655521596,-0.20990398567503318,1.0,-0.6815473433978575,-0.7821308388132506,0.0
2019-08-30,-0.038366641993585,-0.3748457932395756,-0.20756229953121147,1.0,-0.6832593140883296,-0.7800703182827535,0.0
2019-09-03,-0.043377657112886804,-0.37987844383426406,-0.20806466541202606,1.0,-0.6873785209638109,-0.7665134359670503,0.0
2019-09-04,-0.03291342472520686,-0.3625416821044831,-0.22208842781277013,1.0,-0.6897616401136223,-0.7802889959244165,0.0
2019-09-05,-0.03399346042322166,-0.36223702881115427,-0.2174717749398482,1.0,-0.6922080325744956,-0.7787957307668579,0.0
2019-09-06,-0.03413223911218875,-0.3696415804034941,-0.2033013149305232,1.0,-0.6975970654978396,-0.8039416829867264,0.0
2019-09-09,-0.04107331633604875,-0.38362042161557114,-0.20169765561843167,1.0,-0.6942354331198308,-0.7886014551333873,0.0
2019-09-10,-0.019560131024801124,-0.397036343784121,-0.1689284043051006,1.0,-0.7061612852909063,-0.8279207611917018,0.0
2019-09-11,-0.0229426433915212,-0.39697630922693267,-0.178927680798005,1.0,-0.702992518703242,-0.8153678304239403,0.0
2019-09-12,-0.022652209135663987,-0.3899171184645105,-0.18134230697326603,1.0,-0.7055835981803452,-0.8163519660995825,0.0
2019-09-13,-0.022250615475708186,-0.3897908940758515,-0.18320919941412944,1.0,-0.7062544797282557,-0.8147963476580761,0.0
2019-09-16,-0.019741150787462965,-0.3935755496647435,-0.17738967721815063,1.0,-0.7114610946514892,-0.8164977389677218,0.0
2019-09-17,-0.019557690508125645,-0.38210798839639415,-0.1794191958576375,1.0,-0.7152437693003525,-0.8229202408060139,0.0
2019-09-18,-0.019869615396612497,-0.3828878006176113,-0.18038616301194674,1.0,-0.7145263420568327,-0.8215477712966718,0.0
2019-09-19,-0.019807230418915127,-0.38357403537228235,-0.18051093296734147,1.0,-0.7134657974359774,-0.821922081162856,0.0
2019-09-20,-0.016293342471728093,-0.381818748247609,-0.17604909810274463,1.0,-0.7166578398080937,-0.8245428206486184,0.0
2019-09-23,-0.01751389622084899,-0.37869142626463376,-0.16669254417290316,1.0,-0.7212371518181536,-0.8211657299009409,0.0
2019-09-24,-0.015043424317617866,-0.3758684863523573,-0.1525124069478908,1.0,-0.7316377171215881,-0.8266439205955335,0.0
2019-09-25,-0.0058918382535351034,-0.36538700074423225,-0.1579322748697594,1.0,-0.7436120069461672,-0.8281133713718681,0.0
2019-09-26,-0.0,-0.3461574669721028,-0.21476762795368248,1.0,-0.7573351743182603,-0.8198136002761477,0.0
2019-09-27,-0.0,-0.3107419712070875,-0.21784527764594208,1.0,-0.7919000158202816,-0.8435374149659864,0.0
2019-09-30,-0.0,-0.29777115500459717,-0.23182524333407312,1.0,-0.7917631019942297,-0.8491170222884499,0.0
2019-10-01,-0.0,-0.29372403513779216,-0.23556274379221767,1.0,-0.7910443027938985,-0.8509815114324677,0.0
2019-10-02,-0.0,-0.31785634726156,-0.26894313082773763,1.0,-0.7761830506317029,-0.8194316265156095,0.0
2019-10-03,-0.0,-0.35626403517095234,-0.2618528007084796,1.0,-0.7562387323275453,-0.7884998576715058,0.0
2019-10-04,-0.0,-0.36410532312171656,-0.26473194505981396,1.0,-0.7488765111715932,-0.7870434837647953,0.0
2019-10-07,-0.0,-0.36754945957904056,-0.26253081347576007,1.0,-0.7434738638518424,-0.7868023513052272,0.0
2019-10-08,-0.0,-0.3761632859080728,-0.2725322565380611,1.0,-0.7211899429004069,-0.784819710400959,0.0
2019-10-09,-0.0,-0.3723731259017628,-0.25396775610062106,1.0,-0.7282479141835518,-0.7819772912615269,0.0
2019-10-10,-0.0,-0.3803776214914782,-0.27900272445035795,1.0,-0.7121903313691947,-0.7963948552239751,0.0
2019-10-11,-0.0,-0.3945158417101413,-0.3080862705178776,1.0,-0.6941404758875175,-0.7843555159689529,0.0
2019-10-14,-0.012976661140160694,-0.37482463971432217,-0.3242889937507971,1.0,-0.7089019257747737,-0.7673447264379544,0.0
2019-10-15,-0.0,-0.36730902449776437,-0.28235405252219914,1.0,-0.7018074186031866,-0.7973738900434537,0.0
2019-10-16,-0.0,-0.36639637940788233,-0.2883902193726821,1.0,-0.6983154189452511,-0.7897416556666038,0.0
2019-10-17,-0.0,-0.3725410221817839,-0.2795783264832303,1.0,-0.6984908857026323,-0.7868729018291344,0.0
2019-10-18,-0.1452802571535172,-0.25586200958585653,-0.07694515397640846,1.0,-0.6658726286485089,-0.726028183566283,0.0
2019-10-21,-0.12564073356874358,-0.2961897710445381,-0.07378403007176215,1.0,-0.6610946577058889,-0.6909670805330903,0.0
2019-10-22,-0.09517845961177207,-0.2784482267888655,-0.08809130756532134,1.0,-0.6727671201684978,-0.7117322251949679,0.0
2019-10-23,-0.11729344729344729,-0.27324786324786327,-0.08717948717948718,1.0,-0.6805128205128205,-0.6907692307692308,0.0
2019-10-24,-0.1452023452023452,-0.2574002574002574,-0.13742313742313741,1.0,-0.6399256399256399,-0.68002288002288,0.0
2019-10-25,-0.15494402438309593,-0.24192603012719066,-0.22358009495340248,1.0,-0.6353672117695328,-0.6748139030537482,0.0
2019-10-28,-0.1554186830913624,-0.253145622525297,-0.2292711541281713,1.0,-0.6334653174952339,-0.6616805983282007,0.0
2019-10-29,-0.14257057730316527,-0.25304581256084246,-0.25514026962447267,1.0,-0.6457122628986106,-0.6534411044573586,0.0
2019-10-30,-0.1551525533863012,-0.24455799391558616,-0.24895885636648257,1.0,-0.6473107481466167,-0.6576188085181794,0.0
2019-10-31,-0.15030865109135483,-0.241161355111203,-0.2553090941311989,1.0,-0.6188675901586083,-0.687952269840801,0.0
2019-11-01,-0.14982702031402467,-0.2470504745852923,-0.26077057275496024,1.0,-0.6178775244684941,-0.6813921168573879,0.0
2019-11-04,-0.14282322917593993,-0.2548146829282768,-0.24876109083355588,1.0,-0.6289504139588712,-0.692097688358705,0.0
2019-11-05,-0.14925906088198534,-0.26423852883413673,-0.2802773314289115,1.0,-0.6136404213533296,-0.6682437659941677,0.0
2019-11-06,-0.1349691413505902,-0.2593025346036311,-0.28282101983342317,1.0,-0.6197195757684703,-0.6991431481814369,0.0
2019-11-07,-0.13679456889074978,-0.2482579178754075,-0.27556299907288334,1.0,-0.6278374256063642,-0.7022460148936807,0.0
2019-11-08,-0.13228118788024817,-0.23610023492560692,-0.27733269080175893,1.0,-0.6458647069453648,-0.7202879344617794,0.0
2019-11-11,-0.1362680920064861,-0.23938502192060537,-0.2671010750105099,1.0,-0.6442556002642484,-0.7158428923187796,0.0
2019-11-12,-0.1368127083270773,-0.23999279300921897,-0.26915107654424797,1.0,-0.6416323834119096,-0.7153538932764782,0.0
2019-11-13,-0.14856346223784703,-0.24293853800460663,-0.3127045702509395,1.0,-0.6155291550490969,-0.7109649654503577,0.0
2019-11-14,-0.151031411868052,-0.24426740980825737,-0.30706085481476997,1.0,-0.6162117953533457,-0.7105685638990702,0.0
2019-11-15,-0.1528488777148396,-0.24387362554145336,-0.3054251355526611,1.0,-0.6168781994971678,-0.7100536152424803,0.0
2019-11-18,-0.15117686210443518,-0.24644521086706603,-0.3055000907605736,1.0,-0.6140557874992437,-0.708204755854057,0.0
2019-11-19,-0.14769685221083725,-0.2776085418012862,-0.3069017508231022,1.0,-0.6266962060371088,-0.7181144035201084,0.0
2019-11-20,-0.15569433335384236,-0.26721220697717346,-0.3013289854180766,1.0,-0.6238232941610778,-0.728296314526549,0.0
2019-11-21,-0.18991994517646327,-0.23960377534809832,-0.337320499641778,1.0,-0.5853347039217519,-0.7628259041211102,0.0
2019-11-22,-0.18951574840313395,-0.2533589251439539,-0.3780560712375319,1.0,-0.5838708662408357,-0.741701016330512,0.0
2019-11-25,-0.19181360201511335,-0.25327455919395464,-0.37893576826196473,1.0,-0.585264483627204,-0.7393576826196474,0.0
2019-11-26,-0.19127824300837415,-0.27492494864907563,-0.3815452678148207,1.0,-0.5768683836309053,-0.7354716384894928,0.0
2019-11-27,-0.19064770932069508,-0.26129541864139016,-0.3909952606635071,1.0,-0.5839810426540284,-0.7326382306477093,0.0
2019-11-29,-0.19390185802763218,-0.25771002064475146,-0.4063204700651103,1.0,-0.59383833571542,-0.7243449261553121,0.0
2019-12-02,-0.198851238608651,-0.2640546784751637,-0.4432036965729688,1.0,-0.5866705172635092,-0.716050571171865,0.0
2019-12-03,-0.16819767627948662,-0.2698524469481164,-0.4454437794065871,1.0,-0.6034951829209743,-0.7137598822136159,0.0
2019-12-04,-0.16807800872466,-0.2758211444701052,-0.4484218629715166,1.0,-0.6026430587631512,-0.7126315114190404,0.0
2019-12-05,-0.16828834653305316,-0.26361726200096974,-0.4738645547114918,1.0,-0.5822531113625343,-0.7445611766607403,0.0
2019-12-06,-0.17067416456596216,-0.2646241354792838,-0.47301402624264755,1.0,-0.5805377803632604,-0.7430353564734019,0.0
2019-12-09,-0.142270816916207,-0.235618597320725,-0.515103756238508,1.0,-0.6238179669030732,-0.7666469661150512,0.0
2019-12-10,-0.1848025791243457,-0.223628106908864,-0.6394425763510937,1.0,-0.6939369778486497,-0.7247200748778035,0.0
2019-12-11,-0.18219475991577203,-0.23155787220822258,-0.6296385791708378,1.0,-0.6905312575511754,-0.7180434257309538,0.0
2019-12-12,-0.18339447636187448,-0.2256869938395515,-0.6330726102304978,1.0,-0.6950231882051637,-0.7237488751990033,0.0
2019-12-13,-0.18191588947058213,-0.22580868841660018,-0.645598585445342,1.0,-0.69292375966439,-0.7207988073362688,0.0
2019-12-16,-0.18431616832779624,-0.22587901439645625,-0.6590877630121816,1.0,-0.6910645071982282,-0.7003045404208196,0.0
2019-12-17,-0.18232387796703864,-0.22817261514010295,-0.6570155132501814,1.0,-0.6891130843381819,-0.6984417648481498,0.0
2019-12-18,-0.23274147727272726,-0.23561789772727273,-0.6815340909090909,1.0,-0.691122159090909,-0.7101207386363636,0.0
2019-12-19,-0.2297047314123088,-0.25852009960868017,-0.6909640697260762,1.0,-0.6695482034863037,-0.7087157595161864,0.0
2019-12-20,-0.23466884709730174,-0.28973657079881976,-0.6950833659212913,1.0,-0.654484695509972,-0.6810409186249067,0.0
2019-12-23,-0.22982850215709347,-0.2862694762363176,-0.7067065996363248,1.0,-0.6515135308589154,-0.691125610582237,0.0
2019-12-24,-0.23218931537118215,-0.2859332121600912,-0.7010584839089062,1.0,-0.6544067857015574,-0.6903667272532876,0.0
2019-12-26,-0.23774579652322594,-0.2873325733827301,-0.6973852949558278,1.0,-0.6556711313764605,-0.6840980336278141,0.0
2019-12-27,-0.22609067884279244,-0.29700709877644205,-0.7084507544679485,1.0,-0.6504833588984411,-0.6851924517532907,0.0
2019-12-30,-0.23684587300451,-0.2971579926981172,-0.7193070370105232,1.0,-0.6562746080607058,-0.6697687737132221,0.0
2019-12-31,-0.23282429097671756,-0.29877329137012265,-0.7206108508279389,1.0,-0.6549121991345087,-0.6692536032330746,0.0
2020-01-02,-0.2336030359444365,-0.30083774881855935,-0.7222182443076042,1.0,-0.6556279536016039,-0.6678361735643706,0.0
2020-01-03,-0.21527079442608818,-0.3011779916678638,-0.7357419910932337,1.0,-0.6560838959919552,-0.6831992529808936,0.0
2020-01-06,-0.21484010061085163,-0.30639597556593606,-0.7415379087315846,1.0,-0.6514193316564858,-0.6790513833992096,0.0
2020-01-07,-0.17567960459369095,-0.30731210931821484,-0.7880869312400057,1.0,-0.6505306003779618,-0.7126399185928186,0.0
2020-01-08,-0.16212979094076657,-0.29351771196283394,-0.804914343786295,1.0,-0.6552337398373984,-0.7136686991869919,0.0
2020-01-09,-0.14893463864094444,-0.28620788943276704,-0.8008926000575871,1.0,-0.6509141952202707,-0.712208465303772,0.0
2020-01-10,-0.15319762205008106,-0.290506215096379,-0.7996036750135109,1.0,-0.6456854620789046,-0.7139974779319042,0.0
2020-01-13,-0.14584829765838242,-0.2891825887085189,-0.7951084614279557,1.0,-0.645201838816262,-0.7161327395489153,0.0
2020-01-14,-0.161788588545238,-0.2841675989750623,-0.8056949005738208,1.0,-0.6491031794723736,-0.7081814572882457,0.0
2020-01-15,-0.1495891207912152,-0.29692386008290306,-0.8220129445131263,1.0,-0.64678932441277,-0.7208203039778925,0.0
2020-01-16,-0.155329580533866,-0.29097512257127295,-0.8092609406210278,1.0,-0.65000907935355,-0.7261666969311785,0.0
2020-01-17,-0.17471539409759987,-0.302117322891741,-0.7876151113044738,1.0,-0.6524182437821767,-0.7086868247407729,0.0
2020-01-21,-0.18058927988982712,-0.3031203566121843,-0.7811401442394811,1.0,-0.6533178704743957,-0.7059399122965969,0.0
2020-01-22,-0.17568058076225043,-0.29386569872958257,-0.7996370235934663,1.0,-0.6493647912885662,-0.711179673321234,0.0
2020-01-23,-0.17520918607599525,-0.29727967544463363,-0.7996884848045785,1.0,-0.6438946643967111,-0.7061614807838592,0.0
2020-01-24,-0.1752816314702793,-0.29420074618756115,-0.7985655811931757,1.0,-0.6431702104538705,-0.7110877675951752,0.0
2020-01-27,-0.1686166551961459,-0.30539355960444814,-0.7978411272503352,1.0,-0.643822219002427,-0.7065961531495636,0.0
2020-01-28,-0.1789131546271273,-0.2941348331020378,-0.7947556789131547,1.0,-0.6628442042217515,-0.721386312175882,0.0
2020-01-29,-0.1695482837695192,-0.2955265169439086,-0.790994794889528,1.0,-0.6576638881811234,-0.7261675099188295,0.0
2020-01-30,-0.183933497894584,-0.283033251052708,-0.7760998983592274,1.0,-0.6688325831276317,-0.7181283577755191,0.0
2020-01-31,-0.16313219647281735,-0.29525579361609094,-0.789680804547442,1.0,-0.6762498178108147,-0.719465092552106,0.0
2020-02-03,-0.1592420810412397,-0.2885700931219214,-0.7690648258008845,1.0,-0.6552331643476073,-0.7232948621148384,0.0
2020-02-04,-0.15805840511849018,-0.2727955105979912,-0.764663831004039,1.0,-0.6471387210923257,-0.731779676162562,0.0
2020-02-05,-0.14750828197912588,-0.27556727104335127,-0.7644712000854914,1.0,-0.6474904712713283,-0.7271043351262779,0.0
2020-02-06,-0.17408964583481792,-0.2733556616546711,-0.7914914843582983,1.0,-0.6271289104254257,-0.6969999287393999,0.0
2020-02-07,-0.18095748481600574,-0.26634512325830656,-0.7975705609146124,1.0,-0.6301536262951055,-0.697642015005359,0.0
2020-02-10,-0.1815845824411135,-0.26523911491791574,-0.7965738758029979,1.0,-0.629300499643112,-0.6961812990720914,0.0
2020-02-11,-0.16993347799793673,-0.27459001814236417,-0.7819714702429653,1.0,-0.6360499448614421,-0.6947814022980328,0.0
2020-02-12,-0.1440966620056649,-0.2879782008533219,-0.8098311283209637,1.0,-0.6322828152450611,-0.7111971603743144,0.0
2020-02-13,-0.13519428796957408,-0.2927415593268989,-0.8202073840192314,1.0,-0.6352839869398299,-0.7045674715654263,0.0
2020-02-14,-0.13417476424396715,-0.2994011976047904,-0.8282835526551686,1.0,-0.6110294381297285,-0.7127541324536555,0.0
2020-02-18,-0.12073272273105745,-0.3048908518263766,-0.827571226876154,1.0,-0.6173478622886724,-0.7496651341273577,0.0
2020-02-19,-0.09069741656502939,-0.31178622907195924,-0.8676497763979747,1.0,-0.6427911446206157,-0.7829397198506857,0.0
2020-02-20,-0.1029635399280442,-0.3131189495938578,-0.8635436371054486,1.0,-0.6464893735395572,-0.7829828270464745,0.0
2020-02-21,-0.10318963276521481,-0.30838067654376,-0.8668820318591958,1.0,-0.6502914856485092,-0.7844120158924659,0.0
2020-02-24,-0.09189631447803934,-0.3218044553534902,-0.8705046673360853,1.0,-0.6537989512440031,-0.780988508311949,0.0
2020-02-25,-0.0875208469291567,-0.3629541005003263,-0.8584584149082735,1.0,-0.5892973678485969,-0.7273584221593793,0.0
2020-02-26,-0.10194191928124226,-0.34003041986487914,-0.8229280888543029,1.0,-0.5772699939867709,-0.6950585405539245,0.0
2020-02-27,-0.14358156028368796,-0.3220212765957447,-0.803936170212766,1.0,-0.6001418439716313,-0.67645390070922,0.0
2020-02-28,-0.13490530880509538,-0.40461429007012906,-0.7175187180268998,1.0,-0.4883626384795203,-0.642477216519294,0.0
2020-03-02,-0.13328364277002305,-0.4059154356958938,-0.7167976690608484,1.0,-0.4887518633961242,-0.6432443420517686,0.0
2020-03-03,-0.1214783004749821,-0.49141128245168847,-0.5951916194937862,1.0,-0.43636541089205544,-0.6088880213416618,0.0
2020-03-04,-0.031827048114434334,-0.5760078023407023,-0.6902145643693108,1.0,-0.39288036410923277,-0.5600130039011704,0.0
2020-03-05,-0.036024688247890166,-0.6443191837762942,-0.6022483940042827,1.0,-0.34169920644917495,-0.5247197380022672,0.0
2020-03-06,-0.051329198740923114,-0.6888459500732385,-0.5760900052980957,1.0,-0.3085050020257425,-0.4917567862374171,0.0
2020-03-09,-0.05221244422409519,-0.6897620228061477,-0.5799144769459593,1.0,-0.29867997025285076,-0.47806147744174515,0.0
2020-03-10,-0.2238556827832606,-0.5344246932380591,-0.4595718511142999,1.0,-0.30667408557120684,-0.4039593522124931,0.0
2020-03-11,-0.20484332957208576,-0.5589792552729799,-0.45490842808783966,1.0,-0.28602841188554234,-0.3884790093452536,0.0
2020-03-12,-0.22871696732614752,-0.4952297863957448,-0.4118425125939268,1.0,-0.2880421017082712,-0.39045394422086516,0.0
2020-03-13,-0.28114762760224027,-0.4138222550988059,-0.34780196555003695,1.0,-0.28669555109373346,-0.3124009299376519,0.0
2020-03-16,-0.24399765264205345,-0.4818207332942107,-0.32054193350853466,1.0,-0.26333784094098434,-0.2418033832572143,0.0
2020-03-17,-0.2577124456134313,-0.37481871143777196,-0.25943315061085026,1.0,-0.3018854010471719,-0.26430028760354957,0.0
2020-03-18,-0.2534126365054602,-0.37556064742589707,-0.24605109204368175,1.0,-0.30038514040561626,-0.2622123634945398,0.0
2020-03-19,-0.2461840600606573,-0.42649032963754785,-0.2641077909809576,1.0,-0.31099289017053644,-0.2381295679411326,0.0
2020-03-20,-0.24851746648726766,-0.46795734290128077,-0.2496387103204266,1.0,-0.30889021777046893,-0.2166741416255544,0.0
2020-03-23,-0.25317987601570796,-0.5245375287115018,-0.18755711427795202,1.0,-0.3044283632591568,-0.20007903381165254,0.0
2020-03-24,-0.2688315210691126,-0.5353946297803092,-0.16004635451340088,1.0,-0.2969647656384841,-0.2044529920852134,0.0
2020-03-25,-0.2692335686731203,-0.5330567484290463,-0.13268796855666354,1.0,-0.2918455976902734,-0.19938374942378145,0.0
2020-03-26,-0.27987009839561827,-0.5335902282972227,-0.11996510106150939,1.0,-0.29065483980417817,-0.19945712762347922,0.0
2020-03-27,-0.2792110358180058,-0.5349951597289448,-0.11819941916747338,1.0,-0.2889883833494676,-0.19874152952565344,0.0
2020-03-30,-0.28913376632854115,-0.5435792648811696,-0.10532973314845896,1.0,-0.29258799776204725,-0.20192658541925126,0.0
2020-03-31,-0.2879634578939696,-0.5445113951115215,-0.10819281792118178,1.0,-0.29070897516886146,-0.198308955731571,0.0
2020-04-01,-0.28654743390357695,-0.5463889968895801,-0.11302002332814931,1.0,-0.2889774494556765,-0.19510594867807154,0.0
2020-04-02,-0.30405959211224143,-0.5104864760619063,-0.10525047008340965,1.0,-0.3016006942770358,-0.18928691962779037,0.0
2020-04-03,-0.30310762342632935,-0.5156103314637845,-0.10629949690681943,1.0,-0.29140890162000815,-0.19071805117589002,0.0
2020-04-06,-0.30633209834961267,-0.5122455853341674,-0.10347399316749267,1.0,-0.2938218736467305,-0.18993889236395134,0.0
2020-04-07,-0.29959427207637235,-0.5057517899761337,-0.09940334128878282,1.0,-0.29341288782816227,-0.188472553699284,0.0
2020-04-08,-0.2959269091865777,-0.505082394585157,-0.08961756475568632,1.0,-0.29640525220635716,-0.20470689531463013,0.0
2020-04-09,-0.30615993892547,-0.4839679358717435,-0.10334955625536787,1.0,-0.2984301937207749,-0.19381620383624396,0.0
2020-04-13,-0.3231121390591096,-0.441665275757648,-0.11361739669520017,1.0,-0.30258232194377555,-0.20343832709411286,0.0
2020-04-14,-0.3260771083188288,-0.43673255287189144,-0.11756991964903078,1.0,-0.30194797453565725,-0.20195035883741447,0.0
2020-04-15,-0.31853525145642614,-0.4401379146355962,-0.11078349780049936,1.0,-0.30055879205801933,-0.207799310426822,0.0
2020-04-16,-0.3209219436853986,-0.4392538909350125,-0.11056195794225972,1.0,-0.30048710942140905,-0.2049186170844719,0.0
2020-04-17,-0.3330709600477042,-0.42483005366726295,-0.12884913536076326,1.0,-0.30294573643410855,-0.19551580202742994,0.0
2020-04-20,-0.34670159561800423,-0.4068111455108359,-0.14186711121695642,1.0,-0.2994046201476542,-0.1867111216956418,0.0
2020-04-21,-0.3513532831411417,-0.4121795482702754,-0.14292861907938625,1.0,-0.2971504812732298,-0.17892880968264557,0.0
2020-04-22,-0.351013224241271,-0.4149224621824755,-0.13930644087146798,1.0,-0.29730758253258494,-0.17591095043287985,0.0
2020-04-23,-0.3729017652867086,-0.4029814801435349,-0.1540110300315488,1.0,-0.3109842737759796,-0.16744936541194036,0.0
2020-04-24,-0.3736316728552828,-0.39538023822153634,-0.16149877031393162,1.0,-0.3151371943868448,-0.16550127790905148,0.0
2020-04-27,-0.36767326494244573,-0.3907190675721235,-0.16700380484515723,1.0,-0.3144535953378606,-0.16830419496219234,0.0
2020-04-28,-0.3766036827536406,-0.37537609820676376,-0.16923817547237935,1.0,-0.3203032855939343,-0.16550728126128295,0.0
2020-04-29,-0.3796316359696641,-0.37159022511135187,-0.173179246418683,1.0,-0.3218008908149753,-0.16140604309618395,0.0
2020-04-30,-0.3814651538146515,-0.37368408373684087,-0.1735202717352027,1.0,-0.32244465322444654,-0.1579099515790995,0.0
2020-05-01,-0.37054282267792527,-0.3864897466827503,-0.1730277442702051,1.0,-0.31741857659831124,-0.16506634499396863,0.0
2020-05-04,-0.36388594547731434,-0.38832964068972164,-0.1743810808207302,1.0,-0.3152634620942106,-0.16638570465273095,0.0
2020-05-05,-0.36244099797707346,-0.38741450727290244,-0.16939601194489934,1.0,-0.3182015220113669,-0.17076871207012811,0.0
2020-05-06,-0.36921774876073027,-0.3884173618667634,-0.17925281102647808,1.0,-0.3204207471889735,-0.1607786241083303,0.0
2020-05-07,-0.37937969469348193,-0.3898473467409741,-0.18473467409740732,1.0,-0.31768839350617883,-0.1514174945480979,0.0
2020-05-08,-0.37803991861253755,-0.3920647224106191,-0.18481736265865714,1.0,-0.31675709718050576,-0.1505910280011627,0.0
2020-05-11,-0.37426304680107725,-0.40080549287915185,-0.18096901763835313,1.0,-0.31479729237935805,-0.155324259407526,0.0
2020-05-12,-0.37506368731348716,-0.40160613339156176,-0.18174539631705366,1.0,-0.3146517213771017,-0.15314069437368075,0.0
2020-05-13,-0.3753875968992248,-0.3995639534883721,-0.17914244186046513,1.0,-0.3150193798449612,-0.15339147286821705,0.0
2020-05-14,-0.37645605792749376,-0.39970455040805947,-0.17862591722567991,1.0,-0.3153076792676725,-0.15164797907635674,0.0
2020-05-15,-0.3812768043131969,-0.37613037617938977,-0.1764244577870359,1.0,-0.3311603970101703,-0.1857125352285259,0.0
2020-05-18,-0.3827751196172249,-0.3674641148325359,-0.16795485216537848,1.0,-0.3316157526683842,-0.2038768249294565,0.0
2020-05-19,-0.3935575603059423,-0.34541086487546574,-0.19574916650323593,1.0,-0.3344528338889978,-0.18229064522455382,0.0
2020-05-20,-0.39658759883478983,-0.3438349122420504,-0.19740030843798195,1.0,-0.3297593694156814,-0.18031382340701577,0.0
2020-05-21,-0.40217018566599716,-0.3447557928770881,-0.19698231519129966,1.0,-0.3291529907411943,-0.17640719149561554,0.0
2020-05-22,-0.40313404286625143,-0.3400362940801413,-0.1997891019667468,1.0,-0.33147775761439996,-0.17784099269213793,0.0
2020-05-26,-0.40723247232472326,-0.3453628536285363,-0.2046740467404674,1.0,-0.3338253382533825,-0.168929889298893,0.0
2020-05-27,-0.4095425479586817,-0.3451549434333497,-0.21424003935071323,1.0,-0.33266109198229216,-0.15782095425479586,0.0
2020-05-28,-0.42278443629562174,-0.33736125809071443,-0.22304530800088598,1.0,-0.33861639554057044,-0.1392710358575542,0.0
2020-05-29,-0.4184346541964066,-0.3415948806300763,-0.2196652719665272,1.0,-0.3347034211174009,-0.14683731233079006,0.0
2020-06-01,-0.4221336678719898,-0.3442796349592896,-0.2241408998105921,1.0,-0.3303815216589182,-0.13888273928123387,0.0
2020-06-02,-0.42142786901366897,-0.34401121054184286,-0.22492378798308585,1.0,-0.33017012488936964,-0.13794375061461303,0.0
2020-06-03,-0.42001916885797846,-0.3449411417758227,-0.2317711533262884,1.0,-0.32599346292792014,-0.13482096778157332,0.0
2020-06-04,-0.4224940436715545,-0.33895807236017983,-0.24129884803379756,1.0,-0.3264559231695036,-0.12701102841844128,0.0
2020-06-05,-0.422871883061049,-0.3402039061540351,-0.24277115833435695,1.0,-0.32597960938459647,-0.12487409409163493,0.0
2020-06-08,-0.42182630248595054,-0.3347566811455496,-0.2485459765883825,1.0,-0.325480379886623,-0.12343861199047829,0.0
2020-06-09,-0.42630958809956304,-0.33330060385880506,-0.25028229171780647,1.0,-0.3267219794786194,-0.11809612646668957,0.0
2020-06-10,-0.4331630899179885,-0.3297402150960074,-0.2544566124834258,1.0,-0.3260570642832588,-0.11201689338506114,0.0
2020-06-11,-0.43205968244619497,-0.3265110800265037,-0.2520798056394022,1.0,-0.3282779945520135,-0.11509484895334854,0.0
2020-06-12,-0.42193162895484376,-0.321407581545695,-0.25972181408561074,1.0,-0.3249338818689392,-0.12082476246449211,0.0
2020-06-15,-0.42257661497758503,-0.32253007030694986,-0.25832292202542806,1.0,-0.3251267729844933,-0.12116312682197887,0.0
2020-06-16,-0.42413185090855665,-0.3169662536121859,-0.25679580741538915,1.0,-0.32749669393152764,-0.12354900328157908,0.0
2020-06-17,-0.42542601446610273,-0.3186955988721344,-0.2583302684810592,1.0,-0.32840505087654775,-0.12102488660046587,0.0
2020-06-18,-0.4252789015569449,-0.318940787054064,-0.2581341179355155,1.0,-0.32838053205835477,-0.12114748069143068,0.0
2020-06-19,-0.4226887462642693,-0.3163980206751261,-0.2585370633481946,1.0,-0.32727450884327075,-0.12476115819901033,0.0
2020-06-22,-0.42587779521380936,-0.3165457041977246,-0.25098077677520597,1.0,-0.33336602589250686,-0.12517163593566105,0.0
2020-06-23,-0.4218761496014715,-0.3114653586756591,-0.25076640098099323,1.0,-0.33500919681177194,-0.1333415082771306,0.0
2020-06-24,-0.4215635802015151,-0.3082052413522591,-0.2502757961314996,1.0,-0.3355397023853301,-0.1359368488146895,0.0
2020-06-25,-0.4197968922060443,-0.3047840450263061,-0.2545454545454545,1.0,-0.3325828948978343,-0.1353725682124067,0.0
2020-06-26,-0.41959786703194557,-0.30367888068098425,-0.2536079448167898,1.0,-0.3326402817866053,-0.13656376889584657,0.0
2020-06-29,-0.4191435275713727,-0.3037495111458741,-0.2530553382870551,1.0,-0.33171196714900275,-0.1365858427845131,0.0
2020-06-30,-0.4256505576208178,-0.28871551555468594,-0.25968499315202503,1.0,-0.3342545490119351,-0.13739972608100176,0.0
2020-07-01,-0.42958073585136286,-0.2889866764454223,-0.2581835961373915,1.0,-0.33235545776799896,-0.1356068940227356,0.0
2020-07-02,-0.42300266392941815,-0.2936676686951634,-0.2554683872229147,1.0,-0.3292030207493218,-0.1426302026052741,0.0
2020-07-06,-0.4179049849937779,-0.2951711685332943,-0.2541541614815899,1.0,-0.32784325208013076,-0.14496254544567258,0.0
2020-07-07,-0.4155233337394907,-0.29794078225904713,-0.2543925916900207,1.0,-0.32608748629218964,-0.1429998781527964,0.0
2020-07-08,-0.4155717761557178,-0.2923357664233577,-0.25467153284671534,1.0,-0.328978102189781,-0.1415571776155718,0.0
2020-07-09,-0.4107381571591765,-0.2894052451206766,-0.25503730889823295,1.0,-0.3299953819604793,-0.14534671754611964,0.0
2020-07-10,-0.4191931480850649,-0.28692393790452086,-0.2611075964767142,1.0,-0.33042970460849674,-0.1355297094749136,0.0
2020-07-13,-0.43161945587841294,-0.2883795698662835,-0.2624887351730521,1.0,-0.332050563850257,-0.12107557785517695,0.0
2020-07-14,-0.4325618709583313,-0.27578159187047213,-0.2586911071133369,1.0,-0.3346866339281373,-0.12935770895123255,0.0
2020-07-15,-0.43360315029534025,-0.27409514086390047,-0.2587082816791852,1.0,-0.3344514937164248,-0.12992537494834586,0.0
2020-07-16,-0.44228615938854,-0.2546127257679762,-0.2669295555231001,1.0,-0.34121999902633754,-0.1291319799425539,0.0
2020-07-17,-0.4417398924129202,-0.2543387775965728,-0.2670204220723901,1.0,-0.3411873524328798,-0.12981038385706986,0.0
2020-07-20,-0.4383658364375624,-0.25449808876877755,-0.2697879385484382,1.0,-0.34039393275387725,-0.13166800574586712,0.0
2020-07-21,-0.43707383596337424,-0.25328755113968443,-0.27255016559516854,1.0,-0.3417348529125268,-0.13060101305279562,0.0
2020-07-22,-0.429960143870905,-0.25493341110139006,-0.26922329153300284,1.0,-0.3419850296490717,-0.13414989792942547,0.0
2020-07-23,-0.430624452874234,-0.25688162630094347,-0.27008559478649935,1.0,-0.34235482929676103,-0.13169925104561814,0.0
2020-07-24,-0.4200835600466382,-0.26187815779246015,-0.26654197434900895,1.0,-0.34145452778857366,-0.13911290322580647,0.0
2020-07-27,-0.4162997202286826,-0.2602116530835665,-0.2704537160929327,1.0,-0.33626079552365895,-0.14959250699428292,0.0
2020-07-28,-0.4199805068226121,-0.26359649122807016,-0.2753898635477583,1.0,-0.33394249512670565,-0.14371345029239765,0.0
2020-07-29,-0.4223335369578497,-0.26392180818570554,-0.27811850946854,1.0,-0.335149664019548,-0.1439706780696396,0.0
2020-07-30,-0.42165673537169096,-0.25827879261502396,-0.2792077757155417,1.0,-0.3363534238546449,-0.14660056657223797,0.0
2020-07-31,-0.42967909206535565,-0.2592212112317777,-0.280843361706291,1.0,-0.33575481851090894,-0.14047059974562176,0.0
2020-08-03,-0.42901529051987763,-0.2591804281345566,-0.2808073394495413,1.0,-0.33585321100917437,-0.1416269113149847,0.0
2020-08-04,-0.4329360992594772,-0.2654112108283066,-0.2844882546221372,1.0,-0.3333088127114903,-0.1358932862537394,0.0
2020-08-05,-0.4319622585876456,-0.26632758366504494,-0.28637770897832815,1.0,-0.33394761413337265,-0.13850803479286453,0.0
2020-08-06,-0.4326011106196864,-0.26676986584107326,-0.28637770897832815,1.0,-0.33365275934935373,-0.13769718413681262,0.0
2020-08-07,-0.42503445560149633,-0.2674000787556605,-0.29201122268163027,1.0,-0.3288294939948809,-0.1478145304193739,0.0
2020-08-10,-0.43443754313319527,-0.26269348319037755,-0.2975944000788721,1.0,-0.3298087350882382,-0.14021985605836537,0.0
2020-08-11,-0.43922236202600345,-0.2622061036686157,-0.3028643327658944,1.0,-0.3307675227592332,-0.13204055954407518,0.0
2020-08-12,-0.43496475922913896,-0.2634678890038938,-0.29742717728818574,1.0,-0.3309182315540441,-0.1375868697323673,0.0
2020-08-13,-0.43539761945834055,-0.2623278050223022,-0.2990709480273048,1.0,-0.33098400650582815,-0.1365484610266394,0.0
2020-08-14,-0.4349947029983493,-0.26159796989332085,-0.2994407351745547,1.0,-0.33006479588065735,-0.13764813126709208,0.0
2020-08-17,-0.436468036867268,-0.26465079599783137,-0.2988811671349007,1.0,-0.32934102222879397,-0.1350731923702499,0.0
2020-08-18,-0.43750462517575667,-0.2665087940008387,-0.30523693233676213,1.0,-0.3267717506598584,-0.13073830138878612,0.0
2020-08-19,-0.42930186823992134,-0.2679203539823009,-0.30700589970501474,1.0,-0.3254178957718781,-0.1285889872173058,0.0
2020-08-20,-0.42850121642542943,-0.26505787236133976,-0.30685867348192564,1.0,-0.32614946059518835,-0.13085788710589044,0.0
2020-08-21,-0.427563834754614,-0.2627362315991251,-0.31704799587132293,1.0,-0.32628836843528053,-0.12390946400924037,0.0
2020-08-24,-0.4283642620130269,-0.2617672360820941,-0.32156814550817253,1.0,-0.32636106673221094,-0.11982303060095859,0.0
2020-08-25,-0.4292211623561805,-0.2628577047890648,-0.32672829186744023,1.0,-0.3244665158816009,-0.11517848362670863,0.0
2020-08-26,-0.4283150597374502,-0.26286936427552976,-0.326687644426963,1.0,-0.3245734795221004,-0.11591032007473327,0.0
2020-08-27,-0.4244091780081561,-0.2646784257848966,-0.32685599174568863,1.0,-0.3224831720139537,-0.11818896477177812,0.0
2020-08-28,-0.4287261005438126,-0.2643765840694899,-0.32936341937547675,1.0,-0.3221289893944241,-0.1160707694579099,0.0
2020-08-31,-0.4285468150044304,-0.26417741459092253,-0.3298217977749336,1.0,-0.3222654327065078,-0.1165698533031407,0.0
2020-09-01,-0.4280298367839295,-0.2661431279387509,-0.3226409984983137,1.0,-0.32694911498978363,-0.11804239186627606,0.0
2020-09-02,-0.4272038194615347,-0.2644583353841611,-0.32256238617906186,1.0,-0.3266230250529114,-0.12012108086823843,0.0
2020-09-03,-0.42693642472125826,-0.26419552536365654,-0.32257746929533093,1.0,-0.32676167269684214,-0.12080041349774792,0.0
2020-09-04,-0.42585037357451827,-0.2646726307510814,-0.3195290994887927,1.0,-0.3268039716869839,-0.12087101848210774,0.0
2020-09-08,-0.430631783613497,-0.2671851541926116,-0.3203711451847112,1.0,-0.3264748590977332,-0.11648741109005438,0.0
2020-09-09,-0.43935570071258906,-0.2644002375296912,-0.332368368962787,1.0,-0.32939924782264446,-0.10876880443388756,0.0
2020-09-10,-0.43617231498863746,-0.26751309159173997,-0.324893785199091,1.0,-0.32827783815828476,-0.11322991799229326,0.0
2020-09-11,-0.4332247557003257,-0.26902576251110455,-0.32447438554930413,1.0,-0.32728753331359195,-0.11368571710591255,0.0
2020-09-14,-0.43471070300157977,-0.2709567535545024,-0.3249901263823065,1.0,-0.32689079778830965,-0.11088072669826225,0.0
2020-09-15,-0.4339836996789331,-0.2724870338355149,-0.32642627809335645,1.0,-0.32600642133860214,-0.11081748579896271,0.0
2020-09-16,-0.43465684335443033,-0.26945708069620256,-0.32894086234177217,1.0,-0.32691356803797467,-0.1123170490506329,0.0
2020-09-17,-0.42966277689873417,-0.2720035601265823,-0.3263943829113924,1.0,-0.3261471518987342,-0.11807753164556961,0.0
2020-09-18,-0.42578540178461083,-0.27110265219863067,-0.32666782015473217,1.0,-0.32577798650418965,-0.12242627975381269,0.0
2020-09-21,-0.4255245532956034,-0.27027160615871293,-0.3275090823715493,1.0,-0.3258285347107234,-0.12225984232508712,0.0
2020-09-22,-0.42985731595736787,-0.2626177699745295,-0.33329211899404043,1.0,-0.32577462350701053,-0.12129380053908356,0.0
2020-09-23,-0.42858555396252535,-0.2630889405250408,-0.33339101201364507,1.0,-0.32511000148316604,-0.12176793394967123,0.0
2020-09-24,-0.4264317615416882,-0.25782811459027316,-0.3294593727638364,1.0,-0.325264638389222,-0.12853159621980406,0.0
2020-09-25,-0.4266811494025871,-0.2576034363582502,-0.32879924953095685,1.0,-0.3255900069122149,-0.12997432605905007,0.0
2020-09-28,-0.4247626094462943,-0.25586385497595265,-0.3252435565421137,1.0,-0.32576149956838085,-0.13476384264397584,0.0
2020-09-29,-0.42487608808226274,-0.25507360737799917,-0.325130076689764,1.0,-0.32586984933297164,-0.13495918920918304,0.0
2020-09-30,-0.424974103487397,-0.25630148473338926,-0.3267399990134662,1.0,-0.32484092142258175,-0.1334780249593055,0.0
2020-10-01,-0.42540809784484884,-0.2557824135720274,-0.32559057059722835,1.0,-0.3244562805148691,-0.13458598411993883,0.0
2020-10-02,-0.4299296209408569,-0.26136560069144343,-0.32769477713297945,1.0,-0.3223854796888505,-0.12806519323373258,0.0
2020-10-05,-0.43354586793198896,-0.25894622380387505,-0.33096085409252674,1.0,-0.3226818900751285,-0.12519770660340054,0.0
2020-10-06,-0.4321935563510677,-0.2568571781261572,-0.32778669300086405,1.0,-0.32307122577459574,-0.1289470435748673,0.0
2020-10-07,-0.4313807737860245,-0.2582412159494671,-0.32621891038294515,1.0,-0.3225177654954599,-0.12907125937623373,0.0
2020-10-08,-0.42397137745974955,-0.2590486926262651,-0.3113681476217316,1.0,-0.32158698262553,-0.13460925821550224,0.0
2020-10-09,-0.4225932190924469,-0.25878257458753157,-0.31073030815621094,1.0,-0.3223750337084161,-0.13701551812899906,0.0
2020-10-12,-0.4250876204014608,-0.2591603146981692,-0.30854635915786377,1.0,-0.3199921570549742,-0.1381338692679101,0.0
2020-10-13,-0.4192126909518214,-0.26209361535448494,-0.3094643556600078,1.0,-0.31825303564434,-0.13905209557383472,0.0
2020-10-14,-0.422697086284216,-0.2612296909843899,-0.3168819075158674,1.0,-0.31575464993751073,-0.13399661822726494,0.0
2020-10-15,-0.42194888883444004,-0.2602602112072134,-0.31690882806948767,1.0,-0.31568372822385027,-0.13542253693676035,0.0
2020-10-16,-0.42451028403525953,-0.2541625857002938,-0.32260039177277183,1.0,-0.31677277179236046,-0.1305337904015671,0.0
2020-10-19,-0.4266607877718989,-0.25455614344503236,-0.3212081128747795,1.0,-0.3166029786400157,-0.13046247305506564,0.0
2020-10-20,-0.4252963652395415,-0.254335260115607,-0.3226707161751739,1.0,-0.31221220730870974,-0.1347849515038699,0.0
2020-10-21,-0.42444351935744545,-0.25290790214756226,-0.32424027230207897,1.0,-0.3118495482038347,-0.1353429487964346,0.0
2020-10-22,-0.4241112904014474,-0.2522126057405506,-0.32404283409124246,1.0,-0.3111583785633954,-0.13334311280621974,0.0
2020-10-23,-0.4301972685887709,-0.24724656126095257,-0.32791619756228885,1.0,-0.3130353908659259,-0.12910568309755738,0.0
2020-10-26,-0.4300154188795614,-0.2468489194547101,-0.3277368511221518,1.0,-0.3130522039208008,-0.12978780684794047,0.0
2020-10-27,-0.4301469689188859,-0.2469860367300027,-0.3287604235443719,1.0,-0.3118137578558678,-0.12767466314528159,0.0
2020-10-28,-0.43129630988188683,-0.2469615826669601,-0.33066784046169273,1.0,-0.31205829848629346,-0.12442227276061918,0.0
