Date,IWF,IWM,MTUM,PDD,SPY,VLUE,VXX
2019-03-25,-0.1844856260394393,-1.8958184842005228,-0.8436683297695414,1.0,-4.196127346162983,-3.759206462342599,0.0
2019-03-26,-0.18624539731559567,-1.896662311438413,-0.8446371303005108,1.0,-4.193372134457774,-3.756859484499347,0.0
2019-03-27,-0.22124733222670145,-1.8662556319658528,-0.8488261797486365,1.0,-4.183661370642637,-3.7367797012093904,0.0
2019-03-28,-0.21637010676156582,-1.875682087781732,-0.8501779359430605,1.0,-4.181731909845789,-3.738315539739027,0.0
2019-03-29,-0.21415004748338085,-1.8503086419753088,-0.8652659069325737,1.0,-4.185897435897436,-3.755223171889839,0.0
2019-04-01,-0.1949685534591195,-1.8494126023495905,-0.858193900557731,1.0,-4.203987184051264,-3.7599382935801593,0.0
2019-04-02,-0.1800449225676794,-1.85128265752453,-0.9648894668400521,1.0,-4.175079796666273,-3.650431493084289,0.0
2019-04-03,-0.1861262112975656,-1.8502718033561805,-0.9637201607185062,1.0,-4.173008744977547,-3.6444103048924603,0.0
2019-04-04,-0.17515129939480242,-1.8437166251334995,-0.9920493651358727,1.0,-4.217159131363474,-3.6385427791622167,0.0
2019-04-05,-0.18637608669763012,-1.8329165178039775,-1.0242943908538764,1.0,-4.235560319161605,-3.6298678099321187,0.0
2019-04-08,-0.19151486097794823,-1.8062080536912752,-1.0412272291466922,1.0,-4.281879194630872,-3.6638302972195587,0.0
2019-04-09,-0.19283317353787152,-1.8052492809204217,-1.0414669223394055,1.0,-4.281279961649089,-3.6639501438159154,0.0
2019-04-10,-0.2009603841536615,-1.7620648259303722,-1.089795918367347,1.0,-4.3115246098439375,-3.6404561824729895,0.0
2019-04-11,-0.2169731938934968,-1.7048924149537206,-1.1101093881476138,1.0,-4.3416275994710904,-3.6470729655006613,0.0
2019-04-12,-0.2198581560283688,-1.7060944825099171,-1.1126337300156268,1.0,-4.337780983291261,-3.644308210121409,0.0
2019-04-15,-0.21753753753753755,-1.709189189189189,-1.122042042042042,1.0,-4.317357357357357,-3.646006006006006,0.0
2019-04-16,-0.21809661139149242,-1.704758471521269,-1.1309781302571495,1.0,-4.318913722662821,-3.6435952895938475,0.0
2019-04-17,-0.21725546743571256,-1.7041576544099977,-1.1322999279019466,1.0,-4.320115356885364,-3.6425138187935593,0.0
2019-04-18,-0.22967602071540405,-1.6805973744429723,-1.1088763097675538,1.0,-4.342285920751536,-3.682403950379381,0.0
2019-04-22,-0.22879518072289157,-1.677469879518072,-1.109277108433735,1.0,-4.346746987951807,-3.686024096385542,0.0
2019-04-23,-0.23727996141789245,-1.6739811912225704,-1.1083916083916083,1.0,-4.355799373040752,-3.6813359054738366,0.0
2019-04-24,-0.2240653924750571,-1.6256761630003607,-1.1242937853107344,1.0,-4.349200625075129,-3.697439596105301,0.0
2019-04-25,-0.2227431181632408,-1.6265176102896985,-1.1247746123332132,1.0,-4.349801658853227,-3.6968385623272026,0.0
2019-04-26,-0.22071368496936203,-1.6216508470503426,-1.1280788177339902,1.0,-4.352637270215067,-3.6919380031238735,0.0
2019-04-29,-0.22360774818401935,-1.5921307506053266,-1.113680387409201,1.0,-4.401331719128328,-3.775665859564164,0.0
2019-04-30,-0.22464294359719197,-1.589687726942629,-1.115831517792302,1.0,-4.399903171145001,-3.773420479302832,0.0
2019-05-01,-0.23332929928597362,-1.5946992617693332,-1.1080721287667918,1.0,-4.397555367300012,-3.7683650006051073,0.0
2019-05-02,-0.23462664714494874,-1.584553440702782,-1.1083455344070279,1.0,-4.436310395314787,-3.8372376769155685,0.0
2019-05-03,-0.23569598633646457,-1.5863120653897769,-1.1089422959619373,1.0,-4.433329266804929,-3.8354275954617543,0.0
2019-05-06,-0.23007883565797455,-1.5117040630685266,-1.1342631898120075,1.0,-4.425469981807156,-3.8270466949666466,0.0
2019-05-07,-0.22448484848484845,-1.5206060606060605,-1.14,1.0,-4.416848484848485,-3.8191515151515154,0.0
2019-05-08,-0.25053763440860216,-1.4849462365591397,-1.184109916367981,1.0,-4.280167264038232,-3.7476702508960575,0.0
2019-05-09,-0.25681492109038734,-1.4784791965566715,-1.1910569105691056,1.0,-4.2901721664275465,-3.739359158297465,0.0
2019-05-10,-0.2589008363201912,-1.4786140979689366,-1.1965352449223419,1.0,-4.28542413381123,-3.7279569892473114,0.0
2019-05-13,-0.29595015576323985,-1.493649652528157,-1.1682242990654206,1.0,-4.281212556913491,-3.7427510184519526,0.0
2019-05-14,-0.20589600742804084,-1.366179201485608,-1.3546889507892295,1.0,-4.1065459610027855,-3.573003714020427,0.0
2019-05-15,-0.1839306358381503,-1.3443930635838153,-1.363583815028902,1.0,-4.111560693641619,-3.557109826589596,0.0
2019-05-16,-0.15982421649126866,-1.3550364288192436,-1.3760841910489185,1.0,-4.108476928414479,-3.565282757025558,0.0
2019-05-17,-0.14750692520775624,-1.3527239150507848,-1.3648430286241922,1.0,-4.100184672206833,-3.5767543859649127,0.0
2019-05-20,-0.14014060159041145,-1.316238331220468,-1.3927624755099688,1.0,-4.099343090930045,-3.5762360262763626,0.0
2019-05-21,-0.13294797687861273,-1.3138728323699422,-1.385664739884393,1.0,-4.1313294797687865,-3.5968786127167633,0.0
2019-05-22,-0.12501438931737077,-1.2835271094739265,-1.4041671463105792,1.0,-4.124899274778405,-3.5738459767468633,0.0
2019-05-23,-0.12468368990108121,-1.279848171152519,-1.4089026915113871,1.0,-4.12364849321371,-3.564987347596043,0.0
2019-05-24,-0.09910427193385393,-1.1962563160312356,-1.4802480477721633,1.0,-4.1234497014239775,-3.5846348185576478,0.0
2019-05-28,-0.10983455882352941,-1.1730238970588234,-1.486328125,1.0,-4.12844669117647,-3.59133731617647,0.0
2019-05-29,-0.14094190443451357,-1.1860891486192278,-1.4820671479317062,1.0,-4.113555631946832,-3.536037584507849,0.0
2019-05-30,-0.14029065110424535,-1.1774802608994166,-1.4814051951024145,1.0,-4.105160773543884,-3.538505549834077,0.0
2019-05-31,-0.1369674759505268,-1.1895327530920752,-1.4703389830508475,1.0,-4.104557947778287,-3.5507329363261566,0.0
2019-06-03,-0.1298361401911698,-1.193559399180701,-1.533113336367774,1.0,-4.081019572143832,-3.441624943104233,0.0
2019-06-04,-0.17207237965175826,-1.1798110845567316,-1.5374985774439511,1.0,-4.0851257539547055,-3.405940594059406,0.0
2019-06-05,-0.14787783516730293,-1.1381091399056815,-1.6107118796317088,1.0,-4.101167752077251,-3.2304064675499666,0.0
2019-06-06,-0.1398066981344122,-1.1704877500561923,-1.5619240278714317,1.0,-4.088671611598112,-3.277478084962913,0.0
2019-06-07,-0.13562366677893792,-1.1926574604243854,-1.5529358931177726,1.0,-4.07668126192882,-3.269226451105872,0.0
2019-06-10,-0.10618279569892473,-1.2037410394265233,-1.542450716845878,1.0,-4.06709229390681,-3.281137992831541,0.0
2019-06-11,-0.09978744826043183,-1.2005817205503972,-1.550732744154827,1.0,-4.066002908602752,-3.269716970578364,0.0
2019-06-12,-0.10079427228996533,-1.2014766752433157,-1.5514039601745162,1.0,-4.064548607226759,-3.268598277212216,0.0
2019-06-13,-0.09246613679614911,-1.2149333930370536,-1.566886824135229,1.0,-4.067054740848539,-3.253218403671778,0.0
2019-06-14,-0.09908297919928427,-1.1920152091254754,-1.5833146946991725,1.0,-4.07380899127712,-3.235070454037128,0.0
2019-06-17,-0.10477468411047747,-1.1785754221178575,-1.5859331320585934,1.0,-4.082746282008275,-3.22990048082299,0.0
2019-06-18,-0.10599284436493739,-1.1788908765652952,-1.585979427549195,1.0,-4.080948121645796,-3.229092128801431,0.0
2019-06-19,-0.10378619153674833,-1.1719376391982181,-1.6096881959910914,1.0,-4.070935412026726,-3.179621380846325,0.0
2019-06-20,-0.10744905912481907,-1.1704709943213452,-1.6010466540474335,1.0,-4.073822514196637,-3.1817169580224918,0.0
2019-06-21,-0.09847557583175698,-1.1888283075553576,-1.592188717035718,1.0,-4.055747190386112,-3.191721375319906,0.0
2019-06-24,-0.10805697752058759,-1.1733808146004898,-1.582350322724238,1.0,-4.064322279100824,-3.2003115958157133,0.0
2019-06-25,-0.10834260289210235,-1.1615127919911012,-1.5876529477196886,1.0,-4.066073414905451,-3.1997775305895444,0.0
2019-06-26,-0.07334963325183373,-1.1723716381418092,-1.581018004000889,1.0,-4.0521226939319845,-3.2347188264058677,0.0
2019-06-27,-0.07246054678817514,-1.1755945765725717,-1.5859079795510111,1.0,-4.052344965547899,-3.227272727272727,0.0
2019-06-28,-0.08599644917887261,-1.124722592099423,-1.5955392809587217,1.0,-4.067576564580559,-3.222481136262761,0.0
2019-07-01,-0.13468573328899236,-1.0886819643055095,-1.5974947345083692,1.0,-4.075933931936593,-3.1885600266045895,0.0
2019-07-02,-0.10759002770083102,-1.1129085872576179,-1.592797783933518,1.0,-4.068476454293629,-3.1985595567867033,0.0
2019-07-03,-0.10576496674057649,-1.1263858093126384,-1.5858093126385808,1.0,-4.064523281596452,-3.2039911308203988,0.0
2019-07-05,-0.10537992235163617,-1.1283416528008876,-1.573599556295064,1.0,-4.066444814198559,-3.2188574597892403,0.0
2019-07-08,-0.10418284699877954,-1.1336957727726618,-1.5700654610007765,1.0,-4.0661267058693,-3.22090313990902,0.0
2019-07-09,-0.10308135668366215,-1.1200399024606518,-1.5721569496785635,1.0,-4.064287297716692,-3.2243405009975614,0.0
2019-07-10,-0.10544406253464907,-1.1204124625789997,-1.5732342831799533,1.0,-4.065860960195144,-3.2228628451047783,0.0
2019-07-11,-0.09339559706470979,-1.1358683566822325,-1.5767178118745828,1.0,-4.074938848120969,-3.2376028463420057,0.0
2019-07-12,-0.09172882110653457,-1.1574084381609708,-1.577424023154848,1.0,-4.075698541689859,-3.229878659690527,0.0
2019-07-15,-0.11689324715845775,-1.168821038555828,-1.5995096946735012,1.0,-4.071428571428571,-3.1866503231557832,0.0
2019-07-16,-0.1212121212121212,-1.1653901653901653,-1.5757575757575757,1.0,-4.0442890442890445,-3.193251193251193,0.0
2019-07-17,-0.11148272017837235,-1.2023411371237458,-1.5656633221850613,1.0,-4.064214046822742,-3.2044593088071345,0.0
2019-07-18,-0.1638517218688309,-1.1823864882649704,-1.5575784163193684,1.0,-3.9432989690721647,-3.120311471813994,0.0
2019-07-19,-0.19886549580015273,-1.1767208465146721,-1.5577615359441477,1.0,-3.888840405803425,-3.0866150321806476,0.0
2019-07-22,-0.19508214557719508,-1.1373082363181373,-1.5325862256555327,1.0,-3.8864106190838865,-3.1288216733761285,0.0
2019-07-23,-0.20269243296059059,-1.1391814135273044,-1.5283899685159048,1.0,-3.8653783519704703,-3.121050917381392,0.0
2019-07-24,-0.20257826887661143,-1.135521611959701,-1.5334199978333876,1.0,-3.855161954284476,-3.106380673816488,0.0
2019-07-25,-0.21634771326629906,-1.080873607957617,-1.5610336252567845,1.0,-3.876527192128879,-3.0771975348686342,0.0
2019-07-26,-0.20542005420054202,-1.0513821138211383,-1.5848238482384824,1.0,-3.9064498644986454,-3.0921409214092144,0.0
2019-07-29,-0.20104211897524968,-1.021276595744681,-1.5911854103343466,1.0,-3.913373860182371,-3.128419452887538,0.0
2019-07-30,-0.19106618845777631,-1.0178241495489622,-1.6006955765677644,1.0,-3.917400282577981,-3.141397674165852,0.0
2019-07-31,-0.1765343743222728,-1.0479288657558015,-1.5961830405551942,1.0,-3.895467360659293,-3.12741270873997,0.0
2019-08-01,-0.19873954145387374,-1.0998587417146584,-1.5662284037813756,1.0,-3.8931870042377485,-3.1080082581766817,0.0
2019-08-02,-0.23201654151703122,-1.0728044400914136,-1.6253128740885843,1.0,-3.8759386222657524,-3.076504516269453,0.0
2019-08-05,-0.21281464530892447,-1.0677781410046856,-1.6119646943445571,1.0,-3.9093385638008065,-3.0949111910210307,0.0
2019-08-06,-0.16117021276595744,-1.05,-1.5840425531914895,1.0,-3.782872340425532,-3.06,0.0
2019-08-07,-0.13346804211421887,-1.1100712538551525,-1.5416356481973839,1.0,-3.7609273636073595,-3.0886950973093694,0.0
2019-08-08,-0.13402061855670103,-1.1126580933149115,-1.5453289403762356,1.0,-3.7557657561908817,-3.0803486024019557,0.0
2019-08-09,-0.10248578049294292,-1.0679376448283127,-1.5272803876132293,1.0,-3.7235095850010533,-3.1116494628186224,0.0
2019-08-12,-0.11717612809315867,-1.0355583281347474,-1.571220627989187,1.0,-3.662403826159285,-3.0108130588479933,0.0
2019-08-13,-0.13260690789473684,-1.0432771381578947,-1.5508840460526316,1.0,-3.6008429276315788,-2.951994243421052,0.0
2019-08-14,-0.09916343603346256,-1.0481534380738624,-1.5449908182003673,1.0,-3.5791675168332993,-2.930524382779025,0.0
2019-08-15,-0.1112994913732921,-1.098234766131445,-1.5490176523386858,1.0,-3.472224992520196,-2.742295801336392,0.0
2019-08-16,-0.14349384749539773,-1.0949520395310532,-1.490650130801279,1.0,-3.3273907567096215,-2.6323999612440656,0.0
2019-08-19,-0.16879405601066869,-1.020099066488855,-1.4736140217184226,1.0,-3.2844351305010475,-2.578681653648314,0.0
2019-08-20,-0.1729358660899003,-1.0338536768854616,-1.443577205190897,1.0,-3.234906902388565,-2.518619522287004,0.0
2019-08-21,-0.18439451850470773,-1.0474503589074298,-1.3876200242379044,1.0,-3.2101239862030386,-2.492682017339424,0.0
2019-08-22,-0.17312268011801657,-1.0656705053773674,-1.4001142095745693,1.0,-3.2913295897972783,-2.5872275625773296,0.0
2019-08-23,-0.1711677443895017,-1.0561049828832256,-1.402054012932674,1.0,-3.28613541270445,-2.5938569798402433,0.0
2019-08-26,-0.17480623774395368,-0.9933700625641984,-1.3895788589037257,1.0,-3.2496965169483607,-2.5303949948641327,0.0
2019-08-27,-0.13636363636363635,-0.9490519227361333,-1.2929292929292928,1.0,-3.071947545631756,-2.4101541733120677,0.0
2019-08-28,-0.14499424626006904,-0.9116579622908737,-1.3187571921749137,1.0,-3.0807293971850935,-2.3957687881738514,0.0
2019-08-29,-0.0,-0.697019478995541,-1.0312133302041773,1.0,-3.045372760697802,-2.0492842055855434,0.0
2019-08-30,-0.0,-0.7152162387336211,-1.0017420283268952,1.0,-2.8912368401120956,-1.9658410967204423,0.0
2019-09-03,-0.0,-0.7175192394748756,-0.9917006186811529,1.0,-2.8887882903274487,-1.946808510638298,0.0
2019-09-04,-0.0,-0.6595222147800849,-1.0354989953114537,1.0,-2.81230929522959,-1.9348068765349409,0.0
2019-09-05,-0.0,-0.6836099585062241,-1.033195020746888,1.0,-2.8060165975103732,-1.886781268524007,0.0
2019-09-06,-0.0,-0.6610804851157663,-1.0632120543917678,1.0,-2.7997059904446893,-1.826313855200294,0.0
2019-09-09,-0.0,-0.6755786697919719,-1.0601377087606212,1.0,-2.781057720480516,-1.8082332259009668,0.0
2019-09-10,-0.0,-0.6604352271067621,-1.0828099897765444,1.0,-2.7869139769242,-1.7723090404556738,0.0
2019-09-11,-0.0,-0.6396087305642748,-1.1071611066501204,1.0,-2.793707569895613,-1.7593254982115483,0.0
2019-09-12,-0.0,-0.6298213634706525,-1.1096609551585854,1.0,-2.792271235873132,-1.759533357637623,0.0
2019-09-13,-0.0,-0.6307299270072992,-1.0946715328467151,1.0,-2.795109489051095,-1.778759124087591,0.0
2019-09-16,-0.0,-0.632143639150427,-1.0964893073498285,1.0,-2.7921319611707176,-1.7779724107729364,0.0
2019-09-17,-0.0,-0.6741801788700647,-1.0817276230640587,1.0,-2.7659419762960806,-1.749218352359485,0.0
2019-09-18,-0.0,-0.620249513232855,-1.0691569914184755,1.0,-2.7545251316074135,-1.767361361505733,0.0
2019-09-19,-0.0,-0.627942238267148,-1.067364620938628,1.0,-2.749891696750902,-1.775018050541516,0.0
2019-09-20,-0.0,-0.5850801044533841,-1.0023290281600676,1.0,-2.707671677606041,-1.7625802808949111,0.0
2019-09-23,-0.0,-0.5843743383442727,-1.0015526854400452,1.0,-2.7083774437151527,-1.7633566236149338,0.0
2019-09-24,-0.0,-0.5832217130771942,-0.985900599224533,1.0,-2.7117377511455762,-1.768910821290095,0.0
2019-09-25,-0.0,-0.5919172005914244,-0.9611349714848976,1.0,-2.7009082588185596,-1.7868056044497642,0.0
2019-09-26,-0.0,-0.5357738310982241,-1.0798115259151868,1.0,-2.838564697354114,-1.7948532076839434,0.0
2019-09-27,-0.0,-0.4742574976399681,-1.0662987437368383,1.0,-2.879529445937114,-1.8416237019824269,0.0
2019-09-30,-0.0,-0.41622807017543856,-1.1316520467836257,1.0,-2.8956871345029236,-1.8664473684210525,0.0
2019-10-01,-0.0,-0.40191772800468456,-1.1433904259991217,1.0,-2.900087834870444,-1.8741765480895918,0.0
2019-10-02,-0.0,-0.4611383781407956,-1.257197274924914,1.0,-2.8569335579811006,-1.750201450443191,0.0
2019-10-03,-0.0,-0.5562803508008987,-1.2283829818076393,1.0,-2.813582662897731,-1.6496339784011016,0.0
2019-10-04,-0.0,-0.5865181626264833,-1.2461964038727527,1.0,-2.7931862852151124,-1.6537089611996798,0.0
2019-10-07,-0.0,-0.6103170572444315,-1.231371979975332,1.0,-2.7646375970398314,-1.6489153304795763,0.0
2019-10-08,-0.0,-0.5950734658599828,-1.1732209737827717,1.0,-2.7924949582252956,-1.6418179199078078,0.0
2019-10-09,-0.0,-0.5908217716115262,-1.1203130558520098,1.0,-2.7886872998932764,-1.615154749199573,0.0
2019-10-10,-0.0,-0.6581759625237886,-1.2324696237739716,1.0,-2.749963402137315,-1.6790367442541358,0.0
2019-10-11,-0.0,-0.6793542654028436,-1.3144994075829384,1.0,-2.7258590047393363,-1.6855005924170618,0.0
2019-10-14,-0.0,-0.6296048225050235,-1.3869911438565157,1.0,-2.7726427029842973,-1.6528242911364146,0.0
2019-10-15,-0.0,-0.62876254180602,-1.3789669267930138,1.0,-2.7658862876254178,-1.6584912671869192,0.0
2019-10-16,-0.0,-0.6790635649725886,-1.389465105941621,1.0,-2.7169951103867245,-1.6229811823973923,0.0
2019-10-17,-0.0,-0.6463541666666667,-1.442261904761905,1.0,-2.7148809523809523,-1.6369791666666669,0.0
2019-10-18,-0.0,-0.5719277810133955,-1.36648223645894,1.0,-2.732018054746651,-1.609711706464764,0.0
2019-10-21,-0.0,-0.5250109377278692,-1.3756015750328132,1.0,-2.7363278401633364,-1.6549511448155168,0.0
2019-10-22,-0.0,-0.4877427802429621,-1.3786280643049391,1.0,-2.7343420382628936,-1.673674256201353,0.0
2019-10-23,-0.0,-0.4868650217706821,-1.333744557329463,1.0,-2.7425253991291725,-1.693831640058055,0.0
2019-10-24,-0.0,-0.4739252474516176,-1.4328556655340523,1.0,-2.779952725661102,-1.6999556803072833,0.0
2019-10-25,-0.0,-0.46247449172398153,-1.5823444939913838,1.0,-2.8124102486584532,-1.7007784747940442,0.0
2019-10-28,-0.0,-0.4901098901098901,-1.6009852216748766,1.0,-2.810079575596817,-1.6774535809018567,0.0
2019-10-29,-0.0,-0.49911463546077445,-1.693817845869582,1.0,-2.802371237200708,-1.7034413734698592,0.0
2019-10-30,-0.0,-0.48352329999224625,-1.7072962704504924,1.0,-2.8371714352174924,-1.7256726370473754,0.0
2019-10-31,-0.0,-0.4344663796942259,-1.6380436396021967,1.0,-2.627504824105685,-1.7217604274899807,0.0
2019-11-01,-0.0,-0.4358936265042342,-1.6405437527856188,1.0,-2.637126727083643,-1.714752637052444,0.0
2019-11-04,-0.0,-0.41054892955033706,-1.6801244536632343,1.0,-2.6307133861767538,-1.686569375509297,0.0
2019-11-05,-0.0,-0.44864173376476785,-1.8337722928738052,1.0,-2.59470238543156,-1.6479042817367746,0.0
2019-11-06,-0.0,-0.322231248307609,-1.508394259409694,1.0,-2.284457080963986,-1.6544137557541294,0.0
2019-11-07,-0.0,-0.3273527420446852,-1.5079214624238322,1.0,-2.2822613405551793,-1.653012863913338,0.0
2019-11-08,-0.0,-0.338967009194159,-1.509667387777177,1.0,-2.271295294753921,-1.6405489453758788,0.0
2019-11-11,-0.0,-0.2853819052050788,-1.5553413547829555,1.0,-2.1781559529349197,-1.6287309712158478,0.0
2019-11-12,-0.0,-0.3307331261981887,-1.5332187479341575,1.0,-2.145501421299663,-1.6012428108679844,0.0
2019-11-13,-0.0,-0.35132410270197606,-1.7017072187121927,1.0,-2.0874445489985214,-1.5808576421562037,0.0
2019-11-14,-0.0,-0.3530044360801183,-1.7021104987229467,1.0,-2.0855625756150022,-1.5806560021508267,0.0
2019-11-15,-0.0,-0.3524143039935349,-1.7188362852717354,1.0,-2.079331941544885,-1.5838777022021684,0.0
2019-11-18,-0.001013993104846887,-0.34773203542215914,-1.7290610423849118,1.0,-2.0927465693233285,-1.5893327925370109,0.0
2019-11-19,-0.02311494813061338,-0.47726798022697203,-1.7265195293462368,1.0,-2.1117454570772125,-1.6236858595001042,0.0
2019-11-20,-0.040439132851584216,-0.46567537520844915,-1.7169260700389104,1.0,-2.0975541967759868,-1.62777932184547,0.0
2019-11-21,-0.275337972962163,-0.5557955363570913,-2.0296776257899367,1.0,-2.239900807935365,-1.8986481081513478,0.0
2019-11-22,-0.29397205588822356,-0.5411576846307385,-2.023712574850299,1.0,-2.2389620758483035,-1.886307385229541,0.0
2019-11-25,-0.2706555000805283,-0.5446931873087454,-2.0428410372040586,1.0,-2.267514897729103,-1.9271219197938476,0.0
2019-11-26,-0.2608695652173913,-0.54068094629156,-2.021259590792839,1.0,-2.2604699488491047,-1.909047314578005,0.0
2019-11-27,-0.2592710997442455,-0.5534686700767264,-2.016943734015345,1.0,-2.255274936061381,-1.9073689258312019,0.0
2019-11-29,-0.30609785490479635,-0.5284004177713505,-2.0854824455692134,1.0,-2.2807905519402265,-1.8332128223668354,0.0
2019-12-02,-0.3361970217640321,-0.5522827687776142,-2.1784486990672556,1.0,-2.2875143184421534,-1.8275241368024875,0.0
2019-12-03,-0.28871519296531506,-0.5453509200455952,-2.156163491288064,1.0,-2.30565054551376,-1.8461976876730175,0.0
2019-12-04,-0.29921907110563095,-0.5937525688450473,-2.1864364981504316,1.0,-2.3060419235511715,-1.8348540896013152,0.0
2019-12-05,-0.3193551081780971,-0.5799014284520926,-2.255116531618077,1.0,-2.3018962492690673,-1.8972516915880042,0.0
2019-12-06,-0.41599661447312736,-0.6588235294117647,-2.2610241218789673,1.0,-2.310029623360135,-1.8178586542530681,0.0
2019-12-09,-0.3754713747000343,-0.5588789852588276,-2.3579019540623927,1.0,-2.399725745629071,-1.8784710318820705,0.0
2019-12-10,-0.5672849609019822,-0.536097472267685,-2.691671212947809,1.0,-2.553464266230224,-1.7441352973267867,0.0
2019-12-11,-0.5749224311005658,-0.5260083956926447,-2.7096185435298414,1.0,-2.5599561963862016,-1.755247307902902,0.0
2019-12-12,-0.5752171925011431,-0.5298582533150434,-2.7168724279835392,1.0,-2.5672610882487423,-1.755647005029721,0.0
2019-12-13,-0.5795360777482351,-0.5307600623452828,-2.7704226643439993,1.0,-2.5609241771339506,-1.7267809663518843,0.0
2019-12-16,-0.5660377358490566,-0.541555453290382,-2.7664979291302347,1.0,-2.570271514035895,-1.7595029912563278,0.0
2019-12-17,-0.7451891174518912,-0.4641198217840553,-2.888330647454735,1.0,-2.6383543463835437,-1.743577590292919,0.0
2019-12-18,-0.9136848400279078,-0.5186883285158975,-3.0192365194856974,1.0,-2.709857470347852,-1.8056413834346654,0.0
2019-12-19,-0.9100481347773766,-0.5545527476935419,-3.048235058162856,1.0,-2.7035699959887687,-1.8116726835138386,0.0
2019-12-20,-0.9163471241170535,-0.5867810292633704,-3.0757820383451064,1.0,-2.7142280524722504,-1.7976791120080728,0.0
2019-12-23,-0.9287941265211707,-0.6039424720909182,-3.04324650507895,1.0,-2.715578799155184,-1.7656642864326662,0.0
2019-12-24,-0.9330585988541562,-0.6044828625992562,-3.031359935671927,1.0,-2.7178610915669914,-1.7644989446175496,0.0
2019-12-26,-0.9249472520847987,-0.6027328443685321,-3.0326534713151814,1.0,-2.714156535717874,-1.7726313674269065,0.0
2019-12-27,-0.9252486687430926,-0.6139857329448408,-3.031950165779162,1.0,-2.7043102582136043,-1.771827589671456,0.0
2019-12-30,-0.9751615508885298,-0.6046042003231018,-3.0841074313408723,1.0,-2.722839256865913,-1.7103190630048466,0.0
2019-12-31,-0.9618712273641851,-0.5935613682092555,-3.085211267605634,1.0,-2.7138832997987925,-1.705835010060362,0.0
2020-01-02,-0.9632375037563858,-0.604828207953521,-3.0649103475909047,1.0,-2.6923770409696486,-1.6916758489432033,0.0
2020-01-03,-1.013623424156161,-0.5585603904026027,-3.0848922326148838,1.0,-2.7652501016673443,-1.7445099633997558,0.0
2020-01-06,-1.0574595749008442,-0.5845621885487644,-3.0623410963083493,1.0,-2.7323299094884574,-1.7331434963897079,0.0
2020-01-07,-1.0417171717171716,-0.5957575757575757,-3.033232323232323,1.0,-2.6903030303030304,-1.74,0.0
2020-01-08,-1.0245877061469266,-0.5708145927036482,-3.0194902548725637,1.0,-2.6660669665167416,-1.7140429785107447,0.0
2020-01-09,-1.0248291113791717,-0.5942903096099719,-3.0296542018496178,1.0,-2.6699839163650987,-1.7336147969441094,0.0
2020-01-10,-1.0431392405063291,-0.6129620253164557,-3.0484050632911392,1.0,-2.6731139240506328,-1.7489620253164557,0.0
2020-01-13,-1.0611916264090178,-0.6112117552334944,-3.0297906602254425,1.0,-2.640599838969404,-1.7217190016103059,0.0
2020-01-14,-1.1798397467603126,-0.5507963201107924,-3.004550400633099,1.0,-2.571470966465526,-1.5856167771292906,0.0
2020-01-15,-1.2123321730482346,-0.5479860765788165,-3.022277473893585,1.0,-2.588165091994033,-1.5745400298359025,0.0
2020-01-16,-1.2081470442126179,-0.5433681073025335,-3.0153999006458023,1.0,-2.584401390958768,-1.5841033283656234,0.0
2020-01-17,-1.2112355097592389,-0.528584167244625,-3.0025760428019415,1.0,-2.58149212325374,-1.5838700089170712,0.0
2020-01-21,-1.2128418549346016,-0.5378517637732858,-2.9938565200158544,1.0,-2.5817479191438766,-1.5825406262386048,0.0
2020-01-22,-1.1790069261535459,-0.521900302409521,-2.948395278509414,1.0,-2.5155594576138913,-1.5902838747439274,0.0
2020-01-23,-1.2022163381386681,-0.5295675198587819,-2.9440031381778957,1.0,-2.5330979699911733,-1.5981170932627242,0.0
2020-01-24,-1.20221416674831,-0.5353188987949447,-2.9450377192123054,1.0,-2.5309101596943275,-1.5837170569217203,0.0
2020-01-27,-1.185131053298256,-0.4921562895839423,-2.9520608009353992,1.0,-2.519731072785735,-1.5945629932768195,0.0
2020-01-28,-1.1314972847168348,-0.5393716058960435,-2.9968968192397205,1.0,-2.5011636927851044,-1.528510473235066,0.0
2020-01-29,-1.102204602591375,-0.5458325275575324,-3.0005801585766774,1.0,-2.4929414039837554,-1.5278476116805262,0.0
2020-01-30,-1.1225120772946862,-0.5373913043478261,-2.9884057971014495,1.0,-2.5046376811594206,-1.508888888888889,0.0
2020-01-31,-1.1023169781931463,-0.5821651090342679,-3.0014602803738315,1.0,-2.522390965732087,-1.5268691588785046,0.0
2020-02-03,-1.093991048471574,-0.5339491477002191,-2.9375297590705647,1.0,-2.467098371583659,-1.4903342538805828,0.0
2020-02-04,-1.0707300863951392,-0.5129592708630021,-2.927750878192348,1.0,-2.472040254438432,-1.5104908383176683,0.0
2020-02-05,-1.0013180192054227,-0.525230653360949,-2.946902654867257,1.0,-2.4653549237431744,-1.4755225004707213,0.0
2020-02-06,-1.0714285714285714,-0.517833428191994,-3.0470498956554732,1.0,-2.4511477897932084,-1.398501233162588,0.0
2020-02-07,-1.0719226760162988,-0.5205154932246755,-3.037145835307496,1.0,-2.447076660665214,-1.3993177295555765,0.0
2020-02-10,-1.06280834914611,-0.5273244781783681,-3.0458254269449716,1.0,-2.453415559772296,-1.3982922201138521,0.0
2020-02-11,-1.0433547898523288,-0.5304808784551306,-3.028209011737978,1.0,-2.450586898901931,-1.4134797425217722,0.0
2020-02-12,-1.0415097891566265,-0.5322853915662651,-2.9750564759036147,1.0,-2.425451807228916,-1.4382530120481927,0.0
2020-02-13,-1.0394130373436177,-0.5467971028125294,-2.975637287179005,1.0,-2.426488571159816,-1.4180227636158405,0.0
2020-02-14,-1.0180205415499533,-0.5704014939309057,-2.979365079365079,1.0,-2.358076563958917,-1.4112978524743232,0.0
2020-02-18,-1.0144778628806277,-0.5756585092471511,-2.97132449093966,1.0,-2.3549411544928076,-1.4241546796189053,0.0
2020-02-19,-1.006092988376453,-0.6212035995500562,-2.9775028121484812,1.0,-2.340269966254218,-1.4287589051368579,0.0
2020-02-20,-1.0258653122648609,-0.6265048908954102,-2.9756395786305494,1.0,-2.345466516177577,-1.431997742663657,0.0
2020-02-21,-1.015506061460389,-0.6310497133728032,-2.9763180152241326,1.0,-2.343670707640259,-1.4311624847288789,0.0
2020-02-24,-0.9966034531559581,-0.6518539484857062,-2.99613171053873,1.0,-2.3590904802339843,-1.4312671006698745,0.0
2020-02-25,-0.8644957033016735,-0.7332428765264586,-2.966530981456355,1.0,-2.169606512890095,-1.3118046132971508,0.0
2020-02-26,-0.8065594650533353,-0.5398025792071326,-2.567823594968954,1.0,-1.941888234357586,-1.1044419678395159,0.0
2020-02-27,-0.8849215922798552,-0.4996381182147165,-2.5770004020908726,1.0,-2.0043425814234017,-1.0759951749095296,0.0
2020-02-28,-0.7782299084435402,-0.7303388371547069,-2.469755066906644,1.0,-1.811644103607481,-1.035292276390954,0.0
2020-03-02,-0.8395792754187767,-0.6493961823139852,-2.43693026879626,1.0,-1.828126217374367,-1.0372419166342035,0.0
2020-03-03,-0.7735148514851484,-0.7840710541642399,-2.103377984857309,1.0,-1.6517909143855563,-0.9674577751892837,0.0
2020-03-04,-0.6831810394060536,-0.8510137064534551,-2.142775556824671,1.0,-1.5773129640205596,-0.8844945745288406,0.0
2020-03-05,-0.6563448275862069,-1.0506206896551724,-1.9289655172413795,1.0,-1.4464137931034484,-0.8142068965517242,0.0
2020-03-06,-0.6511356618403897,-1.1583064571467783,-1.9206752212996636,1.0,-1.3785082000960682,-0.7533795375008577,0.0
2020-03-09,-0.6522306108442004,-1.1420041180507894,-1.953260123541524,1.0,-1.3796842827728208,-0.7361702127659574,0.0
2020-03-10,-1.0718688362919133,-0.6205004930966469,-1.7932692307692306,1.0,-1.2455621301775148,-0.43250739644970415,0.0
2020-03-11,-0.9016967252017086,-0.8437351684859992,-1.8007237778832466,1.0,-1.0916587565258662,-0.29485049833887045,0.0
2020-03-12,-0.9513489359325253,-0.6669273306149808,-1.631123275428699,1.0,-1.0640116181645534,-0.27230073172094066,0.0
2020-03-13,-1.0275664938714208,-0.4386899859502931,-1.3475606801996027,1.0,-0.9473862700450559,-0.08352308512184486,0.0
2020-03-16,-0.828559830409093,-0.6586531956158946,-1.2340895764737723,1.0,-0.7890938613504127,-0.0,0.0
2020-03-17,-0.7740443530853462,-0.4513973989010555,-0.8095821638929519,1.0,-0.8599438668616833,-0.05807012689251691,0.0
2020-03-18,-0.7497514720501643,-0.4867706660549056,-0.6806224669266652,1.0,-0.8343656802018812,-0.07195840024470444,0.0
2020-03-19,-0.7662250669842214,-0.383261387317654,-0.6331869604048823,1.0,-0.8285576064304851,-0.11015183090205419,0.0
2020-03-20,-0.7658395029576994,-0.45373711819636153,-0.6037799025261357,1.0,-0.8195617396480526,-0.07753264630380595,0.0
2020-03-23,-0.7650425594364544,-0.5260859994129732,-0.5143821543880246,1.0,-0.8037129439389492,-0.05969327854417376,0.0
2020-03-24,-0.7828231168261855,-0.5516183239570396,-0.46124059326368094,1.0,-0.7832614890041646,-0.0741579601081318,0.0
2020-03-25,-0.7801101169993118,-0.5546799724707501,-0.3098761183757742,1.0,-0.7569167240192703,-0.03960770818995182,0.0
2020-03-26,-0.7797799174690508,-0.5542297111416782,-0.3073933975240715,1.0,-0.755949105914718,-0.04143741403026135,0.0
2020-03-27,-0.7912705126036205,-0.5408898663508713,-0.2610049061072577,1.0,-0.7720859414650652,-0.01827102013195737,0.0
2020-03-30,-0.7881207465804192,-0.5378006872852233,-0.26329088336365475,1.0,-0.7751162320598343,-0.004716663297621455,0.0
2020-03-31,-0.7725521723109905,-0.5519713261648745,-0.2626201721770006,1.0,-0.7604260878303687,-0.0021438381402204133,0.0
2020-04-01,-0.7727227143573457,-0.5717867290656861,-0.2420190539862945,1.0,-0.7562761156610396,-0.0,0.0
2020-04-02,-0.8027610806526191,-0.49966972719466285,-0.224321289385032,1.0,-0.7759759561397714,-0.0,0.0
2020-04-03,-0.7985372121371858,-0.5085164563634565,-0.22580963990379863,1.0,-0.761703950186143,-0.0,0.0
2020-04-06,-0.8057753164556961,-0.49287974683544294,-0.2243868670886076,1.0,-0.7733715717299579,-0.0,0.0
2020-04-07,-0.7739730423620026,-0.4602053915275995,-0.20539152759948653,1.0,-0.7696726572528884,-0.0,0.0
2020-04-08,-0.7741385412309771,-0.4616325086065442,-0.20099095910684986,1.0,-0.7806055146230817,-0.0,0.0
2020-04-09,-0.7819320614833989,-0.4250790911705493,-0.22286134279231776,1.0,-0.7657303550314767,-0.0,0.0
2020-04-13,-0.7862524742992146,-0.4132877849434902,-0.22709277823893748,1.0,-0.7660111104016346,-0.0,0.0
2020-04-14,-0.7909680304046501,-0.39845421736769826,-0.24023506116061447,1.0,-0.7641084602855226,-0.0,0.0
2020-04-15,-0.7726337774121071,-0.4091326223853675,-0.2235372298344989,1.0,-0.7591848359229139,-0.0,0.0
2020-04-16,-0.7959751930135427,-0.37197823060372104,-0.23772307302873055,1.0,-0.7584799392481965,-0.0,0.0
2020-04-17,-0.7978289078077033,-0.3657625723961136,-0.2436307244358642,1.0,-0.7576035699591734,-0.0,0.0
2020-04-20,-0.823108805011548,-0.3234093713417914,-0.2682633593824153,1.0,-0.749042933527383,-0.0,0.0
2020-04-21,-0.8453045892536339,-0.35169034786869185,-0.3219336926343296,1.0,-0.7474440633676304,-0.0,0.0
2020-04-22,-0.8312026284115677,-0.3727269770013988,-0.2968999056634462,1.0,-0.7521225724602322,-0.0,0.0
2020-04-23,-0.8231897222943162,-0.380807163249416,-0.2902932779652219,1.0,-0.7499351154944199,-0.0,0.0
2020-04-24,-0.8262145418976199,-0.3625692859471797,-0.30994457124225633,1.0,-0.7617867623084448,-0.0,0.0
2020-04-27,-0.8120290984671342,-0.3591842036892699,-0.3209599896076903,1.0,-0.755455962587685,-0.0,0.0
2020-04-28,-0.8070543436168839,-0.3458435523428424,-0.3240609268103782,1.0,-0.7500968116690332,-0.0,0.0
2020-04-29,-0.8356462673470051,-0.3163898729240469,-0.3395300464753485,1.0,-0.7584581884364132,-0.0,0.0
2020-04-30,-0.8340609941463731,-0.2852106982309757,-0.3462371850845704,1.0,-0.7685715209728017,-0.0,0.0
2020-05-01,-0.831164627435748,-0.2927105586845342,-0.3450184501845019,1.0,-0.7679808377031139,-0.0,0.0
2020-05-04,-0.8068239795918368,-0.2836734693877551,-0.3440688775510204,1.0,-0.7542410714285714,-0.0,0.0
2020-05-05,-0.8054679284963197,-0.28212726635439567,-0.3464933244113055,1.0,-0.7523818627919574,-0.0,0.0
2020-05-06,-0.8019899548604489,-0.2732214381079534,-0.3588912200394176,1.0,-0.7447390171021678,-0.0,0.0
2020-05-07,-0.8065593586970353,-0.2787886499554651,-0.35510243033464817,1.0,-0.7406158544344065,-0.0,0.0
2020-05-08,-0.8030057509611414,-0.2816382295936199,-0.3550344739935818,1.0,-0.7376481428526038,-0.0,0.0
2020-05-11,-0.799531781155795,-0.3116220896671157,-0.35049066769289977,1.0,-0.745333846449875,-0.0,0.0
2020-05-12,-0.798371063938947,-0.3133777977297505,-0.34829731289681265,1.0,-0.7465529404219842,-0.0,0.0
2020-05-13,-0.8105069896282935,-0.27323970881917153,-0.36858210397474717,1.0,-0.7686980609418282,-0.0,0.0
2020-05-14,-0.8205012272316238,-0.24499418679757134,-0.3873530551608319,1.0,-0.7767084356026352,-0.0,0.0
2020-05-15,-0.8153513583274182,-0.24846744531199585,-0.38694586048912694,1.0,-0.7756662579854166,-0.0,0.0
2020-05-18,-0.8217380059485324,-0.2505495926548558,-0.38090003879477563,1.0,-0.7797103323419113,-0.0,0.0
2020-05-19,-0.8208379272326352,-0.2579609572605227,-0.37907776120370973,1.0,-0.784875802581231,-0.0,0.0
2020-05-20,-0.8215948682882355,-0.26495392530363715,-0.37582625118035884,1.0,-0.793787242356159,-0.0,0.0
2020-05-21,-0.8275749247480696,-0.23704358068315665,-0.4031540374296558,1.0,-0.8040505169480434,-0.0,0.0
2020-05-22,-0.827634721722344,-0.2353499329254327,-0.40395249157477997,1.0,-0.8049929653502601,-0.0,0.0
2020-05-26,-0.8589118960617133,-0.24543239951278928,-0.4407903640546759,1.0,-0.8382731086750576,-0.0,0.0
2020-05-27,-0.8856187975309483,-0.20615216724073251,-0.4877399993179416,1.0,-0.830781297957235,-0.0,0.0
2020-05-28,-0.9254246651015053,-0.16368595497859412,-0.5187474105786494,1.0,-0.8447037701974864,-0.0,0.0
2020-05-29,-0.9261471532645098,-0.1635880261022684,-0.5180402582605393,1.0,-0.8448710423643959,-0.0,0.0
2020-06-01,-0.9436372569663788,-0.14241594721695794,-0.5629255281813714,1.0,-0.8605671369411104,-0.0,0.0
2020-06-02,-0.9455184534270652,-0.13919156414762743,-0.5629525483304042,1.0,-0.867311072056239,-0.0,0.0
2020-06-03,-0.9452960202503163,-0.13953733652088313,-0.5636338067782308,1.0,-0.8672479257488398,-0.0,0.0
2020-06-04,-0.9466024536858018,-0.13199985938763314,-0.5703237599746898,1.0,-0.8663830983935038,-0.0,0.0
2020-06-05,-0.9488406460011963,-0.132120615038176,-0.5743288413497061,1.0,-0.8631997466661975,-0.0,0.0
2020-06-08,-0.9477420488490598,-0.12605868915832014,-0.5770514848005622,1.0,-0.8635037778949217,-0.0,0.0
2020-06-09,-0.9592505194942414,-0.11509879195576374,-0.5837706476948543,1.0,-0.8638396787940689,-0.0,0.0
2020-06-10,-0.9645285145655008,-0.10859840078903801,-0.5872344922329071,1.0,-0.8621649230335694,-0.0,0.0
2020-06-11,-0.9762190812720849,-0.08703180212014135,-0.6115901060070672,1.0,-0.8587279151943464,-0.0,0.0
2020-06-12,-0.9500557258289218,-0.05788520479242129,-0.6446781833379771,1.0,-0.8302800222903316,-0.0,0.0
2020-06-15,-0.9544425481522762,-0.05203580509212497,-0.64602417192017,1.0,-0.8304482602486852,-0.0,0.0
2020-06-16,-0.9539932979614631,-0.0535464953923485,-0.6558223959787768,1.0,-0.8272479754258587,-0.0,0.0
2020-06-17,-0.9506271777003485,-0.04790940766550523,-0.6590592334494775,1.0,-0.8267247386759583,-0.0,0.0
2020-06-18,-0.9642369259868997,-0.028337244737118635,-0.6760306840870083,1.0,-0.8341798311674664,-0.0,0.0
2020-06-19,-0.9632172633643943,-0.029005815175506197,-0.6767673229173965,1.0,-0.8341273733622925,-0.0,0.0
2020-06-22,-0.9618715673848753,-0.02714406421630756,-0.7028939585973806,1.0,-0.8287213068581889,-0.0,0.0
2020-06-23,-0.9631494945912398,-0.019436070225217237,-0.7110480581663415,1.0,-0.8530945203050186,-0.0,0.0
2020-06-24,-0.962850161136098,-0.014838686829337394,-0.7092467330098806,1.0,-0.8544817083967843,-0.0,0.0
2020-06-25,-0.9599463125176605,-0.004591692568522181,-0.7172576999152304,1.0,-0.8502401808420458,-0.0,0.0
2020-06-26,-0.9600748376164926,-0.0031064670996893535,-0.7161818695283819,1.0,-0.8507130754024288,-0.0,0.0
2020-06-29,-0.9554142365258943,-0.0,-0.7167451338626941,1.0,-0.8412620335886445,-0.0,0.0
2020-06-30,-0.9553916403231472,-0.0,-0.717281348788198,1.0,-0.8397611520899192,-0.0,0.0
2020-07-01,-0.953405774167458,-0.0,-0.7079509090269719,1.0,-0.8551534972043464,-0.0,0.0
2020-07-02,-0.9462910203650944,-0.007808378178748549,-0.7043016425732475,1.0,-0.8588864267876613,-0.0,0.0
2020-07-06,-0.9519869313540963,-0.0050427927128094035,-0.7207997443091019,1.0,-0.8734330054334316,-0.0,0.0
2020-07-07,-0.9417305350619583,-0.027791705465224553,-0.7212950361721939,1.0,-0.8905880667573955,-0.0,0.0
2020-07-08,-0.9461624106597708,-0.021800811694142153,-0.7333979815393455,1.0,-0.890205796789139,-0.0,0.0
2020-07-09,-0.9443049777650265,-0.027506813943480132,-0.7282671065844213,1.0,-0.8861712810213743,-0.0,0.0
2020-07-10,-0.9400948139635109,-0.03993679069099267,-0.7206220370636403,1.0,-0.8907843700617727,-0.0,0.0
2020-07-13,-0.9583693460097956,-0.031150965139729186,-0.723926822241429,1.0,-0.8878205128205129,-0.0,0.0
2020-07-14,-0.9477453485442832,-0.02907834598913161,-0.7137870227084607,1.0,-0.9081944794328282,-0.0,0.0
2020-07-15,-0.9526725255726841,-0.022042933294914278,-0.718880564760121,1.0,-0.9081904624693847,-0.0,0.0
2020-07-16,-0.9628761093874018,-0.0028501334872645936,-0.7245833032686341,1.0,-0.9174543617865648,-0.0,0.0
2020-07-17,-0.9670048012707123,-0.004512472473917909,-0.7262192700624527,1.0,-0.9122053355474533,-0.0,0.0
2020-07-20,-0.9748039500435667,-0.010129247749056054,-0.7310485042114435,1.0,-0.9145730467615452,-0.0,0.0
2020-07-21,-0.962843471326035,-0.013847603857028929,-0.7297179728847967,1.0,-0.9185818893641703,-0.0,0.0
2020-07-22,-0.9689393664501614,-0.008599731485177257,-0.7342066112703654,1.0,-0.9168329765230959,-0.0,0.0
2020-07-23,-0.9716002184598579,-0.013762971054068814,-0.7390132896413618,1.0,-0.9166211541962497,-0.0,0.0
2020-07-24,-0.962300505325917,-0.021885338277529358,-0.7347947795106701,1.0,-0.916457628967172,-0.0,0.0
2020-07-27,-0.9634829417327417,-0.022223030479377317,-0.7339055793991416,1.0,-0.9175820178948134,-0.0,0.0
2020-07-28,-0.9630841971267502,-0.02509547190398254,-0.7376977632296781,1.0,-0.9111838516093833,-0.0,0.0
2020-07-29,-0.9655928117466578,-0.028891810943092993,-0.7395353933815472,1.0,-0.9185477390605594,-0.0,0.0
2020-07-30,-0.9660812735039613,-0.022782869035014055,-0.7406988206944393,1.0,-0.9215378436598635,-0.0,0.0
2020-07-31,-0.9669379265043972,-0.022077874685253438,-0.7405028646498558,1.0,-0.9197168193263511,-0.0,0.0
2020-08-03,-0.9947803712552838,-0.005293144642528947,-0.7385774673773203,1.0,-0.9371439073699688,-0.0,0.0
2020-08-04,-0.9956948890606027,-0.00754314309894396,-0.7396327777164513,1.0,-0.9367111896088605,-0.0,0.0
2020-08-05,-0.9596426919107441,-0.004412968433040321,-0.7040464073454571,1.0,-0.8907434428271469,-0.0,0.0
2020-08-06,-0.9609219150755199,-0.010758050726702764,-0.7014106583072099,1.0,-0.8891422057566257,-0.0,0.0
2020-08-07,-0.9564152438585116,-0.029716879187378434,-0.7228946041351488,1.0,-0.8930552553850588,-0.0,0.0
2020-08-10,-0.9659763313609467,-0.021215182566026843,-0.7277745706451146,1.0,-0.8930942415933034,-0.0,0.0
2020-08-11,-0.9658656274806956,-0.02399509273291477,-0.7266363570758462,1.0,-0.8917875442014866,-0.0,0.0
2020-08-12,-0.9619377162629758,-0.027609573241061128,-0.7171280276816608,1.0,-0.8977076124567474,-0.0,0.0
2020-08-13,-0.9510497000856898,-0.02763496143958869,-0.7034061696658097,1.0,-0.8883176235361325,-0.0,0.0
2020-08-14,-0.9466509652785213,-0.028583663419334118,-0.7006744459907933,1.0,-0.8926239160689433,-0.0,0.0
2020-08-17,-0.9541353383458647,-0.03369137128535625,-0.7015037593984962,1.0,-0.8910132474042248,-0.0,0.0
2020-08-18,-0.9552924291352708,-0.03347685683530678,-0.7109436670254754,1.0,-0.8883387154646573,-0.0,0.0
2020-08-19,-0.9587673299331945,-0.03236118094964442,-0.7114431434523382,1.0,-0.8891243445154802,-0.0,0.0
2020-08-20,-0.9598486213732205,-0.037448188862858174,-0.7136060551450712,1.0,-0.893386195710939,-0.0,0.0
2020-08-21,-0.959881771978517,-0.034206826947338065,-0.7182712756370976,1.0,-0.8921169303968568,-0.0,0.0
2020-08-24,-0.9840163934426229,-0.06277943368107303,-0.7491058122205662,1.0,-0.929880774962742,-0.0,0.0
2020-08-25,-0.9830892737679328,-0.05247900096632721,-0.7571545380212592,1.0,-0.9239203151713372,-0.0,0.0
2020-08-26,-0.9856275831254423,-0.048888557917861265,-0.7648285363220018,1.0,-0.9240793834009756,-0.0,0.0
2020-08-27,-0.9781298817228298,-0.05638622331324853,-0.7613999851223686,1.0,-0.9235289741873094,-0.0,0.0
2020-08-28,-0.9761586452762921,-0.059343434343434344,-0.7586898395721925,1.0,-0.9194147355912061,-0.0,0.0
2020-08-31,-0.9763858463594846,-0.05907251327367913,-0.7584004752534066,1.0,-0.9190212750157798,-0.0,0.0
2020-09-01,-0.9745348061383348,-0.057343020238713016,-0.7513900214989991,1.0,-0.9234190822151382,-0.0,0.0
2020-09-02,-0.9728407869872912,-0.057579013672236834,-0.7512319834006447,1.0,-0.9235985030938529,-0.0,0.0
2020-09-03,-0.9733145546866314,-0.061821281642637414,-0.7572365738853267,1.0,-0.9139023757458953,-0.0,0.0
2020-09-04,-0.9467757317878367,-0.06752989509206955,-0.7294769275915194,1.0,-0.9243269019147532,-0.0,0.0
2020-09-08,-0.925740418118467,-0.06438734030197445,-0.723976480836237,1.0,-0.9153963414634146,-0.0,0.0
2020-09-09,-0.9086488238896292,-0.07373653686826842,-0.7061705269983068,1.0,-0.9135838046179893,-0.0,0.0
2020-09-10,-0.9030137576780775,-0.07931319372103882,-0.6952476741262257,1.0,-0.9145084234347497,-0.0,0.0
2020-09-11,-0.8935370741482965,-0.08266533066132263,-0.6910964786716289,1.0,-0.9112510735757228,-0.0,0.0
2020-09-14,-0.8907289505687103,-0.08237356034051076,-0.6903211960798341,1.0,-0.9133700550826238,-0.0,0.0
2020-09-15,-0.8906160663236136,-0.08104631217838765,-0.68192538593482,1.0,-0.9198827901658091,-0.0,0.0
2020-09-16,-0.8941096234610001,-0.08234322840015793,-0.6746473312035608,1.0,-0.9384041063929071,-0.0,0.0
2020-09-17,-0.8900933237616655,-0.08747307968413495,-0.672361809045226,1.0,-0.9394472361809045,-0.0,0.0
2020-09-18,-0.8894196236172963,-0.08666139922424938,-0.6750107743140353,1.0,-0.9403821290044534,-0.0,0.0
2020-09-21,-0.8847047884704788,-0.08933233201015628,-0.6707434824589636,1.0,-0.9314093623717056,-0.0,0.0
2020-09-22,-0.8871620411817368,-0.0864816472694718,-0.6776365264100269,1.0,-0.9297761862130707,-0.0,0.0
2020-09-23,-0.8810930840585939,-0.08724615880520038,-0.6825686759070233,1.0,-0.9305898785860105,-0.0,0.0
2020-09-24,-0.8787153472420691,-0.08248785367247785,-0.6775864532723636,1.0,-0.9336953415261503,-0.0,0.0
2020-09-25,-0.8782310249901684,-0.08397983625898252,-0.6795609738657895,1.0,-0.9333237996496371,-0.0,0.0
2020-09-28,-0.8756926817060526,-0.08555289406885702,-0.670694648028315,1.0,-0.9431554109613527,-0.0,0.0
2020-09-29,-0.8738622978905665,-0.08009422850412251,-0.6734839561694685,1.0,-0.9417853446121998,-0.0,0.0
2020-09-30,-0.8743661167059497,-0.08010142132704806,-0.6730233554746089,1.0,-0.9436825941004213,-0.0,0.0
2020-10-01,-0.8744778836885508,-0.08061118846167577,-0.6718432044553925,1.0,-0.9430937845846274,-0.0,0.0
2020-10-02,-0.8712945457139799,-0.077551457211144,-0.6700317482966504,1.0,-0.9483109192737131,-0.0,0.0
2020-10-05,-0.8715890850722312,-0.07676119136793295,-0.6698769395398609,1.0,-0.9487426431246656,-0.0,0.0
2020-10-06,-0.8760683760683761,-0.06577635327635328,-0.6699074074074074,1.0,-0.949465811965812,-0.0,0.0
2020-10-07,-0.8689748329304706,-0.07617659604720603,-0.6687757713635717,1.0,-0.9407791838475756,-0.0,0.0
2020-10-08,-0.8438324767328796,-0.0799416585636894,-0.6286984303375469,1.0,-0.9202667037088486,-0.0,0.0
2020-10-09,-0.8483532518065592,-0.07681350750416899,-0.6318093385214008,1.0,-0.9171762090050029,-0.0,0.0
2020-10-12,-0.8595841341953521,-0.07122138738423903,-0.6391403110256858,1.0,-0.9247247946881006,-0.0,0.0
2020-10-13,-0.854282225710797,-0.07155067155067155,-0.640572126286412,1.0,-0.9221350078492936,-0.0,0.0
2020-10-14,-0.8547408079257656,-0.07064117770180701,-0.6413172399358125,1.0,-0.9217539942789367,-0.0,0.0
2020-10-15,-0.8551286078246605,-0.07165043799951139,-0.641992112518759,1.0,-0.9212647890273269,-0.0,0.0
2020-10-16,-0.8537572859586053,-0.07507591358067782,-0.6402568845764546,1.0,-0.921189487277931,-0.0,0.0
2020-10-19,-0.8501709342077722,-0.07336217121328402,-0.6455731528640201,1.0,-0.9193469615572454,-0.0,0.0
2020-10-20,-0.8483740686581716,-0.07245317178469467,-0.6469257015528167,1.0,-0.9138987535686931,-0.0,0.0
2020-10-21,-0.853979359804093,-0.0726255028861291,-0.643694245233514,1.0,-0.9280741647717335,-0.0,0.0
2020-10-22,-0.8550537032501838,-0.070811321414827,-0.6413952349298534,1.0,-0.9313228142602247,-0.0,0.0
2020-10-23,-0.861577269383036,-0.06274743369652803,-0.6475843464246925,1.0,-0.9315769190344393,-0.0,0.0
2020-10-26,-0.8597019102931914,-0.0615422293751312,-0.6487649569659226,1.0,-0.9286963823385347,-0.0,0.0
2020-10-27,-0.858260565840028,-0.05487251135172895,-0.6530562347188263,1.0,-0.9266503667481661,-0.0,0.0
2020-10-28,-0.8671355588214711,-0.05031842676184478,-0.6561340891594934,1.0,-0.9256071103646162,-0.0,0.0
