Date,IWF,IWM,MTUM,PLAB,SPY,VLUE,VXX
2018-09-24,-0.5564445266614253,-1.1944688526106462,-0.16801553900938815,1.0,-0.7891134440179438,-0.9166165656939369,0.0
2018-09-25,-0.5556018711500162,-1.1979991663192997,-0.1651614098466954,1.0,-0.7922745588439627,-0.9205224399055163,0.0
2018-09-26,-0.5551075268817204,-1.1980904708935856,-0.16268075639599555,1.0,-0.7938913607712272,-0.925009269558769,0.0
2018-09-27,-0.5578347842192998,-1.1897110576032597,-0.16498425634376737,1.0,-0.7935728838673828,-0.9243841452120762,0.0
2018-09-28,-0.5567182146495046,-1.1902027965552366,-0.16566348735994071,1.0,-0.7933141957588665,-0.9241133438281321,0.0
2018-10-01,-0.556562137049942,-1.1985598141695704,-0.16687572590011615,1.0,-0.7957723577235772,-0.9279907084785134,0.0
2018-10-02,-0.5565739276077045,-1.2117335070252164,-0.16390620638317668,1.0,-0.7943612170838374,-0.9259328184609659,0.0
2018-10-03,-0.5562220982142857,-1.207728794642857,-0.16373697916666666,1.0,-0.7951078869047619,-0.9275018601190476,0.0
2018-10-04,-0.5580703629688154,-1.2030952270297903,-0.16452107635822838,1.0,-0.7971371473718455,-0.9246177441093089,0.0
2018-10-05,-0.5439603685355804,-1.1973702486226216,-0.14894208065188203,1.0,-0.8039261076901708,-0.9355988703180704,0.0
2018-10-08,-0.542977424130274,-1.1964285714285716,-0.14739082161361955,1.0,-0.8041728349370837,-0.9351868985936344,0.0
2018-10-09,-0.5431876012028684,-1.1968540365486928,-0.1476289613694194,1.0,-0.8039324543141337,-0.9348600508905852,0.0
2018-10-10,-0.5455975570258641,-1.1952065886272152,-0.15014111877111,1.0,-0.8054411696664046,-0.9305047887845279,0.0
2018-10-11,-0.47822350866084756,-1.2139206729682057,-0.04735199674370223,1.0,-0.8030392112523178,-0.9801456288725069,0.0
2018-10-12,-0.4922849859117134,-1.2100720067981574,-0.04078894404937609,1.0,-0.7765105773961268,-0.9528154210832327,0.0
2018-10-15,-0.47741676336695527,-1.2335535124520218,-0.019191288047844327,1.0,-0.7759975006694635,-0.9569311791484423,0.0
2018-10-16,-0.4701359329946451,-1.3223488489175708,-0.0,1.0,-0.8039269531786353,-0.9804567714769555,0.0
2018-10-17,-0.44532445324453246,-1.2774727747277475,-0.0,1.0,-0.7930429304293043,-0.9842048420484204,0.0
2018-10-18,-0.45451235607336277,-1.30255313339098,-0.0,1.0,-0.7979338278796705,-0.9960861056751468,0.0
2018-10-19,-0.429540520984081,-1.2889381331403762,-0.0,1.0,-0.8031385672937771,-1.000814037626628,0.0
2018-10-22,-0.4296691375881396,-1.2815042487796058,-0.0,1.0,-0.8058669318387273,-1.0029379858976677,0.0
2018-10-23,-0.42946255028703156,-1.2816073769380283,-0.0,1.0,-0.8060841658002983,-1.0030737241784566,0.0
2018-10-24,-0.4268744354110207,-1.2766485998193315,-0.0,1.0,-0.806594399277326,-1.006594399277326,0.0
2018-10-25,-0.3780615815255423,-1.2163226032190344,-0.0,1.0,-0.8130685794261722,-0.9662788663400979,0.0
2018-10-26,-0.3616846297017703,-1.1993680474397264,-0.0,1.0,-0.8132710037657447,-0.9540752283253257,0.0
2018-10-29,-0.3353004522937756,-1.211070428602197,-0.0,1.0,-0.800043075597674,-0.9611458108981262,0.0
2018-10-30,-0.3206978246823175,-1.2118457893603276,-0.0,1.0,-0.8012922679302175,-0.9737238854189102,0.0
2018-10-31,-0.3250523795270877,-1.1871552571941677,-0.0,1.0,-0.7970667464830888,-0.9665626202591183,0.0
2018-11-01,-0.30459475617046716,-1.20279272354599,-0.0,1.0,-0.7960116149970108,-0.966777692373388,0.0
2018-11-02,-0.3077772586331394,-1.1802658964448032,-0.0,1.0,-0.7987087456993587,-0.9607526653357686,0.0
2018-11-05,-0.30157246068848276,-1.1999150021249467,-0.0,1.0,-0.8014024649383764,-0.947046323841904,0.0
2018-11-06,-0.3079048023799405,-1.2048023799405014,-0.0,1.0,-0.7971100722481937,-0.9400764980875478,0.0
2018-11-07,-0.30712583006981103,-1.2093478631023329,-0.0,1.0,-0.7977183722118169,-0.9425761961518815,0.0
2018-11-08,-0.26293066960128675,-1.2203504613561331,-0.0,1.0,-0.7892999238127487,-0.9600440193007703,0.0
2018-11-09,-0.2634074074074074,-1.2201058201058201,-0.0,1.0,-0.7892910052910053,-0.9600000000000001,0.0
2018-11-12,-0.2618887015177066,-1.2061551433389546,-0.0,1.0,-0.7916526138279932,-0.9561973018549748,0.0
2018-11-13,-0.23612795316746812,-1.203637884173113,-0.0,1.0,-0.7888772736776082,-0.952832950031361,0.0
2018-11-14,-0.2382227428667057,-1.2029118902183917,-0.0,1.0,-0.78997573424818,-0.952639946447996,0.0
2018-11-15,-0.23746392873572833,-1.2069758688469743,-0.0,1.0,-0.7968717326753377,-0.9408222157166158,0.0
2018-11-16,-0.2380235766240281,-1.2052503971239865,-0.0,1.0,-0.7963380988211688,-0.9406822172059193,0.0
2018-11-19,-0.23462681568922938,-1.208254845326301,-0.0,1.0,-0.8001172087571686,-0.943028171961991,0.0
2018-11-20,-0.21744210306697265,-1.2066764030878363,-0.0,1.0,-0.7995409972877112,-0.9490924264552473,0.0
2018-11-21,-0.22860696517412937,-1.2042703150912106,-0.0,1.0,-0.8013681592039801,-0.9116915422885573,0.0
2018-11-23,-0.23058443441163068,-1.1877148655925114,-0.0,1.0,-0.8095100028993911,-0.9141780226152507,0.0
2018-11-26,-0.2295204174604489,-1.1941108258096578,-0.0,1.0,-0.8066760540048041,-0.9111654104199454,0.0
2018-11-27,-0.215343980850976,-1.2030456852791878,-0.0,1.0,-0.8022780735421567,-0.9063183525236268,0.0
2018-11-28,-0.21596302257438818,-1.2024679130040032,-0.0,1.0,-0.8022780735421567,-0.9062358136271719,0.0
2018-11-29,-0.18017061920894728,-1.1879668557900323,-0.0,1.0,-0.8000326543940569,-0.9136291277194987,0.0
2018-11-30,-0.17884749090016766,-1.1903398634002698,-0.0,1.0,-0.8011533270622878,-0.9194306981309558,0.0
2018-12-03,-0.17680235409514466,-1.1906163151871834,-0.0,1.0,-0.8007601765571358,-0.9187510217426843,0.0
2018-12-04,-0.16909846755787414,-1.1934300619497882,-0.0,1.0,-0.7964215846103685,-0.916693837626345,0.0
2018-12-06,-0.15849491417673237,-1.1362841703750794,-0.0,1.0,-0.7894945963127781,-0.8890257469802924,0.0
2018-12-07,-0.16876965330573576,-1.1372845599649721,-0.0,1.0,-0.791545595669307,-0.8828165426103569,0.0
2018-12-10,-0.15262346289193784,-1.1390217864062313,-0.0,1.0,-0.7884227590842591,-0.8739077142066347,0.0
2018-12-11,-0.16144597373833255,-1.1361730738807152,-0.0,1.0,-0.79125138427464,-0.8662395190634393,0.0
2018-12-12,-0.17094529750479845,-1.1472328854766474,-0.0,1.0,-0.8115403071017273,-0.8690019193857965,0.0
2018-12-13,-0.16976148551304626,-1.1411877701296624,-0.0,1.0,-0.8236353449655834,-0.867296302225068,0.0
2018-12-14,-0.1906294561010389,-1.1033204318598493,-0.0,1.0,-0.889794255449175,-0.890446119372581,0.0
2018-12-17,-0.16285691043683398,-1.1081916537867078,-0.0,1.0,-0.8740746766452453,-0.9222321646465468,0.0
2018-12-18,-0.14867921479925683,-1.096453671540512,-0.0,1.0,-0.8692543824218435,-0.9246708134744325,0.0
2018-12-19,-0.1479177606333562,-1.096699923254029,-0.0,1.0,-0.8697742052752756,-0.9249101264288887,0.0
2018-12-20,-0.14989500888386367,-1.0951784848974317,-0.0,1.0,-0.8690033920206752,-0.9240429655952189,0.0
2018-12-21,-0.1427304964539007,-1.1040860735009672,-0.0,1.0,-0.8826160541586074,-0.9002256608639587,0.0
2018-12-24,-0.12384917140341045,-1.0854615323032586,-0.0,1.0,-0.877191577936114,-0.9163397646305341,0.0
2018-12-26,-0.12486095661846495,-1.1038455426664548,-0.0,1.0,-0.8448275862068965,-0.899133958366439,0.0
2018-12-27,-0.07096354166666667,-1.0666743259803921,-0.0,1.0,-0.7758884803921569,-0.9161688112745098,0.0
2018-12-28,-0.0681157201898056,-1.0693785397214144,-0.0,1.0,-0.7751033215980407,-0.9141282718506046,0.0
2018-12-31,-0.0675877377626392,-1.0707642848941787,-0.0,1.0,-0.7750009567913047,-0.9138122392743694,0.0
2019-01-02,-0.06291834002677375,-1.0711034614649073,-0.0,1.0,-0.7735322241346337,-0.9172308280742015,0.0
2019-01-03,-0.06739039027560108,-1.0690722831696036,-0.0,1.0,-0.776002446389664,-0.9100569550093651,0.0
2019-01-04,-0.04714253100981661,-1.0748040483981434,-0.0,1.0,-0.7681683281333231,-0.9147705654059812,0.0
2019-01-07,-0.022470649816795037,-1.0461003514544231,-0.0,1.0,-0.7718911239063786,-0.8983773274508339,0.0
2019-01-08,-0.025331094944972952,-1.0332773736243237,-0.0,1.0,-0.7772803581421377,-0.8947584405894422,0.0
2019-01-09,-0.02065237651444548,-1.0184902143522834,-0.0,1.0,-0.7808014911463188,-0.9079217148182666,0.0
2019-01-10,-0.015205690842711433,-1.036395799616094,-0.0,1.0,-0.788701117844104,-0.9234822537543754,0.0
2019-01-11,-0.015416509611760273,-1.0268375424048248,-0.0,1.0,-0.7931775348661892,-0.9338861666038448,0.0
2019-01-14,-0.02073359218909036,-1.0245410336638143,-0.0,1.0,-0.7919478267425641,-0.9325592792249405,0.0
2019-01-15,-0.014482914686580676,-1.0156521083201326,-0.0,1.0,-0.7899977370445803,-0.951459606245757,0.0
2019-01-16,-0.0,-1.0182229767968307,-0.0,1.0,-0.7823806828900207,-0.9722693831352575,0.0
2019-01-17,-0.0,-1.0176477242731627,-0.0,1.0,-0.7820807722764811,-0.971152758399638,0.0
2019-01-18,-0.00852175889103511,-1.0127258266106125,-0.0,1.0,-0.7897208650532137,-0.9765556944286635,0.0
2019-01-22,-0.0,-1.0746591479664749,-0.0,1.0,-0.768220617202889,-1.0194662237843268,0.0
2019-01-23,-0.0,-1.0561745409371484,-0.0,1.0,-0.7735160526417952,-1.0524476881866534,0.0
2019-01-24,-0.0,-1.0597651253827371,-0.0,1.0,-0.7629161660400758,-1.0531374752916554,0.0
2019-01-25,-0.0,-1.0454129717262497,-0.0,1.0,-0.7528929892233666,-1.178311528214101,0.0
2019-01-28,-0.0,-1.024962178517398,-0.0,1.0,-0.782267696472649,-1.1739788199697427,0.0
2019-01-29,-0.0,-1.0315881257183626,-0.0,1.0,-0.7607308469739607,-1.1710594110419723,0.0
2019-01-30,-0.0,-1.0267273807166897,-0.0,1.0,-0.7536329439714908,-1.1792912294595128,0.0
2019-01-31,-0.0,-1.0386109569491795,-0.0,1.0,-0.7214381986838977,-1.2041148021882186,0.0
2019-02-01,-0.0,-1.0368648949271044,-0.0,1.0,-0.7278035990942677,-1.207841735192468,0.0
2019-02-04,-0.0,-1.0485742379547691,-0.0,1.0,-0.7029695181907571,-1.1815929203539826,0.0
2019-02-05,-0.0,-1.036987487211773,-0.0,1.0,-0.6966632564728104,-1.2011883213976549,0.0
2019-02-06,-0.0,-1.0390612694912584,-0.0,1.0,-0.6899117971334068,-1.2086942825641833,0.0
2019-02-07,-0.0,-1.036329173906176,-0.0,1.0,-0.6803427578581582,-1.2321513189069655,0.0
2019-02-08,-0.0,-1.027279566060894,-0.0,1.0,-0.69085797996595,-1.2411608662944924,0.0
2019-02-11,-0.0,-1.0297722600031631,-0.0,1.0,-0.6872528862881544,-1.236794243238969,0.0
2019-02-12,-0.0,-1.0375406326805678,-0.0,1.0,-0.6957107745976373,-1.2308729089035124,0.0
2019-02-13,-0.0,-1.052448106480748,-0.0,1.0,-0.6918475677388687,-1.2170416732688956,0.0
2019-02-14,-0.0,-1.0017871326449561,-0.0,1.0,-0.7281175536139793,-1.241501191421763,0.0
2019-02-15,-0.0,-1.034426555356788,-0.0,1.0,-0.7129397734048897,-1.2279467302723117,0.0
2019-02-19,-0.0,-1.0118522053851968,-0.0,1.0,-0.7380583064868951,-1.2273793898898302,0.0
2019-02-20,-0.0,-1.0065593321407273,-0.0,1.0,-0.7450606241303916,-1.2237328562909957,0.0
2019-02-21,-0.0,-0.9893109751251689,-0.0,1.0,-0.7498609234681713,-1.2344432965111658,0.0
2019-02-22,-0.0,-1.0074314720812183,-0.0,1.0,-0.7621928934010153,-1.2912893401015229,0.0
2019-02-25,-0.0,-0.9989795918367347,-0.0,1.0,-0.7775918367346939,-1.3050204081632655,0.0
2019-02-26,-0.0,-0.9958024288858098,-0.0,1.0,-0.786657429293341,-1.2928519031705927,0.0
2019-02-27,-0.0,-1.010122448979592,-0.0,1.0,-0.7968571428571428,-1.27465306122449,0.0
2019-02-28,-0.0,-1.0042909685328973,-0.0,1.0,-0.7937474458520638,-1.2885982836125869,0.0
2019-03-01,-0.0,-1.0039218890432224,-0.0,1.0,-0.7991665985783152,-1.2822125990685513,0.0
2019-03-04,-0.0,-1.0016331196668435,-0.0,1.0,-0.7874494753603071,-1.2937165720818191,0.0
2019-03-05,-0.0,-0.9853380841217185,-0.0,1.0,-0.8191424007863374,-1.2910267436622027,0.0
2019-03-06,-0.0,-0.9843525990251095,-0.0,1.0,-0.8179658378732643,-1.2938598287797483,0.0
2019-03-07,-0.0,-0.9284282851417119,-0.0,1.0,-0.8727659400433521,-1.2886180524313935,0.0
2019-03-08,-0.0,-0.9172311250619527,-0.0,1.0,-0.906368742772179,-1.3066248141417478,0.0
2019-03-11,-0.0,-0.9177832919768404,-0.0,1.0,-0.9090570719602978,-1.3088089330024812,0.0
2019-03-12,-0.0,-0.8819403857393338,-0.0,1.0,-0.9357936044084495,-1.3569341237371628,0.0
2019-03-13,-0.0,-0.8906524099908112,-0.0,1.0,-0.9289950714226046,-1.3571130231392532,0.0
2019-03-14,-0.0,-0.8929987892957041,-0.0,1.0,-0.9282344591491671,-1.3536091512545403,0.0
2019-03-15,-0.0,-0.8894301431990929,-0.0,1.0,-0.9320539201276614,-1.3779448200562716,0.0
2019-03-18,-0.0,-0.9057196198234895,-0.0,1.0,-0.9481076035302105,-1.3891717583163612,0.0
2019-03-19,-0.0,-0.9064270198901146,-0.0,1.0,-0.9508496954725499,-1.4018910515780059,0.0
2019-03-20,-0.0,-0.9049491409522182,-0.0,1.0,-0.9523890930848791,-1.4164885887682708,0.0
2019-03-21,-0.0,-0.9070015805886625,-0.0,1.0,-0.9829979922252126,-1.3818616771327268,0.0
2019-03-22,-0.0,-0.899118089911809,-0.0,1.0,-1.0338137233813725,-1.3690686169068618,0.0
2019-03-25,-0.0,-0.8151156856073494,-0.0,1.0,-1.0683906090506974,-1.3696410343654304,0.0
2019-03-26,-0.0,-0.8395902974200737,-0.0,1.0,-1.0724693580183422,-1.3735750407131226,0.0
2019-03-27,-0.0,-0.8149764655541292,-0.0,1.0,-1.0872913992297817,-1.376722293538725,0.0
2019-03-28,-0.0,-0.8106927130188921,-0.0,1.0,-1.0818232446557854,-1.39142355309943,0.0
2019-03-29,-0.0,-0.8105560791705938,-0.0,1.0,-1.0816553851426614,-1.3919115757004543,0.0
2019-04-01,-0.0,-0.8215829801806429,-0.0,1.0,-1.073926629853174,-1.3851290612559393,0.0
2019-04-02,-0.0,-0.8420560350325241,-0.0,1.0,-1.0928531950172187,-1.316568173121891,0.0
2019-04-03,-0.0,-0.8408057456121713,-0.0,1.0,-1.0968084654285835,-1.312098933322001,0.0
2019-04-04,-0.0,-0.8385521885521885,-0.0,1.0,-1.1027777777777776,-1.2674242424242426,0.0
2019-04-05,-0.0,-0.8301433389544688,-0.0,1.0,-1.1142495784148398,-1.2715008431703203,0.0
2019-04-08,-0.0,-0.8201441882035498,-0.0,1.0,-1.1221383700830558,-1.2737889455710611,0.0
2019-04-09,-0.0,-0.7912222269066993,-0.0,1.0,-1.1764829883215988,-1.2483241283359332,0.0
2019-04-10,-0.0,-0.7776140144018192,-0.0,1.0,-1.1875605339621846,-1.2458836905714408,0.0
2019-04-11,-0.0,-0.7514238703961523,-0.0,1.0,-1.2270598658397671,-1.2403915116230013,0.0
2019-04-12,-0.0,-0.7527154389079076,-0.0,1.0,-1.2360001690545623,-1.2376484510375725,0.0
2019-04-15,-0.0,-0.7575167273651224,-0.0,1.0,-1.2272380791056154,-1.2500635216397054,0.0
2019-04-16,-0.0,-0.7502641477536875,-0.0,1.0,-1.2219263767380923,-1.2542157981488526,0.0
2019-04-17,-0.0,-0.7352118644067797,-0.0,1.0,-1.2266101694915255,-1.2754661016949154,0.0
2019-04-18,-0.0,-0.7179988108383589,-0.0,1.0,-1.2269599932047905,-1.3020470568249385,0.0
2019-04-22,-0.0,-0.7240056273180714,-0.0,1.0,-1.2329368631964872,-1.3061772605192479,0.0
2019-04-23,-0.0,-0.7249637155297534,-0.0,1.0,-1.228079911209767,-1.3157175787586441,0.0
2019-04-24,-0.0,-0.710720218067209,-0.0,1.0,-1.2299075769836876,-1.318539971889774,0.0
2019-04-25,-0.0,-0.7188233787303078,-0.0,1.0,-1.2443751867822226,-1.3061093796695555,0.0
2019-04-26,-0.0,-0.7126785867054496,-0.0,1.0,-1.249978612370605,-1.3149114552143042,0.0
2019-04-29,-0.0,-0.7019901343765946,-0.0,1.0,-1.2350739921755398,-1.3153597550603844,0.0
2019-04-30,-0.0,-0.7016029593094943,-0.0,1.0,-1.2390832943577532,-1.3111952038777157,0.0
2019-05-01,-0.0,-0.7070762946257607,-0.0,1.0,-1.245138504744479,-1.3029232798604315,0.0
2019-05-02,-0.0,-0.7079292155861835,-0.0,1.0,-1.2257529351710057,-1.3201888718734047,0.0
2019-05-03,-0.0,-0.688702328720891,-0.0,1.0,-1.2208909888626391,-1.309103948700641,0.0
2019-05-06,-0.0,-0.7009924012789105,-0.0,1.0,-1.1979404559232654,-1.2533737491176349,0.0
2019-05-07,-0.0,-0.705309662112411,-0.0,1.0,-1.1638304835146853,-1.2215086312689192,0.0
2019-05-08,-0.0,-0.7369578017664377,-0.0,1.0,-1.0648086359175664,-1.1236506378802749,0.0
2019-05-09,-0.0,-0.7362244897959184,-0.0,1.0,-1.068956043956044,-1.1195054945054943,0.0
2019-05-10,-0.0,-0.7321365578332615,-0.0,1.0,-1.0716105514835572,-1.115823305765688,0.0
2019-05-13,-0.0,-0.7324655976790684,-0.0,1.0,-1.0674324695181714,-1.120594346649939,0.0
2019-05-14,-0.0,-0.7047655947307245,-0.0,1.0,-1.0656722200697404,-1.1040294459511817,0.0
2019-05-15,-0.0,-0.7196975542010647,-0.0,1.0,-1.079546331301597,-1.0584445644626186,0.0
2019-05-16,-0.0,-0.7217659533449007,-0.0,1.0,-1.0727973780605358,-1.0612299980721032,0.0
2019-05-17,-0.0,-0.7177092579014394,-0.0,1.0,-1.0676494423648362,-1.0737081773627135,0.0
2019-05-20,-0.0,-0.718661985416104,-0.0,1.0,-1.0653188780431344,-1.0741540954512134,0.0
2019-05-21,-0.0,-0.7134471095906386,-0.0,1.0,-1.0892586401275122,-1.0848656844069509,0.0
2019-05-22,-0.0,-0.7060329776915617,-0.0,1.0,-1.089738118331717,-1.083918525703201,0.0
2019-05-23,-0.0,-0.6851763961398513,-0.0,1.0,-1.213534250909666,-1.0563202024996043,0.0
2019-05-24,-0.0,-0.7044676276180617,-0.0,1.0,-1.2251333917336946,-1.0522417774946247,0.0
2019-05-28,-0.0,-0.6863230130864987,-0.0,1.0,-1.240544206830514,-1.0629189275454836,0.0
2019-05-29,-0.0,-0.7052870632296108,-0.0,1.0,-1.2485756404637636,-1.0303199330650623,0.0
2019-05-30,-0.0,-0.7010038240917782,-0.0,1.0,-1.2460962396430848,-1.0363288718929256,0.0
2019-05-31,-0.0,-0.7036623759614236,-0.0,1.0,-1.2567249830630058,-1.0247877894233453,0.0
2019-06-03,-0.0,-0.7076513586524711,-0.0,1.0,-1.254290481487367,-1.0106864770379789,0.0
2019-06-04,-0.0,-0.696703733121525,-0.0,1.0,-1.2664813343923749,-1.0082208101667989,0.0
2019-06-05,-0.0,-0.6944564661447062,-0.0,1.0,-1.269898099697053,-0.9700200653106188,0.0
2019-06-06,-0.0,-0.7030966826885194,-0.0,1.0,-1.234378693562367,-1.0023244819163188,0.0
2019-06-07,-0.0,-0.7109473518284993,-0.0,1.0,-1.2287988650693569,-1.0009457755359394,0.0
2019-06-10,-0.0,-0.7141002439216303,-0.0,1.0,-1.2166181446219215,-1.0035014556613424,0.0
2019-06-11,-0.0,-0.7097090424280449,-0.0,1.0,-1.2118265234099284,-0.9997255117245706,0.0
2019-06-12,-0.0,-0.7138430157298082,-0.0,1.0,-1.213235005687836,-0.9955674106617505,0.0
2019-06-13,-0.0,-0.7149017916650331,-0.0,1.0,-1.2106872623201472,-0.9949033598619986,0.0
2019-06-14,-0.0,-0.6996663395485772,-0.0,1.0,-1.2539352306182534,-0.9718155053974487,0.0
2019-06-17,-0.0,-0.7087397657382379,-0.0,1.0,-1.2224311513299644,-0.9862498530967211,0.0
2019-06-18,-0.0,-0.7073457394711068,-0.0,1.0,-1.2193535749265427,-0.9910284035259551,0.0
2019-06-19,-0.0,-0.702294851245162,-0.0,1.0,-1.2242073575980295,-0.9829547675827827,0.0
2019-06-20,-0.0,-0.6987229708555311,-0.0,1.0,-1.2302569727358195,-0.9882873707301787,0.0
2019-06-21,-0.0,-0.6992911134610111,-0.0,1.0,-1.228880272588415,-0.9882896643559316,0.0
2019-06-24,-0.0,-0.7187042036251446,-0.0,1.0,-1.2033166216737372,-0.9345160046278443,0.0
2019-06-25,-0.0,-0.7080362304875698,-0.0,1.0,-1.2077471574484486,-0.9385623434187704,0.0
2019-06-26,-0.0,-0.7088851247305205,-0.0,1.0,-1.195757622420696,-0.9450261780104713,0.0
2019-06-27,-0.0,-0.6950423122995478,-0.0,1.0,-1.1958344603732756,-0.9732215309710575,0.0
2019-06-28,-0.0,-0.7089494464658976,-0.0,1.0,-1.1871564604784393,-0.974723232948827,0.0
2019-07-01,-0.0,-0.6865834633385335,-0.0,1.0,-1.255226209048362,-0.958346333853354,0.0
2019-07-02,-0.0,-0.6736526946107785,-0.0,1.0,-1.2966435549952726,-0.9691537976678223,0.0
2019-07-03,-0.0,-0.6830476490014155,-0.0,1.0,-1.280979713791477,-0.9674083975467842,0.0
2019-07-05,-0.0,-0.6858017904821737,-0.0,1.0,-1.272066907491754,-0.9686272970001569,0.0
2019-07-08,-0.0,-0.6876005809161204,-0.0,1.0,-1.2665148957883583,-0.9709934450681006,0.0
2019-07-09,-0.0,-0.685385762499019,-0.0,1.0,-1.266698061376658,-0.9722549250451299,0.0
2019-07-10,-0.0,-0.6576664966053138,-0.0,1.0,-1.2860170322985753,-0.9808484753345631,0.0
2019-07-11,-0.0,-0.6585346628305678,-0.0,1.0,-1.2994915855436882,-0.9832104993497024,0.0
2019-07-12,-0.0,-0.6517952153864344,-0.0,1.0,-1.3080045717889095,-0.9813975485752572,0.0
2019-07-15,-0.0,-0.6790400756590613,-0.0,1.0,-1.3008235804074557,-0.9607124561610907,0.0
2019-07-16,-0.0,-0.6845193557279565,-0.0,1.0,-1.315638167999055,-0.9379356515575159,0.0
2019-07-17,-0.0,-0.6840324230738963,-0.0,1.0,-1.3117966475171168,-0.9390099944912254,0.0
2019-07-18,-0.0,-0.6872144320151252,-0.0,1.0,-1.321293524499764,-0.9303214116905625,0.0
2019-07-19,-0.0,-0.6873117768267555,-0.0,1.0,-1.3271120621334602,-0.9481296560469172,0.0
2019-07-22,-0.0,-0.6803122770864706,-0.0,1.0,-1.3236506301022428,-0.9589839105968139,0.0
2019-07-23,-0.0,-0.6786154764272926,-0.0,1.0,-1.3408792520389894,-0.9590212850606723,0.0
2019-07-24,-0.0,-0.667050454377236,-0.0,1.0,-1.4089395123154735,-1.036021217977713,0.0
2019-07-25,-0.0,-0.654828379044178,-0.0,1.0,-1.4259320085399902,-1.0250451634094269,0.0
2019-07-26,-0.0,-0.6582501227696841,-0.0,1.0,-1.4185627762317892,-1.0155099034211819,0.0
2019-07-29,-0.0,-0.639751044140529,-0.0,1.0,-1.416100237490787,-1.0388174596675128,0.0
2019-07-30,-0.0,-0.6417013974013238,-0.0,1.0,-1.404756067663643,-1.0395113181335296,0.0
2019-07-31,-0.0,-0.6338960879695869,-0.0,1.0,-1.4048154355557374,-1.0490945509545027,0.0
2019-08-01,-0.0,-0.6545120457329522,-0.0,1.0,-1.395508370763577,-1.0332788893425888,0.0
2019-08-02,-0.0,-0.6435768775751642,-0.0,1.0,-1.3956268102639418,-1.0402643495288215,0.0
2019-08-05,-0.0,-0.6418902389301149,-0.0,1.0,-1.3950093778031476,-1.0404060996493518,0.0
2019-08-06,-0.0,-0.6443526391785657,-0.0,1.0,-1.3307797208406864,-1.0357372051981388,0.0
2019-08-07,-0.0,-0.6376498800959233,-0.0,1.0,-1.3092326139088728,-1.0499200639488409,0.0
2019-08-08,-0.0,-0.5749213981875347,-0.0,1.0,-1.1216941002404293,-1.0022563343813575,0.0
2019-08-09,-0.0,-0.5631905443600191,-0.0,1.0,-1.0920970524538414,-1.0153433909628162,0.0
2019-08-12,-0.0,-0.5590265165274246,-0.0,1.0,-1.0672357428260082,-1.0061387577188523,0.0
2019-08-13,-0.0,-0.5407052677405312,-0.0,1.0,-1.0693658395007983,-1.017849368741837,0.0
2019-08-14,-0.0,-0.5460293373798684,-0.0,1.0,-1.0515571934388321,-1.015391285497507,0.0
2019-08-15,-0.0,-0.5770680702752685,-0.0,1.0,-1.0344619105199517,-0.9449107333380753,0.0
2019-08-16,-0.0,-0.575290811426132,-0.0,1.0,-1.0269289601935185,-0.955142115186226,0.0
2019-08-19,-0.0,-0.5743456798892006,-0.0,1.0,-1.026350367555666,-0.9505309137398346,0.0
2019-08-20,-0.0,-0.5699361785574214,-0.0,1.0,-1.034763076264841,-0.9607444646486254,0.0
2019-08-21,-0.0,-0.5777130267926942,-0.0,1.0,-1.0233103546300903,-0.952419870655959,0.0
2019-08-22,-0.0,-0.5759296054499007,-0.0,1.0,-1.0280300879931876,-0.9441172296338348,0.0
2019-08-23,-0.0,-0.5718340843771067,-0.0,1.0,-1.0272504701415746,-0.9491892275485222,0.0
2019-08-26,-0.0,-0.5637887501753401,-0.0,1.0,-1.016411838967597,-0.9266026090615794,0.0
2019-08-27,-0.0,-0.5584320044839908,-0.0,1.0,-1.007321516149373,-0.9373642541862257,0.0
2019-08-28,-0.0,-0.5466312180787799,-0.0,1.0,-1.0162667039809696,-0.9353179878262086,0.0
2019-08-29,-0.0,-0.5478901540522438,-0.0,1.0,-1.0173440970141363,-0.959988719286495,0.0
2019-08-30,-0.0,-0.5523128143373238,-0.0,1.0,-1.0203300984628463,-0.9691860876956861,0.0
2019-09-03,-0.0,-0.5231532721625192,-0.0,1.0,-1.0165661037523652,-1.030561605198329,0.0
2019-09-04,-0.0,-0.5103184804341617,-0.0,1.0,-1.0203513281919452,-1.0397743501856611,0.0
2019-09-05,-0.0,-0.5267373967530617,-0.0,1.0,-1.0200085445741953,-1.0134577043577329,0.0
2019-09-06,-0.0,-0.5175856188716782,-0.0,1.0,-1.0530055421344322,-0.9820946426033822,0.0
2019-09-09,-0.0,-0.5302232968283317,-0.0,1.0,-1.0555397525245342,-0.9698833736310625,0.0
2019-09-10,-0.0,-0.522791061214339,-0.0,1.0,-1.1047713788325577,-0.9252140547838135,0.0
2019-09-11,-0.0,-0.5247123988069876,-0.0,1.0,-1.1103891492685698,-0.9155304644226673,0.0
2019-09-12,-0.0,-0.4985795454545454,-0.0,1.0,-1.1297230113636363,-0.9228338068181817,0.0
2019-09-13,-0.0,-0.49824100067517146,-0.0,1.0,-1.1374862300557904,-0.9177712234817527,0.0
2019-09-16,-0.0,-0.4930695877202311,-0.0,1.0,-1.1357368215817647,-0.9161615087383459,0.0
2019-09-17,-0.0,-0.4553416303230153,-0.0,1.0,-1.1519341913980783,-0.9384462645817822,0.0
2019-09-18,-0.0,-0.4471510123036556,-0.0,1.0,-1.1561536006807787,-0.9424174733184414,0.0
2019-09-19,-0.0,-0.44976772225965456,-0.0,1.0,-1.1519912053618924,-0.9444661158197099,0.0
2019-09-20,-0.0,-0.4562386915954163,-0.0,1.0,-1.1506722957391706,-0.940823784013907,0.0
2019-09-23,-0.0,-0.4522812743915419,-0.0,1.0,-1.1567444830767046,-0.9388348825658129,0.0
2019-09-24,-0.0,-0.44993788819875774,-0.0,1.0,-1.1569476486246673,-0.9423957409050576,0.0
2019-09-25,-0.0,-0.4307779710968292,-0.0,1.0,-1.1743777296452793,-0.9456023861094344,0.0
2019-09-26,-0.0,-0.4086555771584936,-0.0036724994599265505,1.0,-1.2672643479513215,-0.9208972420249154,0.0
2019-09-27,-0.0,-0.3647778141718528,-0.014630418167922262,1.0,-1.3071295993012335,-0.9528696728172653,0.0
2019-09-30,-0.0,-0.34268038217959507,-0.04784566387231394,1.0,-1.3084892191675512,-0.9617088260057839,0.0
2019-10-01,-0.0,-0.2725144935364229,-0.10316517230204168,1.0,-1.2472723344496057,-0.9779266140938389,0.0
2019-10-02,-0.0,-0.2712543302540416,-0.12030889145496537,1.0,-1.2565675519630486,-0.9603420900692841,0.0
2019-10-03,-0.0,-0.30870028409090905,-0.10365767045454545,1.0,-1.231924715909091,-0.9068892045454545,0.0
2019-10-04,-0.0,-0.33021352313167257,-0.12427046263345194,1.0,-1.2023843416370106,-0.901850533807829,0.0
2019-10-07,-0.0,-0.3341737987854682,-0.11811498987890194,1.0,-1.197201605170638,-0.9017720799744309,0.0
2019-10-08,-0.0,-0.33529787687282536,-0.11765958957608465,1.0,-1.195909962365973,-0.901512461833416,0.0
2019-10-09,-0.0,-0.3419208719654611,-0.11433930214452544,1.0,-1.1943166536909902,-0.8882440370868426,0.0
2019-10-10,-0.0,-0.3652595652954913,-0.16651697503143525,1.0,-1.1470810131129874,-0.9137776181067003,0.0
2019-10-11,-0.0,-0.3745898979702203,-0.19273894076504308,1.0,-1.1290694739878142,-0.9088942567689368,0.0
2019-10-14,-0.0,-0.3518069674058532,-0.2233115074340701,1.0,-1.1517924971963969,-0.890605216510509,0.0
2019-10-15,-0.0,-0.35575983496797076,-0.23962216351199742,1.0,-1.1470449857044624,-0.876696464116391,0.0
2019-10-16,-0.0,-0.36762409673553864,-0.24387232651875518,1.0,-1.1433603253567666,-0.876393478339809,0.0
2019-10-17,-0.0,-0.353388935426303,-0.2670357285938012,1.0,-1.1415303929781113,-0.8801034344611576,0.0
2019-10-18,-0.0,-0.35178773189488644,-0.2714582498086526,1.0,-1.1368589860407479,-0.8846083755512629,0.0
2019-10-21,-0.0,-0.309481281668064,-0.2765647213210367,1.0,-1.1314839791491997,-0.9276783436007727,0.0
2019-10-22,-0.0,-0.2948535580114527,-0.2774920669657511,1.0,-1.1338950286318705,-0.9411314148156252,0.0
2019-10-23,-0.0,-0.2929256114006633,-0.2418631774610927,1.0,-1.1461894521995843,-0.9637351022342092,0.0
2019-10-24,-0.0,-0.27829962795152324,-0.3225402438575165,1.0,-1.1196448963053007,-0.9631635171473827,0.0
2019-10-25,-0.0,-0.27467208571956403,-0.3500092370219841,1.0,-1.1127286162941068,-0.9574358026972105,0.0
2019-10-28,-0.0,-0.28242693303736593,-0.35597484276729563,1.0,-1.1054753977062524,-0.9557528671846098,0.0
2019-10-29,-0.0,-0.2862538329219954,-0.3908832548051754,1.0,-1.0885872410440505,-0.9737117642659487,0.0
2019-10-30,-0.0,-0.29016221873364734,-0.39074530911265604,1.0,-1.0846602377214623,-0.9722284518202886,0.0
2019-10-31,-0.0,-0.296808992154496,-0.3872585998792999,1.0,-1.0652534701267349,-1.0225558237779118,0.0
2019-11-01,-0.0,-0.292592871675081,-0.3828272172405998,1.0,-1.0651043628965413,-1.0271268178735589,0.0
2019-11-04,-0.0,-0.28103862918983913,-0.41116789418307526,1.0,-1.050240493010672,-1.0152186983315796,0.0
2019-11-05,-0.0,-0.28922694581466285,-0.4343111044169146,1.0,-1.0393869789509358,-1.0025981850359604,0.0
2019-11-06,-0.0,-0.2753288102187014,-0.42443998029033847,1.0,-1.0303604593867264,-1.0601902740401017,0.0
2019-11-07,-0.0,-0.29511057163448773,-0.4193377081515761,1.0,-1.0247316314531731,-1.053977164966051,0.0
2019-11-08,-0.0,-0.28274341329886327,-0.4304832148424134,1.0,-1.0309090217845873,-1.057712048055355,0.0
2019-11-11,-0.0,-0.26571636030114265,-0.46443994344021095,1.0,-1.0219360262926587,-1.0695532540986739,0.0
2019-11-12,-0.0,-0.25692878168125693,-0.46813716120646814,1.0,-1.0242364004740243,-1.0734737566420736,0.0
2019-11-13,-0.0,-0.2661736807464478,-0.5492276123736886,1.0,-0.9892756204266522,-1.0669015447752526,0.0
2019-11-14,-0.0,-0.26803047294945664,-0.553385668432654,1.0,-0.9906028848756719,-1.0551065393093315,0.0
2019-11-15,-0.0,-0.2661349645747028,-0.5620813813930078,1.0,-0.9870687986371908,-1.0563320298888845,0.0
2019-11-18,-0.0,-0.26039523236401757,-0.5660597119229724,1.0,-0.9964281554528864,-1.0595178009861395,0.0
2019-11-19,-0.0,-0.29638000079299,-0.571547519923873,1.0,-1.0190317592482456,-1.077990563419373,0.0
2019-11-20,-0.0,-0.2974971333676011,-0.5556126685382151,1.0,-1.0204815942430112,-1.0804238661974614,0.0
2019-11-21,-0.0,-0.27780693608946666,-0.6041422746174654,1.0,-1.0271306875529898,-1.1281844240784853,0.0
2019-11-22,-0.0,-0.2838667959909473,-0.6057630132557388,1.0,-1.0213385063045588,-1.130415454251536,0.0
2019-11-25,-0.0,-0.28489415141729457,-0.5780409041980624,1.0,-0.997089662321094,-1.126739225770442,0.0
2019-11-26,-0.0,-0.32066869300911854,-0.5817469204927213,1.0,-0.9739241721324589,-1.1230203167493202,0.0
2019-11-27,-0.0,-0.41352415863978476,-0.5166712163163436,1.0,-0.8859337830987014,-1.0836095620637212,0.0
2019-11-29,-0.0,-0.41617929897554656,-0.5564626918396985,1.0,-0.9115672959924638,-1.0408996349648703,0.0
2019-12-02,-0.0,-0.4295589988081049,-0.6019467620182758,1.0,-0.9040127135478745,-1.0374652363925307,0.0
2019-12-03,-0.0,-0.42337878547645474,-0.5899397494846995,1.0,-0.9060964008244806,-1.0444347550340891,0.0
2019-12-04,-0.0,-0.4107951386130749,-0.5813408531257447,1.0,-0.9192946222893001,-1.060290730002383,0.0
2019-12-05,-0.0,-0.3894863563402889,-0.6208266452648474,1.0,-0.8847110754414125,-1.1178170144462278,0.0
2019-12-06,-0.0,-0.4188694591297275,-0.6427816185441236,1.0,-0.9097193981293209,-1.0953233021553477,0.0
2019-12-09,-0.0,-0.359201223797908,-0.6797866622565841,1.0,-0.965477322528631,-1.1299871831975854,0.0
2019-12-10,-0.0,-0.34634643506004337,-0.8787167102406168,1.0,-1.1040900429831169,-1.1020959808570034,0.0
2019-12-11,-0.0,-0.34493374380939634,-0.8947932003747825,1.0,-1.112211662874225,-1.1097577298889039,0.0
2019-12-12,-0.0007199025362720124,-0.3285524421309115,-1.371303577361834,1.0,-1.5106324066895558,-1.326503488758445,0.0
2019-12-13,-0.0,-0.3139384390298801,-1.3997524056046367,1.0,-1.5440324123572113,-1.3694220921726408,0.0
2019-12-16,-0.0,-0.31733153031327477,-1.3989181879648411,1.0,-1.5431597926526934,-1.3750281721884157,0.0
2019-12-17,-0.06638787245164662,-0.2826276354765639,-1.49753150955451,1.0,-1.6058546785154209,-1.355811116919324,0.0
2019-12-18,-0.1821402834494355,-0.31053326927696373,-1.5348907038193609,1.0,-1.6037713187605094,-1.373889022339659,0.0
2019-12-19,-0.18142926006266571,-0.33550253073029646,-1.544890335020487,1.0,-1.5868884068450229,-1.3768377922390937,0.0
2019-12-20,-0.18753014954172698,-0.36975397973950797,-1.554691268692716,1.0,-1.5717559093101787,-1.3461770381090208,0.0
2019-12-23,-0.20210664911125742,-0.38087258363756066,-1.5136752648273386,1.0,-1.578011849901251,-1.3101322640493147,0.0
2019-12-24,-0.21597172298106876,-0.38557392763000237,-1.495207284926911,1.0,-1.5877665947759403,-1.3063743110472081,0.0
2019-12-26,-0.22152923538230884,-0.3824887556221889,-1.4938530734632682,1.0,-1.592143928035982,-1.3070464767616192,0.0
2019-12-27,-0.22398557258791704,-0.39519086263901415,-1.5071235347159602,1.0,-1.58473098887887,-1.3003306281935678,0.0
2019-12-30,-0.2570894171594063,-0.3996017859297695,-1.531615783757693,1.0,-1.593278629178231,-1.2519609026185592,0.0
2019-12-31,-0.2414354644149578,-0.41091676718938475,-1.5378166465621228,1.0,-1.5928829915560916,-1.2483715319662243,0.0
2020-01-02,-0.24535673498827917,-0.4215303239766785,-1.5265973432710225,1.0,-1.5790707459277515,-1.2381438961351205,0.0
2020-01-03,-0.2019341190692052,-0.43390752493200363,-1.563614385010577,1.0,-1.5784224841341794,-1.2663040193411905,0.0
2020-01-06,-0.21773506872643228,-0.44903296435956697,-1.579856465150225,1.0,-1.5734095608806713,-1.2620119206909133,0.0
2020-01-07,-0.1888412017167382,-0.4512568976088289,-1.621827099938688,1.0,-1.575843041079093,-1.2934396076026977,0.0
2020-01-08,-0.17850182704019488,-0.43982947624847746,-1.623812423873325,1.0,-1.573447015834348,-1.2746041412911084,0.0
2020-01-09,-0.1936664836170602,-0.4498138995667825,-1.6164500579657086,1.0,-1.5676368295808163,-1.2740252608456892,0.0
2020-01-10,-0.21234341582645894,-0.45377329666972205,-1.6166819431714026,1.0,-1.5565536205316226,-1.2713718301252674,0.0
2020-01-13,-0.22168571603202736,-0.4544343255302243,-1.6249006784426379,1.0,-1.547827149929711,-1.2631868467697573,0.0
2020-01-14,-0.28144673497099126,-0.4384026663374892,-1.665596839896309,1.0,-1.5588198987779287,-1.2278113813109492,0.0
2020-01-15,-0.29404137079345477,-0.4453843778944118,-1.6624884223525778,1.0,-1.5502933004013584,-1.2224760728619943,0.0
2020-01-16,-0.2989403234802007,-0.42548181198487944,-1.6464026770775237,1.0,-1.567081861560389,-1.2590320381731424,0.0
2020-01-17,-0.3136490250696379,-0.41912720519962865,-1.6313834726090994,1.0,-1.573754255648406,-1.2521819870009285,0.0
2020-01-21,-0.326961148230636,-0.42619401138332097,-1.6125340262311307,1.0,-1.5756619648601833,-1.2452363276416727,0.0
2020-01-22,-0.3393121301775148,-0.4295488165680474,-1.593380177514793,1.0,-1.5763683431952662,-1.2250986193293885,0.0
2020-01-23,-0.3564448292924295,-0.4238000989609105,-1.5823849579416132,1.0,-1.583931222167244,-1.2384957941613064,0.0
2020-01-24,-0.3561796362736608,-0.42546084374613385,-1.5836323147346283,1.0,-1.5847457627118642,-1.2358653965111963,0.0
2020-01-27,-0.3479873863847152,-0.4110554628083843,-1.5889445371916155,1.0,-1.5935818957521795,-1.2415754652816422,0.0
2020-01-28,-0.320669909488332,-0.4298996367218767,-1.5997167662089773,1.0,-1.5894341481435872,-1.2175358660181024,0.0
2020-01-29,-0.30918912282855565,-0.43103554109631087,-1.6002087041924988,1.0,-1.5859677122337485,-1.211957522558468,0.0
2020-01-30,-0.2827701448199035,-0.42270082931055825,-1.6371456863473202,1.0,-1.5888723851961877,-1.2573338284441145,0.0
2020-01-31,-0.2503409795412275,-0.4580285182889027,-1.6389956602603843,1.0,-1.5905765654060757,-1.2616862988220707,0.0
2020-02-03,-0.23803995845298465,-0.44284230463738006,-1.606280931141932,1.0,-1.5657114926376243,-1.2569194110099589,0.0
2020-02-04,-0.22719512195121952,-0.43884146341463415,-1.6004878048780486,1.0,-1.5685365853658537,-1.262439024390244,0.0
2020-02-05,-0.1495172086961673,-0.4536461110123808,-1.5993720751140337,1.0,-1.5123511640305671,-1.208933120075825,0.0
2020-02-06,-0.18583599574014908,-0.45740149094781685,-1.6230623594840847,1.0,-1.4849721926399242,-1.1651283871731155,0.0
2020-02-07,-0.18071149982271598,-0.4675570263562226,-1.6104479375960286,1.0,-1.4830989244770123,-1.1676515778276797,0.0
2020-02-10,-0.17934943030875494,-0.4599445067595489,-1.6091859023555108,1.0,-1.4836767223566916,-1.171379656414192,0.0
2020-02-11,-0.26950038236043844,-0.4801172572011216,-1.8257073668111141,1.0,-1.6147081315319907,-1.1826408360948253,0.0
2020-02-12,-0.2699343489068774,-0.4807189750780802,-1.821849703613997,1.0,-1.6134871566065394,-1.1879660908917076,0.0
2020-02-13,-0.2689659569042458,-0.49024607930638786,-1.823026902970802,1.0,-1.6164095371669005,-1.1764630881040419,0.0
2020-02-14,-0.2757540899795501,-0.48900817995910023,-1.822277607361963,1.0,-1.6071063394683025,-1.1964468302658486,0.0
2020-02-18,-0.27355234564744985,-0.49207465166815806,-1.813946056500064,1.0,-1.6037964975073502,-1.2080403937108528,0.0
2020-02-19,-0.2629324125583477,-0.5452394654389666,-1.8109853571200205,1.0,-1.5722872306413453,-1.2028902103715071,0.0
2020-02-20,-0.27448213942153527,-0.546591419226576,-1.8132495350477777,1.0,-1.5758994420573333,-1.202975694221766,0.0
2020-02-21,-0.2794202898550725,-0.53256038647343,-1.8289210950080517,1.0,-1.592914653784219,-1.2073429951690822,0.0
2020-02-24,-0.28028641465617343,-0.5531544316862341,-1.8241517223584054,1.0,-1.5946974583924656,-1.1984905173525997,0.0
2020-02-25,-0.23600717422227718,-0.6086338054301441,-1.7848351784278558,1.0,-1.4430700723606902,-1.1121281464530892,0.0
2020-02-26,-0.24345738295318126,-0.5584033613445378,-1.73187274909964,1.0,-1.424669867947179,-1.043997599039616,0.0
2020-02-27,-0.28179476427244954,-0.5341160965674235,-1.7104774456358953,1.0,-1.4407835619720841,-1.023303180974061,0.0
2020-02-28,-0.23390752493200362,-0.6686310063463282,-1.5490707162284678,1.0,-1.2445036264732547,-0.9702515865820489,0.0
2020-03-02,-0.2872925046739561,-0.6163390176193984,-1.5182709194946462,1.0,-1.2669537136706135,-0.9764319302022548,0.0
2020-03-03,-0.2562165058949625,-0.7279206859592713,-1.2967309753483387,1.0,-1.155198285101822,-0.9230439442658093,0.0
2020-03-04,-0.17273640255827474,-0.7895237591838893,-1.3443099529573446,1.0,-1.0987895766161002,-0.8803847983508643,0.0
2020-03-05,-0.1832045546970313,-0.8666124440829605,-1.1929646197641317,1.0,-1.0005591703944694,-0.8400772671817811,0.0
2020-03-06,-0.20093293875708482,-0.939710086773336,-1.1449064553343031,1.0,-0.9393088227917942,-0.7909414656166927,0.0
2020-03-09,-0.19850448654037886,-0.9110667996011964,-1.1475074775672982,1.0,-0.9333499501495514,-0.7946161515453638,0.0
2020-03-10,-0.5557404326123128,-0.5564149840356163,-1.0084543778387371,1.0,-0.818320816656923,-0.5581238476413185,0.0
2020-03-11,-0.43092494413530213,-0.7389475529071551,-1.0426762476449196,1.0,-0.7138413004425361,-0.45519870306269994,0.0
2020-03-12,-0.4660149171969154,-0.6323374489064937,-0.9549955754076946,1.0,-0.7071762673296532,-0.4533732248957061,0.0
2020-03-13,-0.5580465895249694,-0.4863733252131547,-0.780983556638246,1.0,-0.6349725943970767,-0.3459576735688185,0.0
2020-03-16,-0.45016659423439087,-0.7259524844270607,-0.7475373026220485,1.0,-0.5841663045052876,-0.11379110531652904,0.0
2020-03-17,-0.451459025561733,-0.5125505806494062,-0.507714577096424,1.0,-0.5762081784386617,-0.24186597361581735,0.0
2020-03-18,-0.45023618947644667,-0.5140729563049469,-0.49809736255084636,1.0,-0.5716441411888203,-0.24635874557144732,0.0
2020-03-19,-0.446912762787618,-0.5432213209733489,-0.5091872206588313,1.0,-0.5813938089720245,-0.22999503393477905,0.0
2020-03-20,-0.44835595076147183,-0.5857526792527954,-0.49494011081986794,1.0,-0.5791499386177379,-0.20972825906632603,0.0
2020-03-23,-0.4627097884736336,-0.690787513654871,-0.39355821112913364,1.0,-0.5813499288291568,-0.18189943394352676,0.0
2020-03-24,-0.4908982590851923,-0.7133448070430926,-0.34576686304362214,1.0,-0.5695042033494406,-0.1902098364996359,0.0
2020-03-25,-0.5048309943928786,-0.7182500712769664,-0.22194063420660815,1.0,-0.5683783698165806,-0.1544651059650901,0.0
2020-03-26,-0.5213691436525261,-0.7192749359400208,-0.20151213185283606,1.0,-0.5667014646800165,-0.15459808294580998,0.0
2020-03-27,-0.5203515551954123,-0.7125225955245279,-0.17325313220719318,1.0,-0.5666334226765568,-0.14389453344137632,0.0
2020-03-30,-0.5201008152343021,-0.7149480365921962,-0.17185263550936586,1.0,-0.5686725994150227,-0.13600721886862904,0.0
2020-03-31,-0.5080200656468694,-0.7257694927850374,-0.17309716975289527,1.0,-0.5570074936520716,-0.13265622096983962,0.0
2020-04-01,-0.5105915823978724,-0.7425858923214894,-0.16040449021245012,1.0,-0.5570089989794972,-0.12184185298574388,0.0
2020-04-02,-0.5247770524960927,-0.71055131623303,-0.14893812632159603,1.0,-0.5666697312371671,-0.11366491986148142,0.0
2020-04-03,-0.5257312446456982,-0.7123363113450005,-0.14747276955085056,1.0,-0.5619569208175254,-0.11207318565659039,0.0
2020-04-06,-0.5266907178671885,-0.7067078390607803,-0.1466002201296319,1.0,-0.5634095634095634,-0.11394765806530513,0.0
2020-04-07,-0.5143614937159047,-0.6887790469875524,-0.13439223605292505,1.0,-0.561831278820941,-0.1146206938123512,0.0
2020-04-08,-0.5138905628540437,-0.6863926720501385,-0.13531999517898036,1.0,-0.5624020730384477,-0.1151319754127998,0.0
2020-04-09,-0.5177809815582387,-0.6760076890731063,-0.14149696642037604,1.0,-0.5604913798281972,-0.10776716525500091,0.0
2020-04-13,-0.5621675531914894,-0.5815401353965184,-0.17586436170212766,1.0,-0.5787596711798839,-0.12394221470019341,0.0
2020-04-14,-0.5672815240399153,-0.5641064408829755,-0.1930752948291503,1.0,-0.5777441790142123,-0.12168128212881765,0.0
2020-04-15,-0.5533222841645322,-0.5727587765556728,-0.18107578725327708,1.0,-0.5773391592587013,-0.12891366581286726,0.0
2020-04-16,-0.5594159265392142,-0.568207135330423,-0.18136384163781424,1.0,-0.5797982839078729,-0.1219027547794671,0.0
2020-04-17,-0.5677600410392589,-0.5602462355532756,-0.19339750746854156,1.0,-0.5808262168442017,-0.11536256374664292,0.0
2020-04-20,-0.5896979926457291,-0.5311652299716679,-0.21273132798842606,1.0,-0.5775212490204352,-0.10292965217915485,0.0
2020-04-21,-0.5948741142770994,-0.5367103874566561,-0.21281471430725163,1.0,-0.5751846826473692,-0.09567314940449269,0.0
2020-04-22,-0.5945466036656936,-0.5416378246606675,-0.20594697083696994,1.0,-0.577361784091251,-0.0901074427423481,0.0
2020-04-23,-0.6040112362944393,-0.5365934696589846,-0.21170749388346877,1.0,-0.582807261304256,-0.08538979671972695,0.0
2020-04-24,-0.6028820881544363,-0.5335186248149603,-0.21582429533850941,1.0,-0.5843932207486178,-0.08443853660010271,0.0
2020-04-27,-0.6020614817277755,-0.5311791554574857,-0.21579058731070336,1.0,-0.5830486957047426,-0.0906507874134752,0.0
2020-04-28,-0.6045450424586746,-0.5335287540418846,-0.2094225015865341,1.0,-0.5826357619896649,-0.09183765978664894,0.0
2020-04-29,-0.6065321167442141,-0.534473382077467,-0.2057526134509638,1.0,-0.5819384857091063,-0.09263399601184362,0.0
2020-04-30,-0.6088297550650136,-0.5376171756879347,-0.20489869972785002,1.0,-0.5832778953734503,-0.0892651950408225,0.0
2020-05-01,-0.5936392548841436,-0.5529304861426624,-0.20572467060427077,1.0,-0.5775556565197637,-0.09904588823262153,0.0
2020-05-04,-0.5855806938159879,-0.5520361990950226,-0.20748114630467568,1.0,-0.5770135746606335,-0.09447963800904977,0.0
2020-05-05,-0.5831749192842702,-0.5504360158112308,-0.1992094384599137,1.0,-0.5822998702513503,-0.10232038864246705,0.0
2020-05-06,-0.5779923822091594,-0.5518699577122634,-0.1752391806376151,1.0,-0.5715142608643493,-0.12248447950094472,0.0
2020-05-07,-0.5725977478419308,-0.5411750649660982,-0.18563875862480958,1.0,-0.5621135637265151,-0.12545177574001615,0.0
2020-05-08,-0.5708144256030572,-0.5461249104370671,-0.1839025555290184,1.0,-0.5609027943635061,-0.12368641031764988,0.0
2020-05-11,-0.5649366180339631,-0.5527684764410428,-0.17971179143745514,1.0,-0.5603922506577373,-0.13193613967950252,0.0
2020-05-12,-0.5588799041629231,-0.5566337226714586,-0.16388140161725068,1.0,-0.5679544773884397,-0.14755914944594192,0.0
2020-05-13,-0.5604855588112181,-0.5510075943311608,-0.16130478981044072,1.0,-0.5714883693117264,-0.14563774442384742,0.0
2020-05-14,-0.5611190732115132,-0.5511465424579004,-0.16320315299175922,1.0,-0.5720769138898841,-0.1382419682312194,0.0
2020-05-15,-0.5688640640401447,-0.5597837450342006,-0.16738851220167866,1.0,-0.5719406194928165,-0.11897010066011529,0.0
2020-05-18,-0.5674932775619959,-0.5461607409620556,-0.1617866746340006,1.0,-0.5752016731401255,-0.13707798028084853,0.0
2020-05-19,-0.5646142322097378,-0.5579625468164794,-0.1561048689138577,1.0,-0.5797453183520599,-0.13785767790262174,0.0
2020-05-20,-0.5725816130580893,-0.5473175708113297,-0.16424627940470474,1.0,-0.5805928948631781,-0.1357717234757561,0.0
2020-05-21,-0.5764645827703211,-0.5487793892442122,-0.1631084286700898,1.0,-0.5816893372969403,-0.13266072125634326,0.0
2020-05-22,-0.5781320499323206,-0.5422469544292375,-0.16763423071138517,1.0,-0.5860430139870657,-0.13391487441720556,0.0
2020-05-26,-0.5774389510405389,-0.5402983279201251,-0.1659449055695898,1.0,-0.5864910381330447,-0.13716468182364971,0.0
2020-05-27,-0.5710417857465179,-0.5449595379200386,-0.15721548689870943,1.0,-0.587286784392768,-0.1478595710117024,0.0
2020-05-28,-0.6362828876841558,-0.5211491929308708,-0.2018438543293822,1.0,-0.6295751784128151,-0.07406046126987044,0.0
2020-05-29,-0.6269799932595973,-0.5293360703452924,-0.19427678544073038,1.0,-0.6235485155795214,-0.08967799258555716,0.0
2020-06-01,-0.633219588674721,-0.5244858434012727,-0.2102124258354084,1.0,-0.6250422699744843,-0.08118909280949306,0.0
2020-06-02,-0.6341929321872015,-0.5178852019595156,-0.21132575407462179,1.0,-0.6328372924176603,-0.08475829559108974,0.0
2020-06-03,-0.6325173210161663,-0.5188606620477291,-0.2153348729792148,1.0,-0.6295304080061587,-0.08301770592763665,0.0
2020-06-04,-0.6333661720337418,-0.5173326765593251,-0.21910596638138044,1.0,-0.6288098023520718,-0.08001354596391848,0.0
2020-06-05,-0.62170647623738,-0.5110810145284412,-0.21149347451366657,1.0,-0.6298325535582369,-0.10391529180004924,0.0
2020-06-08,-0.621169745213142,-0.4979869072133264,-0.22863201893229246,1.0,-0.6279927467191199,-0.09764268371392569,0.0
2020-06-09,-0.6271290659779868,-0.49597245280698515,-0.2313841234704544,1.0,-0.6291582118920248,-0.09081965197073111,0.0
2020-06-10,-0.6241202323508621,-0.5001075698435627,-0.23336509204905184,1.0,-0.6310047023388757,-0.08482650520945385,0.0
2020-06-11,-0.6202597721620045,-0.49789664384192583,-0.22599563975803727,1.0,-0.6342002640709921,-0.09224061166211195,0.0
2020-06-12,-0.5958062844777666,-0.4895614275700222,-0.24238822346164396,1.0,-0.6128737313705769,-0.10712870683612204,0.0
2020-06-15,-0.5882746051032807,-0.4916767922235723,-0.2399756986634265,1.0,-0.6081409477521263,-0.10959902794653706,0.0
2020-06-16,-0.5911739711059852,-0.48015054024523496,-0.23913439358989924,1.0,-0.6120553599611509,-0.11257132451135121,0.0
2020-06-17,-0.5897070419118093,-0.47783101837811615,-0.2401892400072785,1.0,-0.6115727542912598,-0.11336204282161703,0.0
2020-06-18,-0.5905741060867982,-0.47648075698298603,-0.24119734328086614,1.0,-0.6118642525702848,-0.11269826828010795,0.0
2020-06-19,-0.5892634964950081,-0.47540436379085366,-0.24283069826722908,1.0,-0.6118107607805057,-0.11534609898946986,0.0
2020-06-22,-0.5904967078314167,-0.4758624874836909,-0.24280122583973057,1.0,-0.6111296537913039,-0.11399702642837638,0.0
2020-06-23,-0.5860448191163538,-0.467234739363799,-0.2415926251629924,1.0,-0.6125481396124572,-0.12502653364466143,0.0
2020-06-24,-0.5863177366043,-0.46811414015829217,-0.24138035600570096,1.0,-0.6124268429511478,-0.12417745701549565,0.0
2020-06-25,-0.5870039382005453,-0.46761587397758253,-0.24086640411996363,1.0,-0.6136019388064223,-0.12029687973341412,0.0
2020-06-26,-0.5867373202119607,-0.466555639666919,-0.239666919000757,1.0,-0.6135654806964421,-0.12148372445117336,0.0
2020-06-29,-0.5847339782345828,-0.4634824667472794,-0.24032648125755746,1.0,-0.6111850060459493,-0.12321644498186216,0.0
2020-06-30,-0.5889090359625263,-0.451193714113025,-0.24445451798126322,1.0,-0.6126624357812027,-0.12487156240556059,0.0
2020-07-01,-0.5930755531407528,-0.45171903770110783,-0.2406350931208307,1.0,-0.610794168251381,-0.12230975882157627,0.0
2020-07-02,-0.5844171519961375,-0.45791967168592895,-0.23712242373034792,1.0,-0.6063852258668034,-0.13174809137270285,0.0
2020-07-06,-0.5810973771480253,-0.4591799819113657,-0.23584564365390412,1.0,-0.6055170334639735,-0.13316249623153453,0.0
2020-07-07,-0.5724596617853203,-0.4615407557636673,-0.23707835008500108,1.0,-0.5839124340123476,-0.12750156580870292,0.0
2020-07-08,-0.5727375835721108,-0.4631984240687679,-0.23388252148997135,1.0,-0.5852734001910219,-0.12962631327602675,0.0
2020-07-09,-0.571339043242114,-0.4631293085439733,-0.23378793756901134,1.0,-0.5849174848548151,-0.1310991077024083,0.0
2020-07-10,-0.579894906550427,-0.4647399534244939,-0.23720666388009792,1.0,-0.5842538962202185,-0.11951394279572461,0.0
2020-07-13,-0.5909769943232746,-0.46507319988048995,-0.23899014042426056,1.0,-0.5858380639378548,-0.10687182551538692,0.0
2020-07-14,-0.5801938851603281,-0.46732289336316185,-0.23102162565249815,1.0,-0.5909619686800894,-0.11337807606263983,0.0
2020-07-15,-0.581772076372315,-0.4624701670644391,-0.23400954653937947,1.0,-0.5897673031026253,-0.1152744630071599,0.0
2020-07-16,-0.5889695123771984,-0.4451312371226373,-0.2410642300456866,1.0,-0.5948221804174504,-0.11609782316581563,0.0
2020-07-17,-0.5877769152684063,-0.4444975219442288,-0.24114766823908756,1.0,-0.5946139607093808,-0.11754344061622977,0.0
2020-07-20,-0.5880065799312099,-0.44336772842829375,-0.2461791535815762,1.0,-0.5927022581127561,-0.12059219380888292,0.0
2020-07-21,-0.584342573487635,-0.4423611734098861,-0.24861696719595708,1.0,-0.59447983014862,-0.12057055710056519,0.0
2020-07-22,-0.5821203335624832,-0.4424485160056192,-0.24790028992438057,1.0,-0.5947036494605016,-0.12176823983022984,0.0
2020-07-23,-0.5843732232097435,-0.44399557111649757,-0.24936409611874194,1.0,-0.5957446808510638,-0.11901128168297573,0.0
2020-07-24,-0.564554692169755,-0.4529587567244471,-0.244590555887627,1.0,-0.595038852361028,-0.13153018529587568,0.0
2020-07-27,-0.5628719236864926,-0.45213958912711943,-0.24694237612511588,1.0,-0.5925062049579858,-0.13588110403397027,0.0
2020-07-28,-0.5691334712106225,-0.4540059347181009,-0.2523454125828013,1.0,-0.5918232772832179,-0.1300542517159728,0.0
2020-07-29,-0.5719269752473758,-0.4499684201028602,-0.2561280038497398,1.0,-0.5919576528617402,-0.1375981232518271,0.0
2020-07-30,-0.5708404699660447,-0.4415697587066919,-0.25763995312359145,1.0,-0.5937077436221041,-0.14117010727485804,0.0
2020-07-31,-0.5744463475465008,-0.44132936686799484,-0.2583010306800084,1.0,-0.5924156374891073,-0.1384356501096788,0.0
2020-08-03,-0.5689391439968807,-0.44422782759965207,-0.2601901562640593,1.0,-0.5872649290663148,-0.13871809483818723,0.0
2020-08-04,-0.5679623297942535,-0.4429848239457741,-0.25949253194169514,1.0,-0.5874572611121108,-0.1413232559534521,0.0
2020-08-05,-0.5680544315559153,-0.4428258849623835,-0.2590294637772383,1.0,-0.5879267451967749,-0.13949584869466175,0.0
2020-08-06,-0.5689944804415646,-0.43130549556035513,-0.2643688504919606,1.0,-0.5886729061675066,-0.14641828653707703,0.0
2020-08-07,-0.5635090039984367,-0.4326428764693504,-0.27156299792562305,1.0,-0.5822385232841296,-0.1563599194299973,0.0
2020-08-10,-0.5638249887235002,-0.43349872199669226,-0.2731619305367614,1.0,-0.5824086603518267,-0.15420237558261915,0.0
2020-08-11,-0.5683329822132603,-0.43356306618111773,-0.27805700183585635,1.0,-0.5827188732055256,-0.14692870256117013,0.0
2020-08-12,-0.567778310940499,-0.4310520633397313,-0.27201295585412666,1.0,-0.5809740882917466,-0.1472528790786948,0.0
2020-08-13,-0.5680095851430284,-0.4271079826269283,-0.2759323049273626,1.0,-0.5799311067844841,-0.144376216863861,0.0
2020-08-14,-0.5677475217962499,-0.43126716827899203,-0.2717962498507106,1.0,-0.5776006210438314,-0.13740594768900036,0.0
2020-08-17,-0.5699178491411502,-0.4344137415982076,-0.27199402539208367,1.0,-0.577057505601195,-0.1339208364451083,0.0
2020-08-18,-0.5690211545356759,-0.432502689135891,-0.27151308712800293,1.0,-0.5777757858252659,-0.13711605115334052,0.0
2020-08-19,-0.5646073298429319,-0.4400897531787584,-0.2670755422587883,1.0,-0.5754674644727,-0.14453253552729992,0.0
2020-08-20,-0.564717850517623,-0.43770570283047094,-0.2670695948776255,1.0,-0.5770749805517325,-0.14550296212075878,0.0
2020-08-21,-0.560081405440996,-0.43878131266273607,-0.2646574686499267,1.0,-0.5783078442522372,-0.15101906443599797,0.0
2020-08-24,-0.5606015217782038,-0.4424839733988377,-0.2713138817326703,1.0,-0.5777065484392786,-0.14355041639206756,0.0
2020-08-25,-0.559742206235012,-0.4459232613908873,-0.2644484412470024,1.0,-0.5797661870503596,-0.1477517985611511,0.0
2020-08-26,-0.5604280318925723,-0.44592650320724175,-0.2635033870871051,1.0,-0.5795515856363527,-0.14804268329236855,0.0
2020-08-27,-0.5503968848285158,-0.45211921521641457,-0.26056612251010935,1.0,-0.5772652388797365,-0.1549498277669612,0.0
2020-08-28,-0.5582639535932192,-0.45264644885936706,-0.26536623485918664,1.0,-0.5786120044483183,-0.15070181238916774,0.0
2020-08-31,-0.5601094539331248,-0.45251984604281936,-0.26726004330045705,1.0,-0.5796547991339908,-0.14746211210007215,0.0
2020-09-01,-0.5596893624706519,-0.4568358316778038,-0.25398832099211366,1.0,-0.5893684907591354,-0.15017157305400033,0.0
2020-09-02,-0.5554652947016879,-0.4536510515389475,-0.2539037819297771,1.0,-0.5887414628275717,-0.15690345097331287,0.0
2020-09-03,-0.5532901671435024,-0.44975154344225265,-0.2531546453847312,1.0,-0.5912362595994579,-0.16416202379159767,0.0
2020-09-04,-0.5577641248042404,-0.4509998795325864,-0.2493675460787857,1.0,-0.5953198409830142,-0.15826406457053366,0.0
2020-09-08,-0.5623154342192491,-0.4549207497137347,-0.24902067136744413,1.0,-0.5909118302898813,-0.15615018381245102,0.0
2020-09-09,-0.5600048172457398,-0.4554404769073282,-0.24685373637622687,1.0,-0.5900222797615464,-0.15845727705184562,0.0
2020-09-10,-0.5516081564010932,-0.46067449472957145,-0.2304273401603652,1.0,-0.5894771614763206,-0.17090603321421063,0.0
2020-09-11,-0.5447841726618705,-0.463189448441247,-0.22898681055155876,1.0,-0.5879196642685851,-0.1727218225419664,0.0
2020-09-14,-0.5417841502189693,-0.4547363369128322,-0.22844801727758116,1.0,-0.5909172715819785,-0.18369428280040795,0.0
2020-09-15,-0.5400072193478522,-0.46348213211406564,-0.23571170737576705,1.0,-0.5870232222355913,-0.18183732402839609,0.0
2020-09-16,-0.5412625745437022,-0.45596650804168426,-0.23902174567797121,1.0,-0.5882175772543823,-0.18739834949701825,0.0
2020-09-17,-0.5306903828760928,-0.4622249020198975,-0.23385589388001207,1.0,-0.5879409104612602,-0.20009044317154054,0.0
2020-09-18,-0.5240823958741745,-0.46044575806013815,-0.2353047621919957,1.0,-0.588080948216063,-0.20804053442711948,0.0
2020-09-21,-0.5200989113717922,-0.4649437592352462,-0.24073459787099302,1.0,-0.5829739754530925,-0.2068393594885558,0.0
2020-09-22,-0.5190583974649163,-0.4657009204768372,-0.24243247321563302,1.0,-0.5823147728987477,-0.20845027916100803,0.0
2020-09-23,-0.5165796699152159,-0.46510575385450925,-0.24361101891802192,1.0,-0.5812388739703709,-0.2106930573575114,0.0
2020-09-24,-0.5134760743216792,-0.4596922335652122,-0.23850392989429944,1.0,-0.5825277802872889,-0.21718312404011206,0.0
2020-09-25,-0.5137700373629023,-0.4595938290948535,-0.23785705676750632,1.0,-0.5826804869229841,-0.21923586838616368,0.0
2020-09-28,-0.5102642827042321,-0.45656492685569805,-0.2315032207573295,1.0,-0.583679489494913,-0.22804165914153268,0.0
2020-09-29,-0.5090072479023188,-0.4554750233075697,-0.23328621695588106,1.0,-0.5829899852636011,-0.2266999488737181,0.0
2020-09-30,-0.5091712773634832,-0.4540834736588886,-0.23613783978830888,1.0,-0.5804666827038729,-0.22711691123406302,0.0
2020-10-01,-0.5098051010587104,-0.4575914340712223,-0.2343900384985563,1.0,-0.5800348893166506,-0.22587824831568817,0.0
2020-10-02,-0.5112969704263064,-0.45873822918860374,-0.234844610246999,1.0,-0.5795902403802761,-0.22404404464634914,0.0
2020-10-05,-0.5086421979739681,-0.4604563080530255,-0.23182132443562686,1.0,-0.5792827727177082,-0.2257793008086091,0.0
2020-10-06,-0.5130607097820212,-0.45523329129886503,-0.23407193898997178,1.0,-0.5794451450189154,-0.22065093376568784,0.0
2020-10-07,-0.5098756181627454,-0.4593735950846695,-0.2293421249812678,1.0,-0.577161696388431,-0.22136969878615315,0.0
2020-10-08,-0.5078101621880424,-0.4590639774971572,-0.22434017595307917,1.0,-0.5783110898318271,-0.2228439763001975,0.0
2020-10-09,-0.5081520926197386,-0.46034642654141855,-0.2246088491339336,1.0,-0.5791725252041763,-0.219313728423131,0.0
2020-10-12,-0.5045397527029448,-0.4600083627023475,-0.22570336300101546,1.0,-0.5793859387133384,-0.21704199271250224,0.0
2020-10-13,-0.4971646869217453,-0.4643645914164627,-0.2253327762191846,1.0,-0.5763146899062854,-0.22133349250880438,0.0
2020-10-14,-0.4979603989876433,-0.46068185201726963,-0.22950722048533573,1.0,-0.5734107488462111,-0.2159297305344648,0.0
2020-10-15,-0.4987493299982133,-0.46128878565898396,-0.22934905604192724,1.0,-0.5737597522482282,-0.21460901673515573,0.0
2020-10-16,-0.4976771888028588,-0.46331149493746276,-0.22751637879690292,1.0,-0.5731387730792138,-0.21631923764145325,0.0
2020-10-19,-0.49989572471324295,-0.4646804707284373,-0.22904811559660362,1.0,-0.57288842544317,-0.21272158498435872,0.0
2020-10-20,-0.4985418402571123,-0.4644982740149982,-0.23053803118676347,1.0,-0.5681466492084276,-0.21411141530770145,0.0
2020-10-21,-0.49742567185500436,-0.46334930508020594,-0.2345465908752716,1.0,-0.5667093241272582,-0.21410077081039258,0.0
2020-10-22,-0.4976644550891077,-0.46112879711999044,-0.2321263871946684,1.0,-0.5678795632382256,-0.21644699651899674,0.0
2020-10-23,-0.4992561737578102,-0.45914906277893486,-0.234573043736983,1.0,-0.5672716453436477,-0.2150847961916096,0.0
2020-10-26,-0.499955363785151,-0.4607052521946139,-0.23395328076179137,1.0,-0.5686058622228835,-0.2125278976342806,0.0
2020-10-27,-0.49965811457621073,-0.460950738769807,-0.2349496090614502,1.0,-0.5686000535125012,-0.20875821268246278,0.0
2020-10-28,-0.4964912280701755,-0.4607790663098424,-0.23285756764793342,1.0,-0.568539994052929,-0.21486767766874817,0.0
2020-10-29,-0.48894945784203353,-0.4623155774130473,-0.22960241749126029,1.0,-0.5649700776204302,-0.2167743082301357,0.0
2020-10-30,-0.4915786976633852,-0.463527458190013,-0.22719724825050408,1.0,-0.5667180642865616,-0.216255485707508,0.0
2020-11-02,-0.4882638847726869,-0.46135380238278706,-0.22630549463576552,1.0,-0.5674233892478217,-0.22031889040365124,0.0
2020-11-03,-0.48518199887270463,-0.46269542258743956,-0.22688302827138154,1.0,-0.5683052003915868,-0.22347147646029247,0.0
2020-11-04,-0.48329094457916844,-0.46244159223990067,-0.22532087301117878,1.0,-0.5658602945525523,-0.22041166380789023,0.0
2020-11-05,-0.45462316149379545,-0.4768178736699384,-0.2019040881893477,1.0,-0.569929554632004,-0.24420078403631323,0.0
2020-11-06,-0.45366414238147157,-0.47647110822995553,-0.20137313256917228,1.0,-0.5699384152989363,-0.24516014968912983,0.0
