Date,IWF,IWM,MTUM,SBNY,SPY,VLUE,VXX
2018-09-24,-0.25733830845771144,-0.7326803482587065,-0.1042910447761194,1.0,-0.49748134328358207,-0.5176305970149254,0.0
2018-09-25,-0.2562703787308753,-0.7448896413343365,-0.09606220215701028,1.0,-0.5079633809882117,-0.5299724103335841,0.0
2018-09-26,-0.2575909661229611,-0.7466436637390214,-0.09855708908406524,1.0,-0.5076223337515684,-0.526348808030113,0.0
2018-09-27,-0.25658453695836875,-0.7553415777714843,-0.09679347997105006,1.0,-0.5096447339437993,-0.528367790050033,0.0
2018-09-28,-0.26029124377482193,-0.7544915841896237,-0.09660845993822102,1.0,-0.5111265208346467,-0.5294710962617412,0.0
2018-10-01,-0.25974066946398716,-0.7566646685806229,-0.0970754330062782,1.0,-0.5111524749976338,-0.5302394548379973,0.0
2018-10-02,-0.2597865892158101,-0.7619333249147621,-0.09581386538704381,1.0,-0.5102601338552848,-0.5291703497916403,0.0
2018-10-03,-0.2595971713600202,-0.7529675464073747,-0.09442480111125143,1.0,-0.5142379088268721,-0.535705265816391,0.0
2018-10-04,-0.2583116965360015,-0.7603381673104934,-0.0943575454372744,1.0,-0.5126021151288709,-0.540751060730796,0.0
2018-10-05,-0.24531994822742054,-0.7552167187549326,-0.08211004830002841,1.0,-0.5217665814313225,-0.552451305363513,0.0
2018-10-08,-0.24380634180167687,-0.7530416692933242,-0.07977683918552607,1.0,-0.523450797453193,-0.5519132572653345,0.0
2018-10-09,-0.2410133299639902,-0.7561753743129699,-0.0700296923368501,1.0,-0.5305452018447154,-0.5610272285046434,0.0
2018-10-10,-0.24291536347265663,-0.7548731557830223,-0.07209427226487221,1.0,-0.5318611190092567,-0.557514295643383,0.0
2018-10-11,-0.19729846686449062,-0.7653004451038576,-0.009242087042532147,1.0,-0.5312809099901089,-0.5878461918892186,0.0
2018-10-12,-0.19574089416674337,-0.7640921783423855,-0.0043879836754733195,1.0,-0.5239804842124643,-0.5803185123814785,0.0
2018-10-15,-0.15782497456921799,-0.8132609968866559,-0.0,1.0,-0.5229801794026079,-0.5884528836965568,0.0
2018-10-16,-0.14828579392362723,-0.8364458484313543,-0.0,1.0,-0.523614853355632,-0.5886834525689864,0.0
2018-10-17,-0.12823881691517966,-0.8029210461989733,-0.0,1.0,-0.5228856025421658,-0.6014421901735516,0.0
2018-10-18,-0.12725493793187792,-0.8011068305509692,-0.0,1.0,-0.5266006237387635,-0.6025805662569559,0.0
2018-10-19,-0.10543565642198999,-0.8030115639107044,-0.0,1.0,-0.5564281738915343,-0.6270793395584688,0.0
2018-10-22,-0.10911013654318683,-0.820223321203073,-0.0,1.0,-0.5550682715934185,-0.6259525364685391,0.0
2018-10-23,-0.10114702815432743,-0.8355610326413246,-0.0,1.0,-0.5789174329320316,-0.6442316807280312,0.0
2018-10-24,-0.0988597959634882,-0.8314014086731311,-0.0,1.0,-0.5804301822431382,-0.6477685480559678,0.0
2018-10-25,-0.06515128244509291,-0.7932729227461218,-0.0,1.0,-0.5903855014590693,-0.6229150668100139,0.0
2018-10-26,-0.054761977278957145,-0.7830840922242865,-0.0,1.0,-0.5920263149879694,-0.615813358511254,0.0
2018-10-29,-0.03212985436893204,-0.7946905339805825,-0.0,1.0,-0.5835254854368932,-0.6236347087378641,0.0
2018-10-30,-0.0,-0.81884621365262,-0.0,1.0,-0.6061887731301508,-0.6849012595241798,0.0
2018-10-31,-0.0,-0.7985118586265696,-0.0,1.0,-0.6148194078437451,-0.6869942644551232,0.0
2018-11-01,-0.0,-0.8145664524541306,-0.0,1.0,-0.6068113377417652,-0.6831827636521686,0.0
2018-11-02,-0.0,-0.7936463832546079,-0.0,1.0,-0.6138124787749684,-0.67984934086629,0.0
2018-11-05,-0.0,-0.7993087059840139,-0.0,1.0,-0.6131222417677377,-0.6737030521865259,0.0
2018-11-06,-0.0,-0.7981060724442917,-0.0,1.0,-0.6309654030065318,-0.696221520767572,0.0
2018-11-07,-0.0,-0.7989875949129769,-0.0,1.0,-0.6295659781895447,-0.696153485610724,0.0
2018-11-08,-0.0,-0.7958360482794997,-0.0,1.0,-0.610102702534984,-0.6968568680381023,0.0
2018-11-09,-0.0,-0.7984192183221309,-0.0,1.0,-0.6150112023898432,-0.6983134179736122,0.0
2018-11-12,-0.0,-0.7823175646351292,-0.0,1.0,-0.6217992435984873,-0.6958893917787836,0.0
2018-11-13,-0.0,-0.7740973119271699,-0.0,1.0,-0.6133665497939349,-0.6881343421295442,0.0
2018-11-14,-0.0,-0.7755781683626273,-0.0,1.0,-0.6178230033919211,-0.690163428923836,0.0
2018-11-15,-0.0,-0.7755196304849885,-0.0,1.0,-0.6184757505773673,-0.6852963818321787,0.0
2018-11-16,-0.0,-0.7708551054281675,-0.0,1.0,-0.6167086740025819,-0.6861744636380401,0.0
2018-11-19,-0.0,-0.7725341706686368,-0.0,1.0,-0.6186738086442556,-0.6872306366211057,0.0
2018-11-20,-0.0,-0.7564447982364827,-0.0,1.0,-0.6077092645888188,-0.6975078072377686,0.0
2018-11-21,-0.0,-0.7521941146102219,-0.0,1.0,-0.6060918946824987,-0.6785508214643626,0.0
2018-11-23,-0.0,-0.746556640980523,-0.0,1.0,-0.6083065347976457,-0.6789636551180146,0.0
2018-11-26,-0.0,-0.7474750538351885,-0.0,1.0,-0.6073822450031846,-0.6780807376179067,0.0
2018-11-27,-0.0,-0.7469864922163669,-0.0,1.0,-0.6051850505784724,-0.6764794960324672,0.0
2018-11-28,-0.0,-0.7593250174512125,-0.0,1.0,-0.6012018574160065,-0.6744665998968102,0.0
2018-11-29,-0.0,-0.7467577407998074,-0.0,1.0,-0.59109920861794,-0.6712003129419553,0.0
2018-11-30,-0.0,-0.7581139751647084,-0.0,1.0,-0.6071287609679085,-0.6708868445820809,0.0
2018-12-03,-0.0,-0.7578442677671906,-0.0,1.0,-0.6064514171269042,-0.6702373004794563,0.0
2018-12-04,-0.0,-0.7629569012547736,-0.0,1.0,-0.5999878765836212,-0.667909316845487,0.0
2018-12-06,-0.0,-0.726098958178742,-0.0,1.0,-0.5925618117598173,-0.6494909619779763,0.0
2018-12-07,-0.0,-0.7261233454027423,-0.0,1.0,-0.592509052056746,-0.6492550602481154,0.0
2018-12-10,-0.0,-0.7274760195374566,-0.0,1.0,-0.5854763726240216,-0.6294356499735185,0.0
2018-12-11,-0.0,-0.7296787503684056,-0.0,1.0,-0.5806366047745358,-0.63692897141173,0.0
2018-12-12,-0.0,-0.729743272319981,-0.0,1.0,-0.5803931971586053,-0.6373684675921831,0.0
2018-12-13,-0.0,-0.7284350695262786,-0.0,1.0,-0.5810157907141174,-0.6366073532877681,0.0
2018-12-14,-0.0,-0.7476084703094921,-0.0,1.0,-0.5747667703243002,-0.6392418184510588,0.0
2018-12-17,-0.0,-0.7452671372456363,-0.0,1.0,-0.5658170648867362,-0.6423402935703948,0.0
2018-12-18,-0.0,-0.7334996331621423,-0.0,1.0,-0.5581511371973588,-0.6430227439471754,0.0
2018-12-19,-0.0,-0.733542687758636,-0.0,1.0,-0.5583012942799285,-0.6430311390250345,0.0
2018-12-20,-0.0,-0.7385299487602333,-0.0,1.0,-0.5599858648919254,-0.6463278167147654,0.0
2018-12-21,-0.0,-0.74008268097458,-0.0,1.0,-0.5623772246166476,-0.6294895476001994,0.0
2018-12-24,-0.0,-0.7163178452748791,-0.0,1.0,-0.5513904273304961,-0.6472337200489711,0.0
2018-12-26,-0.0,-0.7211972238288028,-0.0,1.0,-0.5334008097165992,-0.637246963562753,0.0
2018-12-27,-0.0,-0.693380967115812,-0.0,1.0,-0.48670848687726803,-0.6329291963205717,0.0
2018-12-28,-0.0,-0.707577857607558,-0.0,1.0,-0.4891239781630979,-0.6319124261024524,0.0
2018-12-31,-0.0,-0.7077110205928944,-0.0,1.0,-0.4891661009278117,-0.6318171532020819,0.0
2019-01-02,-0.0,-0.7071860688641375,-0.0,1.0,-0.48792898739186974,-0.631848250127212,0.0
2019-01-03,-0.0,-0.7079395619942277,-0.0,1.0,-0.4850885631826156,-0.6364665270782638,0.0
2019-01-04,-0.0,-0.7170349050481108,-0.0,1.0,-0.4593809080391659,-0.6453342362933492,0.0
2019-01-07,-0.0,-0.6931893872113677,-0.0,1.0,-0.4526531971580817,-0.6294404973357016,0.0
2019-01-08,-0.0,-0.691129971709103,-0.0,1.0,-0.4536805902257724,-0.6288345259887945,0.0
2019-01-09,-0.0,-0.6914754916918638,-0.0,1.0,-0.4538544758523122,-0.6286720852173431,0.0
2019-01-10,-0.0,-0.6885745978924016,-0.0,1.0,-0.45718247365501946,-0.6273987798114254,0.0
2019-01-11,-0.0,-0.6780867630700779,-0.0,1.0,-0.4630144605116797,-0.6397664071190211,0.0
2019-01-14,-0.0,-0.676505016722408,-0.0,1.0,-0.4627926421404682,-0.6477703455964325,0.0
2019-01-15,-0.0,-0.6717259081524468,-0.0,1.0,-0.46319959823670553,-0.6551252720272306,0.0
2019-01-16,-0.0,-0.6731953305658485,-0.0,1.0,-0.44624300002786055,-0.6666202323572842,0.0
2019-01-17,-0.0,-0.670750382848392,-0.0,1.0,-0.44541278017541414,-0.6681887790616734,0.0
2019-01-18,-0.0,-0.6935465150020312,-0.0,1.0,-0.4832569206662411,-0.7249434159363938,0.0
2019-01-22,-0.0,-0.7224007009345794,-0.0,1.0,-0.3886098130841122,-0.8095502336448598,0.0
2019-01-23,-0.0,-0.6861063966758355,-0.0,1.0,-0.39573945104465386,-0.8443260958623516,0.0
2019-01-24,-0.0,-0.6761333723310909,-0.0,1.0,-0.4116993272886809,-0.8369991225504534,0.0
2019-01-25,-0.0,-0.6579632918886916,-0.0,1.0,-0.3867969212551806,-0.9156009473060983,0.0
2019-01-28,-0.0,-0.653600378675818,-0.0,1.0,-0.3913969587598367,-0.9134074906810249,0.0
2019-01-29,-0.0,-0.6401209677419355,-0.0,1.0,-0.3945683111954459,-0.9302063567362429,0.0
2019-01-30,-0.0,-0.6396668741293975,-0.0,1.0,-0.39423846359029074,-0.9298775969888267,0.0
2019-01-31,-0.0,-0.6482740197678906,-0.0,1.0,-0.37493692677569673,-0.9449407853729482,0.0
2019-02-01,-0.0,-0.647408287538987,-0.0,1.0,-0.3785830981731769,-0.9444526956780038,0.0
2019-02-04,-0.0,-0.64712872463682,-0.0,1.0,-0.3781824663557232,-0.9454858738599565,0.0
2019-02-05,-0.0,-0.653357100415924,-0.0,1.0,-0.3847296494355318,-0.9327985739750445,0.0
2019-02-06,-0.0,-0.6392707621960272,-0.0,1.0,-0.3888476498708394,-0.9410908874966597,0.0
2019-02-07,-0.0,-0.6299091420284708,-0.0,1.0,-0.3861611767143153,-0.9434431323803605,0.0
2019-02-08,-0.0,-0.6396727531420441,-0.0,1.0,-0.4038712354754565,-0.9206189234052645,0.0
2019-02-11,-0.0,-0.634244826460022,-0.0,1.0,-0.40702473204477296,-0.927763427451679,0.0
2019-02-12,-0.0,-0.6451987494417151,-0.0,1.0,-0.41015334226589256,-0.9221676343605777,0.0
2019-02-13,-0.0,-0.6347052214534917,-0.0,1.0,-0.4075453846608716,-0.9144048252616639,0.0
2019-02-14,-0.0,-0.6013627610724337,-0.0,1.0,-0.44203821656050957,-0.9190934676344246,0.0
2019-02-15,-0.0,-0.5691785872290223,-0.0,1.0,-0.4518507594750037,-0.9284176375165905,0.0
2019-02-19,-0.0,-0.5587880570672158,-0.0,1.0,-0.4580673628474776,-0.924753640241212,0.0
2019-02-20,-0.0,-0.5641871979252623,-0.0,1.0,-0.4529058116232465,-0.9299776022633502,0.0
2019-02-21,-0.0,-0.5614924405410981,-0.0,1.0,-0.45442220977866843,-0.9312133447290087,0.0
2019-02-22,-0.0,-0.5494130453970402,-0.0,1.0,-0.46650386889876133,-0.9261820000588425,0.0
2019-02-25,-0.0,-0.5471659142545219,-0.0,1.0,-0.47266235873830814,-0.9308075890354373,0.0
2019-02-26,-0.0,-0.5486840552342735,-0.0,1.0,-0.4731205004130768,-0.9287442464298359,0.0
2019-02-27,-0.0,-0.546720972787911,-0.0,1.0,-0.4813765421167581,-0.9233221179387285,0.0
2019-02-28,-0.0,-0.5534596738651388,-0.0,1.0,-0.4836491846628471,-0.9010430439253709,0.0
2019-03-01,-0.0,-0.559967157351475,-0.0,1.0,-0.47557328015952144,-0.8968388950794675,0.0
2019-03-04,-0.0,-0.5556727922858232,-0.0,1.0,-0.47363639028107507,-0.9015797649403559,0.0
2019-03-05,-0.0,-0.5447976029610482,-0.0,1.0,-0.4931848892544504,-0.8995652429351977,0.0
2019-03-06,-0.0,-0.5394825712859367,-0.0,1.0,-0.500425806830529,-0.8966610871288874,0.0
2019-03-07,-0.0,-0.5340142043787052,-0.0,1.0,-0.5038739214650467,-0.8969008628279627,0.0
2019-03-08,-0.0,-0.5295360507086891,-0.0,1.0,-0.4963171640696071,-0.9087067523549608,0.0
2019-03-11,-0.0,-0.5308137655391306,-0.0,1.0,-0.4974285126517177,-0.9106004055602903,0.0
2019-03-12,-0.0,-0.5082980800520663,-0.0,1.0,-0.5106943170724492,-0.9393249119900602,0.0
2019-03-13,-0.0,-0.517753677016788,-0.0,1.0,-0.5161788738671818,-0.9373941464864061,0.0
2019-03-14,-0.0,-0.5214137214137214,-0.0,1.0,-0.5124443124443124,-0.9361449361449361,0.0
2019-03-15,-0.0,-0.511772770624702,-0.0,1.0,-0.5209823557463042,-0.9476931330472103,0.0
2019-03-18,-0.0,-0.5206951406189032,-0.0,1.0,-0.5297895969024822,-0.950955968424528,0.0
2019-03-19,-0.0,-0.5251401700126606,-0.0,1.0,-0.5245372882377766,-0.9647615602580335,0.0
2019-03-20,-0.0,-0.5509662866548801,-0.0,1.0,-0.531213802353228,-0.9660427970493202,0.0
2019-03-21,-0.0,-0.5540990619366273,-0.0,1.0,-0.5282182907079781,-0.9732942218962936,0.0
2019-03-22,-0.0,-0.5521756462543314,-0.0,1.0,-0.5497224862776364,-0.9645518383367575,0.0
2019-03-25,-0.0,-0.5086214761426877,-0.0,1.0,-0.56883496031384,-0.9636286226925767,0.0
2019-03-26,-0.0,-0.504060804805541,-0.0,1.0,-0.5672254742713536,-0.9934720647276961,0.0
2019-03-27,-0.0,-0.49678332871610187,-0.0,1.0,-0.5756764244159202,-1.0056638039831318,0.0
2019-03-28,-0.0,-0.49764521193092626,-0.0,1.0,-0.5731215563148336,-1.0073875704127806,0.0
2019-03-29,-0.0,-0.5016323764937785,-0.0,1.0,-0.5733029444376001,-1.005020327707281,0.0
2019-04-01,-0.0,-0.51585538898143,-0.0,1.0,-0.581806403849713,-0.9870442346844345,0.0
2019-04-02,-0.0,-0.5285574512321898,-0.0,1.0,-0.5892191035284046,-0.9397664037179723,0.0
2019-04-03,-0.0,-0.5309534706331045,-0.0,1.0,-0.5801983218916857,-0.9399847444698705,0.0
2019-04-04,-0.0,-0.5291166185190816,-0.0,1.0,-0.5988748669606204,-0.9129086209518017,0.0
2019-04-05,-0.0,-0.527628093889853,-0.0,1.0,-0.6006636831369684,-0.9161567266417024,0.0
2019-04-08,-0.0,-0.5193390341133867,-0.0,1.0,-0.6045768540214844,-0.9191747055780407,0.0
2019-04-09,-0.0,-0.5084678526746208,-0.0,1.0,-0.6307405938177046,-0.9122699948124866,0.0
2019-04-10,-0.0,-0.5034461726136017,-0.0,1.0,-0.6337297956694113,-0.9125038121378468,0.0
2019-04-11,-0.0,-0.502791080743068,-0.0,1.0,-0.6362138913461245,-0.9113259921300675,0.0
2019-04-12,-0.0,-0.5015574421303366,-0.0,1.0,-0.636260917363953,-0.9159897392047884,0.0
2019-04-15,-0.0,-0.4987759348797356,-0.0,1.0,-0.6479894730399657,-0.9133973927412938,0.0
2019-04-16,-0.0,-0.48939670932358326,-0.0,1.0,-0.6416209628275442,-0.9159049360146252,0.0
2019-04-17,-0.0,-0.49198854636286093,-0.0,1.0,-0.6353722432070184,-0.918849762397953,0.0
2019-04-18,-0.0,-0.5415091391970004,-0.0,1.0,-0.6889236056866115,-0.8940790501484144,0.0
2019-04-22,-0.0,-0.5491402033387723,-0.0,1.0,-0.6934856282163926,-0.8953181875235345,0.0
2019-04-23,-0.0,-0.5457599447427083,-0.0,1.0,-0.7013280587736648,-0.8924994505667012,0.0
2019-04-24,-0.0,-0.5524455753463386,-0.0,1.0,-0.6987717148870669,-0.8901768604906858,0.0
2019-04-25,-0.0,-0.5567749441841451,-0.0,1.0,-0.7032797710763812,-0.884531932958083,0.0
2019-04-26,-0.0,-0.5429246769618657,-0.0,1.0,-0.7328080680743775,-0.8758588086983926,0.0
2019-04-29,-0.0,-0.542949910159821,-0.0,1.0,-0.7332849982662422,-0.876052075780979,0.0
2019-04-30,-0.0,-0.5427067574382249,-0.0,1.0,-0.7351235501765002,-0.8739599092284417,0.0
2019-05-01,-0.0,-0.5381437446781671,-0.0,1.0,-0.747831845848182,-0.8677031757545177,0.0
2019-05-02,-0.0,-0.5454774979486209,-0.0,1.0,-0.7352142902228114,-0.875244587514991,0.0
2019-05-03,-0.0,-0.5658591975775927,-0.0,1.0,-0.719372949785516,-0.8689439818319455,0.0
2019-05-06,-0.0,-0.5470403022670025,-0.0,1.0,-0.7269836272040303,-0.87455919395466,0.0
2019-05-07,-0.0,-0.5529248787859706,-0.0,1.0,-0.7232856872992884,-0.8722057804924123,0.0
2019-05-08,-0.0,-0.5611621274328517,-0.0,1.0,-0.7163631804933086,-0.8565518538251793,0.0
2019-05-09,-0.0,-0.5622730118973074,-0.0,1.0,-0.7195992485911082,-0.8489981214777709,0.0
2019-05-10,-0.0,-0.5622142901872378,-0.0,1.0,-0.7196756215166886,-0.8491765295259566,0.0
2019-05-13,-0.0,-0.562689886303129,-0.0,1.0,-0.7157891439847152,-0.8536974974159803,0.0
2019-05-14,-0.0,-0.5498932516476376,-0.0,1.0,-0.7098301308827625,-0.8344317584083666,0.0
2019-05-15,-0.0,-0.553346340859116,-0.0,1.0,-0.7198736411781101,-0.8237789959428907,0.0
2019-05-16,-0.0,-0.5605236529218315,-0.0,1.0,-0.7419681254743232,-0.8596635466734125,0.0
2019-05-17,-0.0,-0.5529516652868879,-0.0,1.0,-0.7266445902056932,-0.9045086926065082,0.0
2019-05-20,-0.0,-0.5306734759016916,-0.0,1.0,-0.7452920523459943,-0.9158314714331312,0.0
2019-05-21,-0.0,-0.5375980611008355,-0.0,1.0,-0.7354104215830091,-0.9159704062759103,0.0
2019-05-22,-0.0,-0.5336757990867581,-0.0,1.0,-0.7323376458650431,-0.9049340436326739,0.0
2019-05-23,-0.0,-0.5327144260321283,-0.0,1.0,-0.7436709863439055,-0.8920819999366307,0.0
2019-05-24,-0.0,-0.5142685775617147,-0.0,1.0,-0.7455016099501232,-0.8969947597701875,0.0
2019-05-28,-0.0,-0.5147570805758555,-0.0,1.0,-0.7265313803594392,-0.8951792491296302,0.0
2019-05-29,-0.0,-0.5273090863642045,-0.0,1.0,-0.72331583552056,-0.8740157480314962,0.0
2019-05-30,-0.0,-0.5196724397590361,-0.0,1.0,-0.7270331325301205,-0.8908446285140562,0.0
2019-05-31,-0.0,-0.5309804417201176,-0.0,1.0,-0.7180637618882113,-0.9105816929444849,0.0
2019-06-03,-0.0,-0.5387105900103731,-0.0,1.0,-0.7250809417533711,-0.8795775311979379,0.0
2019-06-04,-0.0,-0.523661093794276,-0.0,1.0,-0.7049526148421019,-0.9199017663171813,0.0
2019-06-05,-0.0,-0.5146169669014523,-0.0,1.0,-0.711930436950695,-0.8900766689521911,0.0
2019-06-06,-0.0,-0.5208502403395967,-0.0,1.0,-0.6812222985205069,-0.9192209251513827,0.0
2019-06-07,-0.0,-0.5438092860708936,-0.0,1.0,-0.666219420868697,-0.9103220169745382,0.0
2019-06-10,-0.0,-0.5479900280461203,-0.0,1.0,-0.6503895294484263,-0.9178560299158617,0.0
2019-06-11,-0.0,-0.5498125,-0.0,1.0,-0.65634375,-0.9188437500000001,0.0
2019-06-12,-0.0,-0.5507659534475737,-0.0,1.0,-0.654083518686758,-0.927915792111776,0.0
2019-06-13,-0.0,-0.5398238499556458,-0.0,1.0,-0.6688949436066406,-0.9594474718033204,0.0
2019-06-14,-0.0,-0.5376769820404802,-0.0,1.0,-0.6747331411738621,-0.9550536885116088,0.0
2019-06-17,-0.0,-0.5359653010827582,-0.0,1.0,-0.6730830114607739,-0.9569112898119422,0.0
2019-06-18,-0.0,-0.5175711743772242,-0.0,1.0,-0.6859748347737672,-0.9738815455007626,0.0
2019-06-19,-0.0,-0.5263124544561669,-0.0,1.0,-0.6939771251148497,-0.9479770617495167,0.0
2019-06-20,-0.0,-0.5378282153983088,-0.0,1.0,-0.6922563417890519,-0.9487252845063258,0.0
2019-06-21,-0.0,-0.5379670294697982,-0.0,1.0,-0.6965183629304309,-0.9480300426452803,0.0
2019-06-24,-0.0,-0.5456101426307448,-0.0,1.0,-0.6918541996830427,-0.9321077654516641,0.0
2019-06-25,-0.0,-0.5276804042318016,-0.0,1.0,-0.6947734091267962,-0.9356071372177485,0.0
2019-06-26,-0.0,-0.524329283725639,-0.0,1.0,-0.6660971905846621,-0.9733295368261198,0.0
2019-06-27,-0.0,-0.5167631148572147,-0.0,1.0,-0.6769404956598314,-0.951346081268084,0.0
2019-06-28,-0.0,-0.5281872008062484,-0.0,1.0,-0.6688082640463592,-0.9524124464600655,0.0
2019-07-01,-0.0,-0.5280697337780854,-0.0,1.0,-0.6710932091383977,-0.9476681981244885,0.0
2019-07-02,-0.0,-0.5256390053263575,-0.0,1.0,-0.6772668536669924,-0.9487535062561064,0.0
2019-07-03,-0.0,-0.5310105628251617,-0.0,1.0,-0.670629039886489,-0.9514425350780389,0.0
2019-07-05,-0.0,-0.591135427552714,-0.0,1.0,-0.5795475502551177,-0.9030245281858977,0.0
2019-07-08,-0.0,-0.5941606287608989,-0.0,1.0,-0.5705513938351958,-0.9054402554341152,0.0
2019-07-09,-0.0,-0.5887653491355611,-0.0,1.0,-0.5580670780133179,-0.9076913678294336,0.0
2019-07-10,-0.0,-0.567231638418079,-0.0,1.0,-0.5759963353183691,-0.9106733852496565,0.0
2019-07-11,-0.0,-0.5652293493872811,-0.0,1.0,-0.5837178742780308,-0.9069767441860465,0.0
2019-07-12,-0.0,-0.5642968439705478,-0.0,1.0,-0.5698878738810302,-0.9210228835049342,0.0
2019-07-15,-0.0,-0.5719043108979255,-0.0,1.0,-0.5732791543185359,-0.9100546882160644,0.0
2019-07-16,-0.0,-0.5778722363230482,-0.0,1.0,-0.5732240604262866,-0.9069141616464328,0.0
2019-07-17,-0.0,-0.5934696368629844,-0.0,1.0,-0.5632895941409827,-0.8947818126335062,0.0
2019-07-18,-0.0,-0.5941423869316104,-0.0,1.0,-0.5634219188101913,-0.8901316591490918,0.0
2019-07-19,-0.0,-0.5971117366295434,-0.0,1.0,-0.5778974421735406,-0.884561253212581,0.0
2019-07-22,-0.0,-0.57548584544759,-0.0,1.0,-0.5702218821729151,-0.9147360367253252,0.0
2019-07-23,-0.0,-0.5787508797698827,-0.0,1.0,-0.5699378805961014,-0.9114109978885522,0.0
2019-07-24,-0.0,-0.5800800953807588,-0.0,1.0,-0.5706337317721867,-0.9063617743266791,0.0
2019-07-25,-0.0,-0.5721386965935775,-0.0,1.0,-0.5812875484126743,-0.8961605318532525,0.0
2019-07-26,-0.0,-0.5740378741600488,-0.0,1.0,-0.5812156383628588,-0.899083689676237,0.0
2019-07-29,-0.0,-0.5739606930753688,-0.0,1.0,-0.5883487418110573,-0.8989775301536765,0.0
2019-07-30,-0.0,-0.5716517105142263,-0.0,1.0,-0.5900278705093258,-0.901013751493063,0.0
2019-07-31,-0.0,-0.5836895456765999,-0.0,1.0,-0.5804531021006352,-0.8891060087933562,0.0
2019-08-01,-0.0,-0.5946720312118996,-0.0,1.0,-0.5743721043647891,-0.8789929285540113,0.0
2019-08-02,-0.0,-0.5991998545190034,-0.0,1.0,-0.566739407164939,-0.8649451415408863,0.0
2019-08-05,-0.0,-0.5971288388151917,-0.0,1.0,-0.5626930765037254,-0.8688291235083895,0.0
2019-08-06,-0.0,-0.5972789927499478,-0.0,1.0,-0.522361786556076,-0.8639198018915774,0.0
2019-08-07,-0.0,-0.5991849846812815,-0.0,1.0,-0.5065885362443856,-0.8687646866355335,0.0
2019-08-08,-0.0,-0.6007554802058237,-0.0,1.0,-0.5057850748044377,-0.8677612206656554,0.0
2019-08-09,-0.0,-0.5847465151380626,-0.0,1.0,-0.4857793956613099,-0.889046731184705,0.0
2019-08-12,-0.0,-0.5804808717280587,-0.0,1.0,-0.5178550278337083,-0.8627265190098306,0.0
2019-08-13,-0.0,-0.5703979658210632,-0.0,1.0,-0.5155224410147241,-0.87073502454024,0.0
2019-08-14,-0.0,-0.5808873318220625,-0.0,1.0,-0.49609915506226626,-0.8670179880472222,0.0
2019-08-15,-0.0,-0.5983687449204691,-0.0,1.0,-0.48281667247184484,-0.8214327179844421,0.0
2019-08-16,-0.0,-0.6034682751420949,-0.0,1.0,-0.47537988632409234,-0.8210474422920775,0.0
2019-08-19,-0.0,-0.601106028142915,-0.0,1.0,-0.4752446580577914,-0.8190398980832706,0.0
2019-08-20,-0.0,-0.6100057670126874,-0.0,1.0,-0.4671280276816609,-0.8063725490196079,0.0
2019-08-21,-0.0,-0.611556195965418,-0.0,1.0,-0.46737752161383284,-0.8029106628242076,0.0
2019-08-22,-0.0,-0.6153868244213428,-0.0,1.0,-0.44994543679283217,-0.8064154844638448,0.0
2019-08-23,-0.0,-0.6160850208243572,-0.0,1.0,-0.4509837713629183,-0.805227631767916,0.0
2019-08-26,-0.0,-0.6106696288700902,-0.0,1.0,-0.44273548093081544,-0.7948674129140676,0.0
2019-08-27,-0.0,-0.6080427734486092,-0.0,1.0,-0.4365508219100165,-0.7993857004721006,0.0
2019-08-28,-0.0,-0.6049771572883856,-0.0,1.0,-0.43003887517380324,-0.8025878947816463,0.0
2019-08-29,-0.0,-0.5995349364791288,-0.0,1.0,-0.4398820326678766,-0.7963362068965517,0.0
2019-08-30,-0.0,-0.5923329186927514,-0.0,1.0,-0.4438256247879679,-0.7909363338233633,0.0
2019-09-03,-0.0,-0.5944034179328296,-0.0,1.0,-0.44209603033132444,-0.7929151458563223,0.0
2019-09-04,-0.0,-0.6011267765132212,-0.0,1.0,-0.43935790725326995,-0.7905837721533322,0.0
2019-09-05,-0.0,-0.6211787930062042,-0.0,1.0,-0.43773265651438237,-0.7611957134799774,0.0
2019-09-06,-0.0,-0.6207712458803978,-0.0,1.0,-0.4421847271907834,-0.75383792005859,0.0
2019-09-09,-0.0,-0.6113411645398461,-0.0,1.0,-0.44297022451336654,-0.7626693709681962,0.0
2019-09-10,-0.0,-0.6144716585024492,-0.0,1.0,-0.4356892932120364,-0.7490272918124562,0.0
2019-09-11,-0.0,-0.6061522098133065,-0.0,1.0,-0.44960394099700507,-0.7432474039242031,0.0
2019-09-12,-0.0,-0.5632498951195638,-0.0,1.0,-0.4766606069081248,-0.7569011327087121,0.0
2019-09-13,-0.0,-0.5654761904761905,-0.0,1.0,-0.4756315671808629,-0.7534372904091214,0.0
2019-09-16,-0.0,-0.5635931824531992,-0.0,1.0,-0.477144453758033,-0.7533109807208718,0.0
2019-09-17,-0.0,-0.555490360435876,-0.0,1.0,-0.4820340877340039,-0.7565800502933782,0.0
2019-09-18,-0.0,-0.5658041801721247,-0.0,1.0,-0.47359450095003913,-0.7548340225774003,0.0
2019-09-19,-0.0,-0.5574329041807468,-0.0,1.0,-0.48722316865417375,-0.7480939481107046,0.0
2019-09-20,-0.0,-0.5645463441912484,-0.0,1.0,-0.49170977212358447,-0.7397735215993289,0.0
2019-09-23,-0.0,-0.5637183508850548,-0.0,1.0,-0.49722720143401294,-0.7398890880573605,0.0
2019-09-24,-0.0,-0.5666806899453093,-0.0,1.0,-0.5018931426167438,-0.7360818959472726,0.0
2019-09-25,-0.0,-0.5648750140118821,-0.0,1.0,-0.49775809886783995,-0.7397152785562157,0.0
2019-09-26,-0.0,-0.5545245594619903,-0.0,1.0,-0.5578445560568656,-0.7252348117249794,0.0
2019-09-27,-0.0,-0.5405590221386444,-0.0,1.0,-0.5764880189189959,-0.7322278257400917,0.0
2019-09-30,-0.0,-0.4837478278209839,-0.0,1.0,-0.6109164458878158,-0.7540950915876136,0.0
2019-10-01,-0.0,-0.4631153375281155,-0.0,1.0,-0.6210460382085813,-0.762975827805142,0.0
2019-10-02,-0.0,-0.495427264932838,-0.0,1.0,-0.6305515861674764,-0.7319805658759646,0.0
2019-10-03,-0.0,-0.5355571327182399,-0.0,1.0,-0.6049112845990063,-0.6984244144783534,0.0
2019-10-04,-0.0,-0.567758979259176,-0.0,1.0,-0.5667472317463886,-0.6759035467371142,0.0
2019-10-07,-0.0,-0.5421896010757508,-0.0,1.0,-0.5709323173464814,-0.6882844016136261,0.0
2019-10-08,-0.0,-0.5544324772162387,-0.0,1.0,-0.5305716652858327,-0.6766639049986192,0.0
2019-10-09,-0.0,-0.5614267206924116,-0.0,1.0,-0.5261997298712754,-0.6687891066457179,0.0
2019-10-10,-0.0,-0.5856049603396268,-0.0,1.0,-0.5212546084236398,-0.6861244553681152,0.0
2019-10-11,-0.0,-0.591463585630556,-0.0,1.0,-0.5216915785636165,-0.6911859558596707,0.0
2019-10-14,-0.0,-0.5705122795172588,-0.0,1.0,-0.5716375502855374,-0.6710270908937462,0.0
2019-10-15,-0.0,-0.5942453194897,-0.0,1.0,-0.5645882807753907,-0.6025294085160435,0.0
2019-10-16,-0.0,-0.6222656895696732,-0.0,1.0,-0.5462008926111631,-0.5865061435891784,0.0
2019-10-17,-0.0,-0.598578159874349,-0.0,1.0,-0.5603317626959852,-0.5965941969083244,0.0
2019-10-18,-0.0,-0.6303591160220995,-0.0,1.0,-0.5453591160220995,-0.5867127071823205,0.0
2019-10-21,-0.0,-0.6158041919317773,-0.0,1.0,-0.542736107650137,-0.6102666334413157,0.0
2019-10-22,-0.0,-0.6415796094732812,-0.0,1.0,-0.5163813378548379,-0.5768199967182629,0.0
2019-10-23,-0.0,-0.6394518749487158,-0.0,1.0,-0.5102978583736769,-0.5854052132053281,0.0
2019-10-24,-0.0,-0.6333562680610981,-0.0,1.0,-0.5383514517682675,-0.5804596119444062,0.0
2019-10-25,-0.0,-0.6343589320575215,-0.0,1.0,-0.5279221314856059,-0.5873408672220847,0.0
2019-10-28,-0.0,-0.6566593285635663,-0.0,1.0,-0.5278756191524491,-0.5672261970280683,0.0
2019-10-29,-0.0,-0.6559353910830844,-0.0,1.0,-0.5393572297820555,-0.5704723973890917,0.0
2019-10-30,-0.0,-0.6622386699439365,-0.0,1.0,-0.5319395730343285,-0.5675936921759783,0.0
2019-10-31,-0.0,-0.670259703993298,-0.0,1.0,-0.523680536163083,-0.5985758168109467,0.0
2019-11-01,-0.0,-0.673438023918632,-0.0,1.0,-0.5265172683581089,-0.5942774114228233,0.0
2019-11-04,-0.0,-0.6724407252440726,-0.0,1.0,-0.5244351464435147,-0.5924965132496514,0.0
2019-11-05,-0.0,-0.6823383854005567,-0.049095970531170034,1.0,-0.4962179793605713,-0.5842308016758991,0.0
2019-11-06,-0.0,-0.6741111865942029,-0.05049818840579711,1.0,-0.497169384057971,-0.6088371829710145,0.0
2019-11-07,-0.0,-0.6778888354050457,-0.053090579607554436,1.0,-0.4930769884191749,-0.6074411756377949,0.0
2019-11-08,-0.0,-0.6769670877471252,-0.055146434033875265,1.0,-0.4932306123605053,-0.6070356313374498,0.0
2019-11-11,-0.0,-0.6760343703031506,-0.06063012222442787,1.0,-0.49076936165385815,-0.6083997391033095,0.0
2019-11-12,-0.0,-0.6567832643573899,-0.05904529735245763,1.0,-0.5015873915754862,-0.6171835138046375,0.0
2019-11-13,-0.0,-0.659319268313629,-0.09675664844130191,1.0,-0.49065353677038903,-0.6158932814244411,0.0
2019-11-14,-0.0,-0.6553466977113976,-0.09046510307229258,1.0,-0.4618660912033619,-0.6317792038162303,0.0
2019-11-15,-0.0,-0.6536022071162433,-0.09195369606644102,1.0,-0.46636707528655535,-0.6322989846127591,0.0
2019-11-18,-0.0,-0.6524654719780847,-0.10335578130350417,1.0,-0.4740326446752654,-0.6236730966784614,0.0
2019-11-19,-0.0,-0.6768918527109308,-0.1052478979414323,1.0,-0.48498115395766894,-0.6322702232531169,0.0
2019-11-20,-0.0,-0.6884979388027638,-0.116762468791732,1.0,-0.48147825582070486,-0.6163560355338792,0.0
2019-11-21,-0.0,-0.6670002354603249,-0.16794207676006592,1.0,-0.4609135860607487,-0.6473687308688486,0.0
2019-11-22,-0.0,-0.6652557319223986,-0.17451499118165784,1.0,-0.46293356848912404,-0.6367136978248089,0.0
2019-11-25,-0.0,-0.6655586279931752,-0.17791374948520325,1.0,-0.4656409954697887,-0.6325528034359004,0.0
2019-11-26,-0.0,-0.6388006120527308,-0.18196798493408664,1.0,-0.4777248116760829,-0.6440677966101696,0.0
2019-11-27,-0.0,-0.6112266721354701,-0.18442562915653474,1.0,-0.4871531948554185,-0.6469106143614684,0.0
2019-11-29,-0.0,-0.6073321554770318,-0.19840989399293285,1.0,-0.4965253239104829,-0.6423733804475854,0.0
2019-12-02,-0.0,-0.6158262680351033,-0.23334820764539638,1.0,-0.4879369329168526,-0.6377510040160642,0.0
2019-12-03,-0.0,-0.6147290274684484,-0.22824053452115814,1.0,-0.48688938381588714,-0.6397030438010394,0.0
2019-12-04,-0.0,-0.6276847523815159,-0.24554760073368442,1.0,-0.469853854801491,-0.6153482042482693,0.0
2019-12-05,-0.0,-0.6143057503506311,-0.27119453313837244,1.0,-0.4519113127032914,-0.6466533377100057,0.0
2019-12-06,-0.0,-0.6507539957258526,-0.28094994431568493,1.0,-0.4696445233723625,-0.6086446136712518,0.0
2019-12-09,-0.0,-0.619932070622074,-0.3140968758605918,1.0,-0.4966494293320278,-0.6292035127444081,0.0
2019-12-10,-0.0,-0.6175877763328999,-0.43059167750325106,1.0,-0.5832899869960988,-0.6194733420026008,0.0
2019-12-11,-0.0,-0.5994075791236035,-0.4303100550565054,1.0,-0.5625744550693841,-0.6273543900318749,0.0
2019-12-12,-0.0,-0.5849246885064575,-0.44451673769478517,1.0,-0.5809232571001008,-0.6428315820293439,0.0
2019-12-13,-0.0,-0.5767489171807325,-0.4477949862186639,1.0,-0.5943693398083738,-0.6623244520278252,0.0
2019-12-16,-0.0,-0.5754332983193278,-0.46149553571428564,1.0,-0.5981158088235294,-0.6475512079831932,0.0
2019-12-17,-0.0,-0.5453120309529368,-0.5196290984290051,1.0,-0.6395050198459024,-0.6309996331009639,0.0
2019-12-18,-0.0,-0.5698387541345095,-0.5665656008820287,1.0,-0.6634509371554576,-0.6455691841234841,0.0
2019-12-19,-0.0,-0.5741625138427464,-0.5757544296788483,1.0,-0.6650055370985604,-0.6457641196013288,0.0
2019-12-20,-0.0,-0.5787467073339803,-0.5770483848606682,1.0,-0.6674407320116457,-0.6427630666851518,0.0
2019-12-23,-0.0,-0.5826602419662357,-0.5815509411723923,1.0,-0.6553887752625923,-0.6469996880091518,0.0
2019-12-24,-0.0,-0.5875967920353983,-0.5768113938053098,1.0,-0.6495091261061947,-0.6429410951327433,0.0
2019-12-26,-0.0,-0.5940119347383671,-0.5725914939119037,1.0,-0.6540995481356283,-0.6286433720809906,0.0
2019-12-27,-0.0,-0.6019977879164937,-0.5814323240702336,1.0,-0.6483478501313424,-0.6246370800497718,0.0
2019-12-30,-0.0,-0.6064652630848739,-0.6030661440810239,1.0,-0.6623079324338386,-0.5966494398390622,0.0
2019-12-31,-0.0,-0.6018524918780673,-0.6059998617543375,1.0,-0.6510679477431396,-0.5971867007672634,0.0
2020-01-02,-0.0,-0.5969697954937088,-0.5073316643365738,1.0,-0.5756088044997887,-0.5713821243944468,0.0
2020-01-03,-0.0,-0.6033474163145922,-0.5125446863828405,1.0,-0.5631459213519662,-0.5709132271693208,0.0
2020-01-06,-0.0,-0.6123427006585381,-0.5123231401186673,1.0,-0.5625285257873117,-0.5728956119188889,0.0
2020-01-07,-0.0,-0.6142317216212693,-0.5129023849863156,1.0,-0.5526521569138537,-0.5783917633259481,0.0
2020-01-08,-0.0,-0.619488880218494,-0.5032188841201717,1.0,-0.5453244895304982,-0.5833333333333333,0.0
2020-01-09,-0.0,-0.6227191121266524,-0.5071976497470213,1.0,-0.5524400195854414,-0.5818508242206626,0.0
2020-01-10,-0.0,-0.6184072421936501,-0.5206310679611651,1.0,-0.5626803988454474,-0.5782602991340856,0.0
2020-01-13,-0.0,-0.6195912475806188,-0.5256700455991864,1.0,-0.5598202276678804,-0.5754682938031034,0.0
2020-01-14,-0.0,-0.6140275529419538,-0.5453434206614027,1.0,-0.5736562159304899,-0.5706828768707258,0.0
2020-01-15,-0.0,-0.6155934447939083,-0.5492799205429565,1.0,-0.5768250289687138,-0.5689786459195498,0.0
2020-01-16,-0.0,-0.6041024621400404,-0.5373628922689466,1.0,-0.5858766610332373,-0.5864400039765384,0.0
2020-01-17,-0.0,-0.5917841693359311,-0.5392134200706667,1.0,-0.5750751246573985,-0.5961100287289899,0.0
2020-01-21,-0.0,-0.589345318748141,-0.542185795961532,1.0,-0.5763904953898014,-0.5968802670279916,0.0
2020-01-22,-0.0,-0.5427242850150339,-0.6990420250332144,1.0,-0.6300258723166212,-0.6244668205020628,0.0
2020-01-23,-0.0,-0.5348316180074214,-0.6776587551634811,1.0,-0.6521038997409507,-0.6361058601134215,0.0
2020-01-24,-0.0,-0.5355855067390162,-0.678767722737616,1.0,-0.6525118151584106,-0.6339226325923332,0.0
2020-01-27,-0.0,-0.5150118698505797,-0.6869152353023321,1.0,-0.6414956011730206,-0.6477098170646558,0.0
2020-01-28,-0.0,-0.5415230335318082,-0.7033671088826213,1.0,-0.6197639193565236,-0.6173613287370731,0.0
2020-01-29,-0.0,-0.5421118357152769,-0.6957818787290135,1.0,-0.6108644373525739,-0.6200915776328569,0.0
2020-01-30,-0.0,-0.5471534567644407,-0.6979058317731086,1.0,-0.5968379446640315,-0.6252687053602385,0.0
2020-01-31,-0.0,-0.5581646894626657,-0.7117236566643405,1.0,-0.5952896022330775,-0.6240055826936496,0.0
2020-02-03,-0.0,-0.5524694544828773,-0.6941318189640338,1.0,-0.578110480123903,-0.6170022371364654,0.0
2020-02-04,-0.0,-0.5503950532463071,-0.6874613534867742,1.0,-0.577670903469598,-0.6197183098591549,0.0
2020-02-05,-0.0,-0.5534574014000342,-0.6830800751237835,1.0,-0.5696090148540208,-0.6085709407546526,0.0
2020-02-06,-0.0,-0.5574997436861352,-0.7139879019855782,1.0,-0.5618058166159735,-0.5842589111787021,0.0
2020-02-07,-0.0,-0.5701200686106347,-0.7137907375643225,1.0,-0.5624356775300172,-0.5841852487135506,0.0
2020-02-10,-0.0,-0.564329289190486,-0.7146822948797039,1.0,-0.5642950167934745,-0.5839331002810337,0.0
2020-02-11,-0.0,-0.5564444444444444,-0.7108376068376069,1.0,-0.5539145299145299,-0.5976068376068376,0.0
2020-02-12,-0.0,-0.55344556217067,-0.7128926298501335,1.0,-0.5629576404571273,-0.5923150619311572,0.0
2020-02-13,-0.0,-0.5598371034529961,-0.7124328393963245,1.0,-0.5649703980014372,-0.5849560247767016,0.0
2020-02-14,-0.0,-0.5621273387704748,-0.7179082996367623,1.0,-0.5545199095332739,-0.5922143787266122,0.0
2020-02-18,-0.0,-0.5640797314884581,-0.7164874306459346,1.0,-0.5506541543941366,-0.5936365504486609,0.0
2020-02-19,-0.0,-0.5729516626671237,-0.7186492972231745,1.0,-0.5470346246143297,-0.5895097703119643,0.0
2020-02-20,-0.0,-0.5735364930866066,-0.7173419550113503,1.0,-0.5578179817018641,-0.5907683841232716,0.0
2020-02-21,-0.0,-0.5765898934341698,-0.7173599174974218,1.0,-0.5538329322791338,-0.5898246820213132,0.0
2020-02-24,-0.0,-0.5882454207409449,-0.717463159344443,1.0,-0.5520245145296792,-0.5853188266079054,0.0
2020-02-25,-0.0,-0.6121108541938942,-0.7192788445427432,1.0,-0.4781005998458496,-0.5416038336516873,0.0
2020-02-26,-0.0,-0.5982618355278204,-0.6856601431045185,1.0,-0.46600450877250305,-0.517299964060509,0.0
2020-02-27,-0.0,-0.597560180050884,-0.6801487376867376,1.0,-0.4696327222910822,-0.5144171178811403,0.0
2020-02-28,-0.0,-0.6399651448666479,-0.5961472629384122,1.0,-0.3834998288363987,-0.49245324121619516,0.0
2020-03-02,-0.0,-0.6726059308694831,-0.6265503997985268,1.0,-0.3615186047975823,-0.4873449600201473,0.0
2020-03-03,-0.0,-0.676430538324205,-0.5504584379822677,1.0,-0.3170030562532152,-0.48210124973522556,0.0
2020-03-04,-0.0,-0.6990796079368874,-0.5536994979679656,1.0,-0.2880408797513746,-0.4474659335405212,0.0
2020-03-05,-0.0,-0.7754331988506081,-0.47232461614373206,1.0,-0.23939860099265664,-0.4153194206600296,0.0
2020-03-06,-0.0,-0.800259702784591,-0.45473957581878516,1.0,-0.23139518107055257,-0.3991920357812725,0.0
2020-03-09,-0.0,-0.8338272836644269,-0.47081780568678666,1.0,-0.24173244520085682,-0.3879808679832155,0.0
2020-03-10,-0.0,-0.6971650981759034,-0.4527710003485535,1.0,-0.3431799697920298,-0.41149645637271987,0.0
2020-03-11,-0.0,-0.716891173851854,-0.4432030330011202,1.0,-0.3180917367952437,-0.3940029296033547,0.0
2020-03-12,-0.0,-0.6469275612953613,-0.4103372290870547,1.0,-0.3334356084906976,-0.3986220746980559,0.0
2020-03-13,-0.026689783802243416,-0.5510284498384428,-0.36614390416896525,1.0,-0.3346730764178948,-0.34838574093046465,0.0
2020-03-16,-0.004532375932574542,-0.6016856364423395,-0.34127772260840783,1.0,-0.3100603468031472,-0.2887225320194536,0.0
2020-03-17,-0.11340155826392789,-0.4551449576240138,-0.2530102825879882,1.0,-0.32850548323278705,-0.2923332437779352,0.0
2020-03-18,-0.11371213042949264,-0.45752524638033826,-0.2420732449203066,1.0,-0.3251247110354058,-0.2949507239323519,0.0
2020-03-19,-0.10437490582148777,-0.5296097242453163,-0.27364508513737507,1.0,-0.3433622984579839,-0.26046009342508414,0.0
2020-03-20,-0.13715190708723768,-0.7335093044740663,-0.24072852052263427,1.0,-0.3665830803748185,-0.1615679028639303,0.0
2020-03-23,-0.1498747413135824,-0.6867715935083324,-0.31769415096394726,1.0,-0.39235922012852625,-0.17631521620738483,0.0
2020-03-24,-0.14678518026250206,-0.6665282162042421,-0.36523231987594834,1.0,-0.4123885473777482,-0.17807498477044914,0.0
2020-03-25,-0.15389361302610047,-0.6608814614125915,-0.2989618820247324,1.0,-0.40693151640333697,-0.1618337401754339,0.0
2020-03-26,-0.14545111667878985,-0.6603626175274118,-0.31514857620086745,1.0,-0.4109485708127913,-0.16215415285972143,0.0
2020-03-27,-0.14219973626846794,-0.6627734869076133,-0.3160741677655481,1.0,-0.4088646088430798,-0.1612260825102936,0.0
2020-03-30,-0.1446501835456705,-0.6713722738069532,-0.3090855106888361,1.0,-0.4128427985316347,-0.16125026992010366,0.0
2020-03-31,-0.13048632628317391,-0.6899905698504648,-0.31025191970901256,1.0,-0.4022632358884548,-0.16133638690556382,0.0
2020-04-01,-0.12963757237829723,-0.6740564014582887,-0.3008792622775038,1.0,-0.40001072271070126,-0.1761205232682822,0.0
2020-04-02,-0.12417071795009536,-0.6837850178614595,-0.30240928258709143,1.0,-0.4009830517579437,-0.1745856947167683,0.0
2020-04-03,-0.12223415682062298,-0.684828141783029,-0.3024704618689581,1.0,-0.40075187969924814,-0.17500000000000002,0.0
2020-04-06,-0.12275007376807318,-0.6781834276670511,-0.3018857801979667,1.0,-0.4020225864427694,-0.17763352021245205,0.0
2020-04-07,-0.10915772220166024,-0.6614762332786972,-0.29289377676730294,1.0,-0.40522392005498864,-0.174932586051922,0.0
2020-04-08,-0.10501243846927434,-0.6633409199174297,-0.2799714179854973,1.0,-0.40557349282803157,-0.1926110199544805,0.0
2020-04-09,-0.10807030507758894,-0.6532777367254302,-0.28494141243534254,1.0,-0.40465005805974874,-0.18816636757099126,0.0
2020-04-13,-0.08968813414503898,-0.7244739933781907,-0.27160098259104987,1.0,-0.410311865854961,-0.17398269785325216,0.0
2020-04-14,-0.08474077246326384,-0.7410668879312653,-0.2588260485533042,1.0,-0.4144428682315784,-0.17753807446267497,0.0
2020-04-15,-0.07262927584182721,-0.7475318853727521,-0.24963978867602327,1.0,-0.41349591760499493,-0.1849618442819788,0.0
2020-04-16,-0.07598444077369851,-0.7404753023924975,-0.2529173549315287,1.0,-0.4160760910108169,-0.17877124740235523,0.0
2020-04-17,-0.07062711548199675,-0.7519255883371978,-0.24221102849071188,1.0,-0.41672663308547214,-0.18368380373657417,0.0
2020-04-20,-0.061868923587861904,-0.7683798912606797,-0.2336556231084447,1.0,-0.4238690842863648,-0.19053485818357124,0.0
2020-04-21,-0.06735251567272142,-0.7727053528371645,-0.23857364839522052,1.0,-0.4189840861597814,-0.18148207683652146,0.0
2020-04-22,-0.05739761866623951,-0.7857867478242297,-0.22956377809813655,1.0,-0.4212451278765551,-0.17566340968551442,0.0
2020-04-23,-0.04537698624293484,-0.7988962354697665,-0.22256585261810813,1.0,-0.4200970459635277,-0.17916177882051826,0.0
2020-04-24,-0.04125642123287671,-0.8126605308219179,-0.22102418664383564,1.0,-0.4208583047945206,-0.1797142551369863,0.0
2020-04-27,-0.052926809629888084,-0.8118038594701952,-0.21640409028691054,1.0,-0.4209184358141657,-0.18183526127915406,0.0
2020-04-28,-0.043011622576382705,-0.8387940565757894,-0.2124693255669714,1.0,-0.4171722891891163,-0.1852061591564868,0.0
2020-04-29,-0.035023115794000644,-0.8510912805074723,-0.19358133534028601,1.0,-0.4089345231695517,-0.19922588968928073,0.0
2020-04-30,-0.03510464399603398,-0.8374735375298122,-0.20132915293297962,1.0,-0.4175576814856499,-0.18825200310850285,0.0
2020-05-01,-0.043593519882179674,-0.8362833043245413,-0.19641183558709333,1.0,-0.4199491230419065,-0.1815236310081671,0.0
2020-05-04,-0.044549027996898145,-0.8385699387651415,-0.193143835066984,1.0,-0.4221729015696446,-0.1756023210417948,0.0
2020-05-05,-0.0450120353035571,-0.8392350895961487,-0.19117411072479273,1.0,-0.42233217437817594,-0.1767584915752875,0.0
2020-05-06,-0.041979732078397815,-0.8393272547394316,-0.18433647958501564,1.0,-0.4240755100403754,-0.18414930880504826,0.0
2020-05-07,-0.05239625167336011,-0.8422489959839358,-0.1844176706827309,1.0,-0.4214457831325301,-0.17684069611780454,0.0
2020-05-08,-0.049560651521645946,-0.8397449635662237,-0.19237569652807543,1.0,-0.42081011573081867,-0.17648949849978568,0.0
2020-05-11,-0.053501138037220515,-0.830231624046057,-0.1971883786316776,1.0,-0.4250368188512519,-0.1717766769313161,0.0
2020-05-12,-0.052924492963022415,-0.8317279392090758,-0.19355701824797988,1.0,-0.4250013378284369,-0.1724728420827313,0.0
2020-05-13,-0.049775328982561255,-0.8380763881459292,-0.1966406333582968,1.0,-0.42529688670161553,-0.16486573232053064,0.0
2020-05-14,-0.04628161367484613,-0.852124600209638,-0.18286881500792862,1.0,-0.4281183648238234,-0.1782460289730427,0.0
2020-05-15,-0.05978743441409929,-0.8440737252791605,-0.18226826315081393,1.0,-0.4293017624108705,-0.1752455267052334,0.0
2020-05-18,-0.0613250740640991,-0.8318879612173444,-0.17565311069216266,1.0,-0.43199569081605166,-0.1923781308914624,0.0
2020-05-19,-0.05492752055387279,-0.8499567286888793,-0.16359260060579836,1.0,-0.43631003894418,-0.19967005625270448,0.0
2020-05-20,-0.05183158122900184,-0.8551262598894548,-0.1613200390159315,1.0,-0.44188251869513384,-0.19927928904302591,0.0
2020-05-21,-0.05602278893109062,-0.8598209441128595,-0.15922409115572436,1.0,-0.442566467715681,-0.19533369506239825,0.0
2020-05-22,-0.056268830922070516,-0.8575771558861052,-0.16025623625851632,1.0,-0.443880459270921,-0.1963573192910073,0.0
2020-05-26,-0.05499782939005861,-0.8565226828738877,-0.16130345126980683,1.0,-0.44288582591708264,-0.19752550466681137,0.0
2020-05-27,-0.040896525556940753,-0.8676893056534231,-0.15098379315952085,1.0,-0.4411621226082715,-0.20944224619220556,0.0
2020-05-28,-0.029455761960453665,-0.8771452661353932,-0.1439334185546822,1.0,-0.44025892784290266,-0.22900970979410884,0.0
2020-05-29,-0.02703143696290656,-0.8800174045469379,-0.14252692265854455,1.0,-0.43894811269444145,-0.23093658218209506,0.0
2020-06-01,-0.028792039368152035,-0.8926075963133139,-0.12767461461080448,1.0,-0.43943884070579914,-0.2302819390446154,0.0
2020-06-02,-0.02961492439899924,-0.8933971500054388,-0.12501359730229522,1.0,-0.4384858044164038,-0.2329489829217883,0.0
2020-06-03,-0.030535388965929795,-0.8926502977404357,-0.12817793729776764,1.0,-0.43720259945074363,-0.23049732169562498,0.0
2020-06-04,-0.02891258227710385,-0.8963716477180004,-0.12141652613827994,1.0,-0.43836696948267423,-0.23486373279660555,0.0
2020-06-05,-0.022352141400407883,-0.8927532290958531,-0.11714479945615228,1.0,-0.438368456832087,-0.24859279401767503,0.0
2020-06-08,-0.0208378613344925,-0.8903770919365356,-0.12146815909584872,1.0,-0.4376222560312975,-0.24649532710280375,0.0
2020-06-09,-0.02835009513454743,-0.888855667300897,-0.12247893449306878,1.0,-0.4387605327534656,-0.23968469692851316,0.0
2020-06-10,-0.03201521945916565,-0.8868868052724556,-0.12455496670743309,1.0,-0.4383204239706482,-0.23598314988449517,0.0
2020-06-11,-0.027364130434782613,-0.890054347826087,-0.11486413043478262,1.0,-0.4410326086956522,-0.24407608695652175,0.0
2020-06-12,-0.03793803274252469,-0.8639696928697065,-0.1290759031254228,1.0,-0.4316601271817075,-0.24337708023271548,0.0
2020-06-15,-0.0355015164644714,-0.8704776863084922,-0.12388973136915078,1.0,-0.4317049393414212,-0.24639839688041595,0.0
2020-06-16,-0.04003250270855905,-0.8565276273022753,-0.11988082340195018,1.0,-0.43927410617551466,-0.2528439869989166,0.0
2020-06-17,-0.03883416323879627,-0.855515263043949,-0.1191004546438623,1.0,-0.438623078588439,-0.25414050660316084,0.0
2020-06-18,-0.03620558925476603,-0.8607560658578856,-0.11587413344887348,1.0,-0.4387727469670711,-0.25633665511265163,0.0
2020-06-19,-0.03825521538878353,-0.8617176916824709,-0.1158222703874289,1.0,-0.4391492820373883,-0.2543484150636684,0.0
2020-06-22,-0.037519640244893536,-0.8617868559354175,-0.1157555399035596,1.0,-0.43923714579834205,-0.2546730237850138,0.0
2020-06-23,-0.03602188397161584,-0.8592979795244028,-0.11535128107903148,1.0,-0.4397107415632956,-0.25803044255457447,0.0
2020-06-24,-0.03402815376285869,-0.8618570655116404,-0.11637791012452625,1.0,-0.4374932322685436,-0.25733622089875474,0.0
2020-06-25,-0.03083080917351796,-0.8639117265253138,-0.11631869320640416,1.0,-0.4379056685417569,-0.25549004759844224,0.0
2020-06-26,-0.0318500663543049,-0.8658018037537578,-0.11843566340763209,1.0,-0.4391300815210032,-0.2531213606695014,0.0
2020-06-29,-0.027557670984666143,-0.8662682207858939,-0.11872244908997485,1.0,-0.4374881683208481,-0.25432025313032425,0.0
2020-06-30,-0.03128718226068145,-0.8571660356949702,-0.1224986479177934,1.0,-0.4384532179556517,-0.2547593293672255,0.0
2020-07-01,-0.025853684893019237,-0.8572509185217203,-0.12373027879835748,1.0,-0.4375405230170737,-0.25718608169440244,0.0
2020-07-02,-0.024390243902439025,-0.859951921778354,-0.12338276206682332,1.0,-0.43567512087081,-0.2576236393593172,0.0
2020-07-06,-0.02579547296202258,-0.8607584679379828,-0.1219545135324942,1.0,-0.4360110204743126,-0.2566041812976068,0.0
2020-07-07,-0.022645074224021594,-0.8639136302294197,-0.11943319838056679,1.0,-0.43638326585695003,-0.25668016194331983,0.0
2020-07-08,-0.021803659128933024,-0.8656700307625883,-0.11954233903610556,1.0,-0.4357493658589239,-0.25573425441200276,0.0
2020-07-09,-0.02288613607535152,-0.8640056135805466,-0.12074595849188999,1.0,-0.435754189944134,-0.255471891614714,0.0
2020-07-10,-0.01694732297063903,-0.8664453799654578,-0.11647236614853194,1.0,-0.4365015112262522,-0.26225172711571676,0.0
2020-07-13,-0.013983748616472749,-0.8676133142564048,-0.11608131090894366,1.0,-0.43624976378803015,-0.26566422805928247,0.0
2020-07-14,-0.001267529665587918,-0.8618932038834951,-0.10768608414239482,1.0,-0.4463322545846818,-0.2797195253505933,0.0
2020-07-15,-0.01054196513042303,-0.8540072982835518,-0.10974456007568589,1.0,-0.4489795918367347,-0.27979456683335585,0.0
2020-07-16,-0.008329502122941288,-0.8619952943721774,-0.10941936879681965,1.0,-0.444708873083268,-0.2799307677745626,0.0
2020-07-17,-0.010958681711177854,-0.8628676570067917,-0.11007386963227535,1.0,-0.4443001325865195,-0.2776469951565333,0.0
2020-07-20,-0.025996628052428347,-0.8571001250883777,-0.1114102354924675,1.0,-0.4476532332626312,-0.277179529015065,0.0
2020-07-21,-0.0140814440276192,-0.8601370086445931,-0.10672538465720655,1.0,-0.45177513184363616,-0.28567933452944055,0.0
2020-07-22,-0.0,-0.8756926436467858,-0.09523679541422136,1.0,-0.46515627132523546,-0.293544424730449,0.0
2020-07-23,-0.001257071024512885,-0.8804962697783729,-0.097805591233296,1.0,-0.46667395403492473,-0.28647555543409947,0.0
2020-07-24,-0.0,-0.8868784454996997,-0.08490257082037006,1.0,-0.4592816985972381,-0.29804595819005514,0.0
2020-07-27,-0.0,-0.886331367409349,-0.08636413280908693,1.0,-0.46248361730013104,-0.2952708606378331,0.0
2020-07-28,-0.0,-0.8783562093290315,-0.07909990703778641,1.0,-0.4712363974408049,-0.30551758079510033,0.0
2020-07-29,-0.0,-0.8721858118298736,-0.08506320783173828,1.0,-0.4737159623769435,-0.31124029944881676,0.0
2020-07-30,-0.0,-0.8654294251487157,-0.08563831245374051,1.0,-0.4745195866114751,-0.31571589133474054,0.0
2020-07-31,-0.0,-0.8649189678339321,-0.08506320783173828,1.0,-0.47497737680642776,-0.3172457290152741,0.0
2020-08-03,-0.0010151727165473151,-0.8623480670562735,-0.08480807748237167,1.0,-0.477597607484841,-0.31796855708288746,0.0
2020-08-04,-0.0,-0.8538212364115515,-0.08246403865158669,1.0,-0.4841330844405402,-0.32469528933787195,0.0
2020-08-05,-0.0010434973637961336,-0.8528668717047453,-0.08304042179261863,1.0,-0.48475944639718804,-0.32439037785588754,0.0
2020-08-06,-0.0020613456464379947,-0.8597460422163588,-0.08113456464379948,1.0,-0.4857904573438874,-0.31975593667546176,0.0
2020-08-07,-0.006060439106360707,-0.8571113743423047,-0.08536954904823559,1.0,-0.4815018870003581,-0.3247017988485166,0.0
2020-08-10,-0.0,-0.8653612796469939,-0.08063982349696636,1.0,-0.48196359624931057,-0.3298676227247656,0.0
2020-08-11,-0.000496716154313152,-0.8647276339753851,-0.08706330371433303,1.0,-0.48371874827529115,-0.32352778850929964,0.0
2020-08-12,-0.0,-0.8655782012741664,-0.07614661187567225,1.0,-0.4850657767726633,-0.3311453708044899,0.0
2020-08-13,-0.0,-0.8665986375796353,-0.0744366915800215,1.0,-0.4847348244573761,-0.33219338646956614,0.0
2020-08-14,-0.0,-0.865431860214757,-0.07088635548071881,1.0,-0.4873160902089602,-0.33673779225439593,0.0
2020-08-17,-0.0,-0.8631796853436379,-0.0717361302787745,1.0,-0.4869997239856473,-0.33822798785536845,0.0
2020-08-18,-0.0,-0.8588819875776398,-0.065728088336784,1.0,-0.49026915113871633,-0.3456176673567978,0.0
2020-08-19,-0.0,-0.8631340479611006,-0.0626588573323019,1.0,-0.48817548900430985,-0.3487954470107194,0.0
2020-08-20,-0.0,-0.8653628352807934,-0.06267782657937626,1.0,-0.4880251926742355,-0.346261153006823,0.0
2020-08-21,-0.0,-0.8667533761346026,-0.05642572503874252,1.0,-0.48937347797210534,-0.35474319238432583,0.0
2020-08-24,-0.0,-0.8673251985279876,-0.05478542375695194,1.0,-0.4891397581693921,-0.3556902133311198,0.0
2020-08-25,-0.0,-0.875584192915019,-0.05110478139431985,1.0,-0.48521888222117754,-0.35350239207986506,0.0
2020-08-26,-0.0,-0.8757468466474884,-0.05186435052002655,1.0,-0.4858928966585528,-0.35262226156229254,0.0
2020-08-27,-0.0,-0.8836726789863892,-0.04191103242226402,1.0,-0.48033086201172953,-0.36051787097488097,0.0
2020-08-28,-0.0,-0.8827785015383762,-0.041411425561992406,1.0,-0.48510131108462456,-0.36255786234997367,0.0
2020-08-31,-0.0,-0.8821442430289927,-0.04343367148955042,1.0,-0.48511558290370865,-0.3610787737679472,0.0
2020-09-01,-0.0,-0.8863510367002992,-0.03431644306464131,1.0,-0.48808071848320206,-0.36315001663155555,0.0
2020-09-02,-0.0,-0.8829527820882288,-0.031921968521392154,1.0,-0.48556306805586347,-0.3705663932609177,0.0
2020-09-03,-0.0,-0.8877437943262412,-0.03706781914893617,1.0,-0.482103280141844,-0.3634751773049646,0.0
2020-09-04,-0.0,-0.8899117971334067,-0.0,1.0,-0.4778665931642778,-0.38856119073869905,0.0
2020-09-08,-0.0,-0.8850409779519303,-0.0,1.0,-0.4722536493832611,-0.40216341510527337,0.0
2020-09-09,-0.0,-0.8853867403314918,-0.0,1.0,-0.47574585635359123,-0.4012983425414365,0.0
2020-09-10,-0.0,-0.8864138235618859,-0.0,1.0,-0.46519266865407977,-0.40868941150491334,0.0
2020-09-11,-0.0,-0.8868971993592223,-0.0,1.0,-0.4672153786665194,-0.4078881953267414,0.0
2020-09-14,-0.0,-0.8816232941046467,-0.0,1.0,-0.46715288137466154,-0.41380739267362837,0.0
2020-09-15,-0.0,-0.8725132625994695,-0.0,1.0,-0.4724248452696728,-0.4181034482758621,0.0
2020-09-16,-0.0,-0.8646620704931196,-0.0,1.0,-0.4748179527646261,-0.4292992219730321,0.0
2020-09-17,-0.0,-0.8638956579530351,-0.0,1.0,-0.476711342490031,-0.428555604785113,0.0
2020-09-18,-0.0,-0.8631255535872454,-0.0,1.0,-0.4742028343666962,-0.4306078387953942,0.0
2020-09-21,-0.0,-0.8645268400664085,-0.0,1.0,-0.472191477587161,-0.4302988378527947,0.0
2020-09-22,-0.0,-0.8678450712029702,-0.0,1.0,-0.470936997838976,-0.43173380617277113,0.0
2020-09-23,-0.0,-0.8657117526458692,-0.0,1.0,-0.4686928575386491,-0.43613897046600547,0.0
2020-09-24,-0.0,-0.8597704328585258,-0.0,1.0,-0.463670308394413,-0.44245609182685663,0.0
2020-09-25,-0.0,-0.8604831345637678,-0.0,1.0,-0.46124685243089186,-0.44533606353247185,0.0
2020-09-28,-0.0,-0.8580514919388291,-0.0,1.0,-0.45723293050524044,-0.45009817206382563,0.0
2020-09-29,-0.0,-0.855298800375919,-0.0,1.0,-0.45809608049090605,-0.45068826358560454,0.0
2020-09-30,-0.0,-0.8542047278968055,-0.0,1.0,-0.46168964180922323,-0.4521950949454686,0.0
2020-10-01,-0.0,-0.8522167487684729,-0.0,1.0,-0.46164277411855875,-0.45361709193557315,0.0
2020-10-02,-0.0,-0.8457343741349721,-0.0,1.0,-0.4657033715329679,-0.456679399878204,0.0
2020-10-05,-0.0,-0.8489385845949461,-0.0,1.0,-0.45966067919515097,-0.459134814978827,0.0
2020-10-06,-0.0,-0.84818217032815,-0.0,1.0,-0.4610425543688783,-0.45761164296386475,0.0
2020-10-07,-0.0,-0.8493900921085388,-0.0,1.0,-0.4591873426824883,-0.4574447487068846,0.0
2020-10-08,-0.0,-0.8476248376488794,-0.0,1.0,-0.4597507392157404,-0.45602011772183376,0.0
2020-10-09,-0.0,-0.8472080236509824,-0.0,1.0,-0.4593153372199044,-0.4564142237449231,0.0
2020-10-12,-0.0,-0.8439573197700133,-0.0,1.0,-0.453532728881026,-0.4667735515258735,0.0
2020-10-13,-0.0,-0.8430668030181587,-0.0,1.0,-0.45374644150244603,-0.46706835079185205,0.0
2020-10-14,-0.0,-0.8406644958331034,-0.0,1.0,-0.4546056625641592,-0.46426403223135937,0.0
2020-10-15,-0.0,-0.8384613261955353,-0.0,1.0,-0.45376528049891,-0.46720384116559505,0.0
2020-10-16,-0.0,-0.8414310954063604,-0.0,1.0,-0.45077848939929327,-0.46841872791519434,0.0
2020-10-19,-0.0,-0.8423580062924325,-0.0,1.0,-0.45159242700226304,-0.4658883921179003,0.0
2020-10-20,-0.0,-0.8427846425419241,-0.0,1.0,-0.44886363636363635,-0.46654346866725505,0.0
2020-10-21,-0.0,-0.8451956803932942,-0.0,1.0,-0.4511834728091253,-0.4654900985997183,0.0
2020-10-22,-0.0,-0.8448599679611114,-0.0,1.0,-0.4512511738385903,-0.4658620118212451,0.0
2020-10-23,-0.0,-0.848657467577358,-0.0,1.0,-0.44819290434974973,-0.46840693526532645,0.0
2020-10-26,-0.0,-0.8451900204679981,-0.0,1.0,-0.44670022680754556,-0.4740554295513636,0.0
2020-10-27,-0.0,-0.8468995995028311,-0.0,1.0,-0.4448833034111311,-0.4702665377710261,0.0
2020-10-28,-0.0,-0.8450899031811895,-0.0,1.0,-0.442627939142462,-0.47856154910096815,0.0
