Date,IWF,IWM,MTUM,SPY,SRDX,VLUE,VXX
2018-09-24,-0.6978657752635637,-1.5807662638210336,-0.0868089483157624,-0.9541784520442274,1.0,-0.8231421959372589,0.0
2018-09-25,-0.7040317182431388,-1.5792183718655064,-0.09458833221770249,-0.9525771072550332,1.0,-0.8187014056948664,0.0
2018-09-26,-0.7038677447597467,-1.5793376937734973,-0.0936807951794819,-0.9530823505175876,1.0,-0.8201060925992686,0.0
2018-09-27,-0.705029311940759,-1.5716856937159314,-0.09554664198292707,-0.9516095855188728,1.0,-0.8185745140388768,0.0
2018-09-28,-0.7028180602694643,-1.5731255785251468,-0.09642085775995063,-0.9513524632315129,1.0,-0.8187287874112927,0.0
2018-10-01,-0.7028027770635125,-1.5729493443044484,-0.09694008742607353,-0.9512471072255078,1.0,-0.8188223193623039,0.0
2018-10-02,-0.7031676538758692,-1.5835178985320628,-0.09518413597733712,-0.9506567087303632,1.0,-0.8182333247489055,0.0
2018-10-03,-0.7083139083139083,-1.602020202020202,-0.09831649831649832,-0.9535353535353535,1.0,-0.8178192178192177,0.0
2018-10-04,-0.7173698687010224,-1.593076962997561,-0.09984949919559916,-0.9660075769370492,1.0,-0.8133790025429447,0.0
2018-10-05,-0.7184869583290033,-1.603034396757768,-0.09269458588797673,-0.9686688142990753,1.0,-0.8130520627662892,0.0
2018-10-08,-0.7187629937629938,-1.603950103950104,-0.09241164241164242,-0.9689708939708941,1.0,-0.8133575883575883,0.0
2018-10-09,-0.7221296970958676,-1.6063287186426565,-0.09742895805142084,-0.9680441344852712,1.0,-0.8106588945560529,0.0
2018-10-10,-0.7231441502366955,-1.6049003797534203,-0.09852780523331424,-0.9683192009571866,1.0,-0.807158091869115,0.0
2018-10-11,-0.6441252742868542,-1.5960502692998204,-0.0,-0.9348693397167364,1.0,-0.8119888290444843,0.0
2018-10-12,-0.6514943655071044,-1.5843704066634001,-0.0,-0.8968152866242038,1.0,-0.7668789808917197,0.0
2018-10-15,-0.6171314157347267,-1.6152268398691214,-0.0,-0.8872881769790496,1.0,-0.7638814279435464,0.0
2018-10-16,-0.6154672395273899,-1.617273703739869,-0.0,-0.8864368713992774,1.0,-0.763109071379748,0.0
2018-10-17,-0.5862594692457954,-1.5577683548525418,-0.0,-0.8647863166420506,1.0,-0.7555862594692458,0.0
2018-10-18,-0.5852868305698494,-1.5559843720221078,-0.0,-0.867305126739089,1.0,-0.7560510768057936,0.0
2018-10-19,-0.5623409669211196,-1.540147017246254,-0.0,-0.8627839034963718,1.0,-0.7468193384223919,0.0
2018-10-22,-0.56545170897745,-1.5513638727367278,-0.0,-0.8629508816716306,1.0,-0.7476953623599489,0.0
2018-10-23,-0.5715839757839474,-1.5525232937615285,-0.0,-0.859433382206877,1.0,-0.7461571205599963,0.0
2018-10-24,-0.5720258456860509,-1.5510737362219686,-0.0,-0.8689661725579628,1.0,-0.7589794754846066,0.0
2018-10-25,-0.5193967475243026,-1.4726083401471792,-0.0,-0.8542291269192331,1.0,-0.6963296084309984,0.0
2018-10-26,-0.49409025787965616,-1.4481106733524356,-0.0,-0.855077005730659,1.0,-0.6797546561604584,0.0
2018-10-29,-0.476506184924802,-1.4532348491590283,-0.0,-0.8430630951321527,1.0,-0.6767820592684881,0.0
2018-10-30,-0.4597614172527375,-1.4546870827027507,-0.0,-0.8449657259859343,1.0,-0.6917119202350218,0.0
2018-10-31,-0.4684736469755925,-1.4222232048107535,-0.0,-0.8450654403961797,1.0,-0.6858860983374603,0.0
2018-11-01,-0.4394127012205909,-1.4479479922165222,-0.0,-0.8462763134618787,1.0,-0.68888200955245,0.0
2018-11-02,-0.4514608028907593,-1.4004318512316576,-0.0,-0.8691226369365003,1.0,-0.685629929934341,0.0
2018-11-05,-0.4439043789492289,-1.429278423401529,-0.0,-0.87534797401794,1.0,-0.670231098935089,0.0
2018-11-06,-0.44781129908564865,-1.4316003357038738,-0.0,-0.8720791554397278,1.0,-0.665665444586775,0.0
2018-11-07,-0.4467736942196276,-1.4356286763079917,-0.0,-0.8723630091548361,1.0,-0.6678607757286277,0.0
2018-11-08,-0.41660113586719094,-1.4314110965487112,-0.0,-0.8550458715596331,1.0,-0.6656181738750546,0.0
2018-11-09,-0.41648466847208876,-1.4308552459159605,-0.0,-0.8552022363938149,1.0,-0.6654581986546694,0.0
2018-11-12,-0.4157582628411965,-1.426746315514084,-0.0,-0.854582715618732,1.0,-0.6632510682828988,0.0
2018-11-13,-0.41992694626589805,-1.4444395546362718,-0.0,-0.8652906746468336,1.0,-0.6712141882673942,0.0
2018-11-14,-0.4191160269686688,-1.447142290574186,-0.0,-0.8670074472304236,1.0,-0.6733794562199797,0.0
2018-11-15,-0.4179531160663236,-1.4482121651932973,-0.0,-0.869156001231473,1.0,-0.6627963231736816,0.0
2018-11-16,-0.4137160385626643,-1.4358019281332166,-0.0,-0.8657756354075373,1.0,-0.6668273444347065,0.0
2018-11-19,-0.41469505783385907,-1.4352874167542937,-0.0,-0.8650105152471083,1.0,-0.666359971959341,0.0
2018-11-20,-0.3951187622575725,-1.4315537154064066,-0.0,-0.8625844410546961,1.0,-0.6690346480714754,0.0
2018-11-21,-0.39804234401276356,-1.423095166228278,-0.0,-0.8529602000776163,1.0,-0.6379198827131214,0.0
2018-11-23,-0.3988200335902847,-1.4153137246457947,-0.0,-0.8545282287584514,1.0,-0.6377847637913958,0.0
2018-11-26,-0.39812343978651976,-1.4180080915899114,-0.0,-0.8523284841181029,1.0,-0.6355771713867608,0.0
2018-11-27,-0.3865172384292925,-1.4207802207203355,-0.0,-0.8438275301565575,1.0,-0.6264008897253828,0.0
2018-11-28,-0.38534977309701174,-1.4286754002911208,-0.0,-0.8415104032879528,1.0,-0.6256528812398321,0.0
2018-11-29,-0.3716296421909445,-1.4133881634729524,-0.0,-0.8319908428014244,1.0,-0.6224351365100899,0.0
2018-11-30,-0.37226958476481314,-1.4152351868346271,-0.0,-0.834923866480044,1.0,-0.6189930864825889,0.0
2018-12-03,-0.3683607670117088,-1.4177838113015442,-0.0,-0.8364585100967249,1.0,-0.6197183098591549,0.0
2018-12-04,-0.3525464044514293,-1.4345240623539905,-0.0,-0.8371490464256891,1.0,-0.6233275283523765,0.0
2018-12-06,-0.34394799637949475,-1.370196659261088,-0.0,-0.8215255492470994,1.0,-0.5784991360157986,0.0
2018-12-07,-0.3674311926605504,-1.3837781484570475,-0.0,-0.8407422852376981,1.0,-0.578231859883236,0.0
2018-12-10,-0.35093154872557525,-1.3848060478374025,-0.0,-0.8343454372702112,1.0,-0.5609534432189036,0.0
2018-12-11,-0.35639923985788646,-1.382591093117409,-0.0,-0.8358258283070313,1.0,-0.556390977443609,0.0
2018-12-12,-0.3588407954028691,-1.3826119310430363,-0.0,-0.8376534788540245,1.0,-0.5549629997106122,0.0
2018-12-13,-0.3580104106419896,-1.3765182186234817,-0.0,-0.8440469305130959,1.0,-0.5525902668759811,0.0
2018-12-14,-0.35653109354958834,-1.384293930241218,-0.0,-0.8418635442095247,1.0,-0.5548016053622409,0.0
2018-12-17,-0.34820618556701033,-1.384082474226804,-0.0,-0.8340206185567011,1.0,-0.5574020618556702,0.0
2018-12-18,-0.3362375751625966,-1.3731337178385896,-0.0,-0.8267681106066184,1.0,-0.5543829508733179,0.0
2018-12-19,-0.32867619945097715,-1.377186872618511,-0.0,-0.8330397017249149,1.0,-0.5583234318023518,0.0
2018-12-20,-0.32931612059808807,-1.3695971893128522,-0.0,-0.8311953590979655,1.0,-0.5551924176811831,0.0
2018-12-21,-0.3249258762844726,-1.3703342674952277,-0.0,-0.8297388408269363,1.0,-0.536574468949271,0.0
2018-12-24,-0.2974456236632904,-1.345789112626609,-0.0,-0.8270852669383802,1.0,-0.5650296598200234,0.0
2018-12-26,-0.2941417116674849,-1.3540746195385371,-0.0,-0.8569792178039601,1.0,-0.5857470135820652,0.0
2018-12-27,-0.2506089416201776,-1.3069458631256385,-0.0,-0.7832560697729237,1.0,-0.5878447395301328,0.0
2018-12-28,-0.24131008148643862,-1.3206314214856514,-0.0,-0.787347951029406,1.0,-0.587214108569854,0.0
2018-12-31,-0.23987870195337116,-1.3236452425960934,-0.0,-0.7875708884688091,1.0,-0.5871928166351608,0.0
2019-01-02,-0.23352113785902845,-1.3256372877349198,-0.0,-0.787518222292266,1.0,-0.5932784366258225,0.0
2019-01-03,-0.24977307707486482,-1.3225068076877542,-0.0,-0.803701803543944,1.0,-0.570543431074628,0.0
2019-01-04,-0.2272495389082918,-1.3295922772044109,-0.0,-0.7940980261350705,1.0,-0.5732056665227799,0.0
2019-01-07,-0.20898565219063742,-1.3003038812170638,-0.0,-0.7875139439166058,1.0,-0.5497942070238874,0.0
2019-01-08,-0.2113384255172149,-1.2897171151115034,-0.0,-0.7908494223314014,1.0,-0.546424596015814,0.0
2019-01-09,-0.20550416458757148,-1.273711280850574,-0.0,-0.7962614670095575,1.0,-0.562852646528231,0.0
2019-01-10,-0.20210875946238221,-1.2855322107214584,-0.0,-0.8009809979916577,1.0,-0.5735748493743241,0.0
2019-01-11,-0.2018316716902388,-1.2824406832058117,-0.0,-0.8028441146920163,1.0,-0.5772084396012056,0.0
2019-01-14,-0.22001631765025836,-1.2876568631259955,-0.0,-0.8155717005322661,1.0,-0.5619099421111932,0.0
2019-01-15,-0.2214146150840172,-1.29726455646737,-0.0,-0.8204376709652207,1.0,-0.5686596326690113,0.0
2019-01-16,-0.23062411570507782,-1.3040402452444584,-0.0,-0.8340276686055652,1.0,-0.5615076245873291,0.0
2019-01-17,-0.2359568204121688,-1.2956624141315014,-0.0,-0.8321491658488716,1.0,-0.5616094210009814,0.0
2019-01-18,-0.23416865552903737,-1.2826968973747015,-0.0,-0.8496817820206841,1.0,-0.6111376292760541,0.0
2019-01-22,-0.0,-1.5554103715802368,-0.0,-1.056472029399755,1.0,-0.47141690485912613,0.0
2019-01-23,-0.0,-1.5085321438801818,-0.0,-1.075009207349511,1.0,-0.5085730654335638,0.0
2019-01-24,-0.0,-1.5067943680419122,-0.0,-1.0754747871643746,1.0,-0.5107645710543549,0.0
2019-01-25,-0.0,-1.5354189290786067,-0.0,-1.1898755325369645,1.0,-0.451466042937098,0.0
2019-01-28,-0.0,-1.5048922021263078,-0.0,-1.2602397390825533,1.0,-0.470583252149604,0.0
2019-01-29,-0.0,-1.4848225371409,-0.0,-1.264802842830843,1.0,-0.5317891852549557,0.0
2019-01-30,-0.0,-1.4898695054945055,-0.0,-1.2714199862637363,1.0,-0.5312929258241759,0.0
2019-01-31,-0.0,-1.513227971422386,-0.0,-1.2869885256549036,1.0,-0.5296817492963845,0.0
2019-02-01,-0.0,-1.5383651738177262,-0.0,-1.3734955930383428,1.0,-0.5622119815668203,0.0
2019-02-04,-0.0,-1.5774087608122485,-0.0,-1.4673666682085205,1.0,-0.5808316758406956,0.0
2019-02-05,-0.0,-1.5557769847522827,-0.0,-1.4584047828706495,1.0,-0.6203828150345275,0.0
2019-02-06,-0.0,-1.5452016689847008,-0.0,-1.4623551228558183,1.0,-0.6285581826611034,0.0
2019-02-07,-0.0,-1.5436254056560035,-0.0,-1.4738062123319426,1.0,-0.6186369958275383,0.0
2019-02-08,-0.0,-1.5395366114129172,-0.0,-1.4938942285369365,1.0,-0.6097413753076101,0.0
2019-02-11,-0.0,-1.518573689600596,-0.0,-1.4990689879899448,1.0,-0.6374639232846103,0.0
2019-02-12,-0.0,-1.5279428723498627,-0.0,-1.4175907034507231,1.0,-0.4898873414352879,0.0
2019-02-13,-0.0,-1.5548432733542596,-0.0,-1.3968345196516203,1.0,-0.46938414607188644,0.0
2019-02-14,-0.0,-1.4225113858165255,-0.0,-1.4354803730210368,1.0,-0.4794621557145955,0.0
2019-02-15,-0.0,-1.4307571596704591,-0.0,-1.4424393008151344,1.0,-0.48585501939758513,0.0
2019-02-19,-0.0,-1.4302284863871138,-0.0,-1.4544340365928392,1.0,-0.492515101111792,0.0
2019-02-20,-0.0,-1.4304285026480499,-0.0,-1.454851840504224,1.0,-0.4917056944018908,0.0
2019-02-21,-0.0,-1.4407195063241278,-0.0,-1.452273622478008,1.0,-0.48356602039476565,0.0
2019-02-22,-0.0,-1.430571403493373,-0.0,-1.464846835776354,1.0,-0.493241464056877,0.0
2019-02-25,-0.0,-1.4217489085857917,-0.0,-1.4807514221457865,1.0,-0.5072099484058737,0.0
2019-02-26,-0.0,-1.391006757927569,-0.0,-1.4694593657944899,1.0,-0.47149540807485707,0.0
2019-02-27,-0.0,-1.3929267975555846,-0.0,-1.477007757985524,1.0,-0.464135569713518,0.0
2019-02-28,-0.0,-1.39275802254987,-0.0,-1.4765394622723331,1.0,-0.46721595836947094,0.0
2019-03-01,-0.0,-1.397655741263295,-0.0,-1.489559366181897,1.0,-0.4540047753418711,0.0
2019-03-04,-0.0,-1.373733860800765,-0.0,-1.4978915793592138,1.0,-0.47567708559753075,0.0
2019-03-05,-0.0,-1.35898888646764,-0.0,-1.5147526694268905,1.0,-0.48455001089562,0.0
2019-03-06,-0.0,-1.3554741980474199,-0.0,-1.5222280334728033,1.0,-0.4807792887029289,0.0
2019-03-07,-0.0,-1.3531614701271555,-0.0,-1.5276084305870057,1.0,-0.47387214770945824,0.0
2019-03-08,-0.0,-1.3410196834860375,-0.0,-1.589496295646837,1.0,-0.45333391784665295,0.0
2019-03-11,-0.0,-1.3273912465079154,-0.0,-1.591415014855217,1.0,-0.5156312358653719,0.0
2019-03-12,-0.0,-1.2690082088547974,-0.0,-1.6267886780603777,1.0,-0.5899161171668237,0.0
2019-03-13,-0.0,-1.279797660448941,-0.0,-1.6364662842690032,1.0,-0.6002438914231516,0.0
2019-03-14,-0.0,-1.2767080045095827,-0.0,-1.6386471251409245,1.0,-0.5941826381059752,0.0
2019-03-15,-0.0,-1.2680571299025163,-0.0,-1.6381319428700976,1.0,-0.627930174563591,0.0
2019-03-18,-0.0,-1.2889479472140764,-0.0,-1.6480480205278594,1.0,-0.6451154692082112,0.0
2019-03-19,-0.0,-1.2853480201310417,-0.0,-1.7331687399107396,1.0,-0.7293704301585795,0.0
2019-03-20,-0.0,-1.3073547648573882,-0.0,-1.7376228178956405,1.0,-0.7246494324143852,0.0
2019-03-21,-0.0,-1.3102839417800047,-0.0,-1.746743020758769,1.0,-0.7151515151515152,0.0
2019-03-22,-0.0,-1.298799807969275,-0.0,-1.7882861257801248,1.0,-0.713634181469035,0.0
2019-03-25,-0.0,-1.2858167559296099,-0.0,-1.7750095638867636,1.0,-0.7210692425401684,0.0
2019-03-26,-0.0,-1.2929829599846832,-0.0,-1.743921118131342,1.0,-0.7496170783074861,0.0
2019-03-27,-0.0,-1.2833030505881229,-0.0,-1.7526537247776608,1.0,-0.7454814956488477,0.0
2019-03-28,-0.0,-1.285509325681492,-0.0,-1.748780487804878,1.0,-0.748158775705404,0.0
2019-03-29,-0.0,-1.2865742952699475,-0.0,-1.7440038222646919,1.0,-0.7472527472527473,0.0
2019-04-01,-0.0,-1.287547709923664,-0.0,-1.728864503816794,1.0,-0.7545324427480916,0.0
2019-04-02,-0.0,-1.3059942911512845,-0.0,-1.7490960989533777,1.0,-0.7022835394862036,0.0
2019-04-03,-0.0,-1.3050733993209964,-0.0,-1.7868789748003635,1.0,-0.6897623487782718,0.0
2019-04-04,-0.0,-1.3033594946401224,-0.0,-1.7879977029096477,1.0,-0.6942477029096478,0.0
2019-04-05,-0.0,-1.2867199846750634,-0.0,-1.7979023993103778,1.0,-0.7044202863847517,0.0
2019-04-08,-0.0,-1.2780243378668577,-0.0,-1.7885468861846816,1.0,-0.7056072536387497,0.0
2019-04-09,-0.0,-1.2668230113908299,-0.0,-1.8230592514597495,1.0,-0.696228582368144,0.0
2019-04-10,-0.0,-1.24256688601758,-0.004178875066045439,-1.8729525913828715,1.0,-0.6835582881022143,0.0
2019-04-11,-0.0,-1.1893002126425671,-0.02976995940460081,-1.9227237579740963,1.0,-0.6909916876087376,0.0
2019-04-12,-0.0,-1.1905246823780429,-0.03714479681893124,-1.9324507807196198,1.0,-0.6890699253224712,0.0
2019-04-15,-0.0,-1.2000097637180238,-0.043448545206014454,-1.9198398750244094,1.0,-0.7185120093731694,0.0
2019-04-16,-0.0,-1.2031204290589956,-0.05572891272549975,-1.906825938566553,1.0,-0.7099951243295953,0.0
2019-04-17,-0.0,-1.1268889538851516,-0.14034318026713463,-1.9416496051477041,1.0,-0.6657892171200157,0.0
2019-04-18,-0.0,-1.1314867101548047,-0.1200954142731964,-1.9332586895141661,1.0,-0.6831856683867199,0.0
2019-04-22,-0.0,-1.129373355423448,-0.12308741838027483,-1.930562323360296,1.0,-0.6897963161485234,0.0
2019-04-23,-0.0,-1.1231539178646779,-0.11863990971983711,-1.9748785633678427,1.0,-0.6898091359599627,0.0
2019-04-24,-0.0,-1.1041972409744645,-0.11691615301829568,-1.978084336170629,1.0,-0.6926915174640447,0.0
2019-04-25,-0.0,-1.0971990990108704,-0.1302027225541083,-1.9810988150034274,1.0,-0.6882283811575751,0.0
2019-04-26,-0.0,-1.1036109064112012,-0.11530336526651928,-1.98349299926308,1.0,-0.7103905674281503,0.0
2019-04-29,-0.0,-1.1018821803959913,-0.12373502811048642,-1.9648985578098264,1.0,-0.6982644830114887,0.0
2019-04-30,-0.0,-1.113921568627451,-0.11230392156862745,-1.972107843137255,1.0,-0.703578431372549,0.0
2019-05-01,-0.0,-1.1135973305854066,-0.11030963246479218,-1.9846901221846018,1.0,-0.6984150350851367,0.0
2019-05-02,-0.0,-1.0925610171968627,-0.11852681833682467,-1.9801237394650946,1.0,-0.6804209090466214,0.0
2019-05-03,-0.0,-1.1177328407544236,-0.11175384017110637,-1.9616468986972586,1.0,-0.6697938946140385,0.0
2019-05-06,-0.0,-1.0965001698946653,-0.11358671909130626,-1.962234842968788,1.0,-0.6818115625455076,0.0
2019-05-07,-0.0,-1.0908340615593748,-0.11840955432566268,-1.9619380522380814,1.0,-0.683658607631809,0.0
2019-05-08,-0.0,-1.095261005532836,-0.16117392350252585,-1.8766899206158285,1.0,-0.6780851575655521,0.0
2019-05-09,-0.0,-1.0971734001059372,-0.15866518996484807,-1.8747532142341214,1.0,-0.6847402128376752,0.0
2019-05-10,-0.0,-1.0959279938390452,-0.161003080477474,-1.8763958413554103,1.0,-0.6799191374663073,0.0
2019-05-13,-0.0,-1.0996964294318894,-0.14937599383221703,-1.8803064617163785,1.0,-0.6892015612200646,0.0
2019-05-14,-0.0,-0.9850647195486227,-0.2677919491726329,-1.8182637143805416,1.0,-0.6702384903513348,0.0
2019-05-15,-0.0,-0.9927903998482189,-0.2786131006023811,-1.8256415121187688,1.0,-0.6461129820234313,0.0
2019-05-16,-0.0,-0.9976814611526451,-0.29577931295542725,-1.8003217564114695,1.0,-0.637929402857954,0.0
2019-05-17,-0.0,-0.9938338946070294,-0.2927002798463217,-1.783379974386947,1.0,-0.673291277332448,0.0
2019-05-20,-0.0,-0.9876828692779613,-0.3076451156205757,-1.760972156677678,1.0,-0.6629070316186881,0.0
2019-05-21,-0.0,-0.9798850574712644,-0.30436216318070475,-1.766393442622951,1.0,-0.6600716035424911,0.0
2019-05-22,-0.0,-0.9692423458590038,-0.3152894699713117,-1.7623571462164322,1.0,-0.6560692282368433,0.0
2019-05-23,-0.0,-0.9576079796744141,-0.34337065964053826,-1.777735955584831,1.0,-0.6262821116025219,0.0
2019-05-24,-0.0,-0.9123012160898036,-0.37109448082319924,-1.7637511693171188,1.0,-0.6300748362956033,0.0
2019-05-28,-0.0,-0.9559248212848553,-0.3624485158358188,-1.7820858779529423,1.0,-0.6337641433508497,0.0
2019-05-29,-0.0,-0.976464484482596,-0.36784265635317426,-1.7785114611829076,1.0,-0.5937175738137912,0.0
2019-05-30,-0.0,-0.9809389006841237,-0.3563104505779665,-1.78966737438075,1.0,-0.591177164425572,0.0
2019-05-31,-0.0,-0.9738528220107415,-0.35541317252426263,-1.7848393479694715,1.0,-0.5970978988033543,0.0
2019-06-03,-0.0,-0.9874416433239963,-0.37791783380018673,-1.7674136321195146,1.0,-0.5357609710550887,0.0
2019-06-04,-0.0,-0.9835659928101219,-0.3828843550119053,-1.7779541528549418,1.0,-0.5243475419020496,0.0
2019-06-05,-0.0,-0.9753137689184201,-0.40430047988187523,-1.7712255444813583,1.0,-0.4634090070136582,0.0
2019-06-06,-0.0,-0.9776629130515044,-0.4069595717186634,-1.769891083625623,1.0,-0.46058704079748936,0.0
2019-06-07,-0.0,-1.0483470105509964,-0.39390386869871047,-1.7705978898007035,1.0,-0.476483001172333,0.0
2019-06-10,-0.0,-1.048991083998123,-0.40183012670107926,-1.7665884561238854,1.0,-0.47517597372125764,0.0
2019-06-11,-0.0,-1.0526687044439218,-0.44354573242417117,-1.7403244768398778,1.0,-0.46602398307077353,0.0
2019-06-12,-0.0,-1.068631598740187,-0.45433178207117003,-1.7297513279744277,1.0,-0.4480327175292625,0.0
2019-06-13,-0.0,-1.082362924897459,-0.4654660317759653,-1.7121776436754514,1.0,-0.45452831078214134,0.0
2019-06-14,-0.0,-1.0899423385953304,-0.461007656678325,-1.71282729936667,1.0,-0.462567350411192,0.0
2019-06-17,-0.0,-1.088468809073724,-0.4613894139886578,-1.71351606805293,1.0,-0.462523629489603,0.0
2019-06-18,-0.0,-1.067072882716924,-0.46332246941571015,-1.7192858155023378,1.0,-0.4737612772188371,0.0
2019-06-19,-0.0,-1.0352819256677186,-0.48537378114842905,-1.7075227283433039,1.0,-0.48231193179141735,0.0
2019-06-20,-0.0,-1.0479856420913427,-0.48670476550323527,-1.7045293534218107,1.0,-0.4837765078165588,0.0
2019-06-21,-0.0,-1.0500567214974474,-0.4897428625449045,-1.706182643221781,1.0,-0.48080922669691817,0.0
2019-06-24,-0.0,-1.0556005141143427,-0.5063550245156376,-1.6970057599847668,1.0,-0.5014042938068263,0.0
2019-06-25,-0.0,-1.0716363809796348,-0.5009300329088567,-1.694472265941718,1.0,-0.5023608527686364,0.0
2019-06-26,-0.0,-1.0653160686129293,-0.4920445315113001,-1.6918151846719862,1.0,-0.5288833675760906,0.0
2019-06-27,-0.0,-1.061620897521768,-0.5049277581092718,-1.6939527317960004,1.0,-0.5237776289350301,0.0
2019-06-28,-0.0,-1.0553352128828786,-0.5095331390070243,-1.6928370048263008,1.0,-0.5207626511205619,0.0
2019-07-01,-0.0,-1.073811833171678,-0.4989815712900097,-1.6990300678952472,1.0,-0.5777885548011639,0.0
2019-07-02,-0.0,-1.0927358536466696,-0.48644966671532136,-1.6923563470053034,1.0,-0.5939278937381405,0.0
2019-07-03,-0.0,-1.1065581757941922,-0.47480997856168383,-1.6880237770415123,1.0,-0.6029526408107582,0.0
2019-07-05,-0.0,-1.0824451258091206,-0.48075144789993673,-1.6905144303304618,1.0,-0.6131795395921544,0.0
2019-07-08,-0.0,-1.086835960303561,-0.47465460206265814,-1.6869040669390933,1.0,-0.6164136991632613,0.0
2019-07-09,-0.0,-1.079889272012044,-0.47564469914040114,-1.6859793113496189,1.0,-0.6149774173182457,0.0
2019-07-10,-0.0,-1.088065283917035,-0.4792344683538155,-1.680526545878467,1.0,-0.6095594307086997,0.0
2019-07-11,-0.0,-1.0893629428057727,-0.48087856552796543,-1.6793333009378493,1.0,-0.6096992079304145,0.0
2019-07-12,-0.0,-1.1040380970892658,-0.4786432771271685,-1.672676028961563,1.0,-0.6039652072501093,0.0
2019-07-15,-0.0,-1.0856561151776625,-0.48039168161326284,-1.6878665955693442,1.0,-0.5936303262397595,0.0
2019-07-16,-0.0,-1.0852363636363638,-0.4921212121212122,-1.6836848484848486,1.0,-0.5874424242424243,0.0
2019-07-17,-0.0,-1.0893819488274992,-0.4914307908918775,-1.688692528038064,1.0,-0.5855707141816769,0.0
2019-07-18,-0.0,-1.0906402985798072,-0.4920750327177548,-1.692501575299307,1.0,-0.5719063545150501,0.0
2019-07-19,-0.0,-1.0936364076964085,-0.5020113410555905,-1.680657199631658,1.0,-0.5703000048466049,0.0
2019-07-22,-0.0,-1.0836444746157203,-0.49677544489162584,-1.6872423992629588,1.0,-0.5813412209668817,0.0
2019-07-23,-0.0,-1.065550644220822,-0.478510298128468,-1.6118687106178877,1.0,-0.5464121132323897,0.0
2019-07-24,-0.0,-1.0660213335839481,-0.4812743762041257,-1.609839763169024,1.0,-0.541891828391523,0.0
2019-07-25,-0.0,-1.06994940029985,-0.4739505247376312,-1.6085550974512746,1.0,-0.5327492503748127,0.0
2019-07-26,-0.0,-1.0611595017326965,-0.47405638287908586,-1.6147326027910462,1.0,-0.5329680621897537,0.0
2019-07-29,-0.0,-1.013477591754885,-0.46985030079746304,-1.6103623560136175,1.0,-0.5698363102177866,0.0
2019-07-30,-0.0,-1.007181830900527,-0.47460709788742245,-1.6022478198013337,1.0,-0.579489810194469,0.0
2019-07-31,-0.0,-1.0516138072773134,-0.47050305946097437,-1.5883974029613712,1.0,-0.5605119342332664,0.0
2019-08-01,-0.0,-1.0854860559630026,-0.4626991171112253,-1.582286168075863,1.0,-0.5408511234642873,0.0
2019-08-02,-0.0,-1.0118076749887426,-0.6314604492920398,-1.7229198979336569,1.0,-0.6370640916595788,0.0
2019-08-05,-0.0,-1.0104,-0.6260499999999999,-1.72575,1.0,-0.6378,0.0
2019-08-06,-0.0,-1.005636426015782,-0.6261334117531736,-1.6353477429789738,1.0,-0.6341224329755428,0.0
2019-08-07,-0.0,-1.0218549845988363,-0.6031877964112844,-1.6220603334474162,1.0,-0.6421551850584267,0.0
2019-08-08,-0.0,-1.0152966474440426,-0.5944677939595348,-1.6260873814876358,1.0,-0.6512559867070667,0.0
2019-08-09,-0.0,-0.9923697511664076,-0.5822803265940902,-1.6071150855365472,1.0,-0.6782659409020217,0.0
2019-08-12,-0.0,-0.9864622252413995,-0.6046387500606532,-1.6104614488815565,1.0,-0.6506865932359649,0.0
2019-08-13,-0.0,-0.9792100799612309,-0.6009207656893627,-1.6179791616186092,1.0,-0.6480251999030773,0.0
2019-08-14,-0.0,-0.993678521449597,-0.5987550065145008,-1.5970660618636296,1.0,-0.6360565555180235,0.0
2019-08-15,-0.0,-1.0376541152949017,-0.62517256152711,-1.5646689198838482,1.0,-0.532774789355929,0.0
2019-08-16,-0.0,-1.0271904761904762,-0.6316190476190476,-1.569809523809524,1.0,-0.5332857142857144,0.0
2019-08-19,-0.0,-0.9843513615733737,-0.6382847957639939,-1.5838218608169439,1.0,-0.5212273071104387,0.0
2019-08-20,-0.0,-0.9903741801538243,-0.6321898740150049,-1.5856650780918229,1.0,-0.5102628226301137,0.0
2019-08-21,-0.0,-0.9963264729430603,-0.6802618565440589,-1.55762256864315,1.0,-0.4753920783685772,0.0
2019-08-22,-0.0,-1.0012307109722618,-0.6756603237716557,-1.5847770519738709,1.0,-0.4718356527501657,0.0
2019-08-23,-0.0,-0.9973496142742202,-0.6773628662028491,-1.583179516304605,1.0,-0.47493965639642194,0.0
2019-08-26,-0.0,-0.9794850226646105,-0.679657927940558,-1.5706808729379877,1.0,-0.44324501144913314,0.0
2019-08-27,-0.0,-0.9741592425019824,-0.6766173795419562,-1.5653248752273894,1.0,-0.4482951630206633,0.0
2019-08-28,-0.0,-0.960147291880302,-0.6894751561480377,-1.5747646126596437,1.0,-0.43674839190826886,0.0
2019-08-29,-0.0,-0.9656917885264342,-0.6811492313460817,-1.58286464191976,1.0,-0.4572084739407574,0.0
2019-08-30,-0.0,-0.9662968684173572,-0.681364976829097,-1.5810981603707346,1.0,-0.4522773018770772,0.0
2019-09-03,-0.0,-0.9617021276595744,-0.676595744680851,-1.5789572129997662,1.0,-0.45896656534954405,0.0
2019-09-04,-0.0,-0.9581445321623767,-0.6716494604568598,-1.584668566356799,1.0,-0.4569066193301256,0.0
2019-09-05,-0.0,-0.9601593625498008,-0.6423144630779208,-1.5934865190401186,1.0,-0.4366719169832299,0.0
2019-09-06,-0.0,-0.9542796629679083,-0.6544960633546665,-1.601823288365026,1.0,-0.3936645333578894,0.0
2019-09-09,-0.0,-0.9492696862184952,-0.6535041238538452,-1.603557111920011,1.0,-0.4013270054831129,0.0
2019-09-10,-0.0,-0.9206297903776897,-0.7267522393572814,-1.6332071290054482,1.0,-0.33668852156247114,0.0
2019-09-11,-0.0,-0.9140350877192982,-0.739612188365651,-1.6348568790397044,1.0,-0.3283471837488458,0.0
2019-09-12,-0.0,-0.9286902671226546,-0.7343562251594419,-1.633515112302431,1.0,-0.32493760976060637,0.0
2019-09-13,-0.0,-0.9282214827139953,-0.734840081345905,-1.6342207432057683,1.0,-0.32469033092993166,0.0
2019-09-16,-0.0,-0.9282743321933636,-0.7297347259450967,-1.6375820316110548,1.0,-0.3258619096034754,0.0
2019-09-17,-0.0,-0.923258286718136,-0.7299708751329111,-1.6445841616198973,1.0,-0.32513522259719846,0.0
2019-09-18,-0.0,-0.911053580509454,-0.7115713559243678,-1.6524432527391244,1.0,-0.3478803568951967,0.0
2019-09-19,-0.0,-0.9207486136783734,-0.7136321626617376,-1.6331792975970425,1.0,-0.3535582255083179,0.0
2019-09-20,-0.0,-0.9167936463960844,-0.7137184282218221,-1.6248326176294037,1.0,-0.3621000138523341,0.0
2019-09-23,-0.0,-0.91998151998152,-0.7141603141603141,-1.6186648186648187,1.0,-0.36719796719796716,0.0
2019-09-24,-0.0,-0.9190612584311189,-0.7114478425575164,-1.6195601958791461,1.0,-0.3697218885706366,0.0
2019-09-25,-0.0,-0.9083191067226503,-0.711022931758409,-1.627878004890878,1.0,-0.3667697134683708,0.0
2019-09-26,-0.0,-0.8900196979645437,-0.8307851045868118,-1.6605853109464404,1.0,-0.30855454460181975,0.0
2019-09-27,-0.0,-0.882484106651485,-0.8098965746275738,-1.702296233039188,1.0,-0.34955878166808996,0.0
2019-09-30,-0.0,-0.8223132621951219,-0.850657393292683,-1.7134622713414636,1.0,-0.3772865853658537,0.0
2019-10-01,-0.0,-0.7979773887325288,-0.8698182512045032,-1.713399799646997,1.0,-0.3891141535085627,0.0
2019-10-02,-0.0,-0.8226456753383892,-0.9043390611500431,-1.7113852356724584,1.0,-0.36147643275415187,0.0
2019-10-03,-0.0,-0.8933727190433085,-0.8894659107151365,-1.6861689456381914,1.0,-0.2954404688169994,0.0
2019-10-04,-0.0,-0.9130995604815593,-0.9147238677622779,-1.6538314542327535,1.0,-0.2957194725778712,0.0
2019-10-07,-0.0,-0.9209435310936382,-0.8919228020014296,-1.6512747200381224,1.0,-0.3011675005956636,0.0
2019-10-08,-0.0,-0.9201504618607751,-0.8726787924959527,-1.6672697838301114,1.0,-0.30135225216646033,0.0
2019-10-09,-0.0,-0.9457623921143236,-0.879168042258171,-1.6372211479507617,1.0,-0.25420931000330144,0.0
2019-10-10,-0.0,-0.9890563501967937,-0.953393491408275,-1.5645099356820582,1.0,-0.2928866276279159,0.0
2019-10-11,-0.0,-1.006476871767606,-1.0249891246556142,-1.509352796171879,1.0,-0.2926676011407028,0.0
2019-10-14,-0.0,-0.9720442632498545,-1.0673170258202291,-1.5410114540865851,1.0,-0.27305377596583186,0.0
2019-10-15,-0.0,-0.9750497548662685,-1.1015970098538905,-1.5328867530702395,1.0,-0.24459977670986843,0.0
2019-10-16,-0.0,-1.005997951918857,-1.1040620276003317,-1.5207002486955674,1.0,-0.24562344565270394,0.0
2019-10-17,-0.0,-0.9764734653949622,-1.1480557593543654,-1.5138664710198093,1.0,-0.2528246515040352,0.0
2019-10-18,-0.0,-1.025681162256029,-1.1830455412610674,-1.4332045198845569,1.0,-0.24966981362813678,0.0
2019-10-21,-0.0,-0.9711406769712384,-1.19096067305811,-1.4305908824104872,1.0,-0.2987184504010957,0.0
2019-10-22,-0.0,-0.9570855353298101,-1.1982286161675475,-1.4344294382462321,1.0,-0.30358191426893716,0.0
2019-10-23,-0.0,-0.9563111545988259,-1.1828767123287671,-1.4439334637964776,1.0,-0.3091487279843444,0.0
2019-10-24,-0.0,-0.9416357795898196,-1.2451692611811218,-1.4483320978502594,1.0,-0.30684457622930567,0.0
2019-10-25,-0.0,-0.9458001286937584,-1.2159580260357372,-1.4660693956343118,1.0,-0.3219818838786319,0.0
2019-10-28,-0.0,-0.9302676594888308,-1.2322398873012679,-1.4562789293620446,1.0,-0.41245723485610786,0.0
2019-10-29,-0.0,-0.9247257469288711,-1.2537788787220059,-1.4692887113897173,1.0,-0.4075628128001617,0.0
2019-10-30,-0.0,-0.9274087554342332,-1.2543221110100091,-1.4668890910929127,1.0,-0.40648063896471537,0.0
2019-10-31,-0.0,-0.9164556962025315,-1.2674936708860758,-1.4507848101265823,1.0,-0.42855696202531646,0.0
2019-11-01,-0.0,-0.9278167225439399,-1.2797927461139895,-1.462714619526567,1.0,-0.4094280199126283,0.0
2019-11-04,-0.0,-0.8325182702346282,-1.5273366668498267,-1.6797076762459475,1.0,-0.45529974174405186,0.0
2019-11-05,-0.0,-0.859340293203021,-1.6494891159484675,-1.6314971123944915,1.0,-0.4127054642381164,0.0
2019-11-06,-0.0,-0.8463177968478321,-1.6492792641202534,-1.6369398171518312,1.0,-0.47635874137640927,0.0
2019-11-07,-0.0,-0.8631093099178205,-1.6423505572441741,-1.6458403692446244,1.0,-0.47742879657773274,0.0
2019-11-08,-0.0,-0.8465006198579961,-1.6497238814380706,-1.6527104699650625,1.0,-0.48613772117660314,0.0
2019-11-11,-0.0,-0.8256823469329854,-1.6952278272711798,-1.648924700675254,1.0,-0.5045678942291324,0.0
2019-11-12,-0.0,-0.8111558758440673,-1.6990296771264826,-1.6540316631674519,1.0,-0.5101855529705499,0.0
2019-11-13,-0.0,-0.8201293451899757,-1.8040766832197712,-1.6408938676521536,1.0,-0.5092389421411249,0.0
2019-11-14,-0.0,-0.814782759217587,-1.8110322543419306,-1.6273729155847905,1.0,-0.5168195718654435,0.0
2019-11-15,-0.0,-0.811005889825615,-1.8321977133618201,-1.612541863956577,1.0,-0.5186511144473958,0.0
2019-11-18,-0.0,-0.7971365893083939,-1.8354116152869182,-1.6238886964553745,1.0,-0.516568525574414,0.0
2019-11-19,-0.0,-0.887528236832719,-1.8547735108786112,-1.6564023302817739,1.0,-0.5458922839139222,0.0
2019-11-20,-0.0,-0.8728065010010599,-1.7967259451183606,-1.6512189376987398,1.0,-0.5678365327994347,0.0
2019-11-21,-0.0,-0.8498161875489665,-1.8972458265533658,-1.6590731031157717,1.0,-0.6204423552100283,0.0
2019-11-22,-0.0,-0.842181379933715,-1.8859897559505876,-1.6662850256101236,1.0,-0.6315155167219043,0.0
2019-11-25,-0.0,-0.8418929496056357,-1.8804262749111929,-1.663194653501114,1.0,-0.6353182009753748,0.0
2019-11-26,-0.0,-0.8471870858932659,-1.8838694133236957,-1.6558245994458498,1.0,-0.6364895795687266,0.0
2019-11-27,-0.0,-0.8326808408119015,-1.8755044269107992,-1.6630127085466482,1.0,-0.6517496837920858,0.0
2019-11-29,-0.0,-0.8219320192835785,-1.939525233416733,-1.705498260816501,1.0,-0.6355037529749191,0.0
2019-12-02,-0.0,-0.8399554400297067,-2.0196187646986012,-1.700891199405867,1.0,-0.6284193588315385,0.0
2019-12-03,-0.0,-0.8295889396370819,-2.002160227132453,-1.7029996296753487,1.0,-0.6373287248487841,0.0
2019-12-04,-0.0,-0.8719227173574321,-2.0471798067933933,-1.701153007167342,1.0,-0.6121533187909005,0.0
2019-12-05,-0.0,-0.850126422250316,-2.1078381795195953,-1.6888748419721868,1.0,-0.6742730720606827,0.0
2019-12-06,-0.0,-0.9359276479205145,-2.123367938347876,-1.7129482198586077,1.0,-0.5967772753327814,0.0
2019-12-09,-0.0,-0.9028847408954445,-2.191489361702128,-1.7882130270199714,1.0,-0.6439759822477483,0.0
2019-12-10,-0.0,-0.904141159524667,-2.6164926179330212,-2.07482895210659,1.0,-0.606625855239467,0.0
2019-12-11,-0.0,-0.8838714316531243,-2.62443373840512,-2.064284173437837,1.0,-0.6180340835550442,0.0
2019-12-12,-0.0,-0.8896117978746475,-2.639774452396443,-2.0793754066363044,1.0,-0.6203282006795344,0.0
2019-12-13,-0.0,-0.8856088560885609,-2.674697923449823,-2.0672889081831993,1.0,-0.6077707835901889,0.0
2019-12-16,-0.0,-0.8852885867206712,-2.670114277448286,-2.066758281498626,1.0,-0.6105887458411688,0.0
2019-12-17,-0.04179416374356295,-0.8258825285469065,-2.8119262631539668,-2.1658332711396375,1.0,-0.6177326666169117,0.0
2019-12-18,-0.17628631842744144,-0.8600516876811027,-2.9161249902106667,-2.215991855274493,1.0,-0.6630119821442556,0.0
2019-12-19,-0.17416260418304766,-0.889605283849662,-2.932222047491744,-2.2001887089164964,1.0,-0.6667715049536092,0.0
2019-12-20,-0.17972749468378357,-0.9388044419941719,-2.9451051429471526,-2.1861069543986766,1.0,-0.6261321572024888,0.0
2019-12-23,-0.1928846304877091,-0.9560983271813398,-2.9151024895939686,-2.1972041152909765,1.0,-0.5923977067462499,0.0
2019-12-24,-0.2062180243998426,-0.9601731601731602,-2.900275482093664,-2.213065722156631,1.0,-0.5911058638331366,0.0
2019-12-26,-0.1868330194601381,-0.9489956057752669,-2.8954802259887007,-2.200486503452605,1.0,-0.6150345260514752,0.0
2019-12-27,-0.18085273757079923,-0.9618470736312146,-2.910950283196979,-2.1963499056010067,1.0,-0.6166614222781623,0.0
2019-12-30,-0.19456977756669042,-0.9632707987018128,-2.9396026280376795,-2.214438375682736,1.0,-0.6039737196232091,0.0
2019-12-31,-0.1783288580003159,-0.9686463433896697,-2.943847733375454,-2.209761491075659,1.0,-0.5970620755015005,0.0
2020-01-02,-0.1774572817055965,-0.9791503370434238,-2.9170716413230915,-2.181219626900768,1.0,-0.583398651826305,0.0
2020-01-03,-0.13921968035098717,-0.9782983390786587,-2.927217173299906,-2.1712629269821373,1.0,-0.618458163585083,0.0
2020-01-06,-0.18743619945033374,-1.004161758932077,-2.915037298782882,-2.1364742834707497,1.0,-0.609265802905379,0.0
2020-01-07,-0.20050282840980516,-1.0073852922690132,-2.9069767441860463,-2.140399120050283,1.0,-0.6014299182903834,0.0
2020-01-08,-0.19346733668341706,-1.0047895728643217,-2.918027638190955,-2.153109296482412,1.0,-0.5824434673366834,0.0
2020-01-09,-0.2213432604312083,-1.0353652861796185,-2.8405459903831236,-2.0898867690398633,1.0,-0.5684814642469366,0.0
2020-01-10,-0.2646364674533689,-1.0226874762086031,-2.779368100494861,-2.0206318995051387,1.0,-0.5259231062047964,0.0
2020-01-13,-0.2654490106544901,-1.0221461187214613,-2.7818873668188737,-2.01689497716895,1.0,-0.523896499238965,0.0
2020-01-14,-0.2999228395061729,-1.007253086419753,-2.8314043209876543,-2.0497685185185186,1.0,-0.5277777777777778,0.0
2020-01-15,-0.2607843137254902,-1.005580693815988,-2.7653846153846158,-1.9977375565610862,1.0,-0.5119909502262444,0.0
2020-01-16,-0.21609028030578814,-0.9861667273389151,-2.6621041135784496,-1.896032034947215,1.0,-0.5202766654532217,0.0
2020-01-17,-0.23874102545507284,-0.990427152077743,-2.6278192762346797,-1.8954238886068602,1.0,-0.4998186960620784,0.0
2020-01-21,-0.2346162209175908,-0.9985504095093136,-2.6226715952743347,-1.8928752627382763,1.0,-0.49923896499238957,0.0
2020-01-22,-0.22808923656381283,-0.9946400115891642,-2.6282775604809507,-1.8878748370273795,1.0,-0.5043459365493264,0.0
2020-01-23,-0.2565684424444767,-0.9717665844099288,-2.5956597474234284,-1.8905501524168962,1.0,-0.5433299462911888,0.0
2020-01-24,-0.256404673778939,-0.9738732854343567,-2.5975034472748386,-1.8910661151026926,1.0,-0.5385731910878874,0.0
2020-01-27,-0.23471158016481133,-0.9485326008385139,-2.6132716495590578,-1.8864392077490242,1.0,-0.5456122596501374,0.0
2020-01-28,-0.17790262172284646,-0.9958225295303947,-2.6606165370210317,-1.878349178910977,1.0,-0.4898444252376837,0.0
2020-01-29,-0.14757977769809968,-1.0083183936894946,-2.6708497669415565,-1.8676945141627825,1.0,-0.4766583004661169,0.0
2020-01-30,-0.18429154435455003,-1.0138898832963417,-2.6462375599627697,-1.8790720985179354,1.0,-0.43624257177632997,0.0
2020-01-31,-0.1878048780487805,-1.0220946915351505,-2.6408895265423245,-1.8815638450502155,1.0,-0.44131994261119084,0.0
2020-02-03,-0.1755130927105449,-0.9990799716914365,-2.620240622788393,-1.8579617834394901,1.0,-0.42427459306440196,0.0
2020-02-04,-0.14763723825693265,-0.9697934352009053,-2.624292586304471,-1.875565930956423,1.0,-0.45691850594227496,0.0
2020-02-05,-0.07795209413083065,-0.9864126628379325,-2.6491105196806277,-1.8673483681187844,1.0,-0.42288835971424577,0.0
2020-02-06,-0.09869802603947922,-0.993210135797284,-2.656656866862663,-1.8514629707405854,1.0,-0.39976200475990487,0.0
2020-02-07,-0.10680701754385966,-0.9846315789473684,-2.676,-1.8534736842105266,1.0,-0.39663157894736845,0.0
2020-02-10,-0.10134850400337125,-0.9878494170529568,-2.6812754600365216,-1.857353560893384,1.0,-0.39556117432223625,0.0
2020-02-11,-0.07501933488012374,-0.9829149968361106,-2.681431484215707,-1.8626168881389298,1.0,-0.4288827954721226,0.0
2020-02-12,-0.08621536303051561,-0.9772009821115398,-2.659558049807085,-1.8599789547527181,1.0,-0.4321290775166608,0.0
2020-02-13,-0.08330421413096653,-1.0013278356279265,-2.651128660283738,-1.854916486127612,1.0,-0.3979313718638619,0.0
2020-02-14,-0.08787050662182048,-1.0036437530656577,-2.6580477892228993,-1.8453507112325693,1.0,-0.4122346016396889,0.0
2020-02-18,-0.08277310924369748,-1.0092436974789916,-2.6469187675070023,-1.8370448179271708,1.0,-0.426890756302521,0.0
2020-02-19,-0.07752864272158572,-1.0331763548183033,-2.6544598299008926,-1.829057426020946,1.0,-0.4347367681169607,0.0
2020-02-20,-0.092091313873772,-1.0312389568167362,-2.664004523287865,-1.8386458406954553,1.0,-0.44151530143473033,0.0
2020-02-21,-0.07808652831516005,-1.0441786844882168,-2.651424551530074,-1.8253957087583539,1.0,-0.43580724586704184,0.0
2020-02-24,-0.03996898350486394,-1.0770477935993232,-2.6672775976314673,-1.8380797969829406,1.0,-0.42675877625828273,0.0
2020-02-25,-0.0016316540893330615,-1.1359711741110883,-2.642463797674893,-1.6468148752464478,1.0,-0.3716092188456047,0.0
2020-02-26,-0.006288891831060506,-1.0855951277638025,-2.609492916721832,-1.64014298954058,1.0,-0.27836621210115187,0.0
2020-02-27,-0.04363036303630363,-1.0586138613861387,-2.582970297029703,-1.6618481848184818,1.0,-0.25359735973597364,0.0
2020-02-28,-0.007563645308080187,-1.1921042922149798,-2.341655392940598,-1.4000122986102572,1.0,-0.20803099249784776,0.0
2020-03-02,-0.056214239367663545,-1.1590868872765883,-2.1631569633693153,-1.341886391789064,1.0,-0.1783755087595116,0.0
2020-03-03,-0.03538749862198214,-1.2645794289493992,-1.8870025355528606,-1.194410759563444,1.0,-0.13063609304376583,0.0
2020-03-04,-0.0,-1.3196082675035168,-1.9051509576885617,-1.1243371929444865,1.0,-0.06162752948815063,0.0
2020-03-05,-0.0,-1.4931276885951106,-1.7346028748295037,-1.0183086769489036,1.0,-0.0,0.0
2020-03-06,-0.0,-1.473501303214596,-1.7012827720141055,-0.9358613992947309,1.0,-0.0,0.0
2020-03-09,-0.0,-1.4591390189293711,-1.7179421941787096,-0.9115102788520253,1.0,-0.0,0.0
2020-03-10,-0.38674302965725454,-0.9318504706091281,-1.374445036405612,-0.7466702184336708,1.0,-0.0,0.0
2020-03-11,-0.23679778919642472,-1.0774644846495964,-1.4068828533183644,-0.5968306058119954,1.0,-0.0,0.0
2020-03-12,-0.2961564004648846,-0.9184791632077038,-1.3231363108085672,-0.6129835630084676,1.0,-0.0,0.0
2020-03-13,-0.4115937764372678,-0.7008128885128923,-1.0342443079412955,-0.5315775922315813,1.0,-0.0,0.0
2020-03-16,-0.2561764910571369,-0.8472753845083165,-0.977347066601712,-0.39891432945925254,1.0,-0.0,0.0
2020-03-17,-0.3580751690517377,-0.6416417675735178,-0.6587513760025161,-0.4867117471300519,1.0,-0.0,0.0
2020-03-18,-0.36093725428526496,-0.6399433873250511,-0.6565497719767258,-0.48774964617078154,1.0,-0.0,0.0
2020-03-19,-0.3644854013466133,-0.6057898166247789,-0.6475844736107232,-0.4849359272704707,1.0,-0.0,0.0
2020-03-20,-0.40080126586540077,-0.8344274989058343,-0.6186580480086187,-0.5128101538565129,1.0,-0.0,0.0
2020-03-23,-0.4042574725052291,-0.8291950610620066,-0.6239794885635247,-0.5161932393225828,1.0,-0.0,0.0
2020-03-24,-0.42434829346949743,-0.8516191883902178,-0.5779024455791454,-0.5054420854608976,1.0,-0.0,0.0
2020-03-25,-0.41362648766092686,-0.8446995492427928,-0.5059830722832961,-0.4785484969354996,1.0,-0.0,0.0
2020-03-26,-0.4046782484221485,-0.845077753920229,-0.5184462229162601,-0.4851324093955365,1.0,-0.0,0.0
2020-03-27,-0.39722195427799745,-0.8393299250827947,-0.4994373171280666,-0.47937365358027073,1.0,-0.0,0.0
2020-03-30,-0.3798347848360656,-0.8330238217213115,-0.5157530737704918,-0.4732005635245902,1.0,-0.0,0.0
2020-03-31,-0.36255095163205703,-0.8748595821163783,-0.5040600828064319,-0.4680810090830311,1.0,-0.0,0.0
2020-04-01,-0.38204937392823635,-0.9151972045167761,-0.45277768790241696,-0.485456369107322,1.0,-0.0,0.0
2020-04-02,-0.40903403804818583,-0.849250906291104,-0.44393827596163105,-0.5058868820377915,1.0,-0.0,0.0
2020-04-03,-0.40076031051336936,-0.8544548445835862,-0.44340798006580845,-0.4959588537839824,1.0,-0.0,0.0
2020-04-06,-0.4011590676229509,-0.8597272028688526,-0.4456967213114754,-0.49526127049180335,1.0,-0.0,0.0
2020-04-07,-0.3773626304736232,-0.8319907218756857,-0.4301476350186503,-0.4950004701752187,1.0,-0.0,0.0
2020-04-08,-0.3861095319310214,-0.8183311224812078,-0.4591939864822184,-0.49475712210220457,1.0,-0.0,0.0
2020-04-09,-0.38606456499100633,-0.8161191580674683,-0.4594338729527596,-0.4940515636340686,1.0,-0.0,0.0
2020-04-13,-0.39225318847425605,-0.7968508896236812,-0.466383246732798,-0.49362305148795466,1.0,-0.0,0.0
2020-04-14,-0.3964772977912216,-0.776695970003466,-0.48533257711819017,-0.4923590761571668,1.0,-0.0,0.0
2020-04-15,-0.37295905551369,-0.80083521728209,-0.4663401155488571,-0.49978020597839745,1.0,-0.0,0.0
2020-04-16,-0.3857608627500157,-0.7743432190105963,-0.4765816038623111,-0.4983071038936611,1.0,-0.0,0.0
2020-04-17,-0.38763164493480445,-0.767897442326981,-0.48081745235707124,-0.4980566700100301,1.0,-0.0,0.0
2020-04-20,-0.38703007518796995,-0.7678258145363409,-0.4817355889724311,-0.4962719298245614,1.0,-0.0,0.0
2020-04-21,-0.38802417713194076,-0.7702232939776393,-0.4885221258338292,-0.4849519275938743,1.0,-0.0,0.0
2020-04-22,-0.37324316744055597,-0.7863442301100065,-0.4724048739443423,-0.48434042818411294,1.0,-0.0,0.0
2020-04-23,-0.3650413582934262,-0.7951987063872132,-0.46697555818147896,-0.48246159587039,1.0,-0.0,0.0
2020-04-24,-0.36410017109970444,-0.7892673821745216,-0.4729195831389018,-0.48461658111681444,1.0,-0.0,0.0
2020-04-27,-0.375191089757589,-0.7869778179889557,-0.46551024865067236,-0.49212242223816804,1.0,-0.0,0.0
2020-04-28,-0.3915228315490496,-0.7549861106776117,-0.4717375698367614,-0.5029807422204188,1.0,-0.0,0.0
2020-04-29,-0.396559260646934,-0.7507805670038716,-0.4717434744598476,-0.5031534906956413,1.0,-0.0,0.0
2020-04-30,-0.39516857080596457,-0.7324658344488373,-0.477819630794135,-0.5075802384584254,1.0,-0.0,0.0
2020-05-01,-0.40852083527837424,-0.711324806273924,-0.47904023900662873,-0.5131484766439486,1.0,-0.0,0.0
2020-05-04,-0.40678334264258675,-0.694377210947682,-0.4855085955439707,-0.516415316824924,1.0,-0.0,0.0
2020-05-05,-0.4091928949828607,-0.6967902773449672,-0.4731692115923964,-0.5370520411343097,1.0,-0.0,0.0
2020-05-06,-0.409065438017558,-0.7003611232177324,-0.4660980013697777,-0.5376066247431667,1.0,-0.0,0.0
2020-05-07,-0.40940706777704994,-0.7064657995695706,-0.45977979476622693,-0.5434016406225632,1.0,-0.0,0.0
2020-05-08,-0.4063805427483987,-0.6916174149828264,-0.46025311755422843,-0.5361264968901817,1.0,-0.0,0.0
2020-05-11,-0.40862143608139034,-0.6801904879708083,-0.46449996907662816,-0.538994371946317,1.0,-0.0,0.0
2020-05-12,-0.40615641112723455,-0.6817746765877304,-0.4595387322856525,-0.5399981475192195,1.0,-0.0,0.0
2020-05-13,-0.4058069288620392,-0.6673961287140919,-0.46452348662310444,-0.5445074590062878,1.0,-0.0,0.0
2020-05-14,-0.40672848824671126,-0.6631134662189223,-0.46504821467081553,-0.5459194676360948,1.0,-0.0,0.0
2020-05-15,-0.405818540433925,-0.6683000493096647,-0.4673015285996055,-0.5404339250493096,1.0,-0.0,0.0
2020-05-18,-0.41180647750779587,-0.6606563956898948,-0.46250270153447154,-0.55253326746735,1.0,-0.0,0.0
2020-05-19,-0.4147701025530473,-0.6395860922053525,-0.4774414092574913,-0.5478734871115765,1.0,-0.0,0.0
2020-05-20,-0.4089671835336576,-0.626204238921002,-0.4777196684711136,-0.5454934703489617,1.0,-0.0,0.0
2020-05-21,-0.40538475643298083,-0.6308905323635475,-0.47408471364830995,-0.5456573559073405,1.0,-0.0,0.0
2020-05-22,-0.40247885948041645,-0.6326891962023384,-0.4738529169337852,-0.5437616387337059,1.0,-0.0,0.0
2020-05-26,-0.4029673046982325,-0.633208169246268,-0.4729370821503801,-0.5436700552553653,1.0,-0.0,0.0
2020-05-27,-0.4002073613271125,-0.6320861159393772,-0.4781508248711615,-0.5389869789284298,1.0,-0.0,0.0
2020-05-28,-0.3984591491823746,-0.6290690946740156,-0.4792472365175553,-0.5383842382532964,1.0,-0.0,0.0
2020-05-29,-0.39778955060284976,-0.6291864571915723,-0.4790220436000487,-0.5386980879308245,1.0,-0.0,0.0
2020-06-01,-0.39986581683998657,-0.6439571833734866,-0.4622304900734958,-0.5435637827452655,1.0,-0.0,0.0
2020-06-02,-0.3986774744027304,-0.6431618722574354,-0.46279254022428085,-0.5426621160409556,1.0,-0.0,0.0
2020-06-03,-0.39911706500228344,-0.6430506926472827,-0.45818237174608006,-0.5442533110062414,1.0,-0.0,0.0
2020-06-04,-0.39816055548787915,-0.6505359970763795,-0.44984163722743337,-0.5469301985625533,1.0,-0.0,0.0
2020-06-05,-0.39332462720563666,-0.6491936708476327,-0.4381510614389407,-0.5563519300270294,1.0,-0.0,0.0
2020-06-08,-0.388838393019451,-0.6407016906017087,-0.4435860146640005,-0.5566260679876386,1.0,-0.0,0.0
2020-06-09,-0.3843328881874469,-0.64793007162802,-0.44266723321597673,-0.560155396382178,1.0,-0.0,0.0
2020-06-10,-0.3885516571567318,-0.6426186718465461,-0.44591477479664926,-0.5580004856136943,1.0,-0.0,0.0
2020-06-11,-0.38889900461277005,-0.6409019179412478,-0.4460427288176742,-0.5588735129885894,1.0,-0.0,0.0
2020-06-12,-0.40281426457710534,-0.6290424857324033,-0.4382945315094966,-0.5494157079445602,1.0,-0.0,0.0
2020-06-15,-0.40657616892911014,-0.6249773755656108,-0.4370437405731523,-0.5479939668174961,1.0,-0.0,0.0
2020-06-16,-0.4063998552341889,-0.6220405947462074,-0.4406007781162349,-0.5469131706728595,1.0,-0.0,0.0
2020-06-17,-0.404832926572057,-0.619723402332098,-0.44177287655548525,-0.5467172858477206,1.0,-0.0,0.0
2020-06-18,-0.4057010275107723,-0.6177117546027059,-0.4430349233133456,-0.5467502335251755,1.0,-0.0,0.0
2020-06-19,-0.4059853530635002,-0.618124830475272,-0.4430848979837859,-0.5465778608239655,1.0,-0.0,0.0
2020-06-22,-0.4033319249109676,-0.6170700790728556,-0.45614776362648635,-0.5415283394700308,1.0,-0.0,0.0
2020-06-23,-0.4014437598163586,-0.6144738431798962,-0.4570194514920865,-0.5474809713664371,1.0,-0.0,0.0
2020-06-24,-0.40444887720252665,-0.6123250823586303,-0.45546589294889234,-0.550095203554266,1.0,-0.0,0.0
2020-06-25,-0.4005668968428671,-0.6106504236649278,-0.457467659741278,-0.5467539124928384,1.0,-0.0,0.0
2020-06-26,-0.40473168963016687,-0.6052090887116268,-0.4583333333333333,-0.5532390621223109,1.0,-0.0,0.0
2020-06-29,-0.3988911320697864,-0.6048452707385422,-0.4600295296350981,-0.549462138789285,1.0,-0.0,0.0
2020-06-30,-0.3951959774641062,-0.6231598715696371,-0.45483734173380985,-0.5558550917792452,1.0,-0.0,0.0
2020-07-01,-0.39311117164563086,-0.6235358213020975,-0.4482883864523744,-0.5617906110959775,1.0,-0.0,0.0
2020-07-02,-0.38808407681838797,-0.6301829729321035,-0.4449115378799334,-0.5611673975502798,1.0,-0.0,0.0
2020-07-06,-0.38978592162554426,-0.6291424770198355,-0.4444847605224963,-0.5603229317851959,1.0,-0.0,0.0
2020-07-07,-0.3828264218188408,-0.6366546860370292,-0.4403032408106557,-0.5605726539611585,1.0,-0.0,0.0
2020-07-08,-0.38246122276540523,-0.6316313597682419,-0.4425433037600338,-0.5610779165912246,1.0,-0.0,0.0
2020-07-09,-0.37884638590563535,-0.6318933268975504,-0.44210812115361414,-0.5639555930976228,1.0,-0.0,0.0
2020-07-10,-0.3791782309641607,-0.6350609388198383,-0.43999637987208884,-0.5625075419331482,1.0,-0.0,0.0
2020-07-13,-0.3813531203812626,-0.6346032033300154,-0.4395680632220312,-0.5607637317889783,1.0,-0.0,0.0
2020-07-14,-0.3752332791523689,-0.6272650653181626,-0.4320028896514358,-0.575552344831738,1.0,-0.0,0.0
2020-07-15,-0.37470246165898335,-0.6252674078761036,-0.43749435053782876,-0.5755822712344452,1.0,-0.0,0.0
2020-07-16,-0.34207595826983944,-0.6542609307232446,-0.385242058375337,-0.5488805532762865,1.0,-0.0,0.0
2020-07-17,-0.34285630567276143,-0.6539791373652134,-0.38472808251289264,-0.5486111111111112,1.0,-0.0,0.0
2020-07-20,-0.34884199388666826,-0.6517458264754291,-0.389166470726546,-0.5493475193980719,1.0,-0.0,0.0
2020-07-21,-0.33731009961505687,-0.6594575534071876,-0.3846786753254386,-0.5570215391848609,1.0,-0.0,0.0
2020-07-22,-0.3367316958514514,-0.6604771418498061,-0.3838582677165354,-0.5569984722058996,1.0,-0.0,0.0
2020-07-23,-0.33886437187408064,-0.6620182406590174,-0.38526037069726393,-0.5558987937628714,1.0,-0.0,0.0
2020-07-24,-0.3143398124315849,-0.6915771722730097,-0.38022543711724505,-0.5723499304754297,1.0,-0.0,0.0
2020-07-27,-0.3168659720577789,-0.6898531849396164,-0.37970636987923284,-0.5735555292446128,1.0,-0.0,0.0
2020-07-28,-0.31924409821983946,-0.6880720357809307,-0.3791356891087349,-0.575516128076775,1.0,-0.0,0.0
2020-07-29,-0.3282206765352833,-0.6845609654598419,-0.3796742167528685,-0.5800190238392485,1.0,-0.0,0.0
2020-07-30,-0.3279657743842657,-0.6844231854778811,-0.378977390890995,-0.5796072372916605,1.0,-0.0,0.0
2020-07-31,-0.32846780426898153,-0.6875557405315417,-0.3787383316487306,-0.5780664724418813,1.0,-0.0,0.0
2020-08-03,-0.3154077112874937,-0.6988911679895359,-0.3852671006867029,-0.5732037218704479,1.0,-0.0,0.0
2020-08-04,-0.31434260580123635,-0.6967427484545887,-0.38367807893485495,-0.5771814075130766,1.0,-0.0,0.0
2020-08-05,-0.3163095732684432,-0.6951451124695828,-0.3821295032346133,-0.5739213009674164,1.0,-0.0,0.0
2020-08-06,-0.3162738229531556,-0.6979754200558096,-0.3808110194145936,-0.5735617170337826,1.0,-0.0,0.0
2020-08-07,-0.3170397713741367,-0.7011490831150273,-0.38699690402476783,-0.5717432722076685,1.0,-0.0,0.0
2020-08-10,-0.31571424317322294,-0.7028081355528424,-0.3872427860992823,-0.5721092284327447,1.0,-0.0,0.0
2020-08-11,-0.31876284973630103,-0.7017073388754804,-0.38920175203361046,-0.5700068531926938,1.0,-0.0,0.0
2020-08-12,-0.3160346566969319,-0.7006409115186043,-0.3811346507625661,-0.5693430656934306,1.0,-0.0,0.0
2020-08-13,-0.3121337673868008,-0.7052974252737497,-0.3717667949097367,-0.570257472625037,1.0,-0.0,0.0
2020-08-14,-0.31237052382361646,-0.7052382361645458,-0.37182598401894057,-0.5700207161882214,1.0,-0.0,0.0
2020-08-17,-0.3138433299780922,-0.7040381313280833,-0.37252057552252943,-0.5701048019420925,1.0,-0.0,0.0
2020-08-18,-0.31335859782093795,-0.703132401705353,-0.36970037896731406,-0.5744907626717195,1.0,-0.0,0.0
2020-08-19,-0.31691350710900473,-0.7046504739336492,-0.3668542654028436,-0.5736670616113744,1.0,-0.0,0.0
2020-08-20,-0.31699733491264437,-0.7058335801006811,-0.3663902872371928,-0.571986970684039,1.0,-0.0,0.0
2020-08-21,-0.3091585034816476,-0.7181635784255872,-0.3489614068216688,-0.5742653133482828,1.0,-0.0,0.0
2020-08-24,-0.308261805739905,-0.7211161254166298,-0.3461345603633897,-0.5740789900598767,1.0,-0.0,0.0
2020-08-25,-0.3085037421179798,-0.7144498791914667,-0.35264305498261533,-0.5709529141375449,1.0,-0.0,0.0
2020-08-26,-0.3085081310393589,-0.7148833372613715,-0.35163799198680173,-0.5709992929530991,1.0,-0.0,0.0
2020-08-27,-0.30020021198916497,-0.7237663408314686,-0.3490166058179249,-0.571281356730656,1.0,-0.0,0.0
2020-08-28,-0.300368025909024,-0.7218901810687472,-0.3495951715000736,-0.5723538937141174,1.0,-0.0,0.0
2020-08-31,-0.30091256991463056,-0.7190167795113335,-0.35298793052693556,-0.5708272004710038,1.0,-0.0,0.0
2020-09-01,-0.3000058865081234,-0.7199493760301389,-0.3504826936661173,-0.5728161054862255,1.0,-0.0,0.0
2020-09-02,-0.29672237260209483,-0.7195480757914557,-0.35097681534659286,-0.5749676356361069,1.0,-0.0,0.0
2020-09-03,-0.30030886895131637,-0.7181350198558613,-0.35037505515516987,-0.5727607001029563,1.0,-0.0,0.0
2020-09-04,-0.2833781886262579,-0.7266264919260473,-0.33717528668382873,-0.5781652234963727,1.0,-0.0,0.0
2020-09-08,-0.2882458041650801,-0.725784247678744,-0.338478662019273,-0.5765208986262852,1.0,-0.0,0.0
2020-09-09,-0.2812645959831855,-0.7305581503970108,-0.32978164409154603,-0.577592246613732,1.0,-0.0,0.0
2020-09-10,-0.273620845086806,-0.7298106842702184,-0.3241922819670224,-0.5804519149678657,1.0,-0.0,0.0
2020-09-11,-0.27631272557922926,-0.7292758179066248,-0.32573640703225054,-0.5793747816975201,1.0,-0.0,0.0
2020-09-14,-0.2782340264430077,-0.7315510513134136,-0.32646048109965636,-0.5759799638884036,1.0,-0.0,0.0
2020-09-15,-0.28112916824141637,-0.7239584847515772,-0.3215687414600111,-0.5805738872576096,1.0,-0.0,0.0
2020-09-16,-0.2836728754365541,-0.7212165308498254,-0.31952852153667055,-0.5859429569266589,1.0,-0.0,0.0
2020-09-17,-0.2877159253109616,-0.7170031168982494,-0.32211832561391246,-0.5861516502082788,1.0,-0.0,0.0
2020-09-18,-0.28650097607878555,-0.7159173683750474,-0.3240872934937793,-0.5871623787185688,1.0,-0.0,0.0
2020-09-21,-0.28092151366503154,-0.7237210932025228,-0.33523125437981777,-0.5800338705909834,1.0,-0.0,0.0
2020-09-22,-0.2844915724593229,-0.7186632781234481,-0.3388251102737125,-0.5791779861537113,1.0,-0.0,0.0
2020-09-23,-0.2805480092308591,-0.7187217012823883,-0.3421552303333041,-0.5797037945841731,1.0,-0.0,0.0
2020-09-24,-0.2740680287971086,-0.7110670669503629,-0.33577195488064354,-0.585939549389373,1.0,-0.007811361450348305,0.0
2020-09-25,-0.27367377293009426,-0.7126775350695559,-0.33579281985476395,-0.5849397766047421,1.0,-0.00930327510280265,0.0
2020-09-28,-0.26999009958651216,-0.7119853240929475,-0.3316929707064236,-0.5844155844155844,1.0,-0.013802341156601247,0.0
2020-09-29,-0.2668060516305137,-0.7092371577082789,-0.33533699218863433,-0.582135493800273,1.0,-0.01039579522025728,0.0
2020-09-30,-0.26693180828519175,-0.7075797602113392,-0.33811362382790955,-0.5795279705054142,1.0,-0.010886289081777804,0.0
2020-10-01,-0.26704594931932313,-0.7095585033816145,-0.3369713506139154,-0.5789382020841195,1.0,-0.010159356767582945,0.0
2020-10-02,-0.262803781683197,-0.7039324865147033,-0.33501537033814743,-0.5814047909053999,1.0,-0.01687837132416913,0.0
2020-10-05,-0.25076833864888376,-0.7145549434618731,-0.322818208176283,-0.5838793853290809,1.0,-0.02737025224702813,0.0
2020-10-06,-0.25337779066396054,-0.7025224702812409,-0.317309365033343,-0.5910988692374601,1.0,-0.03511162655842273,0.0
2020-10-07,-0.24982620785540494,-0.7069285134978566,-0.3163596338778821,-0.5870988297995597,1.0,-0.036322558220368444,0.0
2020-10-08,-0.25046285582041194,-0.7047847720435085,-0.319457301550567,-0.5849340430455913,1.0,-0.03323883360333257,0.0
2020-10-09,-0.24713998275366486,-0.7105777522276517,-0.3170451279103191,-0.5824374820350676,1.0,-0.017160103478010922,0.0
2020-10-12,-0.2525522675639145,-0.7120754608460588,-0.3154171339832629,-0.5818307307393668,1.0,-0.01394760302533575,0.0
2020-10-13,-0.25190422810496965,-0.7123681411859389,-0.3145353683423874,-0.5807249001178466,1.0,-0.014802678853726539,0.0
2020-10-14,-0.25112790597430956,-0.7133538320066668,-0.31311244575993563,-0.5807350785942125,1.0,-0.015345268542199487,0.0
2020-10-15,-0.2507327165105454,-0.7142405608873054,-0.31394747428308717,-0.5789322452732601,1.0,-0.015545083615884145,0.0
2020-10-16,-0.21863670329062077,-0.7313536102731575,-0.26178285777544075,-0.5232612846981983,1.0,-0.03251875017297208,0.0
2020-10-19,-0.2184836745987825,-0.7307415605976757,-0.25896513558384066,-0.5234366353071389,1.0,-0.035417819590481465,0.0
2020-10-20,-0.21803242405798706,-0.7316438886737121,-0.2593094671609583,-0.5237923974990317,1.0,-0.03377967133292757,0.0
2020-10-21,-0.2156055793398702,-0.7271923767435438,-0.2598536113796437,-0.5235464714818395,1.0,-0.03585140174009115,0.0
2020-10-22,-0.2156115346370567,-0.7270191139100652,-0.2595845762899127,-0.5233399624350901,1.0,-0.03657054469119435,0.0
2020-10-23,-0.21814565145319925,-0.7245828268316941,-0.26176925627141123,-0.5235661399049619,1.0,-0.03464471212288651,0.0
2020-10-26,-0.21775285244633533,-0.7236235047103351,-0.2617620244771666,-0.5232754095643285,1.0,-0.036246097742906866,0.0
2020-10-27,-0.21572903439518576,-0.726467178269751,-0.26169049853696236,-0.5245403853585822,1.0,-0.03202120024291945,0.0
2020-10-28,-0.21261320963110228,-0.7264744864148444,-0.2594433399602386,-0.524519549370444,1.0,-0.03815992931301083,0.0
