Date,IWF,IWM,MTUM,SDY,SPY,SVMK,USMV,VLUE,XLB,XLC,XLE,XLF,XLI,XLK,XLP,XLRE,XLU,XLV,XLY
2019-01-02,,,,,,,,,,,,,,,,,,,
2019-01-03,,,,,,,,,,,,,,,,,,,
2019-01-04,,,,,,,,,,,,,,,,,,,
2019-01-07,,,,,,,,,,,,,,,,,,,
2019-01-08,,,,,,,,,,,,,,,,,,,
2019-01-09,,,,,,,,,,,,,,,,,,,
2019-01-10,,,,,,,,,,,,,,,,,,,
2019-01-11,,,,,,,,,,,,,,,,,,,
2019-01-14,,,,,,,,,,,,,,,,,,,
2019-01-15,,,,,,,,,,,,,,,,,,,
2019-01-16,,,,,,,,,,,,,,,,,,,
2019-01-17,,,,,,,,,,,,,,,,,,,
2019-01-18,,,,,,,,,,,,,,,,,,,
2019-01-22,,,,,,,,,,,,,,,,,,,
2019-01-23,,,,,,,,,,,,,,,,,,,
2019-01-24,,,,,,,,,,,,,,,,,,,
2019-01-25,,,,,,,,,,,,,,,,,,,
2019-01-28,,,,,,,,,,,,,,,,,,,
2019-01-29,,,,,,,,,,,,,,,,,,,
2019-01-30,,,,,,,,,,,,,,,,,,,
2019-01-31,,,,,,,,,,,,,,,,,,,
2019-02-01,,,,,,,,,,,,,,,,,,,
2019-02-04,,,,,,,,,,,,,,,,,,,
2019-02-05,,,,,,,,,,,,,,,,,,,
2019-02-06,,,,,,,,,,,,,,,,,,,
2019-02-07,,,,,,,,,,,,,,,,,,,
2019-02-08,,,,,,,,,,,,,,,,,,,
2019-02-11,,,,,,,,,,,,,,,,,,,
2019-02-12,,,,,,,,,,,,,,,,,,,
2019-02-13,,,,,,,,,,,,,,,,,,,
2019-02-14,,,,,,,,,,,,,,,,,,,
2019-02-15,,,,,,,,,,,,,,,,,,,
2019-02-19,,,,,,,,,,,,,,,,,,,
2019-02-20,,,,,,,,,,,,,,,,,,,
2019-02-21,,,,,,,,,,,,,,,,,,,
2019-02-22,,,,,,,,,,,,,,,,,,,
2019-02-25,,,,,,,,,,,,,,,,,,,
2019-02-26,,,,,,,,,,,,,,,,,,,
2019-02-27,,,,,,,,,,,,,,,,,,,
2019-02-28,,,,,,,,,,,,,,,,,,,
2019-03-01,,,,,,,,,,,,,,,,,,,
2019-03-04,,,,,,,,,,,,,,,,,,,
2019-03-05,,,,,,,,,,,,,,,,,,,
2019-03-06,,,,,,,,,,,,,,,,,,,
2019-03-07,,,,,,,,,,,,,,,,,,,
2019-03-08,,,,,,,,,,,,,,,,,,,
2019-03-11,,,,,,,,,,,,,,,,,,,
2019-03-12,,,,,,,,,,,,,,,,,,,
2019-03-13,,,,,,,,,,,,,,,,,,,
2019-03-14,,,,,,,,,,,,,,,,,,,
2019-03-15,,,,,,,,,,,,,,,,,,,
2019-03-18,,,,,,,,,,,,,,,,,,,
2019-03-19,,,,,,,,,,,,,,,,,,,
2019-03-20,,,,,,,,,,,,,,,,,,,
2019-03-21,,,,,,,,,,,,,,,,,,,
2019-03-22,-0.0,-0.0,-0.0,-1.3065740383378361,-0.0,1.0,-3.3598353274154125,-0.0,-1.7308632445645182,-0.01916891804965908,-0.0,-0.13598353274154124,-0.0,-0.0,-1.2381319953685836,-0.03525022513829924,-4.039238389296282,-0.0,-0.0
2019-03-25,-0.0,-0.0,-0.0,-1.1770479426198566,-0.0,1.0,-3.3983893293066565,-0.0,-1.555429721907638,-0.14407952686548384,-0.0,-0.05914181452120297,-0.0,-0.0,-1.1620737385176796,-0.0,-4.087076884358877,-0.0,-0.0
2019-03-26,-0.0,-0.0,-0.0,-1.2716828683247063,-0.0,1.0,-3.4885746749147835,-0.0,-1.5099103648529226,-0.1304128266633001,-0.0,-0.0,-0.0,-0.0,-1.0714556242898623,-0.0,-4.152758490089635,-0.0,-0.0
2019-03-27,-0.0,-0.0,-0.0,-1.2839506172839505,-0.0,1.0,-3.5278095965381184,-0.0,-1.5326460481099655,-0.11149293623520429,-0.0,-0.0,-0.0,-0.0,-1.0859106529209621,-0.0,-4.1856942853506425,-0.0,-0.0
2019-03-28,-0.0,-0.0,-0.0,-1.1572327044025157,-0.0,1.0,-3.096879535558781,-0.0,-1.5971214320270923,-0.12481857764876632,-0.0,-0.0,-0.0,-0.0,-1.0426947266569908,-0.0,-4.075955491049831,-0.0,-0.0
2019-03-29,-0.0,-0.0,-0.0,-0.9902782841171467,-0.0,1.0,-3.09393607971807,-0.0,-1.7517316806416332,-0.0,-0.0,-0.0,-0.0,-0.0,-1.2737878235508566,-0.0,-4.042532506987484,-0.0,-0.0
2019-04-01,-0.0,-0.0,-0.0,-0.9761820540030658,-0.0,1.0,-2.9469402193137606,-0.0,-1.7186652517391818,-0.0,-0.0,-0.0,-0.0,-0.0,-1.1939629760641435,-0.0,-3.9553118735998116,-0.0,-0.0
2019-04-02,-0.0,-0.0,-0.0,-0.966741626227956,-0.0,1.0,-2.965439697005563,-0.0,-1.716416143922358,-0.0,-0.0,-0.0,-0.0,-0.0,-1.1789560894780449,-0.0,-4.008166646940467,-0.0,-0.0
2019-04-03,-0.0,-0.0,-0.0,-1.0002380952380951,-0.0,1.0,-2.9208333333333334,-0.0,-1.7080952380952379,-0.0,-0.0,-0.0,-0.0,-0.0,-1.2552380952380953,-0.0,-4.020357142857143,-0.0,-0.0
2019-04-04,-0.0,-0.0,-0.0,-1.0318999766300536,-0.0,1.0,-3.0330684739425102,-0.0,-1.5142556672119656,-0.013437719093246085,-0.0,-0.0,-0.0,-0.0,-1.1804159850432343,-0.0,-3.9117784529095583,-0.0,-0.0
2019-04-05,-0.0,-0.0,-0.0,-0.965496294496416,-0.0,1.0,-3.42376381970599,-0.0,-1.4898554246142632,-0.08662373952132184,-0.0,-0.058437613898675744,-0.0,-0.0,-1.0959786174219415,-0.0,-4.028915077147371,-0.0,-0.0
2019-04-08,-0.0,-0.0,-0.0,-1.1902829175122358,-0.0,1.0,-3.3919064104094545,-0.0,-0.9881819267040708,-0.0,-0.0,-0.38928017189924796,-0.0,-0.0,-1.111973260116987,-0.2864987465679838,-3.5793243404560107,-0.0,-0.0
2019-04-09,-0.0,-0.0,-0.0,-1.1937060436285611,-0.0,1.0,-3.373226844677554,-0.0,-0.9873644057694599,-0.0,-0.0,-0.3906305876743354,-0.0,-0.0,-1.1258791274287758,-0.2862081296936464,-3.5633567767314336,-0.0,-0.0
2019-04-10,-0.0,-0.0,-0.0,-1.1322264691829909,-0.0,1.0,-3.3934543717152414,-0.0,-0.9953416149068323,-0.0,-0.0,-0.3787625418060201,-0.0,-0.0,-1.1730769230769231,-0.28081700907787865,-3.59077878643096,-0.0,-0.0
2019-04-11,-0.0,-0.0,-0.0,-1.1548645694157658,-0.0,1.0,-3.6228592250698406,-0.0,-0.9380541722336936,-0.0,-0.0,-0.40641321510992345,-0.0,-0.0,-1.0745779181343373,-0.4092068504797765,-3.540386250455484,-0.0,-0.0
2019-04-12,-0.0,-0.0,-0.0,-1.1478166202975688,-0.0,1.0,-3.6477561388653688,-0.0,-1.0074996975928392,-0.0,-0.0,-0.3066408612555946,-0.0,-0.0,-1.026369904439337,-0.44937704124833683,-3.5108261763638566,-0.0,-0.0
2019-04-15,-0.0,-0.0,-0.0,-1.2788800973828363,-0.0,1.0,-3.778940961655508,-0.0,-0.9592209373097991,-0.0,-0.0,-0.23104077906269022,-0.0,-0.0,-1.0283627510651248,-0.4192331101643335,-3.477297626293366,-0.0,-0.0
2019-04-16,-0.0,-0.0,-0.0,-1.0175837320574164,-0.0,1.0,-3.4214114832535887,-0.0,-0.8735645933014354,-0.0,-0.0,-0.336244019138756,-0.0,-0.0,-1.5297846889952154,-0.3712918660287082,-3.411842105263158,-0.0,-0.0
2019-04-17,-0.0,-0.0,-0.0,-1.1197611800515102,-0.0,1.0,-3.3055490517443222,-0.0,-0.8508546007960665,-0.0,-0.0,-0.3467571997190354,-0.0,-0.0,-1.616834464996488,-0.13942870522125966,-3.3275579489580895,-0.0,-0.0
2019-04-18,-0.0,-0.0,-0.0,-1.066588785046729,-0.0,1.0,-3.2254672897196266,-0.0,-0.8328271028037384,-0.013785046728971965,-0.0,-0.38796728971962624,-0.0,-0.0,-1.7336448598130842,-0.11226635514018693,-3.3099299065420564,-0.0,-0.0
2019-04-22,-0.0,-0.0,-0.0,-1.0882387224618253,-0.0,1.0,-3.247581303182189,-0.0,-0.8284182305630026,-0.03660100244783774,-0.0,-0.378832031705327,-0.0,-0.0,-1.7070754167152347,-0.08835528616388856,-3.281151649376384,-0.0,-0.0
2019-04-23,-0.0,-0.0,-0.0,-1.0629939562993955,-0.0,1.0,-3.224546722454672,-0.0,-0.8585541608554161,-0.0,-0.0,-0.36041376104137607,-0.0,-0.0,-1.7056020455602043,-0.02510460251046025,-3.3851696885169686,-0.0,-0.0
2019-04-24,-0.0,-0.0,-0.0,-0.8569216106742911,-0.0,1.0,-3.032761496306886,-0.0,-0.7232547057421969,-0.16118656182987848,-0.0,-0.5088158208243984,-0.0,-0.0,-1.8964736716702406,-0.2642363593042649,-3.469382892542292,-0.0,-0.0
2019-04-25,-0.0,-0.0,-0.0,-0.8929091520107539,-0.0,1.0,-2.418393637280161,-0.0,-0.6061386804077518,-0.0,-0.0,-0.6712221350957769,-0.0,-0.0,-1.918897725999776,-0.4440461521227736,-3.2502520443598075,-0.0,-0.0
2019-04-26,-0.0,-0.0,-0.0,-0.9496210432456532,-0.0,1.0,-2.253678109674543,-0.0,-0.6302942487739636,-0.055171645118145346,-0.0,-0.6251671868033883,-0.0,-0.0,-2.106330806954971,-0.5200624164065983,-3.005461435577352,-0.0,-0.0
2019-04-29,-0.0,-0.0,-0.0,-1.2073224525805029,-0.0,1.0,-2.1245037494486105,-0.0,-0.5299955888839877,-0.0,-0.0,-0.49283193647992946,-0.0,-0.0,-2.1181076312307012,-0.5734450816056462,-2.9815835906484343,-0.0,-0.0
2019-04-30,-0.0,-0.0,-0.0,-1.1899361374146664,-0.0,1.0,-2.120788372605153,-0.0,-0.47214269984584895,-0.0,-0.0,-0.5679365778462894,-0.0,-0.0,-2.1314688394626735,-0.5494384496806871,-2.97907949790795,-0.0,-0.0
2019-05-01,-0.0,-0.0,-0.0,-1.213991769547325,-0.0,1.0,-1.9115226337448559,-0.0,-0.341130604288499,-0.30485163526099196,-0.0,-0.5750487329434698,-0.0,-0.0,-2.041260558804418,-0.5566385098548841,-2.8849902534113063,-0.0,-0.0
2019-05-02,-0.0,-0.0,-0.0,-1.0440645572308347,-0.0,1.0,-1.7906137184115525,-0.0,-0.13962624761095774,-0.1763644085793162,-0.0,-0.8723720535145466,-0.0,-0.0,-2.006370779358675,-0.8014440433212997,-2.7872159694202594,-0.0,-0.0
2019-05-03,-0.0,-0.0,-0.0,-1.068606627017842,-0.0,1.0,-1.752655055225149,-0.0,-0.22153780798640613,-0.16238317757009346,-0.0,-0.8244477485131692,-0.0,-0.0,-2.008177570093458,-0.7862149532710281,-2.796304163126593,-0.0,-0.0
2019-05-06,-0.0,-0.0,-0.0,-1.0390364555328528,-0.0,1.0,-1.9291321647488977,-0.0,-0.23722980965695234,-0.16872782019571994,-0.0,-0.8193354124099365,-0.0,-0.0,-1.9253683191741047,-0.7835251102269061,-2.851489407463168,-0.0,-0.0
2019-05-07,-0.0,-0.0,-0.0,-1.0553957600937467,-0.0,1.0,-2.001597954618089,-0.0,-0.14988814317673377,-0.1476510067114094,-0.0,-0.8295515074038564,-0.0,-0.0,-1.9243634814104613,-0.7815063385533184,-2.7629700649834876,-0.0,-0.0
2019-05-08,-0.0,-0.0,-0.0,-1.006439551308683,-0.0,1.0,-2.0639800581636893,-0.0,-0.08194848358953052,-0.0636684669713336,-0.0,-0.7787702534275032,-0.0,-0.0,-1.9902368093061904,-0.6662858329871209,-2.7350436227669297,-0.0,-0.0
2019-05-09,-0.0,-0.0,-0.0,-0.8867082961641392,-0.0,1.0,-2.185350381603727,-0.0,-0.06204777480424225,-0.09951432252948757,-0.0,-0.8224799286351472,-0.0,-0.0,-1.848746159183269,-0.5300822678164337,-2.476955099613441,-0.0,-0.0
2019-05-10,-0.0,-0.0,-0.0,-0.8887790410281758,-0.0,1.0,-2.1623331685615423,-0.0,-0.04043499752842313,-0.09144834404349975,-0.0,-0.8547701433514582,-0.0,-0.0,-1.822441917943648,-0.5420662382600099,-2.4840336134453778,-0.0,-0.0
2019-05-13,-0.0,-0.0,-0.0,-0.8609587193092904,-0.0,1.0,-2.0800431693497616,-0.0,-0.0,-0.0,-0.0,-0.9436999730191564,-0.0,-0.0,-1.5426747009623167,-0.3315945678568217,-2.2346434031837394,-0.0,-0.0
2019-05-14,-0.0,-0.0,-0.0,-0.7895160568923876,-0.0,1.0,-2.048662671079703,-0.0,-0.0,-0.0,-0.0,-0.922175507648269,-0.0,-0.0,-1.558100008945344,-0.35906610609177925,-2.2679130512568206,-0.0,-0.0
2019-05-15,-0.0,-0.0,-0.0,-0.781916785206259,-0.0,1.0,-2.0448079658605978,-0.0,-0.0,-0.0,-0.0,-0.9155405405405406,-0.0,-0.0,-1.5561877667140827,-0.33961593172119486,-2.252400426742532,-0.0,-0.0
2019-05-16,-0.0,-0.0,-0.0,-0.6942191544434858,-0.0,1.0,-1.7874892148403796,-0.0,-0.0,-0.0,-0.0,-0.9742018981880931,-0.0,-0.0,-1.5622950819672132,-0.3952545297670405,-2.2147540983606553,-0.0,-0.0
2019-05-17,-0.0,-0.0,-0.0,-0.7064543889845094,-0.0,1.0,-1.6824440619621344,-0.0,-0.0,-0.0,-0.0,-1.017814113597246,-0.0,-0.0,-1.6608433734939758,-0.4582616179001721,-2.0798623063683306,-0.0,-0.0
2019-05-20,-0.0,-0.0,-0.0,-0.6442182197859566,-0.0,1.0,-1.6933785782650308,-0.0,-0.0,-0.0,-0.0,-1.040894457495867,-0.0,-0.0,-1.6965109196902461,-0.4416601409553641,-2.184286087183503,-0.0,-0.0
2019-05-21,-0.0,-0.0,-0.0,-0.6210251954821895,-0.0,1.0,-1.7025195482189401,-0.0,-0.0,-0.0,-0.0,-1.0628149435273675,-0.0,-0.0,-1.6617723718505648,-0.45960034752389234,-2.180278019113814,-0.0,-0.0
2019-05-22,-0.0,-0.0,-0.0,-0.5869527298098727,-0.0,1.0,-1.7066108494679924,-0.0,-0.0,-0.0,-0.0,-1.1110238967381825,-0.0,-0.0,-1.6565497994069422,-0.44496773068201645,-2.215419501133787,-0.0,-0.0
2019-05-23,-0.0,-0.0,-0.0,-0.5516188149053146,-0.0,1.0,-1.678942316083428,-0.0,-0.0,-0.0,-0.0,-1.1279343747272887,-0.0,-0.0,-1.6996247491055065,-0.45003927044244696,-2.2186054629548826,-0.0,-0.0
2019-05-24,-0.0,-0.0,-0.0,-0.5287457210567893,-0.0,1.0,-1.7186869130167648,-0.0,-0.0,-0.0,-0.0,-1.139383832177653,-0.0,-0.0,-1.7048187483542527,-0.4687088563152813,-2.2169753357324673,-0.0,-0.0
2019-05-28,-0.0,-0.0,-0.0,-0.48697011813759555,-0.0,1.0,-1.6915392633773452,-0.0,-0.0,-0.0,-0.0,-1.1851111883252259,-0.0,-0.0,-1.6500173731758165,-0.46534051424600414,-2.207609451007644,-0.0,-0.0
2019-05-29,-0.0,-0.0,-0.0,-0.5364444061071336,-0.0,1.0,-1.6854998706115758,-0.0,-0.0,-0.0,-0.0,-1.183817821098939,-0.0,-0.0,-1.5039247821961528,-0.5071163633226947,-2.209091693263176,-0.0,-0.0
2019-05-30,-0.0,-0.0,-0.0,-0.5802988663689455,-0.0,1.0,-1.7587598763311576,-0.0,-0.0,-0.0,-0.0,-1.1789762968052218,-0.0,-0.0,-1.4200446581930608,-0.4537100652696668,-2.1961525249055307,-0.0,-0.0
2019-05-31,-0.0,-0.0,-0.0,-0.630308293530178,-0.0,1.0,-1.599826313504125,-0.0,-0.0,-0.0,-0.0,-1.4674772036474164,-0.0,-0.0,-1.4261398176291793,-0.5173252279635258,-2.043161094224924,-0.0,-0.0
2019-06-03,-0.0,-0.0,-0.0,-0.5914268324493522,-0.0,1.0,-1.6356838535779499,-0.0,-0.0,-0.0,-0.0,-1.4330927745413442,-0.0,-0.0,-1.3137118511433787,-0.6548126249891314,-2.0661681592904966,-0.0,-0.0
2019-06-04,-0.0,-0.0,-0.0,-0.4517973856209151,-0.0,1.0,-1.7941176470588238,-0.0,-0.0,-0.2737835875090777,-0.0,-1.4641430646332607,-0.0,-0.0,-1.2389251997095134,-0.7995642701525055,-2.0552832244008714,-0.0,-0.0
2019-06-05,-0.0,-0.0,-0.0,-0.3421772428884026,-0.0,1.0,-1.8600474106491611,-0.0,-0.0,-0.23577680525164116,-0.0,-1.3930525164113787,-0.0,-0.0,-1.2717906637490883,-0.9439277899343544,-2.0707512764405545,-0.0,-0.0
2019-06-06,-0.0,-0.0,-0.0,-0.4624133641371957,-0.0,1.0,-1.755553580948996,-0.0,-0.0,-0.3221076950417629,-0.0,-1.2815887684378886,-0.0,-0.0,-1.320508263728452,-0.7982050826372844,-1.9453527634618804,-0.0,-0.0
2019-06-07,-0.0,-0.0,-0.0,-0.43567692171291783,-0.0,1.0,-1.7165528858941397,-0.0,-0.0,-0.29789874988917453,-0.0,-1.3013565032361025,-0.0,-0.0,-1.3008245411827288,-0.884298253391258,-1.929426367585779,-0.0,-0.0
2019-06-10,-0.0,-0.0,-0.0,-0.42199964545293384,-0.0,1.0,-1.716185073568516,-0.0,-0.0,-0.29223541925190566,-0.0,-1.2806240028363765,-0.0,-0.0,-1.3289310405956392,-0.8900904095018614,-1.9335224251019323,-0.0,-0.0
2019-06-11,-0.0,-0.0,-0.0,-0.42727842996684295,-0.0,1.0,-1.7972936643068376,-0.0,-0.0,-0.28470293037010486,-0.0,-1.2688412940227618,-0.0,-0.0,-1.4123129312662426,-0.8660274218119904,-1.9048301819159423,-0.0,-0.0
2019-06-12,-0.0,-0.0,-0.0,-0.44178454842219805,-0.0,1.0,-1.9254129983183303,-0.0,-0.0,-0.2740132555148877,-0.0,-1.340785438717974,-0.0,-0.0,-1.5752299930754772,-1.1358195667227224,-2.199129488574538,-0.0,-0.0
2019-06-13,-0.0,-0.0,-0.0,-0.3919093529470231,-0.0,1.0,-1.9203856475499452,-0.0,-0.0,-0.25713149786303546,-0.0,-1.3988669118377894,-0.0,-0.0,-1.6976443693469834,-1.072954974654607,-2.2004770897525097,-0.0,-0.0
2019-06-14,-0.0,-0.0,-0.0,-0.37537688442211053,-0.0,1.0,-1.9417085427135679,-0.0,-0.0,-0.29236180904522613,-0.0,-1.4169849246231156,-0.0,-0.0,-1.7475376884422111,-1.1340703517587938,-2.142211055276382,-0.0,-0.0
2019-06-17,-0.0,-0.0,-0.0,-0.27176220806794055,-0.0,1.0,-2.05489839247801,-0.0,-0.0,-0.2873319179051663,-0.0,-1.3158426852694367,-0.0,-0.0,-1.9579415630371044,-1.1909817005358407,-1.9411586290567182,-0.0,-0.09028409665352341
2019-06-18,-0.0,-0.0,-0.0,-0.07381316998468607,-0.0,1.0,-2.041653905053599,-0.0,-0.0,-0.46554364471669224,-0.0,-1.3897907095456867,-0.0,-0.0,-1.924042879019908,-1.3510974987238389,-1.8504338948443084,-0.0,-0.11301684532924962
2019-06-19,-0.0,-0.0,-0.0,-0.5627218934911242,-0.0,1.0,-2.005207100591716,-0.015857988165680473,-0.0,-0.3751479289940828,-0.06662721893491123,-1.4252071005917157,-0.0,-0.0,-1.981420118343195,-1.774319526627219,-2.6276923076923073,-0.0,-0.0
2019-06-20,-0.0,-0.0,-0.0,-0.14133114215283482,-0.0,1.0,-2.3430566967953985,-0.0,-0.0,-0.5353327855382087,-0.6040810736784443,-1.6705012325390305,-0.0,-0.0,-2.0554642563681185,-2.437962202136401,-2.58970145165708,-0.0,-0.31772117228156666
2019-06-21,-0.0,-0.0,-0.0,-0.23100712652951458,-0.0,1.0,-2.463493344090359,-0.0,-0.0,-0.5562726906010488,-0.40809466182600507,-1.7484200618528976,-0.0,-0.0,-1.9849401640446416,-2.262740352292591,-2.5320693828156515,-0.0,-0.25924431894581146
2019-06-24,-0.0,-0.0,-0.0,-0.22724225767529158,-0.0,1.0,-2.467623005764848,-0.0,-0.0,-0.5693792733610403,-0.4224426866872235,-1.738034589087009,-0.0,-0.0,-1.9746614827724895,-2.227912588818876,-2.540823166644322,-0.0,-0.23850382088751843
2019-06-25,-0.0,-0.0,-0.0,-0.23857736240913813,-0.0,1.0,-2.3638369678089304,-0.0,-0.0,-0.6410955347871237,-0.3756490134994808,-1.6661474558670821,-0.0,-0.0,-1.9748182762201454,-2.120067497403946,-2.44898753894081,-0.0,-0.1508307372793354
2019-06-26,-0.0,-0.0,-0.0,-0.3578877887788779,-0.0,1.0,-2.571089108910891,-0.0,-0.0,-0.4885808580858086,-0.27366336633663363,-1.6648184818481848,-0.0,-0.0,-2.0605940594059406,-2.2423762376237626,-2.4706270627062707,-0.0,-0.07168316831683168
2019-06-27,-0.0,-0.0,-0.0,-0.30124732266599474,-0.0,1.0,-2.6884213178782916,-0.0,-0.0,-0.41514426105581453,-0.34232077611188105,-1.5935491999496034,-0.0,-0.0,-1.7258409978581328,-1.7955146780899585,-2.2638276426861537,-0.0,-0.4733526521355676
2019-06-28,-0.0,-0.0,-0.0,-0.0,-0.0,1.0,-3.2244334689134226,-0.0,-0.0,-0.7476757699012203,-0.5309413131900058,-1.9898314933178385,-0.0,-0.0,-2.025857059848925,-1.7267576990122022,-2.775421266705404,-0.0,-0.5056653108657757
2019-07-01,-0.0,-0.0,-0.0,-0.0,-0.0,1.0,-3.1734520780322306,-0.0,-0.0,-0.7599660729431722,-0.4710206389595703,-1.9821882951653946,-0.0,-0.0,-2.0486287814532087,-1.6232683064744133,-2.712750918857789,-0.0,-0.3648572236358496
2019-07-02,-0.0,-0.0,-0.0,-0.2677897182689515,-0.0,1.0,-3.069561428986349,-0.0,-0.0,-0.8319779262271274,-0.5365959918675572,-1.8080162648852744,-0.0,-0.0,-2.034708103398199,-1.7862329363926805,-2.8250072611094974,-0.0,-0.3624745861167586
2019-07-03,-0.0,-0.0,-0.0,-0.32069165940133676,-0.0,1.0,-3.0504213891310665,-0.0,-0.0,-0.7714327230456262,-0.6437082243533856,-1.8131357163615227,-0.0,-0.0,-2.05521650682941,-1.6809067131647777,-2.8301365882011043,-0.0,-0.36486486486486486
2019-07-05,-0.0,-0.0,-0.0,-0.524567280848688,-0.0,1.0,-2.874232272473479,-0.0,-0.0,-0.8168620882188722,-0.6662479061976551,-1.6951423785594641,-0.0,-0.0,-1.8196538246789504,-1.6472640982691236,-2.8093243997766613,-0.0,-0.10538805136795087
2019-07-08,-0.0,-0.0,-0.0,-0.5505043526323061,-0.0,1.0,-2.8339090783473813,-0.0,-0.0,-0.847312422274423,-0.6783197457510017,-1.666574547464419,-0.0,-0.0,-1.722813320436645,-1.5744092856155865,-2.8471742434710516,-0.0,-0.09658698355672239
2019-07-09,-0.0,-0.0,-0.0,-0.6005925507900677,-0.0,1.0,-2.9610609480812644,-0.05389390519187359,-0.0,-0.8170146726862303,-0.7020316027088036,-1.4311512415349887,-0.0,-0.0,-1.5799943566591423,-1.3659706546275396,-3.281884875846501,-0.0,-0.3150395033860045
2019-07-10,-0.0,-0.0,-0.0,-0.41076769690927223,-0.0,1.0,-3.0189431704885346,-0.0,-0.0,-0.9461615154536392,-0.673265916536106,-1.5409485828229597,-0.0,-0.0,-1.6016237003275886,-1.3942458339267911,-3.361344537815126,-0.0,-0.29568437544509335
2019-07-11,-0.0,-0.0,-0.0,-0.4492630385487528,-0.0,1.0,-2.921768707482993,-0.0,-0.0,-0.8993764172335602,-0.5958049886621316,-1.73937074829932,-0.0,-0.0,-1.4771825396825398,-1.423327664399093,-3.3983843537414966,-0.0,-0.26799886621315194
2019-07-12,-0.0,-0.0,-0.0,-0.5319208643187877,-0.0,1.0,-2.9257752209905994,-0.0,-0.0,-0.8717552967588045,-0.6036200364809878,-1.6823347832187456,-0.0,-0.0,-1.419811982601375,-1.3750526168093167,-3.3495159253542863,-0.0,-0.2713624245825733
2019-07-15,-0.0,-0.0,-0.0,-0.6790530846484936,-0.0,1.0,-3.012625538020086,-0.0,-0.0,-0.8368723098995696,-0.6639885222381636,-1.6977044476327117,-0.0,-0.0,-1.5094691535150646,-1.3576757532281207,-3.3124820659971306,-0.0,-0.27733142037302727
2019-07-16,-0.0,-0.0,-0.0,-0.7152170691954364,-0.0,1.0,-3.0558601274262855,-0.0,-0.0,-0.9106534301377983,-0.7426285375611202,-1.691361683212328,-0.0,-0.0,-1.6338716846940289,-1.3830197066232037,-3.3659801452066977,-0.0,-0.318565713439028
2019-07-17,-0.0,-0.0,-0.0,-0.7467647058823529,-0.0,1.0,-3.0510294117647057,-0.0,-0.0,-0.8775,-0.6180882352941176,-1.6769117647058824,-0.0,-0.0,-1.7666176470588235,-1.306176470588235,-3.310882352941176,-0.0,-0.3519117647058823
2019-07-18,-0.0,-0.0,-0.01023391812865497,-0.770906432748538,-0.0,1.0,-3.1491228070175437,-0.0,-0.0,-0.8653508771929824,-0.5609649122807018,-1.6144736842105263,-0.0,-0.0,-1.9673976608187134,-1.1915204678362572,-3.2486842105263154,-0.0,-0.2412280701754386
2019-07-19,-0.0,-0.0,-0.0,-0.815481416447176,-0.0,1.0,-3.1278899619549314,-0.0,-0.0,-0.9160081943225052,-0.5636523266022827,-1.5484342990927715,-0.0,-0.0,-1.950395083406497,-1.2095405326309627,-3.232660228270413,-0.0,-0.268510389230319
2019-07-22,-0.0,-0.0,-0.03007187912571513,-1.011001906997213,-0.0,1.0,-3.076133196420713,-0.0,-0.0,-0.8203021857121902,-0.7228986357635324,-1.471615079947191,-0.0,-0.0,-2.039020096816782,-1.0768666568871939,-3.1722165175297055,-0.0,-0.24922986651019516
2019-07-23,-0.0,-0.0,-0.07730746619635508,-1.00352733686067,-0.0,1.0,-3.087889476778366,-0.0,-0.0,-0.8001175778953556,-0.7688124632569077,-1.4822163433274542,-0.0,-0.0,-1.9836860670194003,-1.1271310993533215,-3.1649029982363315,-0.0,-0.2016460905349794
2019-07-24,-0.0,-0.0,-0.5947163014109877,-0.5694986490543381,-0.0,1.0,-3.1441008706094267,-0.0,-0.0,-0.7197538276793756,-0.865355749024317,-1.3537976583608526,-0.0,-0.0,-1.8477934554187931,-1.0190633443410388,-3.3643050135094565,-0.0,-0.5321224857400181
2019-07-25,-0.0,-0.0,-0.29290177856112803,-0.811568658868771,-0.0,1.0,-2.830155423810287,-0.0,-0.0,-1.6215350104149975,-0.90450248357635,-1.1108796667200769,-0.0,-0.0,-2.4119532126261816,-0.754846979650697,-4.016503765422208,-0.0,-0.2682262457939433
2019-07-26,-0.0,-0.0,-0.24739958393342937,-0.8399743959033447,-0.0,1.0,-2.930868939030245,-0.0,-0.0,-1.652104336693871,-0.8574171867498801,-1.0704112658025284,-0.0,-0.0,-2.469995199231877,-0.7049127860457673,-3.984637542006721,-0.0,-0.24483917426788288
2019-07-29,-0.0,-0.0,-0.32648295189163945,-0.8201774871555348,-0.0,1.0,-2.8206445586174684,-0.0,-0.0,-1.4065078623696095,-0.902537754943173,-0.9914370231978827,-0.009341429238673517,-0.0,-2.283668067881053,-0.7443562198349681,-3.886345944262806,-0.0,-0.37770512221703256
2019-07-30,-0.0,-0.0,-0.2822860751499842,-0.7903378591727187,-0.0,1.0,-2.856015156299337,-0.0,-0.0,-1.4564256394063784,-0.9090622039785287,-0.9891064098515946,-0.03946952952320809,-0.0,-2.289390590464162,-0.7538680138932745,-3.96431954531102,-0.0,-0.4575307862330281
2019-07-31,-0.0,-0.0,-0.10618491637740611,-0.8266014515620068,-0.0,1.0,-2.8071946986431047,-0.0,-0.0,-1.6432628589460396,-0.951562006942253,-0.9766487851057114,-0.009940044177974124,-0.0,-2.2964657620700537,-0.8531082360366046,-3.9316819185863046,-0.0,-0.37535500157778473
2019-08-01,-0.0,-0.0,-0.0,-0.672279013830427,-0.0,1.0,-2.762026458208058,-0.0,-0.0,-1.6088394467829226,-0.997294046903187,-1.1044798556825015,-0.0,-0.0,-1.8858989777510524,-0.9036380036079374,-3.8017137702946484,-0.0,-0.29690318701142515
2019-08-02,-0.0,-0.0,-0.0,-0.6385271665918276,-0.0,1.0,-2.835952701691364,-0.0,-0.0,-1.6549917676994463,-0.97425535099536,-1.0510402634336178,-0.0,-0.0,-1.8964226912138904,-0.856757970363718,-3.8179913186648706,-0.0,-0.24173027989821888
2019-08-05,-0.0,-0.0,-0.0,-0.695759065765212,-0.0,1.0,-3.4921122720753943,-0.0,-0.0,-1.9725466093013728,-1.4044253226797787,-1.6441303011677935,-0.0692481048965376,-0.0,-2.7760704773611966,-1.9358737963532064,-5.141159598442942,-0.0,-0.356279450932186
2019-08-06,-0.0,-0.0,-0.0,-0.8423026744944554,-0.0,1.0,-2.698956294846706,-0.0,-0.0,-1.373450750163079,-0.9328114807566863,-1.0940965427266798,-0.15003261578604044,-0.0,-1.9367253750815396,-1.3326810176125246,-4.311643835616438,-0.09996738421395955,-0.5352250489236791
2019-08-07,-0.0,-0.0,-0.0,-1.02455919395466,-0.0,1.0,-2.439861460957179,-0.0,-0.0,-1.3093513853904282,-1.0887909319899245,-0.9653652392947104,-0.01401133501259446,-0.0,-1.992443324937028,-1.3384760705289673,-4.093986146095719,-0.05872166246851386,-0.4176637279596978
2019-08-08,-0.0,-0.0,-0.0,-0.8534909290819132,-0.0,1.0,-2.2182517866959865,-0.0,-0.0,-1.2784496976360638,-0.9984881803188566,-0.8800164925783397,-0.0,-0.0,-1.4050302363936227,-1.2171522814733369,-3.591808686091259,-0.07421660252886202,-0.22691039032435403
2019-08-09,-0.0,-0.0,-0.0,-0.7205396475770925,-0.0,1.0,-2.073513215859031,-0.06745594713656387,-0.0,-1.2102147577092512,-0.7896475770925111,-0.9873348017621146,-0.12045704845814979,-0.0,-1.5857654185022028,-1.123898678414097,-3.6792400881057272,-0.28276431718061673,-0.12582599118942733
2019-08-12,-0.0,-0.0,-0.0,-0.6538251366120218,-0.0,1.0,-2.0670765027322404,-0.0,-0.0,-1.1673497267759563,-0.7734972677595627,-1.0603825136612022,-0.1366120218579235,-0.0,-1.548087431693989,-1.1433060109289617,-3.6483606557377053,-0.36338797814207646,-0.09918032786885246
2019-08-13,-0.0,-0.0,-0.0,-0.6341266639774102,-0.0,1.0,-2.044910582224015,-0.0,-0.0,-1.1750705929810406,-0.7863385773833534,-0.9737797498991528,-0.14239612747075434,-0.0,-1.5401371520774505,-1.18192819685357,-3.6036036036036037,-0.3381739948904128,-0.025682398816727174
2019-08-14,-0.0,-0.0,-0.0,-0.6206469373709566,-0.0,1.0,-2.103647625602202,-0.0,-0.0,-1.147969717825189,-0.8653819683413626,-1.0104611149346179,-0.1446662078458362,-0.0,-1.4849277357192017,-1.3482450103234684,-3.800825877494838,-0.2377150722642808,-0.0
2019-08-15,-0.0,-0.0,-0.0,-0.6214502707700437,-0.0,1.0,-1.9646017699115046,-0.0,-0.0,-0.973319244485537,-0.6701888786157707,-0.7145687491744817,-0.26839255052172767,-0.0,-1.651961431779157,-1.303394531765949,-3.938449346189407,-0.10196803592656188,-0.0
2019-08-16,-0.0,-0.0,-0.0,-0.8196282925524804,-0.0,1.0,-1.9973258457012972,-0.0,-0.0,-0.9851584436421982,-0.7411418638855463,-0.547934215804252,-0.3176895306859206,-0.0,-1.4499264607567857,-1.2188795293488435,-4.029950528145474,-0.1433346704104827,-0.11980211258189598
2019-08-19,-0.0,-0.0,-0.0,-0.715433864596104,-0.0,1.0,-2.1578803977659717,-0.0,-0.0,-0.9651273668437542,-0.797166598556055,-0.516278436180357,-0.18553330608908866,-0.0,-1.4436725241792672,-1.2930118512464241,-4.191118376243018,-0.07464923035008854,-0.28225037460836394
2019-08-20,-0.0,-0.0,-0.0,-0.6029113924050633,-0.0,1.0,-2.1039240506329113,-0.0,-0.0,-0.9286075949367087,-0.510506329113924,-0.5443037974683543,-0.18126582278481013,-0.0,-1.3635443037974684,-1.2255696202531645,-3.8006329113924053,-0.12278481012658228,-0.2741772151898734
2019-08-21,-0.0,-0.0,-0.0,-0.5437793874698184,-0.0,1.0,-2.0693861990087687,-0.0,-0.0,-0.862498411488118,-0.5300546448087432,-0.3889947896810268,-0.24996822976235863,-0.0,-1.1804549498030246,-1.1748633879781423,-3.9730588384801115,-0.12581014105985514,-0.6093531579616216
2019-08-22,-0.0,-0.0,-0.0,-0.4378676010511826,-0.0,1.0,-2.078963834313603,-0.0,-0.0,-0.9081466649981229,-0.587911400325366,-0.4372418971342761,-0.23401326492303845,-0.0,-1.156050556876486,-1.145663871855838,-3.8819922412714303,-0.20698285571267677,-0.43924414966837694
2019-08-23,-0.0,-0.0,-0.0,-0.44575590155700645,-0.0,1.0,-2.0754645906579605,-0.0,-0.0,-0.9069563033651431,-0.588774485183325,-0.46007031642390755,-0.2275238573581115,-0.0,-1.1767955801104972,-1.1739075841285787,-3.89251632345555,-0.172149673530889,-0.436338523355098
2019-08-26,-0.0,-0.0,-0.0,-0.29688961646398504,-0.0,1.0,-2.003507951356408,-0.0,-0.0,-0.8110383536014968,-0.41814780168381666,-0.544200187090739,-0.18486903648269412,-0.0,-1.1366931711880264,-1.205799812909261,-3.6782039289055195,-0.053905519176800754,-0.3599158091674462
2019-08-27,-0.0,-0.0,-0.0,-0.31397522785697596,-0.0,1.0,-2.033886422061229,-0.0,-0.0,-0.6690815611124094,-0.49462491236270156,-0.5156578639869128,-0.23825660200981535,-0.0,-1.0380930123860714,-1.2584716055153073,-3.6156812339331617,-0.14395886889460152,-0.3634026641738724
2019-08-28,-0.0,-0.0,-0.0,-0.3209467184998857,-0.0,1.0,-1.993597072947633,-0.0,-0.0,-0.6528698833752573,-0.43654241939172195,-0.5436771095357879,-0.16556139949691287,-0.0,-1.0556825977589754,-1.2203292933912646,-3.4427166704779326,-0.1622455979876515,-0.4394008689686714
2019-08-29,-0.0,-0.0,-0.0,-0.34520265628577973,-0.0,1.0,-2.025188916876574,-0.0,-0.0,-0.706320128234486,-0.4049690863292878,-0.5587359743531028,-0.1566292649416075,-0.0,-1.012708953514999,-1.2152507442179985,-3.500228990153423,-0.1379665674376002,-0.3861918937485688
2019-08-30,-0.0,-0.0,-0.0,-0.3410002359046945,-0.0,1.0,-2.082448690728946,-0.0,-0.0,-0.7367303609341826,-0.484548242510026,-0.5254777070063694,-0.0,-0.0,-1.3230714791224347,-1.3444208539749942,-3.452111347015806,-0.15392781316348197,-0.35161594715734845
2019-09-03,-0.0,-0.0,-0.0,-0.31806827643630303,-0.0,1.0,-2.0884976805043416,-0.0,-0.0,-0.737837516355418,-0.5045795170691091,-0.517901748542881,-0.0,-0.0,-1.3247293921731889,-1.357440228381111,-3.5016058046865703,-0.16783632687046507,-0.3764719876293564
2019-09-04,-0.0,-0.0,-0.0,-0.3277631893053235,-0.0,1.0,-2.1890666030078783,-0.0,-0.0,-0.7964908092623538,-0.47803771783241833,-0.5401050370016711,-0.12604440200525185,-0.0,-1.3100978753879209,-1.2257101933635715,-3.3472189066603013,-0.3727619957030318,-0.2228455478634519
2019-09-05,-0.0,-0.0,-0.0,-0.29614389842464145,-0.0,1.0,-2.136727016223842,-0.0,-0.0,-0.7158476369621444,-0.44991770514930635,-0.5821772866212086,-0.09017164354573243,-0.0,-1.262167881495415,-1.196684693157771,-3.328121326122737,-0.43592758053138964,-0.2626381377850929
2019-09-06,-0.0,-0.0,-0.0,-0.27492944496707433,-0.0,1.0,-2.1317027281279395,-0.0,-0.0,-0.7180150517403575,-0.4368532455315146,-0.6125352775164628,-0.09971777986829726,-0.0,-1.2127234242709313,-1.1575729068673564,-3.3307855126999057,-0.4722483537158984,-0.3119708372530574
2019-09-09,-0.0,-0.0,-0.0,-0.27503228078412956,-0.0,1.0,-2.131588214579176,-0.0,-0.0,-0.7538443479281606,-0.42070665571076415,-0.6041788942364127,-0.09942481511914544,-0.0,-1.2119967132292522,-1.1603474586219038,-3.325038150017608,-0.4752905270571663,-0.28066674492311305
2019-09-10,-0.0,-0.0,-0.0,-0.3711511132164851,-0.0,1.0,-2.0734249171009003,-0.0,-0.0,-0.7672903837044055,-0.46316911416390333,-0.699786830885836,-0.08041212695405021,-0.0,-1.190312648034107,-1.1776409284699194,-3.446470866887731,-0.3585978209379441,-0.21435338702036952
2019-09-11,-0.0,-0.0,-0.0,-0.5338507462686567,-0.0,1.0,-1.9503283582089552,-0.0,-0.0,-0.7855522388059701,-0.477731343283582,-0.6860895522388059,-0.1445970149253731,-0.0,-1.1658507462686567,-1.0814328358208953,-3.567522388059701,-0.4336716417910447,-0.11367164179104478
2019-09-12,-0.0,-0.0,-0.0,-0.6279603673272113,-0.0,1.0,-2.130376993716771,-0.12397293378443693,-0.0,-0.83252779120348,-0.5088206863218947,-0.346423392943451,-0.12941034316094732,-0.0,-1.1518849685838568,-1.2433542774287096,-3.527428709521508,-0.2067423876268729,-0.2541082648622523
2019-09-13,-0.0,-0.0,-0.0,-0.6310056880067773,-0.0,1.0,-2.076122473677841,-0.10456250756383881,-0.0,-0.7859131066198717,-0.5389083867844608,-0.44475372140868935,-0.13457581992012588,-0.0,-1.079632094880794,-1.296139416676752,-3.4223647585622654,-0.31126709427568683,-0.276775989350115
2019-09-16,-0.0,-0.0,-0.0,-0.602920057443753,-0.0,1.0,-2.0393729056965055,-0.08508855911919579,-0.0,-0.7829104834849211,-0.5424844423168981,-0.5017951172809958,-0.1543800861656295,-0.0,-1.0534944949736715,-1.2573001436093825,-3.3822403063666826,-0.3407132599329823,-0.22486835806606034
2019-09-17,-0.0,-0.0,-0.0,-0.5353511744770364,-0.0,1.0,-1.9947411475984576,-0.057263059483463837,-0.0,-0.7825172373495385,-0.5729811849947412,-0.4850999181956293,-0.18020334229285967,-0.0,-0.9816524482879515,-1.2833937127497956,-3.279537220988664,-0.3372677340189319,-0.19633048965759028
2019-09-18,-0.0,-0.0,-0.0,-0.4204190299803218,-0.0,1.0,-1.9025350156268088,-0.11656441717791413,-0.0,-0.8215071188795,-0.6029633059381873,-0.516263456418567,-0.13242273411274455,-0.0,-0.9906239148049544,-1.2450515105915037,-3.281282555851372,-0.4108114365088552,-0.13508507929158467
2019-09-19,-0.0,-0.0,-0.0,-0.3634619724667118,-0.0,1.0,-1.8273527420446851,-0.18900925299029564,-0.0,-0.8992326788535319,-0.5590160234709998,-0.44583615436696006,-0.13179869104039718,-0.0,-0.9060031595576619,-1.1040397201534642,-3.3668472128187767,-0.3854660347551343,-0.10607086436470323
2019-09-20,-0.0,-0.0,-0.0,-0.34754990925589835,-0.0,1.0,-1.8306488203266789,-0.20394736842105263,-0.0,-0.8901996370235934,-0.5509301270417423,-0.4340970961887477,-0.16651542649727769,-0.0,-0.9252495462794919,-1.0907441016333939,-3.3880444646098002,-0.40721415607985484,-0.1078720508166969
2019-09-23,-0.0,-0.0,-0.0,-0.3399048266485384,-0.0,1.0,-1.8295943802401995,-0.20858826195331973,-0.0,-0.8927033763879446,-0.5470201676863812,-0.4502605937004305,-0.17697711307500566,-0.0,-0.9118513482891456,-1.0903013822796284,-3.379333786539769,-0.4070926807160661,-0.09641966915930206
2019-09-24,-0.0,-0.0,-0.0,-0.32479114924362157,-0.0,1.0,-1.821404380221269,-0.20399638744637613,-0.0,-0.8997516369383607,-0.539286520659291,-0.4566493565138857,-0.18435312711673063,-0.0,-0.8858658839467147,-1.105215624294423,-3.368367577331226,-0.40020320614134114,-0.09923233235493338
2019-09-25,-0.0,-0.0,-0.0,-0.2990558525764987,-0.0,1.0,-1.847116369013764,-0.1717665794562621,-0.0,-0.9173017859174155,-0.5906040268456376,-0.4610396996928677,-0.19747469002388807,-0.0,-0.9026276874075759,-1.1249004663860767,-3.360482311454897,-0.4327152769878284,-0.07007166420202479
2019-09-26,-0.0,-0.0,-0.0,-0.2897450424929178,-0.0,1.0,-1.8378470254957509,-0.15240793201133146,-0.0,-0.9062889518413598,-0.6005665722379604,-0.45960339943342776,-0.19988668555240793,-0.0,-0.9166005665722381,-1.1146742209631728,-3.3340509915014165,-0.438300283286119,-0.08135977337110482
2019-09-27,-0.0,-0.0,-0.0,-0.32970595045149337,-0.0,1.0,-1.8104885390136607,-0.13834220884463996,-0.0,-0.9027552674230145,-0.7608242648761288,-0.39268349154896964,-0.11460986339430425,-0.0,-0.8682565408659412,-1.109863394304237,-3.4832137068765916,-0.504630701551285,-0.16114841398471869
2019-09-30,-0.0,-0.0,-0.0,-0.3750144860354618,-0.0,1.0,-1.7634720129794876,-0.07984702746552323,-0.0,-0.8579209641905202,-0.7765673890369683,-0.46865221926063266,-0.0997798122609804,-0.0,-0.8780855255533665,-1.103024684204427,-3.502028044964654,-0.5144280913199675,-0.16977633561246958
2019-10-01,-0.0,-0.0,-0.0,-0.4203954214360042,-0.0,1.0,-1.7519944502254596,-0.07480633599260031,-0.0,-0.7975488495779859,-0.7858711989825414,-0.471037114117239,-0.13041970169961845,-0.0,-0.8456468955948665,-1.1292634986703667,-3.4642155162446526,-0.49577985894323046,-0.1950514510348017
2019-10-02,-0.0,-0.0,-0.0,-0.3331783306207859,-0.0,1.0,-1.7520344106021857,-0.07568007440130202,-0.0,-0.8386421762380841,-0.7607533131829807,-0.34863985119739593,-0.0,-0.0,-1.0072076261334573,-1.0094164147872589,-3.5991629853522435,-0.5173215531271798,-0.3832829574517554
2019-10-03,-0.0,-0.043487738419618525,-0.0,-0.3542234332425068,-0.0,1.0,-1.7453950953678474,-0.011553133514986377,-0.0,-0.8681198910081744,-0.622125340599455,-0.34365122615803817,-0.005776566757493188,-0.0,-0.6987465940054496,-1.1174931880108991,-3.336457765667575,-0.4083923705722071,-0.3437602179836512
2019-10-04,-0.0,-0.0,-0.0,-0.258182578688696,-0.0,1.0,-1.6935062218968944,-0.0,-0.0,-0.9105929101746314,-0.5145874725504548,-0.5647809264875039,-0.1053016835721008,-0.0,-0.5871588413677715,-1.1382411377182893,-3.2342361183728956,-0.16051448290285475,-0.2898671964864582
2019-10-07,-0.0,-0.021828243492518957,-0.0,-0.3252715720434515,-0.0,1.0,-1.5585160893625742,-0.0,-0.0,-0.8704652592744415,-0.5521623283459725,-0.43400286944045907,-0.13814306210288993,-0.0,-0.45449887271981965,-1.3085673293707727,-3.1474687435949993,-0.04468128714900595,-0.39229350276696046
2019-10-08,-0.0,-0.03834355828220859,-0.0,-0.2697341513292434,-0.0,1.0,-1.4625766871165644,-0.0,-0.0,-0.8751533742331289,-0.5393660531697342,-0.25869120654396727,-0.15010224948875256,-0.0,-0.28445807770961146,-1.518200408997955,-3.1185071574642125,-0.35623721881390596,-0.3534764826175869
2019-10-09,-0.0,-0.1016679904686259,-0.0,-0.28544479745830026,-0.0,1.0,-1.4924543288324068,-0.0,-0.0,-0.7553613979348689,-0.5137013502779985,-0.11725575853852263,-0.07456314535345512,-0.0,-0.12351072279586973,-1.585782366957903,-2.9352660841938047,-0.5576846703733122,-0.3857227958697379
2019-10-10,-0.0,-0.10290341694647442,-0.0,-0.28609520047402726,-0.0,1.0,-1.4862729606952398,-0.0,-0.0,-0.7614062808611495,-0.5009875567845151,-0.10803871222595299,-0.09154651392455067,-0.0,-0.10655737704918032,-1.5907564684969386,-2.9199091447758243,-0.5490815721904009,-0.37191388504839024
2019-10-11,-0.0,-0.16573705179282866,-0.0,-0.2093625498007968,-0.0,1.0,-1.497410358565737,-0.0,-0.0,-0.7787848605577689,-0.5138446215139442,-0.06145418326693227,-0.08316733067729083,-0.0,-0.1609561752988048,-1.5662350597609562,-3.00199203187251,-0.551593625498008,-0.36962151394422305
2019-10-14,-0.0,-0.20507399577167018,-0.0,-0.12101077217356286,-0.0,1.0,-1.5708245243128964,-0.0,-0.0,-0.7687506292157454,-0.5021645021645021,-0.0561763817577771,-0.0640289942615524,-0.0,-0.11668176784455854,-1.6256921373200444,-3.027484143763213,-0.604852511829256,-0.40481224202154437
2019-10-15,-0.0,-0.21267422039506667,-0.0,-0.11390755038604232,-0.0,1.0,-1.5653263812293192,-0.0,-0.0,-0.7495237140278752,-0.4803970720946556,-0.0832247067081119,-0.05194023864433971,-0.0,-0.0950566529630001,-1.6522611049834555,-2.997593502456633,-0.6036298004612454,-0.42153815301313546
2019-10-16,-0.0,-0.19106224150105922,-0.0,-0.09321093513568042,-0.0,1.0,-1.5483708261878342,-0.0,-0.0,-0.7848280036315949,-0.4817915868052053,-0.1275093311812771,-0.016947442751941894,-0.0,-0.035609805306163624,-1.66286694239887,-3.0203772823565016,-0.710178553414708,-0.41501059215172004
2019-10-17,-0.0,-0.2331356187795315,-0.0,-0.08062732482155423,-0.0,1.0,-1.5148285915351363,-0.0,-0.0,-0.7827485674072584,-0.39589826078214535,-0.14838644817532926,-0.033175831909118325,-0.0,-0.06916658288931336,-1.6598974565195537,-2.9836131496933747,-0.729064039408867,-0.42263999195737406
2019-10-18,-0.0,-0.14148462783171523,-0.0,-0.09162621359223301,-0.0,1.0,-1.5584546925566343,-0.0,-0.0,-0.6928600323624596,-0.4515574433656958,-0.08808656957928804,-0.026800161812297735,-0.0,-0.0,-1.720165857605178,-3.0169902912621356,-0.7366504854368933,-0.5884911003236246
2019-10-21,-0.0,-0.13824,-0.0,-0.0,-0.0,1.0,-1.72896,-0.0,-0.0,-0.50336,-0.5198933333333333,-0.0,-0.23637333333333332,-0.0,-0.02208,-1.7355733333333332,-3.302293333333333,-0.8490666666666667,-0.6308266666666666
2019-10-22,-0.0,-0.1501366867140514,-0.0,-0.0,-0.0,1.0,-1.8911973756150902,-0.0,-0.0,-0.43794423182066705,-0.5783488244942592,-0.0,-0.14838709677419354,-0.0,-0.10738108255877529,-1.6338983050847458,-3.4472389283761613,-0.786659376708584,-0.753635866593767
2019-10-23,-0.0,-0.11912328767123287,-0.0,-0.0,-0.0,1.0,-1.912109589041096,-0.0,-0.0,-0.4606027397260274,-0.6128219178082192,-0.0,-0.13797260273972603,-0.0,-0.10684931506849316,-1.6293698630136988,-3.46586301369863,-0.7601095890410959,-0.753972602739726
2019-10-24,-0.0,-0.2117790324366213,-0.0,-0.0,-0.0,1.0,-1.8480017712830732,-0.0,-0.0,-0.4102734418244216,-0.5855197608767851,-0.0,-0.14646296911325143,-0.0,-0.12299346839366768,-1.6663345510904461,-3.517768183327798,-0.7322041403741837,-0.8290711834385033
2019-10-25,-0.0,-0.19438810006761326,-0.0,-0.0,-0.0,1.0,-1.828262339418526,-0.0,-0.0,-0.35001126887536627,-0.5684020734730674,-0.0,-0.2782285327924273,-0.0,-0.14638269100743745,-1.6848095560063105,-3.681541582150101,-0.6050259184133424,-0.9318233040342574
2019-10-28,-0.0,-0.2382630442196203,-0.0,-0.0,-0.0,1.0,-1.7237694668637034,-0.007729907923155621,-0.0,-0.4113902466750028,-0.46538592702057513,-0.0,-0.5058542685006252,-0.0,-0.11515289303171534,-1.814027509378197,-3.4720927588950774,-0.8607479822666817,-0.752983971808571
2019-10-29,-0.0,-0.3209090909090909,-0.0,-0.0,-0.0,1.0,-1.7387500000000002,-0.19,-0.0,-0.46193181818181817,-0.3385227272727273,-0.0,-0.42954545454545456,-0.0,-0.09875,-1.7082954545454545,-3.4860227272727276,-0.9410227272727273,-0.65
2019-10-30,-0.0,-0.3109367894497499,-0.0,-0.0,-0.0,1.0,-1.7088449295134152,-0.22908140063665305,-0.0,-0.5014779445202365,-0.3215097771714416,-0.0,-0.4125738972260119,-0.0,-0.11891768985902684,-1.6948613005911777,-3.5238744884038202,-0.8606184629376991,-0.6862210095497954
2019-10-31,-0.0,-0.36847195357833656,-0.0,-0.0,-0.0,1.0,-1.5904792606920266,-0.2018052869116699,-0.0,-0.5752202879862455,-0.3653556845046207,-0.0,-0.37545669460563075,-0.0,-0.2349022136256179,-1.5538362346872985,-3.481947130883301,-0.5141843971631205,-0.48409628196862237
2019-11-01,-0.0,-0.3912620309289499,-0.0,-0.0,-0.0,1.0,-1.5886233372985834,-0.2033091813561155,-0.0,-0.5788904509570671,-0.338812587866335,-0.0,-0.3986157672758732,-0.0,-0.26505893803395697,-1.5609386828160485,-3.4271655672109875,-0.5474207851194982,-0.5142208283767709
2019-11-04,-0.0,-0.39047310434219057,-0.0,-0.0,-0.0,1.0,-1.6023979261179522,-0.20522791099589544,-0.0,-0.5715057247785699,-0.3332253186433355,-0.0,-0.3654136962626917,-0.0,-0.2748973860445021,-1.5689133722186217,-3.396305897602074,-0.5625405055087492,-0.5305681572693887
2019-11-05,-0.0,-0.3448349764252036,-0.0,-0.0,-0.0,1.0,-1.5672953279039863,-0.2168881268752679,-0.0,-0.602764680668667,-0.3793399057008144,-0.0,-0.3777325332190313,-0.0,-0.26275182168881267,-1.5608658379768539,-3.34612087441063,-0.5534719245606515,-0.503643377625375
2019-11-06,-0.0,-0.3763107211641344,-0.0,-0.0,-0.0,1.0,-1.5901990156216563,-0.09308795206505456,-0.0,-0.6341750481489408,-0.3849775304943291,-0.029745345602396746,-0.4112989514230687,-0.0,-0.45046008987802266,-1.384870532848277,-3.309544190027819,-0.489942221271132,-0.545153006633854
2019-11-07,-0.0,-0.4501122874558871,-0.0,-0.0,-0.0,1.0,-1.5342744091541012,-0.04245535236873062,-0.0,-0.6462410437386376,-0.4299005453962143,-0.0,-0.41963426371511064,-0.0,-0.4862581542081061,-1.395358785156668,-3.2776173671265103,-0.4638006630306919,-0.5483905464656187
2019-11-08,-0.0,-0.42129285638467256,-0.0,-0.0,-0.0,1.0,-1.5565226621377772,-0.0930899055301985,-0.0,-0.7450376817747585,-0.438700774864664,-0.0,-0.4031419169939497,-0.0,-0.5011145313660971,-1.4445387963061245,-3.124084492092135,-0.4678908820719669,-0.4192760853412589
2019-11-11,-0.0,-0.4441709554710226,-0.0,-0.0,-0.0,1.0,-1.6799060192436788,-0.11915417319310807,-0.0,-0.7458044305213694,-0.5220407249944059,-0.0,-0.4377936898635041,-0.0,-0.4583799507719848,-1.5709330946520474,-3.351420899530096,-0.41631237413291566,-0.4421570821212799
2019-11-12,-0.0,-0.46471935853379154,-0.0,-0.0,-0.0,1.0,-1.7348224513172967,-0.11832760595647195,-0.0,-0.7260022909507446,-0.5154639175257731,-0.0,-0.4946162657502864,-0.0,-0.5051546391752577,-1.6878579610538373,-3.3638029782359675,-0.42233676975945017,-0.42176403207331037
2019-11-13,-0.0,-0.50402576489533,-0.0,-0.0,-0.0,1.0,-1.779043018173453,-0.060961582700713134,-0.0,-0.7213020473890039,-0.577639751552795,-0.0,-0.4933287324591672,-0.0,-0.5025304807913503,-1.6979526109960892,-3.3255118472509775,-0.3892339544513458,-0.45065562456866803
2019-11-14,-0.0,-0.4853927475275662,-0.0,-0.0,-0.0,1.0,-1.7437762873706946,-0.09992042741843808,-0.0,-0.7058087984540183,-0.5509832897578719,-0.0,-0.510514948277822,-0.0,-0.47698078890530854,-1.6820506991019664,-3.221439126975105,-0.4113902466750028,-0.47936796635216544
2019-11-15,-0.0,-0.45879344414739043,-0.0,-0.05730559107288156,-0.0,1.0,-1.7030105777054516,-0.34964547250958966,-0.0,-0.3754504242706033,-0.5618970126699989,-0.0054632105079623385,-0.43635940950831104,-0.0,-0.646053702196908,-1.6453562710682321,-3.3549924444961063,-0.5858421480878764,-0.4435661978379635
2019-11-18,-0.0,-0.5237872041246777,-0.0,-0.0,-0.0,1.0,-1.5287086946332318,-0.3284509022732599,-0.0,-0.40332786501054607,-0.5677290836653387,-0.0,-0.4035622217014296,-0.0,-0.6659245371455355,-1.6887743145066791,-3.512303726271385,-0.5449964846496368,-0.5503866885399578
2019-11-19,-0.0,-0.5072920312682301,-0.0,-0.0,-0.0,1.0,-1.5334266713335667,-0.29553144323882863,-0.0,-0.3941197059852993,-0.5515109088787773,-0.0,-0.43413837358534596,-0.0,-0.6548827441372069,-1.6888344417220862,-3.4649399136623504,-0.5770621864426555,-0.5653949364134874
2019-11-20,-0.0,-0.5346327880264532,-0.0,-0.0,-0.0,1.0,-1.4928646014618865,-0.32486367327996285,-0.0,-0.44517925513400625,-0.5137486947441698,-0.0,-0.4370576633020072,-0.0,-0.8168000928181924,-1.5992574544610743,-3.3520129945469312,-0.6008817728274742,-0.4847430096298874
2019-11-21,-0.0,-0.6070899350279266,-0.0,-0.0,-0.0,1.0,-1.6050381853413882,-0.5267297389718454,-0.20107146928074773,-0.0,-0.5775675367605152,-0.0036475549982902086,-0.3690869713894905,-0.0,-0.9659181579847258,-1.5381283483415022,-3.308788327824005,-0.5212584064744101,-0.17451270944944716
2019-11-22,-0.0,-0.5920557014039494,-0.0,-0.0,-0.0,1.0,-1.5579271772628696,-0.5507362173267892,-0.31811437050565006,-0.0,-0.5645474260929118,-0.04988015066773199,-0.3062435795000571,-0.0,-0.9262641250998745,-1.292888939618765,-3.325761899326561,-0.5970779591370848,-0.33283871704143364
2019-11-25,-0.0,-0.5030373831775702,-0.0,-0.0,-0.0,1.0,-1.581658878504673,-0.4518691588785047,-0.37850467289719625,-0.0,-0.43154205607476637,-0.13901869158878508,-0.5613317757009346,-0.0,-0.8092289719626169,-1.49696261682243,-3.5363317757009347,-0.5315420560747663,-0.26121495327102806
2019-11-26,-0.0,-0.4408512661990251,-0.0,-0.0,-0.0,1.0,-1.6273927000356676,-0.44215907739864463,-0.46296516466531923,-0.0,-0.5183688027582927,-0.11924860301985496,-0.5071929615979074,-0.0,-0.8610153370586137,-1.4906669837118058,-3.61122339793128,-0.5337058613720128,-0.27440256806562835
2019-11-27,-0.0,-0.4259858564065684,-0.0,-0.0,-0.0,1.0,-1.5875584322186265,-0.5247512885053338,-0.4394102840704782,-0.0,-0.5609492988133765,-0.13795996643893083,-0.4753685724559511,-0.0,-0.8625194774062087,-1.427663909864557,-3.708378281193815,-0.6045786887210834,-0.23073235047345078
2019-11-29,-0.0,-0.4150966038641546,-0.0,-0.0,-0.0,1.0,-1.6066242649705988,-0.5293411736469459,-0.4389775591023641,-0.0,-0.562822512900516,-0.12444497779911197,-0.5203408136325454,-0.0,-0.8597143885755429,-1.4305772230889235,-3.735269410776431,-0.5918636745469819,-0.18504740189607582
2019-12-02,-0.0,-0.4231828523530117,-0.0,-0.0,-0.0,1.0,-1.6315411327984672,-0.5074841336366902,-0.4276134594659322,-0.0,-0.5370614297688899,-0.14177942761345946,-0.5795713088252904,-0.0,-0.8446892587714047,-1.3974374326427972,-3.766495030535265,-0.583762423661837,-0.13411567476948869
2019-12-03,-0.0,-0.5003566333808844,-0.0,-0.0475511174512601,-0.0,1.0,-1.6785544460294817,-0.4046600095102235,-0.4218972895863053,-0.0,-0.5707322872087494,-0.014621968616262481,-0.46707085116500235,-0.0,-1.0112933903946744,-1.1098430813124107,-3.8495007132667616,-0.6563242986210176,-0.1551355206847361
2019-12-04,-0.0,-0.6265274647051845,-0.0,-0.0,-0.0,1.0,-1.613951832957646,-0.37703167635543955,-0.4687388776841856,-0.0,-0.5800213548463637,-0.0,-0.39281053505753943,-0.0,-0.9998813619646457,-1.1638391268240598,-3.8817178787519273,-0.5813263732352593,-0.1779570530312018
2019-12-05,-0.0,-0.617435413471747,-0.0,-0.0,-0.0,1.0,-1.6525893594431993,-0.38374424914474464,-0.5021823758405096,-0.0,-0.512209508080689,-0.0,-0.44083991978294207,-0.0,-0.9576501120679486,-1.16880972041996,-3.8572608234045065,-0.5264834257402383,-0.1773032912587
2019-12-06,-0.0,-0.6134513274336283,-0.0,-0.0,-0.0,1.0,-1.6536873156342182,-0.3800589970501475,-0.4981710914454277,-0.0,-0.5139823008849558,-0.0,-0.4471976401179941,-0.0,-0.9638938053097345,-1.15952802359882,-3.8625368731563414,-0.5266076696165192,-0.18029498525073745
2019-12-09,-0.0,-0.6092481468408049,-0.0,-0.0,-0.0,1.0,-1.6370161195434758,-0.4114601717849159,-0.4924108718672785,-0.0,-0.4842922696787858,-0.0,-0.4144016943169785,-0.0,-0.9768208024473467,-1.166960818919873,-3.880338863395694,-0.5147664431109542,-0.1784915872455583
2019-12-10,-0.0,-0.6274185936762624,-0.0,-0.0,-0.0,1.0,-1.6451156205757433,-0.4072675790467202,-0.4506842850401132,-0.0,-0.4900896649362907,-0.0,-0.3947616800377536,-0.0,-0.9930391694195374,-1.1839310995752712,-3.882137800849457,-0.5271354412458706,-0.19643699858423785
2019-12-11,-0.0,-0.5375764113628191,-0.0,-0.0,-0.0,1.0,-1.6678652762795156,-0.22006472491909385,-0.5263094810020376,-0.0,-0.6284310200167804,-0.0,-0.5605897159295217,-0.0,-1.0354788445403331,-1.178832554237085,-3.9600862998921253,-0.48399856166846456,-0.186743377681889
2019-12-12,-0.0,-0.49351585014409216,-0.0,-0.0,-0.0,1.0,-1.6557396733909702,-0.2106147934678194,-0.5506724303554275,-0.0,-0.6478146013448607,-0.0,-0.5679634966378482,-0.0,-1.0278578290105667,-1.113232468780019,-4.026897214217098,-0.5157300672430355,-0.1977665706051873
2019-12-13,-0.0,-0.5462896683369124,-0.0,-0.0,-0.0,1.0,-1.6029587210689573,-0.20388928656645192,-0.5007158196134573,-0.0,-0.651634454784061,-0.0,-0.5410403245048914,-0.0,-0.9949892627057981,-1.1233595800524934,-3.989024099260319,-0.547482701026008,-0.22906227630637077
2019-12-16,-0.0,-0.5405536668285575,-0.0,-0.009834871296745993,-0.0,1.0,-1.6010199125789217,-0.20386109762020396,-0.5207625060709081,-0.0,-0.685526954832443,-0.0,-0.5585235551238465,-0.0,-0.9471830985915493,-1.2360369111219038,-4.017362797474502,-0.5624089363768819,-0.25898494414764445
2019-12-17,-0.0,-0.6630054917623565,-0.0,-0.29355966050923615,-0.0,1.0,-1.6650024962556165,-0.0,-0.4831502745881179,-0.0,-0.46804792810783824,-0.0,-0.7090614078881677,-0.0,-1.1142036944583127,-1.2747129306040939,-4.167998002995507,-0.6424113829256116,-0.0
2019-12-18,-0.0,-0.7872552687367503,-0.0,-0.3161242050130939,-0.0,1.0,-1.6571891757076944,-0.0,-0.47524629006110486,-0.0,-0.4172590098516024,-0.0,-0.6498316498316498,-0.0,-1.0940266866192794,-1.2739743110113482,-4.163860830527497,-0.6354907095647836,-0.0
2019-12-19,-0.0,-0.7817360762669343,-0.0,-0.3334169593577521,-0.0,1.0,-1.703963873557451,-0.0,-0.4754139488208731,-0.0,-0.40642247867536374,-0.0,-0.6902910185649774,-0.0,-1.116909182137481,-1.2132463622679377,-4.196061214249874,-0.6263171098845961,-0.0
2019-12-20,-0.0,-0.7652984134978594,-0.0,-0.377486779148829,-0.0,1.0,-1.7229916897506923,-0.0,-0.48337950138504154,-0.0,-0.4147569881641903,-0.0,-0.6785444472425082,-0.0,-1.110803324099723,-1.1653235960715183,-4.247670611936539,-0.6250314782170737,-0.0
2019-12-23,-0.0,-0.729625,-0.0,-0.43787499999999996,-0.0,1.0,-1.654125,-0.0,-0.438125,-0.0,-0.271625,-0.0015,-0.731,-0.0,-1.058,-1.267625,-4.244,-0.6411250000000001,-0.02525
2019-12-24,-0.0,-0.7018891687657431,-0.0,-0.4469773299748111,-0.0,1.0,-1.6706549118387908,-0.0,-0.39080604534005037,-0.0,-0.2889168765743073,-0.0,-0.7636020151133501,-0.0,-1.143073047858942,-1.3629722921914358,-4.117128463476071,-0.7070528967254408,-0.001385390428211587
2019-12-26,-0.0,-0.6684343434343434,-0.0,-0.44053030303030294,-0.0,1.0,-1.6469696969696968,-0.0,-0.40719696969696967,-0.0,-0.2827020202020202,-0.0,-0.7779040404040403,-0.0,-1.1624999999999999,-1.3885101010101009,-4.102651515151515,-0.7486111111111111,-0.0
2019-12-27,-0.0,-0.6741898877821207,-0.0,-0.44080191653007184,-0.0,1.0,-1.637624511410919,-0.0,-0.39377127726642286,-0.0,-0.2829403606102635,-0.0,-0.7743033665363762,-0.0,-1.1753877190770394,-1.3761190266044634,-4.091413440928004,-0.7621989660824612,-0.0
2019-12-30,-0.0,-0.6888917004048583,-0.0,-0.4295293522267207,-0.0,1.0,-1.6155111336032388,-0.0,-0.4466093117408907,-0.0,-0.28441295546558704,-0.0,-0.7603744939271255,-0.0,-1.186993927125506,-1.36373987854251,-4.1167763157894735,-0.7588562753036437,-0.0
2019-12-31,-0.0,-0.6966561514195584,-0.0,-0.39406940063091483,-0.0,1.0,-1.6474447949526816,-0.0,-0.42788643533123033,-0.0,-0.3379179810725552,-0.0,-0.7044794952681388,-0.0,-1.202776025236593,-1.3758990536277602,-4.093501577287066,-0.7375394321766562,-0.0
2020-01-02,-0.0,-0.7147166017343219,-0.0,-0.4015332411712957,-0.0,1.0,-1.6453437225084833,-0.0,-0.3786602991077039,-0.0,-0.3182103807967827,-0.0,-0.724393615684303,-0.0,-1.2126429558878975,-1.3611914037954003,-4.067110720120649,-0.7436219680784215,-0.0
2020-01-03,-0.0,-0.5779874213836478,-0.0,-0.23773584905660378,-0.0,1.0,-1.777735849056604,-0.0,-0.02691823899371069,-0.0,-0.3508176100628931,-0.0,-1.1042767295597484,-0.0,-1.1483018867924528,-1.2993710691823899,-3.9996226415094336,-0.9257861635220126,-0.130062893081761
2020-01-06,-0.0,-0.5741066935078007,-0.0,-0.23263714141922498,-0.0,1.0,-1.7817060895822852,-0.0,-0.025037745344740816,-0.0,-0.3483895319577252,-0.0,-1.106567689984902,-0.0,-1.146200301962758,-1.2974333165576246,-4.009562154001007,-0.9256416708605939,-0.13449924509310518
2020-01-07,-0.0,-0.5683679899180845,-0.0,-0.24713295526149967,-0.0,1.0,-1.8063011972274734,-0.0,-0.02747321991178324,-0.0,-0.3904221802142407,-0.0,-1.0245746691871456,-0.0,-1.1119092627599243,-1.2893509766855702,-4.040201638311279,-0.9498424700693132,-0.14669187145557655
2020-01-08,-0.0,-0.5046543378428695,-0.0,-0.18840759587935957,-0.0,1.0,-1.758719126225642,-0.0,-0.034876504902569196,-0.0,-0.3641553928261139,-0.0,-1.2215464813205907,-0.0,-1.018741467047288,-1.2764056100285466,-3.9826238053866203,-0.8724090852674693,-0.18915228993421868
2020-01-09,-0.0,-0.5440517670482827,-0.0,-0.17421602787456447,-0.0,1.0,-1.7840965654554504,-0.0,-0.053384768541562974,-0.0,-0.3372324539571926,-0.0,-1.2269785963165754,-0.0,-1.0654554504728722,-1.205574912891986,-4.0485316077650575,-0.8909905425584868,-0.1134892981582877
2020-01-10,-0.0,-0.6778846153846154,-0.0,-0.2446992110453649,-0.0,1.0,-1.719304733727811,-0.0,-0.0,-0.0,-0.2437130177514793,-0.02921597633136095,-0.9212278106508877,-0.0,-0.8809171597633135,-1.3418392504930967,-4.047090729783037,-1.0371055226824457,-0.1844181459566075
2020-01-13,-0.0,-0.6883817936449516,-0.0,-0.2927248190406085,-0.0,1.0,-1.66728008833272,-0.0,-0.0,-0.0,-0.21764200711569132,-0.009201324990798676,-0.9066372224266961,-0.0,-0.923813029076187,-1.3284259600049073,-4.018034596981965,-1.0522635259477364,-0.16415163783584835
2020-01-14,-0.0,-0.6436266795787435,-0.0,-0.30177944558770126,-0.0,1.0,-1.6029536375741436,-0.0,-0.0,-0.0,-0.20590727514828713,-0.011378767703667836,-0.8932332647379251,-0.0,-0.9314852923374894,-1.3264737925190655,-3.892264858975911,-1.1175402493644837,-0.1785498123713836
2020-01-15,-0.0,-0.5898239691343139,-0.0,-0.29057149746804917,-0.0,1.0,-1.5977815288160115,-0.0,-0.0,-0.0,-0.21593923318061248,-0.0,-0.904991560163974,-0.0,-0.9737159392331806,-1.3201109235591995,-3.8492886423920907,-1.1378104653966723,-0.1768748492886424
2020-01-16,-0.0,-0.5337562844146516,-0.0,-0.25628441465166385,-0.0,1.0,-1.4593009336844625,-0.050035910940866644,-0.0,-0.0,-0.28225999521187456,-0.1602824994014843,-0.76490304045966,-0.0,-0.9180033516878141,-1.4221929614555902,-3.7306679435001193,-1.0846301173090733,-0.3082355757720852
2020-01-17,-0.0,-0.4441576724542468,-0.0,-0.21198967620835288,-0.0,1.0,-1.4000469263256687,-0.05642890661661192,-0.0,-0.0,-0.3141717503519475,-0.1441811356170812,-0.7745190051618958,-0.0,-0.9267949319568278,-1.3884326607226654,-3.6477006100422336,-1.1115673392773346,-0.3114734866259972
2020-01-21,-0.0,-0.40886465987200765,-0.0,-0.3236548945247689,-0.0,1.0,-1.3721260962313344,-0.0771509836454136,-0.0,-0.0,-0.35589002133206926,-0.013273287508888362,-0.804574543730742,-0.0,-0.9740459824602987,-1.444536620052145,-3.625148139369519,-1.214031761080825,-0.2377340602038398
2020-01-22,-0.0,-0.45676380004738215,-0.0,-0.32065861170338783,-0.0,1.0,-1.355721393034826,-0.0,-0.0,-0.0,-0.39990523572613124,-0.014096185737976785,-0.8661454631603887,-0.0,-1.0015399194503674,-1.4368633025349444,-3.587775408670931,-1.1871594408907842,-0.21819474058280028
2020-01-23,-0.0,-0.441358024691358,-0.0,-0.3117283950617284,-0.0,1.0,-1.3506172839506172,-0.01580246913580247,-0.0,-0.0,-0.40296296296296297,-0.0,-0.9491358024691359,-0.0,-1.3022222222222222,-1.4739506172839505,-3.6380246913580248,-1.2435802469135802,-0.21617283950617286
2020-01-24,-0.0,-0.46220036877688997,-0.0,-0.3213275968039336,-0.0,1.0,-1.369760295021512,-0.02052858020897357,-0.003933620159803319,-0.0,-0.4181929932390903,-0.0,-0.7926244622003686,-0.0,-1.3499692685925015,-1.4339274738783037,-3.565212046711739,-1.3337430854333128,-0.2211432083589428
2020-01-27,-0.0,-0.584295972525757,-0.0,-0.0,-0.0,1.0,-0.9889166406493911,-0.0,-0.0,-0.0,-0.20394942241648453,-0.0,-0.5727443022166718,-0.0,-0.39954729940680606,-0.5558851077115204,-2.556197315017171,-0.6877146425226349,-0.2558538869809553
2020-01-28,-0.0,-0.819539514623522,-0.0,-0.0,-0.0,1.0,-1.2225086674371055,-0.0,-0.0,-0.0,-0.22606453907013957,-0.0,-0.5893857231753933,-0.0,-0.7910925415592497,-0.5331140545826295,-2.8728775891190326,-0.7023735443150502,-0.13281180549382166
2020-01-29,-0.0,-0.7790923375543027,-0.0,-0.0,-0.0,1.0,-1.3850633145392366,-0.0,-0.0,-0.0,-0.18060818929660782,-0.0,-0.708568259543396,-0.0,-0.7680007394398743,-0.5417321379055366,-3.0085035585543953,-0.7405490341066642,-0.1309732877345411
2020-01-30,-0.0,-0.7943078913324708,-0.0,-0.0,-0.0,1.0,-1.3618554795786362,-0.0,-0.0,-0.0,-0.16873036407318426,-0.0,-0.6741822214008502,-0.0,-0.8971539456662354,-0.5786361116244686,-2.9153576048789502,-0.7169654407688044,-0.13315468490112733
2020-01-31,-0.0,-0.887072669531104,-0.0,-0.0,-0.0,1.0,-1.478983747431347,-0.0,-0.0,-0.0,-0.272837661124603,-0.0,-0.48739024845880813,-0.0,-0.7067065197085747,-0.7386512236129273,-2.7850737903979077,-0.7038109471324491,-0.28012329534840275
2020-02-03,-0.0,-0.8793830149762353,-0.0,-0.0,-0.0,1.0,-1.293874988790243,-0.0,-0.0,-0.0,-0.20258272800645682,-0.0,-0.21307506053268765,-0.0,-0.6042507398439602,-0.578423459779392,-2.858308671867994,-0.46336651421397185,-0.8745403999641288
2020-02-04,-0.0,-0.8197350388305161,-0.0,-0.0,-0.0,1.0,-1.2779351301964366,-0.0,-0.0,-0.0,-0.23618090452261306,-0.0,-0.28579259936043855,-0.0,-0.6957514846962083,-0.5688442211055277,-2.881955230698949,-0.453905893101873,-0.9164915486523526
2020-02-05,-0.0,-0.7525095496135737,-0.0,-0.0,-0.0,1.0,-1.242782268810518,-0.0,-0.0,-0.0,-0.22315003997512659,-0.0,-0.23674158301501289,-0.0,-0.8106955672026294,-0.4631784667318113,-2.671670960291374,-0.48609753930887445,-0.996357821799769
2020-02-06,-0.0,-0.5313170913842994,-0.0,-0.0,-0.0,1.0,-1.475590404181835,-0.0,-0.0,-0.4407728927471296,-0.24764305049939328,-0.0,-0.16718006160739288,-0.0,-0.5716419303649771,-0.5294502006907496,-2.619340987585177,-0.41865023802856344,-1.3327732661252683
2020-02-07,-0.0,-0.4241174213353799,-0.0,-0.0,-0.0,1.0,-1.4067536454336147,-0.0,-0.0,-0.632674597083653,-0.2001151189562548,-0.0,-0.2581542594013814,-0.0,-0.8561013046815042,-0.5968917881811204,-2.6527244819646967,-0.4053146584804298,-1.16039907904835
2020-02-10,-0.0,-0.5715223712597317,-0.0,-0.0,-0.0,1.0,-1.2773661007410186,-0.0,-0.0,-0.653691023356158,-0.12878716818309727,-0.0,-0.3582215552012007,-0.0,-1.0800112559797392,-0.5978801238157772,-2.427445830597505,-0.2852452865584842,-0.9998124003376795
2020-02-11,-0.0,-0.4594495412844037,-0.0,-0.0,-0.0,1.0,-1.188348623853211,-0.0,-0.0,-0.8211009174311926,-0.2908256880733945,-0.0,-0.1914678899082569,-0.0,-1.1544954128440368,-0.5611926605504587,-2.307981651376147,-0.23357798165137614,-0.9657798165137615
2020-02-12,-0.0,-0.4713158838293295,-0.0,-0.0,-0.0,1.0,-1.2037468626747938,-0.0,-0.0,-0.9436177841520258,-0.237540337038365,-0.0,-0.22517031193976333,-0.0,-1.4959662961634994,-0.48888490498386517,-2.0359447830763715,-0.22319827895302974,-0.6384904983865184
2020-02-13,-0.0,-0.476410814734168,-0.0,-0.0,-0.0,1.0,-1.2521320994374887,-0.0,-0.0,-0.8677191072400654,-0.24750499001996007,-0.0,-0.1865360188713482,-0.0,-1.4537289058247143,-0.47214661585919077,-2.0931772818000365,-0.25040827436037016,-0.7730901832698239
2020-02-14,-0.0,-0.3905141843971631,-0.0,-0.0,-0.0,1.0,-1.1547872340425531,-0.0,-0.0,-0.8627659574468086,-0.24273049645390074,-0.0,-0.21329787234042555,-0.0,-1.3358156028368795,-0.46382978723404256,-2.032446808510638,-0.37065602836879435,-0.7984042553191489
2020-02-18,-0.0,-0.6614902195012692,-0.0,-0.08735254591608183,-0.012094967896072867,1.0,-2.0119456473047634,-0.0,-0.0,-1.1614155592056143,-0.6343138718829326,-0.0,-0.3839032402568314,-0.0,-2.3398536658205167,-1.1176646259519187,-3.2896819471405108,-0.764820068687472,-1.4678214125727937
2020-02-19,-0.0,-0.7348802395209582,-0.0,-0.022305389221556886,-0.050299401197604794,1.0,-1.9625748502994012,-0.0,-0.0,-1.2800898203592814,-0.592814371257485,-0.0,-0.3106287425149701,-0.0,-2.507634730538922,-1.0811377245508984,-3.261976047904192,-0.7540419161676647,-1.4118263473053894
2020-02-20,-0.0,-0.818550811785929,-0.0,-0.0,-0.09095009019843657,1.0,-1.989176187612748,-0.0,-0.0,-1.2348165965123272,-0.6207155742633795,-0.0,-0.23150932050511128,-0.0,-2.5587793144918822,-1.0488574864702345,-3.20414912808178,-0.7838244137101624,-1.4517438364401685
2020-02-21,-0.0,-0.8372687622198828,-0.0,-0.0,-0.015641449842081517,1.0,-1.9799969920288765,-0.0,-0.0,-1.1448338095954278,-0.6461121973229057,-0.0,-0.262445480523387,-0.0,-2.717401112949316,-1.0267709429989473,-3.0579034441269366,-0.8029778914122425,-1.5486539329222442
2020-02-24,-0.0,-0.8869822485207102,-0.0,-0.0,-0.0,1.0,-1.9653846153846157,-0.0,-0.0,-1.070562130177515,-0.6011834319526628,-0.0,-0.4294378698224853,-0.0,-2.4801775147928997,-1.1180473372781066,-3.0044378698224854,-0.7739644970414201,-1.4627218934911244
2020-02-25,-0.0,-0.8281173594132029,-0.0,-0.2519559902200489,-0.0,1.0,-1.8843520782396088,-0.0,-0.0,-0.8378973105134475,-0.17212713936430318,-0.0,-0.6267726161369194,-0.0,-1.734229828850856,-1.090831295843521,-2.63398533007335,-0.4085574572127139,-0.7561124694376529
2020-02-26,-0.0,-0.48886748019695997,-0.0,-0.2823806465424962,-0.0,1.0,-1.5369299935773926,-0.0,-0.0,-0.9594305287946906,-0.11250267608649112,-0.0,-0.031042603296938556,-0.0,-1.9218582744594306,-0.9338471419396275,-2.3071076857204025,-0.3077499464782702,-0.8226289873688718
2020-02-27,-0.0,-0.3994678020223523,-0.0,-0.3102714209686003,-0.0,1.0,-1.602980308674827,-0.0,-0.0,-1.1362426822778073,-0.03970196913251729,-0.0,-0.09739222990952634,-0.0,-1.9753060138371472,-0.9277275146354443,-2.15167642362959,-0.26194784459819054,-0.7413517828632251
2020-02-28,-0.0,-0.4910601863510451,-0.0,-0.06555863342566944,-0.0,1.0,-1.0259380508687987,-0.0,-0.0,-0.8876857214807353,-0.0,-0.0,-0.19726349366238563,-0.0,-1.6727104843448335,-0.30756316628892805,-1.6098379921094603,-0.5755057500209855,-0.5611516830353396
2020-03-02,-0.0,-0.32164526042077063,-0.11646048380742259,-0.0,-0.0,1.0,-0.6398234969663541,-0.0,-0.0,-1.1632653061224492,-0.0,-0.0,-0.10007091639744702,-0.0,-1.6391931289890473,-0.33338586399810893,-1.285083917736979,-0.5957765345520447,-0.6848948073437869
2020-03-03,-0.0,-0.7360017658744757,-0.058936060628357,-0.0,-0.0,1.0,-0.0,-0.0,-0.0,-1.3208005297623426,-0.0,-0.0,-0.2708409977190788,-0.0,-1.1905672871753366,-0.5547053196968582,-0.8901478919873446,-0.29225222573762044,-1.0435582370686485
2020-03-04,-0.0,-0.7620059498512537,-0.086131180053832,-0.0,-0.0,1.0,-0.0,-0.0,-0.0,-1.1142513103839071,-0.0,-0.0,-0.20151579543844736,-0.0,-1.2090947726306842,-0.7534353307833971,-0.7563394248477121,-0.20371157387731975,-0.9966709165604193
2020-03-05,-0.0,-1.072,-0.0,-0.0,-0.0,1.0,-0.0,-0.0,-0.0,-1.0727499999999999,-0.0,-0.0,-0.0,-0.0,-0.8703125,-0.9475,-0.269375,-0.0,-1.018
2020-03-06,-0.0,-1.040274054215073,-0.0,-0.0,-0.0,1.0,-0.0,-0.0,-0.0,-0.9525767053917188,-0.0,-0.0,-0.0,-0.0,-0.9659219541257075,-0.8826333035448317,-0.33238010128090556,-0.0,-0.7839737861185583
2020-03-09,-0.0,-0.9954303122619954,-0.0,-0.0,-0.0,1.0,-0.0,-0.0,-0.0,-0.9333880133575486,-0.0,-0.0,-0.0,-0.0,-0.9888687093561427,-0.8351397269904506,-0.334114476536411,-0.0,-0.7715156130997715
2020-03-10,-0.0,-0.12555171752062944,-0.19521205142966802,-0.0,-0.0,1.0,-0.22903473421608136,-0.0,-0.0,-0.6930051813471503,-0.0,-0.0,-0.0,-0.0,-0.8376031471886395,-0.4087986950681251,-0.2968240260986375,-0.31356745346382653,-0.6978986758779505
2020-03-11,-0.0,-0.24956489878171656,-0.1209581386827883,-0.0,-0.0,1.0,-0.22620683337913347,-0.0,-0.0,-0.6003938811028672,-0.0,-0.0,-0.0,-0.0,-0.8451039662911055,-0.2142988000366401,-0.5147476412933957,-0.3182192910140148,-0.4905193734542457
2020-03-12,-0.0,-0.11317403256502431,-0.10881793190949461,-0.0,-0.0,1.0,-0.2624233453161345,-0.0,-0.0,-0.6530767604144639,-0.0,-0.0,-0.0,-0.0,-0.7317826178896172,-0.18236413618101077,-0.4144216536265595,-0.36904208077817724,-0.3941213787270036
2020-03-13,-0.060192334690439414,-0.0,-0.23887406991436191,-0.0,-0.0,1.0,-0.17275024568299874,-0.0,-0.0,-0.4733258458514671,-0.0,-0.0,-0.0,-0.0,-0.40260423978660675,-0.31942299592868173,-0.128035939912958,-0.5148111750666854,-0.19970518040151622
2020-03-16,-0.0,-0.0721056416290776,-0.17709354775446165,-0.0,-0.0,1.0,-0.2736157416486893,-0.0,-0.0,-0.22795319343662154,-0.0,-0.0,-0.0,-0.0,-0.10188272210237302,-0.10920441916715697,-0.36572530561548017,-0.5305615480159508,-0.4104726416944499
2020-03-17,-0.0019530644511268872,-0.08134668444058653,-0.15757820008060264,-0.03090801996465883,-0.0,1.0,-0.2848994016802554,-0.0,-0.0,-0.23892488452118918,-0.0,-0.0,-0.0,-0.0,-0.2641597172706699,-0.0,-0.28347335462070244,-0.44908081966704894,-0.30774715565613664
2020-03-18,-0.0,-0.14935447739197075,-0.07640157990921417,-0.0,-0.0,1.0,-0.4149325001473796,-0.0,-0.0,-0.30737487472734776,-0.0,-0.0,-0.0,-0.0,-0.09971703118552143,-0.07189176442846194,-0.0,-0.3926192300890173,-0.4353003596062017
2020-03-19,-0.0,-0.14302934085964603,-0.06585523607926148,-0.0,-0.0,1.0,-0.42209090374551655,-0.0,-0.0,-0.31642852942905864,-0.0,-0.0,-0.0,-0.0,-0.09281472334920915,-0.06288587052390192,-0.0,-0.3927500440994884,-0.4441112483095196
2020-03-20,-0.0,-0.217143024481668,-0.054439498652922566,-0.0,-0.0,1.0,-0.38277497950099565,-0.0,-0.0,-0.33770645425793605,-0.0,-0.0,-0.0,-0.0,-0.04703057280074968,-0.04272578189059389,-0.0,-0.3254070516574909,-0.521172543047909
2020-03-23,-0.0,-0.32242448837613774,-0.0,-0.0,-0.0,1.0,-0.323120180880051,-0.0,-0.0,-0.2983651226158038,-0.0,-0.0,-0.0,-0.0,-0.0,-0.0,-0.0,-0.36457185923821667,-0.5902371151950837
2020-03-24,-0.0,-0.3202463876575902,-0.0,-0.0,-0.0,1.0,-0.288008750215877,-0.0,-0.0,-0.3526279431235968,-0.0,-0.0,-0.0,-0.0,-0.0,-0.0,-0.0,-0.28599389787576995,-0.631483506994416
2020-03-25,-0.0,-0.3383205322216829,-0.0,-0.0,-0.0,1.0,-0.2729349284755732,-0.0,-0.0,-0.36521714302030095,-0.0,-0.0,-0.0,-0.0,-0.0,-0.0,-0.0,-0.2822145447277503,-0.5965793906861205
2020-03-26,-0.0,-0.3289123910247249,-0.0,-0.0,-0.0,1.0,-0.2656567100185794,-0.0,-0.0,-0.3920537373159926,-0.0,-0.0,-0.0,-0.0,-0.0,-0.0,-0.0,-0.2819494068886666,-0.5898242103758754
2020-03-27,-0.0,-0.33510819077829385,-0.0,-0.0,-0.0,1.0,-0.2537102073184548,-0.0,-0.0,-0.37750651410445224,-0.0,-0.0,-0.0,-0.0,-0.0,-0.0,-0.0,-0.2673898266681772,-0.5984762660020392
2020-03-30,-0.0,-0.3284951853838986,-0.0,-0.0,-0.0,1.0,-0.26687939457261456,-0.0,-0.0,-0.35868184000225906,-0.0,-0.0,-0.0,-0.0,-0.0,-0.0,-0.0,-0.2739954254087482,-0.5957699150029651
2020-03-31,-0.0,-0.35002238889510795,-0.0,-0.0,-0.0,1.0,-0.26922646367401765,-0.0,-0.0,-0.33219523116534194,-0.0,-0.0,-0.0,-0.0,-0.0,-0.0,-0.0,-0.2269674241576178,-0.6202003806112167
2020-04-01,-0.0,-0.3548684688714322,-0.0,-0.0,-0.0,1.0,-0.26155265438483694,-0.0,-0.0,-0.3359984344860362,-0.0,-0.0,-0.0,-0.0,-0.0,-0.0,-0.0,-0.2287607279639932,-0.6143803639819966
2020-04-02,-0.0,-0.3297367764125038,-0.0,-0.0,-0.0,1.0,-0.26222505755415637,-0.0,-0.0,-0.3383629656339278,-0.0,-0.0,-0.0,-0.0,-0.0,-0.0,-0.0,-0.22372618090034113,-0.6196433029151527
2020-04-03,-0.0,-0.334250688016012,-0.0,-0.0,-0.0,1.0,-0.23973535707336058,-0.0,-0.0,-0.3481222027631835,-0.0,-0.0,-0.0,-0.0,-0.0,-0.0,-0.0,-0.18722375114669335,-0.6705028771578684
2020-04-06,-0.0,-0.3464538514920194,-0.0,-0.0,-0.0,1.0,-0.22251214434420538,-0.0,-0.0,-0.34836918806384454,-0.0,-0.0,-0.0,-0.0,-0.0,-0.0,-0.0,-0.18659264399722414,-0.6719222761970853
2020-04-07,-0.0,-0.33995260276211486,-0.0,-0.0,-0.0,1.0,-0.2111356269238103,-0.0,-0.0,-0.3457546784342567,-0.0,-0.0,-0.0,-0.0,-0.0,-0.0,-0.0,-0.21154422380213017,-0.6155920568766855
2020-04-08,-0.0,-0.34427074852087064,-0.0,-0.0,-0.0,1.0,-0.22830157954730498,-0.0,-0.0,-0.32738967594854257,-0.0,-0.0,-0.0,-0.0,-0.008087716441404765,-0.0,-0.0,-0.2018672311784183,-0.6041089941920426
2020-04-09,-0.0,-0.33041078097093685,-0.0,-0.0,-0.0,1.0,-0.21762190831845,-0.0,-0.0,-0.3409103209395465,-0.0,-0.0,-0.0,-0.0,-0.02200032472804027,-0.0,-0.0,-0.18558207501217733,-0.609514531579802
2020-04-13,-0.0,-0.3755860910101092,-0.0,-0.0,-0.0,1.0,-0.23248502588286307,-0.0,-0.0,-0.32306149551454044,-0.0,-0.0,-0.0,-0.0,-0.022630566170691382,-0.0,-0.0,-0.1634821259180963,-0.593002141095482
2020-04-14,-0.0,-0.37140856827422786,-0.0,-0.0,-0.0,1.0,-0.23434849341626948,-0.0,-0.0,-0.30099361822441234,-0.0,-0.0,-0.0,-0.0,-0.02509626518027843,-0.0,-0.0,-0.15313568678137707,-0.607749683603953
2020-04-15,-0.0,-0.3698393877331034,-0.0,-0.0,-0.0,1.0,-0.23307642556861052,-0.0,-0.0,-0.3007707232941684,-0.0,-0.0,-0.0,-0.0,-0.02737954079982753,-0.0,-0.0,-0.15268944701951062,-0.6111081168481189
2020-04-16,-0.0,-0.3486856280973928,-0.0,-0.0,-0.0,1.0,-0.21937621202327084,-0.0,-0.0,-0.3126212023270847,-0.0,-0.0,-0.0,-0.0,-0.022543632837750488,-0.0,-0.0,-0.17523163111398407,-0.61492673992674
2020-04-17,-0.0,-0.3807175008759871,-0.0,-0.0,-0.0,1.0,-0.2290773833589391,-0.0,-0.0,-0.32425002021508853,-0.0,-0.0,-0.0,-0.0,-0.03657583353548422,-0.0,-0.0,-0.13503679146114658,-0.5896606560470068
2020-04-20,-0.0,-0.4004108996539792,-0.0,-0.0,-0.0,1.0,-0.23548334775086505,-0.0,-0.0,-0.3219615051903114,-0.0,-0.0,-0.0,-0.0,-0.019598832179930796,-0.0,-0.0,-0.1394625865051903,-0.5863700259515571
2020-04-21,-0.0,-0.40084718325059354,-0.0,-0.0,-0.0,1.0,-0.2310867688322901,-0.0,-0.0,-0.31820634578027196,-0.0,-0.0,-0.0,-0.0,-0.01675480250377725,-0.0,-0.0,-0.1441830347507015,-0.5869307144398878
2020-04-22,-0.0,-0.41034251175285424,-0.0,-0.0,-0.0,1.0,-0.23282740094022833,-0.0,-0.0,-0.30431161853593014,-0.0,-0.0,-0.0,-0.0,-0.021598388179986567,-0.0,-0.0,-0.12843519140362658,-0.5888784419073203
2020-04-23,-0.0,-0.407224119846158,-0.0,-0.0,-0.0,1.0,-0.2357117882789597,-0.0,-0.0,-0.3077647185390388,-0.0,-0.0,-0.0,-0.0,-0.01742825636749953,-0.0,-0.0,-0.13146499556224955,-0.5899518571313306
2020-04-24,-0.0,-0.4113742037788588,-0.0,-0.0,-0.0,1.0,-0.23337006477275782,-0.0,-0.0,-0.30854409116564085,-0.0,-0.0,-0.0,-0.0,-0.01658290106700352,-0.0,-0.0,-0.13123874539737146,-0.5865562931706398
2020-04-27,-0.0,-0.41135838305649625,-0.0,-0.0,-0.0,1.0,-0.23326882760845027,-0.0,-0.0,-0.3094662151265925,-0.0,-0.0,-0.0,-0.0,-0.016368327689082404,-0.0,-0.0,-0.13105413105413105,-0.586222652260388
2020-04-28,-0.0,-0.41068694086989227,-0.0,-0.0,-0.0,1.0,-0.2298847486768933,-0.0,-0.0,-0.31311286032829166,-0.0,-0.0,-0.0,-0.0,-0.017516051903393063,-0.0,-0.0,-0.12900625957069553,-0.5863041667786046
2020-04-29,-0.0,-0.4147398843930636,-0.0,-0.0,-0.0,1.0,-0.21280239777349602,-0.0,-0.0,-0.3365446371226718,-0.0,-0.0,-0.0,-0.0,-0.0,-0.0,-0.0,-0.13664097623635196,-0.5753585955898094
2020-04-30,-0.0,-0.39075416677813746,-0.0,-0.0,-0.0,1.0,-0.22512640787608015,-0.0,-0.0,-0.30265657187190664,-0.0,-0.0,-0.0,-0.0,-0.00864121565584954,-0.0,-0.0,-0.15166269830653575,-0.5964311511811444
2020-05-01,-0.0,-0.38483341355152684,-0.0,-0.0,-0.0,1.0,-0.23049360928391893,-0.0,-0.0,-0.29894646772554684,-0.0,-0.0,-0.0,-0.0,-0.0071661586181079205,-0.0,-0.0,-0.1521471736456495,-0.6003529600513396
2020-05-04,-0.0,-0.3948490945674044,-0.0,-0.0,-0.0,1.0,-0.224654594232059,-0.0,-0.0,-0.28643863179074447,-0.0,-0.0,-0.0,-0.0,-0.0022803487592219984,-0.0,-0.0,-0.15672702883970488,-0.6178135479543929
2020-05-05,-0.0,-0.41682342032057224,-0.0,-0.0,-0.0,1.0,-0.19549609219764205,-0.0,-0.0,-0.2767253940919327,-0.0,-0.0,-0.0,-0.0,-0.0,-0.0,-0.0,-0.1577692409590674,-0.6025168896542589
2020-05-06,-0.0,-0.4159646055211148,-0.0,-0.0,-0.0,1.0,-0.18741058655221743,-0.0,-0.0,-0.2750225189424045,-0.0,-0.0,-0.0,-0.0,-0.0,-0.0,-0.0,-0.1766014941980607,-0.5943146293647009
2020-05-07,-0.0,-0.4157728873705675,-0.0,-0.0,-0.0,1.0,-0.17343290696750618,-0.0,-0.0,-0.2783294933926538,-0.0,-0.0,-0.0,-0.0,-0.0,-0.0,-0.0,-0.17759063584121182,-0.6031090278329493
2020-05-08,-0.0,-0.41151198164060415,-0.0,-0.0,-0.0,1.0,-0.18500827240219886,-0.0,-0.0,-0.3061055665261248,-0.0,-0.0,-0.0,-0.0,-0.0,-0.0,-0.0,-0.15229225596413512,-0.613598761808187
2020-05-11,-0.0,-0.4524404330190453,-0.0,-0.0,-0.0,1.0,-0.1829854675370027,-0.0,-0.0,-0.31337470115776184,-0.0,-0.0,-0.0,-0.0,-0.0,-0.0,-0.0,-0.13366642490665379,-0.6037553388669514
2020-05-12,-0.0,-0.4520698629034422,-0.0,-0.0,-0.0,1.0,-0.1854157164703673,-0.0,-0.0,-0.3119684490113487,-0.0,-0.0,-0.0,-0.0,-0.0,-0.0,-0.0,-0.1262039546052102,-0.6072492152496446
2020-05-13,-0.0,-0.4190079311735448,-0.0,-0.0,-0.0,1.0,-0.20064524801720662,-0.0,-0.0,-0.3179728458126092,-0.0,-0.0,-0.0,-0.0,-0.004893130797150155,-0.0,-0.0,-0.1291033741094233,-0.6169108751176233
2020-05-14,-0.0,-0.38818326456867025,-0.0,-0.0,-0.0,1.0,-0.2079389477658226,-0.0,-0.0,-0.3186096054795998,-0.0,-0.0,-0.0,-0.0,-0.013833832214222151,-0.0,-0.0,-0.13704392848475042,-0.6310438745516813
2020-05-15,-0.0,-0.3924576111275844,-0.0,-0.0,-0.0,1.0,-0.20432919103970673,-0.0,-0.0,-0.3197024018114672,-0.0,-0.0,-0.0,-0.0,-0.017952934199530958,-0.0,-0.0,-0.1348626573577378,-0.626357926516969
2020-05-18,-0.0,-0.38583865663998274,-0.0,-0.0,-0.0,1.0,-0.21392954367806796,-0.0,-0.0,-0.3170264952427158,-0.0,-0.0,-0.0,-0.0,-0.014824398264197729,-0.0,-0.0,-0.13651923128756638,-0.6272337672839007
2020-05-19,-0.0,-0.29249033382344936,-0.0,-0.0,-0.0,1.0,-0.20892555682622668,-0.0,-0.0,-0.35903719435822035,-0.0,-0.0,-0.0,-0.0,-0.021592332407558677,-0.0,-0.0,-0.21265588411479608,-0.628192561128356
2020-05-20,-0.0,-0.2716321914261576,-0.0,-0.0,-0.0,1.0,-0.21568146512958877,-0.0,-0.0,-0.379091379827215,-0.0,-0.0,-0.0,-0.0,-0.006731529174501949,-0.0,-0.0,-0.2098492900553239,-0.6423568528057123
2020-05-21,-0.0,-0.2498092435142795,-0.0,-0.0,-0.0,1.0,-0.2317418792238936,-0.0,-0.0,-0.35723239590146066,-0.0,-0.0,-0.0,-0.0,-0.004142140832788315,-0.0,-0.0,-0.2195334641377807,-0.6626335295400043
2020-05-22,-0.0,-0.24638274638274638,-0.0,-0.0,-0.0,1.0,-0.23308763308763308,-0.0,-0.0,-0.36257166257166257,-0.0,-0.0,-0.0,-0.0,-0.008244608244608244,-0.0,-0.0,-0.2215124215124215,-0.6582309582309582
2020-05-26,-0.0,-0.24939818360870994,-0.0,-0.0,-0.0,1.0,-0.23566582777109094,-0.0,-0.0,-0.36932377721851406,-0.0,-0.0,-0.0,-0.0,-0.01272021008863114,-0.0,-0.0,-0.21990918043549623,-0.6485118721960828
2020-05-27,-0.0,-0.24122831025234004,-0.0,-0.0,-0.0,1.0,-0.23572718813290275,-0.0,-0.0,-0.3767037057310198,-0.0,-0.0,-0.0,-0.0,-0.008894849198095134,-0.0,-0.0,-0.22677760140128086,-0.6475176528545624
2020-05-28,-0.0,-0.21134965130589364,-0.0,-0.0,-0.0,1.0,-0.24074935047176263,-0.0,-0.0,-0.3882948174483796,-0.0,-0.0,-0.0,-0.0,-0.0,-0.0,-0.0,-0.22860659100232464,-0.6658553261315466
2020-05-29,-0.0,-0.21623690902627765,-0.0,-0.0,-0.0,1.0,-0.23518634984003722,-0.0,-0.0,-0.38943425118263103,-0.0,-0.0,-0.0,-0.0,-0.0,-0.0,-0.0,-0.2269284405676629,-0.6665937491454978
2020-06-01,-0.0,-0.20758286043260135,-0.0,-0.0,-0.0,1.0,-0.2354908572525153,-0.0,-0.0,-0.3928228746881597,-0.0,-0.0,-0.0,-0.0,-0.0,-0.0,-0.0,-0.23677934040628343,-0.668805000411218
2020-06-02,-0.0,-0.21230811403508773,-0.0,-0.0,-0.0,1.0,-0.23462171052631578,-0.0,-0.0,-0.3963267543859649,-0.0,-0.0,-0.0,-0.0,-0.0,-0.0,-0.0,-0.22826206140350874,-0.6697368421052632
2020-06-03,-0.0,-0.2136897573828082,-0.0,-0.0,-0.0,1.0,-0.23174881984850149,-0.0,-0.0,-0.39381381051707104,-0.0,-0.0,-0.0,-0.0,-0.0,-0.0,-0.0,-0.23062355911735644,-0.6746624217806565
2020-06-04,-0.0,-0.2132100831116109,-0.0,-0.0,-0.0,1.0,-0.22944839125545163,-0.0,-0.0,-0.3938338316372713,-0.0,-0.0,-0.0,-0.0,-0.0,-0.0,-0.0,-0.23619606659900708,-0.6702965137010725
2020-06-05,-0.0,-0.21770793407435798,-0.0,-0.0,-0.0,1.0,-0.2289601927394185,-0.0,-0.0,-0.38780594644910477,-0.0,-0.0,-0.0,-0.0,-0.0,-0.0,-0.0,-0.23468214422603081,-0.6686196134260527
2020-06-08,-0.0,-0.1766484347085177,-0.0,-0.0,-0.0,1.0,-0.2351922601214853,-0.0,-0.0,-0.4115108704614793,-0.0,-0.0,-0.0,-0.0,-0.004260231426765248,-0.0,-0.0,-0.24321798642223016,-0.6777341065882417
2020-06-09,-0.0,-0.17397753179333642,-0.0,-0.0,-0.0,1.0,-0.23805861510149146,-0.0,-0.0,-0.4072843134562035,-0.0,-0.0,-0.0,-0.0,-0.004202488532425083,-0.0,-0.0,-0.24341472793693522,-0.6797868541763946
2020-06-10,-0.0,-0.16871772332710694,-0.0,-0.0,-0.0,1.0,-0.23796835512581035,-0.0,-0.0,-0.4134710471376772,-0.0,-0.0,-0.0,-0.0,-0.0032963410614218216,-0.0,-0.0,-0.2424184155587298,-0.6810790023074388
2020-06-11,-0.0,-0.15513782394811332,-0.012586912908456316,-0.0,-0.0,1.0,-0.2401132272514909,-0.0,-0.0,-0.4172644076181053,-0.0,-0.0,-0.0,-0.0,-0.0012367054167697253,-0.0,-0.0,-0.24132245032566574,-0.6805727320196773
2020-06-12,-0.0,-0.12795704785784365,-0.02447399978196882,-0.0,-0.0,1.0,-0.24503979069006868,-0.0,-0.0,-0.42630546168102035,-0.0,-0.0,-0.0,-0.0,-0.0,-0.0,-0.0,-0.21110868854246156,-0.6905047421781314
2020-06-15,-0.0,-0.12755755346683015,-0.026481405803024112,-0.0,-0.0,1.0,-0.24446260727421334,-0.0,-0.0,-0.4309222176815148,-0.0,-0.0,-0.0,-0.0,-0.0,-0.0,-0.0,-0.20839122735322166,-0.6865822095082414
2020-06-16,-0.0,-0.13011030913795452,-0.027836034318398477,-0.0,-0.0,1.0,-0.24210813019201963,-0.0,-0.0,-0.43227563666076535,-0.0,-0.0,-0.0,-0.0,-0.0004357891869807981,-0.0,-0.0,-0.2053384175405148,-0.6855781015933542
2020-06-17,-0.0,-0.12999564412501363,-0.02684307960361538,-0.0,-0.0,1.0,-0.24232277033649138,-0.0,-0.0,-0.4340629423935533,-0.0,-0.0,-0.0,-0.0,-0.0,-0.0,-0.0,-0.20448110639224654,-0.6847163236415116
2020-06-18,-0.0,-0.1379207058054678,-0.02170242892931053,-0.0,-0.0,1.0,-0.2412863522492103,-0.0,-0.0,-0.43181570635007077,-0.0,-0.0,-0.0,-0.0,-0.0003539919398758305,-0.0,-0.0,-0.2073303561703518,-0.6826053806774861
2020-06-19,-0.0,-0.1338990009579855,-0.014397153414534007,-0.0,-0.0,1.0,-0.24573696455453672,-0.0,-0.0,-0.44631175585055427,-0.0,-0.0,-0.0,-0.0,-0.018913370740385932,-0.0,-0.0,-0.19745449568906526,-0.6804707814424524
2020-06-22,-0.0,-0.13420908593322387,-0.02479474548440066,-0.0,-0.0,1.0,-0.23820470717022443,-0.0,-0.0,-0.4424740010946907,-0.0,-0.0,-0.0,-0.0,-0.015298303229337713,-0.0,-0.0,-0.20840175150519977,-0.6733716475095786
2020-06-23,-0.0,-0.13288972863440948,-0.021495659793532133,-0.0,-0.0,1.0,-0.23856074919904707,-0.0,-0.0,-0.44464525315589143,-0.0,-0.0,-0.0,-0.0,-0.016950080779868013,-0.0,-0.0,-0.21153372217202004,-0.672225416906268
2020-06-24,-0.0,-0.13301935872511705,-0.022425453848470743,-0.0,-0.0,1.0,-0.23967032666137292,-0.0,-0.0,-0.4440185098984146,-0.0,-0.0,-0.0,-0.0,-0.017633690205635117,-0.0,-0.0,-0.21039949618027987,-0.671011199036171
2020-06-25,-0.0,-0.12701056828422405,-0.03257871596712089,-0.0,-0.0,1.0,-0.24459979791911302,-0.0,-0.0,-0.4352931538272481,-0.0,-0.0,-0.0,-0.0,-0.028591714683634178,-0.0,-0.0,-0.19167645211502227,-0.671045085884377
2020-06-26,-0.0,-0.13596167008898016,-0.035318275154004104,-0.0,-0.0,1.0,-0.24413415468856947,-0.0,-0.0,-0.43342915811088295,-0.0,-0.0,-0.0,-0.0,-0.031211498973305954,-0.0,-0.0,-0.1989596167008898,-0.6588364134154688
2020-06-29,-0.0,-0.13527032198108566,-0.03372874870168917,-0.0,-0.0,1.0,-0.24771770622642542,-0.0,-0.0,-0.42417864757010876,-0.0,-0.0,-0.0,-0.0,-0.025419559394303827,-0.0,-0.0,-0.20630842398731755,-0.6606898813753894
2020-06-30,-0.0,-0.10962347669271545,-0.05426526039674299,-0.0,-0.0,1.0,-0.2639488496639161,-0.0,-0.0,-0.422072244384939,-0.0,-0.0,-0.0,-0.0,-0.0033881632876113445,-0.0,-0.0,-0.21558555112301217,-0.6635335264222089
2020-07-01,-0.0,-0.10991620492944291,-0.054425853645222046,-0.0,-0.0,1.0,-0.26587875644839915,-0.0,-0.0,-0.4194120697655376,-0.0,-0.0,-0.0,-0.0,-0.0024292382018178344,-0.0,-0.0,-0.21232633676338128,-0.665065371072959
2020-07-02,-0.0,-0.09987150395057004,-0.054077699100527656,-0.0,-0.0,1.0,-0.2660141619050223,-0.0,-0.0,-0.4331957240889084,-0.0,-0.0,-0.0,-0.0,-0.0,-0.0,-0.0,-0.21324876288377945,-0.6675233069961998
2020-07-06,-0.0,-0.09225790527383924,-0.04121986671420344,-0.0,-0.0,1.0,-0.27479911142802294,-0.0,-0.0,-0.45413158544277754,-0.0,-0.0,-0.0,-0.0,-0.00041137591531141153,-0.0,-0.0,-0.20906124016125938,-0.6706524422016839
2020-07-07,-0.0,-0.10264066180901771,-0.02166767106776968,-0.0,-0.0,1.0,-0.28543253163863475,-0.0,-0.0,-0.44200953267955956,-0.0,-0.0,-0.0,-0.0,-0.0031501670958198652,-0.0,-0.0,-0.22560674957541227,-0.6587684216293213
2020-07-08,-0.0,-0.10033142512805061,-0.024076255169958087,-0.0,-0.0,1.0,-0.28617601139445065,-0.0,-0.0,-0.44476704374263876,-0.0,-0.0,-0.0,-0.0,-0.006053301925552604,-0.0,-0.0,-0.22016489084883176,-0.6574817168369442
2020-07-09,-0.0,-0.10229015998246768,-0.023997370151216307,-0.0,-0.0,1.0,-0.28788625904010523,-0.0,-0.0,-0.4450471181240412,-0.0,-0.0,-0.0,-0.0,-0.007040324348016656,-0.0,-0.0,-0.2225783475783476,-0.6506136313828622
2020-07-10,-0.0,-0.09416561764544908,-0.031634831153193585,-0.0,-0.0,1.0,-0.28682064473756225,-0.0,-0.0,-0.4468009413825187,-0.0,-0.0,-0.0,-0.0,-0.00481637567730283,-0.0,-0.0,-0.21846094904493457,-0.6538777297356466
2020-07-13,-0.0,-0.08297883944153578,-0.0430846422338569,-0.0,-0.0,1.0,-0.29027595986038396,-0.0,-0.0,-0.4428992146596859,-0.0,-0.0,-0.0,-0.0,-0.0,-0.0,-0.0,-0.21515052356020942,-0.6524869109947644
2020-07-14,-0.0,-0.07379720145677593,-0.07987622881239903,-0.0,-0.0,1.0,-0.2925874202469947,-0.0,-0.0,-0.46786604233412743,-0.0,-0.0,-0.0,-0.0,-0.0,-0.0,-0.0,-0.17486787699553658,-0.6493058407952025
2020-07-15,-0.0,-0.07977620087336244,-0.08512554585152839,-0.0,-0.0,1.0,-0.2931495633187773,-0.0,-0.0,-0.4597434497816594,-0.0,-0.0,-0.0,-0.0,-0.0,-0.0,-0.0,-0.17134279475982533,-0.6401473799126638
2020-07-16,-0.0,-0.053576797966268484,-0.09668425224831206,-0.0,-0.0,1.0,-0.3065084875488615,-0.0,-0.0,-0.47076510947707956,-0.0,-0.0,-0.0,-0.0,-0.0,-0.0,-0.0,-0.16081239920181506,-0.6451357187764809
2020-07-17,-0.0,-0.05528793518721261,-0.09762973505583533,-0.0,-0.0,1.0,-0.2957904532515875,-0.0,-0.0,-0.4679494197503832,-0.0,-0.0,-0.0,-0.0,-0.0,-0.0,-0.0,-0.1698324939785417,-0.6505090869279614
2020-07-20,-0.0,-0.058862162384040725,-0.09914347481049722,-0.0,-0.0,1.0,-0.3013436225816162,-0.0,-0.0,-0.4622225870891826,-0.0,-0.0,-0.0,-0.0,-0.0,-0.0,-0.0,-0.17453411049995898,-0.6404236105410065
2020-07-21,-0.0,-0.04880120564460885,-0.11853678586107685,-0.0,-0.0,1.0,-0.2934648581997534,-0.0,-0.0,-0.4647759967118783,-0.0,-0.0,-0.0,-0.0,-0.0,-0.0,-0.0,-0.16396766680367172,-0.6505822715440471
2020-07-22,-0.0,-0.04276522929500342,-0.12413415468856946,-0.0,-0.0,1.0,-0.2907323750855578,-0.0,-0.0,-0.46658453114305265,-0.0,-0.0,-0.0,-0.0,-0.0,-0.0,-0.0,-0.16084873374401093,-0.6527857631759069
2020-07-23,-0.0,-0.04795664194016369,-0.12821284865737825,-0.0,-0.0,1.0,-0.28207374154873677,-0.0,-0.0,-0.47357183915911644,-0.0,-0.0,-0.0,-0.0,-0.0,-0.0,-0.0,-0.15941751293351217,-0.6460460405660636
2020-07-24,-0.0,-0.05247885241862629,-0.12866489638369513,-0.0,-0.0,1.0,-0.28131073941252155,-0.0,-0.0,-0.4744723370472775,-0.0,-0.0,-0.0,-0.0,-0.0,-0.0,-0.0,-0.16255577760135784,-0.6380683840236525
2020-07-27,-0.0,-0.06072807954638836,-0.13512477059194128,-0.0,-0.0,1.0,-0.27441312624976033,-0.0,-0.0,-0.47459391349604185,-0.0,-0.0,-0.0,-0.0,-0.0,-0.0,-0.0,-0.16796778699975345,-0.6264004163585065
2020-07-28,-0.0,-0.06539591859155704,-0.15100661924249498,-0.0,-0.0,1.0,-0.26298442692740803,-0.0,-0.0,-0.47339943420582825,-0.0,-0.0,-0.0,-0.0,-0.0,-0.0,-0.0,-0.1724848251805872,-0.6213024252245324
2020-07-29,-0.0,-0.073773870037093,-0.13595274076109357,-0.0,-0.0,1.0,-0.2594312405550213,-0.0,-0.0,-0.4672070339332326,-0.0,-0.0,-0.0,-0.0,-0.0,-0.0,-0.0,-0.19307597197417228,-0.6182167880203325
2020-07-30,-0.0,-0.08058326937835764,-0.13636114461133647,-0.0,-0.0,1.0,-0.2544403025983993,-0.0,-0.0,-0.4467985966451047,-0.0,-0.0,-0.0,-0.0,-0.0,-0.0,-0.0,-0.19493476592478895,-0.627809450718123
2020-07-31,-0.0,-0.08026875085698616,-0.1389825860414096,-0.0,-0.0,1.0,-0.2532017002605238,-0.0,-0.0,-0.45152886329356917,-0.0,-0.0,-0.0,-0.0,-0.0,-0.0,-0.0,-0.19100507335801456,-0.6273412861648155
2020-08-03,-0.0,-0.08832721092165141,-0.14189374417457098,-0.0,-0.0,1.0,-0.24636767366631945,-0.0,-0.0,-0.43508416031580677,-0.0,-0.0,-0.0,-0.0,-0.0,-0.0,-0.0,-0.19973682767695597,-0.6299687482866385
2020-08-04,-0.0,-0.11238204959403116,-0.15679174895764758,-0.0,-0.0,1.0,-0.22292626728110598,-0.0,-0.0,-0.4195194206714944,-0.0,-0.0,-0.0,-0.0,-0.0,-0.0,-0.0,-0.2184825543120474,-0.6129306561334211
2020-08-05,-0.0,-0.11258913878222711,-0.15746023038946794,-0.0,-0.0,1.0,-0.2227098189797038,-0.0,-0.0,-0.4182117388919364,-0.0,-0.0,-0.0,-0.0,-0.0,-0.0,-0.0,-0.21963795940756994,-0.6121228743828854
2020-08-06,-0.0,-0.10866046690258689,-0.16064521438564727,-0.0,-0.0,1.0,-0.22988505747126436,-0.0,-0.0,-0.4226812608015801,-0.0,-0.0,-0.0,-0.0,-0.0,-0.0,-0.0,-0.21452281019394837,-0.6068910652072532
2020-08-07,-0.0,-0.22933728583630605,-0.21348540421042053,-0.0,-0.0,1.0,-0.05903632618198261,-0.0,-0.0,-0.2721700246194041,-0.0,-0.0,-0.0,-0.0,-0.0,-0.0,-0.0,-0.14334522433803948,-0.5948098276641712
2020-08-10,-0.0249961857295428,-0.18496668870467375,-0.24098560748614148,-0.0,-0.0,1.0,-0.04137212022580481,-0.0,-0.0,-0.2957331027818746,-0.0,-0.0,-0.0,-0.0,-0.0,-0.0,-0.0,-0.14389971011544525,-0.6108935564257744
2020-08-11,-0.042945573164153795,-0.1690082963039067,-0.25384635142424167,-0.0,-0.0,1.0,-0.050651118588344084,-0.0,-0.0,-0.32155241055146017,-0.0,-0.0,-0.0,-0.0,-0.0,-0.0,-0.0,-0.1578352554388308,-0.5726761359258212
2020-08-12,-0.038640906062624915,-0.17385845333879976,-0.2505252908317532,-0.0,-0.0,1.0,-0.05252908317531902,-0.0,-0.0,-0.30828165838159177,-0.0,-0.0,-0.0,-0.0,-0.0,-0.0,-0.0,-0.15581919745810485,-0.5827140880438682
2020-08-13,-0.04799569958531715,-0.17503711667434596,-0.24363896994829262,-0.0,-0.0,1.0,-0.04779091793375313,-0.0,-0.0,-0.3124456048738033,-0.0,-0.0,-0.0,-0.0,-0.0,-0.0,-0.0,-0.14554855884912712,-0.587313776685609
2020-08-14,-0.053876714084326545,-0.17388184031782647,-0.24464949378444187,-0.0,-0.0,1.0,-0.04672561835191593,-0.0,-0.0,-0.3166987056260413,-0.0,-0.0,-0.0,-0.0,-0.0,-0.0,-0.0,-0.14489298987568883,-0.5823657567602204
2020-08-17,-0.061553492916463115,-0.1781040290026483,-0.2399146375954542,-0.0,-0.0,1.0,-0.040649988429794566,-0.0,-0.0,-0.31707505206592446,-0.0,-0.0,-0.0,-0.0,-0.0,-0.0,-0.0,-0.15586352299899725,-0.5779960404185843
2020-08-18,-0.06355899519193685,-0.17758979764996274,-0.23736919239966062,-0.0,-0.0,1.0,-0.04183272054097138,-0.0,-0.0,-0.3182063610418327,-0.0,-0.0,-0.0,-0.0,-0.0,-0.0,-0.0,-0.15668629316329416,-0.575939115007842
2020-08-19,-0.08395068124125783,-0.15992332798010672,-0.23454903382893852,-0.0,-0.0,1.0,-0.06719162824431435,-0.0,-0.0,-0.32127130497850076,-0.0,-0.0,-0.0,-0.0,-0.0,-0.0,-0.0,-0.1447702429674144,-0.5786406258094596
2020-08-20,-0.0916785298304646,-0.15768085932444673,-0.23473534360036236,-0.0,-0.0,1.0,-0.05652905396661058,-0.0,-0.0,-0.32452439497864627,-0.0,-0.0,-0.0,-0.0,-0.0,-0.0,-0.0,-0.14354859583279408,-0.5796298692895043
2020-08-21,-0.1218356078758204,-0.12488280029169704,-0.2481508490467757,-0.0,-0.0,1.0,-0.16233461818939474,-0.0,-0.0,-0.29680175018231064,-0.0,-0.0,-0.0,-0.0,-0.0,-0.0,-0.0,-0.12167934159808312,-0.5287529951036566
2020-08-24,-0.1366381676994274,-0.11472795251915184,-0.23761340758752322,-0.0,-0.0,1.0,-0.1550448401181792,-0.0,-0.0,-0.3022459277851858,-0.0,-0.0,-0.0,-0.0,-0.0,-0.0,-0.0,-0.13164431197218082,-0.5366695427092322
2020-08-25,-0.135340737402921,-0.09078378879847325,-0.23834389164259018,-0.0,-0.0,1.0,-0.16653855329074668,-0.0,-0.0,-0.2959949108065842,-0.0,-0.0,-0.0,-0.0,-0.0,-0.0,-0.0,-0.2020568823389085,-0.5215363002624115
2020-08-26,-0.143367646274468,-0.08192436929969599,-0.22777214784788524,-0.0,-0.0,1.0,-0.15782175049335967,-0.0,-0.0,-0.3151634753853539,-0.0,-0.0,-0.0,-0.0,-0.0,-0.0,-0.0,-0.20574430636300603,-0.53501520081071
2020-08-27,-0.1479500414538258,-0.06758310823460191,-0.23069722660533282,-0.0,-0.0,1.0,-0.1593966462517718,-0.0,-0.0,-0.34149929127330103,-0.0,-0.0,-0.0,-0.0,-0.0,-0.0,-0.0,-0.19745393276456902,-0.5298601267684736
2020-08-28,-0.1619968748316181,-0.09216552615981463,-0.23409127646963734,-0.0,-0.0,1.0,-0.15792876771377767,-0.0,-0.0,-0.34322969987607094,-0.0,-0.0,-0.0,-0.0,-0.0,-0.0,-0.0,-0.1954577294035239,-0.509240799612048
2020-08-31,-0.19525661598716243,-0.05970027470285855,-0.21434982457094678,-0.0,-0.0,1.0,-0.14406941006881172,-0.0,-0.0,-0.35945277014714283,-0.0,-0.0,-0.0,-0.0,-0.0,-0.0,-0.0,-0.19786765305844914,-0.549133734054995
2020-09-01,-0.1965016645745784,-0.06510942531244883,-0.2128472411722971,-0.0,-0.0,1.0,-0.1466462915461442,-0.0,-0.0,-0.36077607378704357,-0.0,-0.0,-0.0,-0.0,-0.0,-0.0,-0.0,-0.19942149211373686,-0.5475085957539705
2020-09-02,-0.2011943694013934,-0.06532063130954073,-0.19604720602872172,-0.0,-0.0,1.0,-0.20426560500497654,-0.0,-0.0,-0.40915683207734965,-0.0,-0.0,-0.0,-0.0,-0.0,-0.0,-0.0,-0.16078487132091568,-0.6069671548414616
2020-09-03,-0.33141722717710154,-0.04708287652967495,-0.17905715724910368,-0.0,-0.016178257133544694,1.0,-0.14089306349817773,-0.0,-0.0,-0.5223858484695842,-0.0,-0.0,-0.0,-0.0,-0.10403271208035794,-0.0,-0.0,-0.1299297756970577,-0.49216273074757766
2020-09-04,-0.3461883130929205,-0.0,-0.17434566298940082,-0.0,-0.0,1.0,-0.09823553042242204,-0.0,-0.0,-0.620098266431816,-0.0,-0.0,-0.0,-0.0,-0.05747659219430796,-0.0,-0.0,-0.15657736163900993,-0.6371867371218441
2020-09-08,-0.3892905999609146,-0.0,-0.26242590059279525,-0.0,-0.0,1.0,-0.0,-0.0,-0.0,-0.569344016676438,-0.0,-0.0,-0.0,-0.0,-0.36623021301543873,-0.0,-0.0,-0.14090287277701777,-0.528890626017849
2020-09-09,-0.35738943528952,-0.0,-0.23783625350094442,-0.0,-0.0,1.0,-0.0,-0.0,-0.0,-0.5648407477365988,-0.0,-0.0,-0.0,-0.0,-0.36093923011789225,-0.0,-0.0,-0.1645281052563017,-0.5711587311926009
2020-09-10,-0.3802803097128296,-0.0,-0.2608056453984122,-0.0,-0.0,1.0,-0.0,-0.0,-0.0,-0.5258910777875788,-0.0,-0.0,-0.0,-0.0,-0.4436930314613349,-0.0,-0.0,-0.1857623574765592,-0.4705805482047764
2020-09-11,-0.2914220537421584,-0.0,-0.4617061961152672,-0.0,-0.0,1.0,-0.07467543359388103,-0.0,-0.0,-0.5495655674460733,-0.0,-0.0,-0.0,-0.0,-0.6957965715052501,-0.0,-0.0,-0.0,-0.2815257137106243
2020-09-14,-0.28349257979264075,-0.0,-0.5293758894084163,-0.0,-0.0,1.0,-0.13180185674595105,-0.0,-0.0,-0.4747238598631158,-0.0,-0.0,-0.0,-0.0,-0.7071898082266043,-0.0,-0.0,-0.0770820627498814,-0.1845225994443315
2020-09-15,-0.21404693920189427,-0.0,-0.6941291176265757,-0.0,-0.0,1.0,-0.0992060728462985,-0.0,-0.0,-0.44891705550525807,-0.0,-0.0,-0.0,-0.0,-0.8082039139215823,-0.0,-0.0,-0.0005223204958562574,-0.21711121944425102
2020-09-16,-0.21390523274031265,-0.0,-0.701110608223375,-0.0,-0.0,1.0,-0.11172231312885145,-0.0,-0.0,-0.407826480520837,-0.0,-0.0,-0.0,-0.0,-0.8022142533857884,-0.0,-0.0,-0.01006162308951015,-0.23468996971068481
2020-09-17,-0.13200836052950018,-0.0,-0.7404202266143521,-0.0,-0.0,1.0,-0.2657401635436911,-0.0,-0.0,-0.46279931062300605,-0.0,-0.0,-0.0,-0.0,-0.8916431373987018,-0.0,-0.0,-0.0664075391441458,-0.10788016574383044
2020-09-18,-0.16234386480529023,-0.0,-0.6951873622336517,-0.0,-0.0,1.0,-0.2698383541513593,-0.0,-0.0,-0.4880235121234387,-0.0,-0.0,-0.0,-0.0,-0.8495958853783983,-0.0,-0.0,-0.08941954445260838,-0.11936076414401176
2020-09-21,-0.14202543281752722,-0.0,-0.6361268576681478,-0.0,-0.0,1.0,-0.21215719319748738,-0.0,-0.0,-0.5812394668300904,-0.0,-0.0,-0.0,-0.0,-0.9787421480006129,-0.0,-0.0,-0.27995250497931673,-0.0
2020-09-22,-0.12271910026395318,-0.0,-0.7772847251444093,-0.0,-0.0,1.0,-0.28189434222103216,-0.0,-0.0,-0.48467923950881764,-0.0,-0.0,-0.0,-0.0,-1.0083776443135306,-0.0,-0.0,-0.1504533108909376,-0.0
2020-09-23,-0.09602520224019913,-0.0,-0.8267345986309894,-0.0,-0.0,1.0,-0.324556627255756,-0.0,-0.0,-0.5026057871810827,-0.0,-0.0,-0.0,-0.0,-0.9677193528313628,-0.0,-0.0,-0.17159303049159924,-0.0
2020-09-24,-0.14095441053352611,-0.0,-0.7411903493416546,-0.0,-0.0,1.0,-0.299185630565492,-0.0,-0.0,-0.41700281604383893,-0.0,-0.0,-0.0,-0.0,-0.9581779435269047,-0.0,-0.0,-0.24895349722201082,-0.0
2020-09-25,-0.12512470263218478,-0.0,-0.736436190622362,-0.0,-0.0,1.0,-0.29372266134602104,-0.0,-0.0,-0.42713529276341033,-0.0,-0.0,-0.0,-0.0,-0.9603253779449006,-0.0,-0.0,-0.29425984191543236,-0.0
2020-09-28,-0.06851241661978623,-0.0,-0.8931125934260227,-0.0,-0.0,1.0,-0.5019689785421523,-0.0,-0.0,-0.46094189504138877,-0.0,-0.0,-0.0,-0.0,-0.8510407458008519,-0.0,-0.0,-0.2427469259824801,-0.0
2020-09-29,-0.0502831439013615,-0.0,-0.9059399975902647,-0.0,-0.0,1.0,-0.4972488854974096,-0.0,-0.0,-0.45748825254026265,-0.0,-0.0,-0.0,-0.0,-0.8551347443672437,-0.0,-0.0,-0.2500903650749026,-0.0
2020-09-30,-0.039387397662009695,-0.0,-0.8881919270090831,-0.0,-0.0,1.0,-0.5967985010793858,-0.0,-0.0,-0.44393303735082074,-0.0,-0.0,-0.0,-0.0,-0.7606614801841065,-0.0,-0.0,-0.34418149973524503,-0.0
2020-10-01,-0.04947653502566797,-0.0,-0.8798657989409434,-0.0,-0.0,1.0,-0.5462629855693439,-0.0,-0.0,-0.49905008286511177,-0.0,-0.0,-0.0,-0.0,-0.7450584097982943,-0.0,-0.0,-0.3225271837988601,-0.0
2020-10-02,-0.05691715616771318,-0.0,-0.8660320032408344,-0.0,-0.0,1.0,-0.5727769900749442,-0.0,-0.0,-0.4930929714401458,-0.0,-0.0,-0.0,-0.0,-0.7399230301802714,-0.0,-0.0,-0.32226048207413405,-0.0
2020-10-05,-0.06784760774674746,-0.0,-0.8801542568970632,-0.0,-0.0,1.0,-0.5015891850658982,-0.0,-0.0,-0.4628978259948298,-0.0,-0.0,-0.0,-0.0,-0.9638937153027928,-0.0,-0.0,-0.3614018731194643,-0.0
2020-10-06,-0.07742018317213044,-0.0,-0.8683129333219206,-0.0,-0.0,1.0,-0.6025849524950784,-0.0,-0.0,-0.4360609432508773,-0.0,-0.0,-0.0,-0.0,-1.0273046306599332,-0.0,-0.0,-0.26803903107078664,-0.0
2020-10-07,-0.08841424499000128,-0.0,-0.8972897076968898,-0.0,-0.0,1.0,-0.5283580819469855,-0.0,-0.0,-0.3437433519125218,-0.0,-0.0,-0.0,-0.0,-1.0453133642513723,-0.0,-0.0,-0.35169978300642474,-0.0
2020-10-08,-0.08584831250778364,-0.0,-0.8993731578728881,-0.0,-0.0,1.0,-0.46166299970941094,-0.0,-0.0,-0.3733654365062892,-0.0,-0.0,-0.0,-0.0,-1.0227904852837395,-0.0,-0.0,-0.3082319730997551,-0.0
2020-10-09,-0.1128653006382264,-0.0,-0.8972959355055424,-0.0,-0.0,1.0,-0.5288041652670473,-0.0,-0.0,-0.3310379576755122,-0.0,-0.0,-0.0,-0.0,-1.0662159892509238,-0.0,-0.0,-0.26263856231105137,-0.0
2020-10-12,-0.08719357746962608,-0.0,-0.9529901687202165,-0.0,-0.0,1.0,-0.5218735242347486,-0.0,-0.0,-0.3641866655218306,-0.0,-0.0,-0.0,-0.0,-1.056068346713605,-0.0,-0.0,-0.31078006267977504,-0.0
2020-10-13,-0.0687305967575026,-0.0,-0.9681786823042429,-0.0,-0.0,1.0,-0.5653242497412901,-0.0,-0.0,-0.34473094170403584,-0.0,-0.0,-0.0,-0.0,-1.032942393928941,-0.0,-0.004311831666091756,-0.3275698516729907,-0.0
2020-10-14,-0.07244563341387643,-0.0,-0.9936572316189162,-0.0,-0.0,1.0,-0.5795650673110114,-0.0,-0.0,-0.3170952709699689,-0.0,-0.0,-0.0,-0.0,-1.0553589920607525,-0.0,-0.014325163962720057,-0.2823610631687953,-0.0
2020-10-15,-0.074251859539872,-0.0,-0.9968431067289396,-0.0,-0.0,1.0,-0.5812143227815256,-0.0,-0.0,-0.30526725480020755,-0.0,-0.0,-0.0,-0.0,-1.061970247362048,-0.0,-0.017125064867669952,-0.28788271925272446,-0.0
2020-10-16,-0.08087725381414701,-0.0,-0.9912881414701803,-0.0,-0.0,1.0,-0.581744105409154,-0.0,-0.0,-0.29754680998613037,-0.0,-0.0,-0.0,-0.0,-1.078016643550624,-0.0,-0.02128120665742025,-0.28346047156726767,-0.0
2020-10-19,-0.08194306018979937,-0.0,-0.9893833687221042,-0.0,-0.0,1.0,-0.56640811197296,-0.0,-0.0,-0.3086189712700958,-0.0,-0.0,-0.0,-0.0,-1.0665597781340728,-0.0,-0.01993326688911037,-0.30047233175889415,-0.0
2020-10-20,-0.0899694215943839,-0.0,-0.9900512511305396,-0.0,-0.0,1.0,-0.5485593694818899,-0.0,-0.0,-0.32740428097678625,-0.0,-0.0,-0.0,-0.0,-1.0320857918084327,-0.0,-0.033636246177699294,-0.2851113312373487,-0.0
2020-10-21,-0.0723946592682504,-0.0,-1.0084966186925612,-0.0,-0.0,1.0,-0.5703572047858505,-0.0,-0.0,-0.3203572047858505,-0.0,-0.0,-0.0,-0.0,-1.042569793653546,-0.0,-0.04530084966186925,-0.2754465059823132,-0.0
