Date,IWF,IWM,MTUM,SPY,TTEK,VLUE,VXX
2018-09-24,-0.2960783098940586,-0.8266526237531752,-0.1096896103091506,-0.44749395948206433,1.0,-0.417787002044483,0.0
2018-09-25,-0.2974019137274332,-0.8252562474839749,-0.11188183197597003,-0.44625770290775085,1.0,-0.4158176694639706,0.0
2018-09-26,-0.29690165307198463,-0.8255745433117265,-0.10864373662500387,-0.4485314641937785,1.0,-0.42179697918928144,0.0
2018-09-27,-0.29705088845474,-0.8249139454833009,-0.10887834527242846,-0.44847582720873264,1.0,-0.42174465841783737,0.0
2018-09-28,-0.2951923076923077,-0.8266129032258065,-0.10939826302729529,-0.4485111662531017,1.0,-0.4220223325062034,0.0
2018-10-01,-0.2948149067552053,-0.8275979768517082,-0.10975269184224408,-0.44844385142892607,1.0,-0.4223787507369597,0.0
2018-10-02,-0.29527473550308714,-0.8237100927678322,-0.11122832056095064,-0.44913282243802555,1.0,-0.4232571127175701,0.0
2018-10-03,-0.2950717985299135,-0.8205812114257358,-0.1109698229072977,-0.4499271159631548,1.0,-0.4248674130819093,0.0
2018-10-04,-0.2952360275417158,-0.8201724458780474,-0.1112834191427331,-0.44997208609887723,1.0,-0.424880590534086,0.0
2018-10-05,-0.2862838422549141,-0.8176536036592904,-0.1026393868216096,-0.45404252688836694,1.0,-0.4299666213376189,0.0
2018-10-08,-0.28473529865720015,-0.81524926686217,-0.09868806914647321,-0.4582188609353295,1.0,-0.4300046303441889,0.0
2018-10-09,-0.28685739001482946,-0.8160837864557587,-0.1028484923381117,-0.4565620365793376,1.0,-0.42708848245180425,0.0
2018-10-10,-0.289415110671448,-0.8149808334363793,-0.10538518610115001,-0.45845183628045005,1.0,-0.4231791764560406,0.0
2018-10-11,-0.26644796792418446,-0.8175384241540611,-0.07748617945446813,-0.4504586598627057,1.0,-0.42555130308000727,0.0
2018-10-12,-0.2679592942734991,-0.8166435840308304,-0.0743963388932378,-0.4393629192509183,1.0,-0.4124164508942012,0.0
2018-10-15,-0.2578221273781972,-0.8335186799314719,-0.060382916053019146,-0.43933154999849716,1.0,-0.41453518078807366,0.0
2018-10-16,-0.2565004358673761,-0.8391198484985121,-0.05621186160459314,-0.43962485345838215,1.0,-0.4145249045600745,0.0
2018-10-17,-0.24814109809053594,-0.8204449467610492,-0.04940217714591636,-0.4376598655642139,1.0,-0.4185652251501992,0.0
2018-10-18,-0.24862404426858659,-0.82158688602624,-0.048820396870258534,-0.43727129384464347,1.0,-0.418736798262577,0.0
2018-10-19,-0.23723839449813247,-0.8166538210707299,-0.03601707476136835,-0.4487460722120116,1.0,-0.42571293057449455,0.0
2018-10-22,-0.2379738581463588,-0.8144876848750703,-0.03485580485491567,-0.44986514123121607,1.0,-0.42674649515397606,0.0
2018-10-23,-0.2393101609031914,-0.8139390168014934,-0.038077458737072925,-0.4468841674815539,1.0,-0.42501555693839455,0.0
2018-10-24,-0.23864410797356958,-0.8156389818957599,-0.036860351417819785,-0.4470947287327032,1.0,-0.42481258703961594,0.0
2018-10-25,-0.21734348316883267,-0.7886769515760225,-0.03331500188138586,-0.45109843989695786,1.0,-0.40400590465715364,0.0
2018-10-26,-0.21128582516457295,-0.7817862994796906,-0.025842987322850487,-0.4553712593785034,1.0,-0.4003219593526317,0.0
2018-10-29,-0.19804590126357413,-0.7947050227787169,-0.013896449958453913,-0.4505028509211771,1.0,-0.40812584166642796,0.0
2018-10-30,-0.19392081590557497,-0.7953073970091102,-0.011115567524207873,-0.45149830974617544,1.0,-0.41302354896006416,0.0
2018-10-31,-0.19594209506440213,-0.7826000227972186,-0.012566966830046733,-0.44927618830502675,1.0,-0.40923857289410687,0.0
2018-11-01,-0.179434505977346,-0.8047305201289623,-0.0,-0.4545065479756911,1.0,-0.4144768752318183,0.0
2018-11-02,-0.18934557063048685,-0.771377265990195,-0.0,-0.4751453654087333,1.0,-0.4144624330178999,0.0
2018-11-05,-0.18479438772600237,-0.7853191125306564,-0.0,-0.4771003251012376,1.0,-0.40452289967489874,0.0
2018-11-06,-0.18484399064514292,-0.7849808909930979,-0.0,-0.47732587986994474,1.0,-0.40493982088871144,0.0
2018-11-07,-0.1845653847250335,-0.7848732787866692,-0.0,-0.47672263876614307,1.0,-0.404681130085241,0.0
2018-11-08,-0.173908111174135,-0.7849971639251275,-0.0,-0.4719795802609189,1.0,-0.4051900170164492,0.0
2018-11-09,-0.17164157456560208,-0.8063121863487367,-0.0,-0.4999564876860152,1.0,-0.42293969193281705,0.0
2018-11-12,-0.17239961225508915,-0.829539112299151,-0.0,-0.5028052756807566,1.0,-0.4327468201979849,0.0
2018-11-13,-0.16356822905992915,-0.8319524548408818,-0.0,-0.5024738706560881,1.0,-0.42966302661240746,0.0
2018-11-14,-0.16359750563574085,-0.8319231782650702,-0.0,-0.5024738706560881,1.0,-0.4296337500365957,0.0
2018-11-15,-0.1629483942934304,-0.8340574179533845,-0.0,-0.5029354781893971,1.0,-0.4355368989608407,0.0
2018-11-16,-0.1621376015008941,-0.8304165567379005,-0.0,-0.5020373464661566,1.0,-0.4368422595491455,0.0
2018-11-19,-0.16766484645646176,-0.8301626445892785,-0.0,-0.5007339557277904,1.0,-0.4372614643884681,0.0
2018-11-20,-0.12541302377262492,-0.8261352671130735,-0.0,-0.5094301002953303,1.0,-0.4630837158981257,0.0
2018-11-21,-0.12369119491352408,-0.8265231720477147,-0.0,-0.5084142677982909,1.0,-0.4579286610085455,0.0
2018-11-23,-0.12634408602150538,-0.808496961196821,-0.0,-0.5227618045815803,1.0,-0.46435250116877047,0.0
2018-11-26,-0.12703850095154443,-0.8063241106719367,-0.0,-0.5265407700190309,1.0,-0.4679256331430244,0.0
2018-11-27,-0.12278909579125563,-0.8073083883019089,-0.0,-0.5236997256435701,1.0,-0.4648882143482576,0.0
2018-11-28,-0.1199051300070274,-0.8243148278285313,-0.0,-0.5201745139376903,1.0,-0.46366245022253455,0.0
2018-11-29,-0.09221567318022124,-0.8162654975174937,-0.0,-0.5221683458668448,1.0,-0.4728376063412793,0.0
2018-11-30,-0.09128968484707524,-0.8173915571578091,-0.0,-0.5224444702872427,1.0,-0.4761890917548552,0.0
2018-12-03,-0.0896146916952403,-0.8178648224559771,-0.0,-0.5224036729238101,1.0,-0.47588190852560003,0.0
2018-12-04,-0.07284399366828868,-0.8417072169783667,-0.0,-0.5304567039924958,1.0,-0.4863399190947998,0.0
2018-12-06,-0.06602784411953166,-0.8367507427040252,-0.0,-0.5293295275819888,1.0,-0.4804275645133105,0.0
2018-12-07,-0.06967463808219976,-0.8366199644636042,-0.0,-0.529259270047479,1.0,-0.4772363170312546,0.0
2018-12-10,-0.05236691520721346,-0.8411941506271314,-0.0,-0.5295647650424831,1.0,-0.4668805271371597,0.0
2018-12-11,-0.0443679092382496,-0.8451319749942117,-0.0,-0.5285077564250984,1.0,-0.4762097707802732,0.0
2018-12-12,-0.04810258790762447,-0.8462341882325636,-0.0,-0.5325809446443078,1.0,-0.4743240106765696,0.0
2018-12-13,-0.04763837745368089,-0.8421235756328105,-0.0,-0.537185769375743,1.0,-0.47252747252747257,0.0
2018-12-14,-0.048731700246412525,-0.8400057979417308,-0.0,-0.5377880852297435,1.0,-0.4724452819249167,0.0
2018-12-17,-0.029684064344404584,-0.8434209003587547,-0.0,-0.526385834972804,1.0,-0.4936928596227288,0.0
2018-12-18,-0.02645273200346921,-0.8445793581960105,-0.0,-0.5265105521827118,1.0,-0.49346631974559124,0.0
2018-12-19,-0.03663343380477626,-0.8437572455367494,-0.0,-0.5242290748898678,1.0,-0.4935949455135636,0.0
2018-12-20,-0.036451864475318445,-0.8365154097224227,-0.0,-0.5251725831142948,1.0,-0.49028046561335603,0.0
2018-12-21,-0.032703425662265945,-0.8381798832225962,-0.0,-0.5265913078493974,1.0,-0.4788161187332816,0.0
2018-12-24,-0.030676258992805756,-0.8412086330935253,-0.0,-0.5278273381294964,1.0,-0.4779856115107914,0.0
2018-12-26,-0.03049007001000143,-0.8472638948421203,-0.0,-0.5117016716673811,1.0,-0.4680954422060295,0.0
2018-12-27,-0.010258411618766203,-0.82652691439244,-0.0,-0.47740640593203804,1.0,-0.47339224486382514,0.0
2018-12-28,-0.006742637429996377,-0.8305146136914547,-0.0,-0.4773341506227188,1.0,-0.4716224123039202,0.0
2018-12-31,-0.0074951239899693515,-0.8294789634995822,-0.0,-0.4774310392867094,1.0,-0.47188631930899977,0.0
2019-01-02,-0.006432748538011696,-0.8293790030632135,-0.0,-0.47671957671957677,1.0,-0.472208298524088,0.0
2019-01-03,-0.01775065485147411,-0.8265340244106336,-0.0,-0.4872930948002006,1.0,-0.4550242434375522,0.0
2019-01-04,-0.006305905883660203,-0.8307128173787431,-0.0,-0.4834990832824046,1.0,-0.457442080115562,0.0
2019-01-07,-0.0,-0.8139898076606937,-0.0,-0.4805742780426324,1.0,-0.44528467313277437,0.0
2019-01-08,-0.0,-0.7952775340061431,-0.0,-0.5013986397542781,1.0,-0.445754716981132,0.0
2019-01-09,-0.0,-0.8047511561330104,-0.0,-0.5042391543712839,1.0,-0.4435146443514645,0.0
2019-01-10,-0.0007979308826766454,-0.8032962799911952,-0.0,-0.5047325555800132,1.0,-0.4426590358793749,0.0
2019-01-11,-0.001459974657043689,-0.8010026995757809,-0.0,-0.5061153655445981,1.0,-0.44609112445595284,0.0
2019-01-14,-0.0093125774900124,-0.7993663038986086,-0.0,-0.507728337236534,1.0,-0.4387932222069156,0.0
2019-01-15,-0.010555325892241974,-0.7985393413256167,-0.0,-0.5073721923659915,1.0,-0.4394929034036103,0.0
2019-01-16,-0.00355303385022172,-0.8015258765527309,-0.0,-0.5031536618282976,1.0,-0.44605723414217646,0.0
2019-01-17,-0.03316237480196557,-0.7500604172820279,-0.0,-0.4732418570929889,1.0,-0.4287747375204747,0.0
2019-01-18,-0.043224736532391804,-0.7427646712673193,-0.0,-0.46739421173701384,1.0,-0.4214144332102926,0.0
2019-01-22,-0.0,-0.8477240794252539,-0.0,-0.4580207311577106,1.0,-0.3453248853423822,0.0
2019-01-23,-0.0,-0.8291470642957766,-0.0,-0.46165909151317014,1.0,-0.36714243946522074,0.0
2019-01-24,-0.0,-0.8321921443736731,-0.0,-0.4523089171974522,1.0,-0.36940021231422504,0.0
2019-01-25,-0.0,-0.8546813869982314,-0.0,-0.49531057398574413,1.0,-0.3296532504421459,0.0
2019-01-28,-0.0,-0.8307902345004818,-0.0,-0.5251632937145304,1.0,-0.32099261162865406,0.0
2019-01-29,-0.0,-0.8378912143072661,-0.0,-0.5838384946649477,1.0,-0.32120031818306494,0.0
2019-01-30,-0.0,-0.8399386065888286,-0.0,-0.5856218823658389,1.0,-0.31521679548319903,0.0
2019-01-31,-0.0,-0.844551724137931,-0.0,-0.6102896551724138,1.0,-0.30380689655172416,0.0
2019-02-01,-0.0,-0.8717237756114646,-0.0,-0.7120716829140156,1.0,-0.334889965559512,0.0
2019-02-04,-0.0,-0.8748095182276404,-0.0,-0.7304243347790411,1.0,-0.325225647638026,0.0
2019-02-05,-0.0,-0.8800972580267166,-0.0,-0.7220236700257793,1.0,-0.3273377079915632,0.0
2019-02-06,-0.0,-0.8647129431741665,-0.0,-0.7270837602833973,1.0,-0.33586087771174283,0.0
2019-02-07,-0.0,-0.8650974881433339,-0.0,-0.7255694127290825,1.0,-0.3368756952983196,0.0
2019-02-08,-0.0,-0.865562234276499,-0.0,-0.7370766749743439,1.0,-0.32948248057469576,0.0
2019-02-11,-0.0,-0.8589660648120921,-0.0,-0.7510733399988239,1.0,-0.330588719637711,0.0
2019-02-12,-0.0,-0.8648927392739274,-0.0,-0.7498231966053749,1.0,-0.33203677510608204,0.0
2019-02-13,-0.0,-0.8737921282111712,-0.0,-0.7467593683714352,1.0,-0.32547725665802496,0.0
2019-02-14,-0.0,-0.8490253007051016,-0.0,-0.7606505895597558,1.0,-0.3529063222136636,0.0
2019-02-15,-0.0,-0.862877147180111,-0.0,-0.7555403922034,1.0,-0.34832527368202454,0.0
2019-02-19,-0.0,-0.8597356304767563,-0.0,-0.7612951136194862,1.0,-0.34941333729392543,0.0
2019-02-20,-0.0,-0.8561629598836,-0.0,-0.7667250645841375,1.0,-0.34646791578822345,0.0
2019-02-21,-0.0,-0.8553633012248781,-0.0,-0.7672731597098347,1.0,-0.35033892258294685,0.0
2019-02-22,-0.0,-0.8570239334027057,-0.0,-0.7650066894603835,1.0,-0.3510926118626431,0.0
2019-02-25,-0.0,-0.8515592391628406,-0.0,-0.7714507185021764,1.0,-0.35832687377019856,0.0
2019-02-26,-0.0,-0.8538191134413727,-0.0,-0.7658484270734032,1.0,-0.35936010486177317,0.0
2019-02-27,-0.0,-0.8502249903149866,-0.0,-0.7716720803409126,1.0,-0.35813690139166193,0.0
2019-02-28,-0.0,-0.8521676903810602,-0.0,-0.7734510107937266,1.0,-0.35607370743634087,0.0
2019-03-01,-0.0,-0.8511729112641211,-0.0,-0.7815136069629496,1.0,-0.34802825717607083,0.0
2019-03-04,-0.0,-0.8499910602538888,-0.0,-0.7786220871327255,1.0,-0.3513022230168663,0.0
2019-03-05,-0.0,-0.8396942005614286,-0.0,-0.7907483724541601,1.0,-0.3558800692826853,0.0
2019-03-06,-0.0,-0.8414491973814009,-0.0,-0.7879711834514095,1.0,-0.35984814515887964,0.0
2019-03-07,-0.0,-0.8412850062697795,-0.0,-0.7910372006926614,1.0,-0.3532572998148922,0.0
2019-03-08,-0.0,-0.8418858531026003,-0.0,-0.8126443331433884,1.0,-0.3445700746783433,0.0
2019-03-11,-0.0,-0.8387281840690864,-0.0,-0.8146325261187269,1.0,-0.36611510356905613,0.0
2019-03-12,-0.0,-0.807739183424741,-0.0,-0.8312918951858623,1.0,-0.4078915295551493,0.0
2019-03-13,-0.0,-0.8158200734394125,-0.0,-0.8324663402692779,1.0,-0.4116891064871481,0.0
2019-03-14,-0.0,-0.8151389058866723,-0.0,-0.8336494921062293,1.0,-0.4108126300330437,0.0
2019-03-15,-0.0,-0.8102057714128001,-0.0,-0.8365788585973197,1.0,-0.4198534147014628,0.0
2019-03-18,-0.0,-0.8240148354195642,-0.0,-0.8382630196260238,1.0,-0.42843455416473497,0.0
2019-03-19,-0.0,-0.8223054772889122,-0.0,-0.8406353531287737,1.0,-0.4333529429978017,0.0
2019-03-20,-0.0,-0.8231370602469442,-0.0,-0.8369733821430786,1.0,-0.44217286095427183,0.0
2019-03-21,-0.0,-0.8231463391943438,-0.0,-0.8500945824417775,1.0,-0.42785375383756635,0.0
2019-03-22,-0.0,-0.818669327180894,-0.0,-0.8702063977053065,1.0,-0.4289143854835692,0.0
2019-03-25,-0.0,-0.7732070449128671,-0.0,-0.892035781719132,1.0,-0.43006159655802145,0.0
2019-03-26,-0.0,-0.7827965680179059,-0.0,-0.8906055707535439,1.0,-0.43527729420542155,0.0
2019-03-27,-0.0,-0.7717853925253969,-0.0,-0.8991270309733139,1.0,-0.43573891702134265,0.0
2019-03-28,-0.0,-0.7709641325293715,-0.0,-0.8974016286442468,1.0,-0.439733946665009,0.0
2019-03-29,-0.0,-0.7742055842298364,-0.0,-0.8966482183943785,1.0,-0.4384055717927989,0.0
2019-04-01,-0.0,-0.7781716417910447,-0.0,-0.8962997512437811,1.0,-0.4350124378109453,0.0
2019-04-02,-0.0,-0.7877075896321589,-0.0,-0.9090175384137824,1.0,-0.40741890423715665,0.0
2019-04-03,-0.0,-0.7881856015901609,-0.0,-0.9053357351388285,1.0,-0.41226163115721476,0.0
2019-04-04,-0.0,-0.7872929035466725,-0.0,-0.9027074072922819,1.0,-0.41835814864318793,0.0
2019-04-05,-0.0,-0.784493759531887,-0.0,-0.914220797410439,1.0,-0.4137383672071959,0.0
2019-04-08,-0.0,-0.7858610384759058,-0.0,-0.9143008342672145,1.0,-0.4127754949570414,0.0
2019-04-09,-0.0,-0.7799407268756825,-0.0,-0.9331149586647949,1.0,-0.40658243643737324,0.0
2019-04-10,-0.0,-0.7682022191746665,-0.0,-0.9417778331878818,1.0,-0.406807131280389,0.0
2019-04-11,-0.0,-0.7727940028111823,-0.0,-0.9538966109636108,1.0,-0.39684522879900047,0.0
2019-04-12,-0.0,-0.7725611470340175,-0.0,-0.9562677662199731,1.0,-0.39490207103364255,0.0
2019-04-15,-0.0,-0.7724864446165763,-0.0,-0.9410069713400465,1.0,-0.3848489542989931,0.0
2019-04-16,-0.0,-0.7804177223011802,-0.0,-0.9355187542482852,1.0,-0.3737255144287215,0.0
2019-04-17,-0.0,-0.7642861574734752,-0.0,-0.9359992554445615,1.0,-0.401997890426258,0.0
2019-04-18,-0.0,-0.7609186863528027,-0.0,-0.9161791562200141,1.0,-0.41820658061720367,0.0
2019-04-22,-0.0,-0.754804856087186,-0.0,-0.9231223026050237,1.0,-0.4269568727295308,0.0
2019-04-23,-0.0,-0.7524835465044082,-0.0,-0.9215199304606978,1.0,-0.4304296535452626,0.0
2019-04-24,-0.0,-0.7254829580410976,-0.0,-0.9224190968377016,1.0,-0.42829457364341084,0.0
2019-04-25,-0.0,-0.7354564232203965,-0.0,-0.9308505718777939,1.0,-0.41656133427875575,0.0
2019-04-26,-0.0,-0.7328616886527233,-0.0,-0.9279557601408757,1.0,-0.42855818839012644,0.0
2019-04-29,-0.0,-0.726952763198518,-0.0,-0.9264896573016363,1.0,-0.43396109910466185,0.0
2019-04-30,-0.0,-0.7233681220280369,-0.0,-0.9303402704872477,1.0,-0.43404557524856424,0.0
2019-05-01,-0.0,-0.7147186147186148,-0.0,-0.9329622758194186,1.0,-0.4444341372912801,0.0
2019-05-02,-0.0,-0.7192982456140352,-0.0,-0.9272564126365297,1.0,-0.44756954113679265,0.0
2019-05-03,-0.0,-0.7626705498749564,-0.0,-0.9409288043306214,1.0,-0.4620912342904175,0.0
2019-05-06,-0.0,-0.7333501992283853,-0.0,-0.9516159635696667,1.0,-0.4773891594459554,0.0
2019-05-07,-0.0,-0.7345692682463856,-0.0,-0.9521655224777754,1.0,-0.47692113005789494,0.0
2019-05-08,-0.0,-0.7265711135611908,-0.0,-0.932272798865963,1.0,-0.49125846590014177,0.0
2019-05-09,-0.0,-0.7253913755630453,-0.0,-0.9380728887768924,1.0,-0.4864396635902606,0.0
2019-05-10,-0.0,-0.722890049719932,-0.0,-0.9414689407766379,1.0,-0.4824721505444018,0.0
2019-05-13,-0.0,-0.7240338354139807,-0.0,-0.9396874312128548,1.0,-0.4808024904877205,0.0
2019-05-14,-0.0,-0.6947266720688151,-0.0,-0.9430592781898649,1.0,-0.47883812254565855,0.0
2019-05-15,-0.0,-0.6906154707822516,-0.005756425415396105,-0.9442715788163545,1.0,-0.47093783060551375,0.0
2019-05-16,-0.0,-0.6917953187250996,-0.010053535856573705,-0.9404880478087648,1.0,-0.4701817729083665,0.0
2019-05-17,-0.0,-0.6885450073169972,-0.011894012516735684,-0.9316561322664009,1.0,-0.4815206899772706,0.0
2019-05-20,-0.0,-0.6853950071593102,-0.016124011703915832,-0.929620867832908,1.0,-0.48160368548838944,0.0
2019-05-21,-0.0,-0.6800436545057686,-0.02528843155597131,-0.927346429685064,1.0,-0.4855004677268476,0.0
2019-05-22,-0.0,-0.6746219428713672,-0.03136473956064472,-0.9256954384218059,1.0,-0.4799303005787541,0.0
2019-05-23,-0.0,-0.6684074730330443,-0.03428766825204389,-0.9312692343560571,1.0,-0.47461842146165567,0.0
2019-05-24,-0.0,-0.6740429505135388,-0.026921879863056334,-0.9410208527855588,1.0,-0.4703703703703704,0.0
2019-05-28,-0.0,-0.680870946640501,-0.024826340217425164,-0.9405974519515311,1.0,-0.4686789396629599,0.0
2019-05-29,-0.0,-0.690062478629822,-0.026638898386745827,-0.9421528705977432,1.0,-0.44953529576326506,0.0
2019-05-30,-0.0,-0.6883657370022983,-0.027424063606435182,-0.9395925212746135,1.0,-0.45043170383253617,0.0
2019-05-31,-0.0,-0.6873698928072083,-0.03312101910828025,-0.9418983998757183,1.0,-0.44464812800994247,0.0
2019-06-03,-0.0,-0.691960420531849,-0.06144094001236858,-0.9393939393939393,1.0,-0.3993506493506493,0.0
2019-06-04,-0.0,-0.6960778239048268,-0.05176900675382613,-0.9262036061713861,1.0,-0.42400396554929054,0.0
2019-06-05,-0.0,-0.6872982197214279,-0.06616855763613443,-0.9229468376226054,1.0,-0.3983334870706884,0.0
2019-06-06,-0.0,-0.6678495828663927,-0.10503050678620345,-0.9679367451126882,1.0,-0.3721205329348773,0.0
2019-06-07,-0.0,-0.6982122765345667,-0.09929366170771346,-0.9567758469808726,1.0,-0.371077634704338,0.0
2019-06-10,-0.0,-0.697953444774254,-0.0965161693485393,-0.9582565224183722,1.0,-0.3717856584908608,0.0
2019-06-11,-0.0,-0.6973403588006524,-0.11795885083427424,-0.9603249278635052,1.0,-0.3607452013549115,0.0
2019-06-12,-0.0,-0.6967606384646743,-0.11969644705070714,-0.9603625074477093,1.0,-0.3590266236006146,0.0
2019-06-13,-0.0,-0.7091702234496611,-0.13243786090886267,-0.9478722068792369,1.0,-0.34885764499121263,0.0
2019-06-14,-0.0,-0.6985751051409201,-0.14644403992216432,-0.9573473102755634,1.0,-0.336199861904463,0.0
2019-06-17,-0.0,-0.7038047740033249,-0.14481979862614097,-0.9415953075499515,1.0,-0.3464132241774098,0.0
2019-06-18,-0.0,-0.6976889835285276,-0.1432016033068203,-0.9435711154255652,1.0,-0.34699693117053926,0.0
2019-06-19,-0.0,-0.6990294301815905,-0.1426737633061991,-0.9431747025673137,1.0,-0.3460237946149029,0.0
2019-06-20,-0.0,-0.702184336707512,-0.1409006863267417,-0.9434328872731831,1.0,-0.34739415212009156,0.0
2019-06-21,-0.0,-0.7025076107083451,-0.14304993252361672,-0.9464582744876502,1.0,-0.3464206132504786,0.0
2019-06-24,-0.0,-0.6972021376925496,-0.14680917950330086,-0.941810751336058,1.0,-0.35781200880226344,0.0
2019-06-25,-0.0,-0.6709718065837139,-0.15344148684832257,-0.9600882028665931,1.0,-0.3656008820286659,0.0
2019-06-26,-0.0,-0.6687054669272968,-0.14846459423671102,-0.9519200454000881,1.0,-0.3836622737877546,0.0
2019-06-27,-0.0,-0.6564767493217238,-0.16092497949397438,-0.9466527856647108,1.0,-0.3907186573285381,0.0
2019-06-28,-0.0,-0.656192819736261,-0.16007319073758597,-0.9475992176162535,1.0,-0.39090794371884663,0.0
2019-07-01,-0.0,-0.6566820276497697,-0.15983839404078026,-0.9439113692317403,1.0,-0.3959346000883783,0.0
2019-07-02,-0.0,-0.6591253313138963,-0.15899911649627665,-0.9434873154108293,1.0,-0.3937271235643065,0.0
2019-07-03,-0.0,-0.6532158757222696,-0.16421963310283857,-0.9473650974077231,1.0,-0.39263048214454865,0.0
2019-07-05,-0.0,-0.6296635024756378,-0.17559683370651866,-0.950424169794065,1.0,-0.3979942603046454,0.0
2019-07-08,-0.0,-0.6329169820842796,-0.17319581125410044,-0.9499432248296745,1.0,-0.3980885692657078,0.0
2019-07-09,-0.0,-0.6301153918910398,-0.1730563087206003,-0.9501860142505831,1.0,-0.3994261933287092,0.0
2019-07-10,-0.0,-0.6280389745530224,-0.17179074827357865,-0.9527323179768549,1.0,-0.4007189480654621,0.0
2019-07-11,-0.0,-0.6243134036239661,-0.17636845760464676,-0.9571626996653828,1.0,-0.3988888187385567,0.0
2019-07-12,-0.0,-0.6186753254941522,-0.1801330348980171,-0.966110778348728,1.0,-0.38759812111850195,0.0
2019-07-15,-0.0,-0.6161940768746061,-0.18147448015122872,-0.9655324511657215,1.0,-0.3873660995589162,0.0
2019-07-16,-0.0,-0.6160317610360148,-0.18782493619434731,-0.9631345117685982,1.0,-0.3839052210353846,0.0
2019-07-17,-0.0,-0.6191316403049972,-0.1858340160060495,-0.961654798664062,1.0,-0.3841451887327494,0.0
2019-07-18,-0.0,-0.6206386194734853,-0.18979090565562412,-0.9622118654742411,1.0,-0.37640130998866356,0.0
2019-07-19,-0.0,-0.6182538722168441,-0.1546466602129719,-0.9282732333010648,1.0,-0.32399564375605033,0.0
2019-07-22,-0.0,-0.6031400308557946,-0.14695828417581752,-0.9325407629246454,1.0,-0.34243881779955837,0.0
2019-07-23,-0.0,-0.5936977299880526,-0.1423536439665472,-0.9112903225806451,1.0,-0.33954599761051374,0.0
2019-07-24,-0.0,-0.5952238805970149,-0.15423880597014925,-0.9063582089552239,1.0,-0.3292835820895522,0.0
2019-07-25,-0.0,-0.5929882142324332,-0.1559003431299418,-0.9066388184395048,1.0,-0.3282112486946144,0.0
2019-07-26,-0.0,-0.5980103059005749,-0.1567330890894469,-0.9017960861406488,1.0,-0.32204450004467877,0.0
2019-07-29,-0.0,-0.5406345461694341,-0.1604815050055954,-0.9267156640353266,1.0,-0.39669721440885586,0.0
2019-07-30,-0.0,-0.554665452890305,-0.16103777878925807,-0.9260810195721438,1.0,-0.39265665301168257,0.0
2019-07-31,-0.0,-0.5519324771533534,-0.16176336642681483,-0.9270425357500683,1.0,-0.39533047940006677,0.0
2019-08-01,-0.0,-0.5633337375697307,-0.15628789716226046,-0.9254790201309725,1.0,-0.38667232597623086,0.0
2019-08-02,-0.0,-0.5655336112717203,-0.14351358753537627,-0.9314384833084812,1.0,-0.40263534280758345,0.0
2019-08-05,-0.0,-0.5623232476813137,-0.13796563782879734,-0.9401246769043637,1.0,-0.4004561350159648,0.0
2019-08-06,-0.0,-0.5609382967873534,-0.1438041815400306,-0.8886522482526923,1.0,-0.4062753097159313,0.0
2019-08-07,-0.0,-0.5611679007164484,-0.14119128271231152,-0.8895350580053359,1.0,-0.405797535897359,0.0
2019-08-08,-0.0,-0.5632776661769556,-0.14559409948130603,-0.8880160705183942,1.0,-0.40137318981800735,0.0
2019-08-09,-0.0,-0.5607697602729477,-0.14344716128452997,-0.8853739562445755,1.0,-0.40322628916888636,0.0
2019-08-12,-0.0,-0.5605539437083121,-0.15230460921843686,-0.8836478928005265,1.0,-0.39452038405168544,0.0
2019-08-13,-0.0,-0.5505557547508068,-0.1502330584438867,-0.8889088084140074,1.0,-0.39823114616947536,0.0
2019-08-14,-0.0,-0.5583492025708165,-0.15047012616043798,-0.8722030468935968,1.0,-0.39445965246369913,0.0
2019-08-15,-0.0,-0.5728572268956997,-0.15977410435907993,-0.8487263956703335,1.0,-0.35999176422142476,0.0
2019-08-16,-0.0,-0.5692081248160141,-0.16361495437150425,-0.855019134530468,1.0,-0.35590226670591696,0.0
2019-08-19,-0.0,-0.5605450967722987,-0.16326470674615995,-0.8589385885048019,1.0,-0.3541954242415342,0.0
2019-08-20,-0.0,-0.5658392192491427,-0.16391664957064564,-0.8566864980510536,1.0,-0.34430409425280617,0.0
2019-08-21,-0.0,-0.5648072190319935,-0.1800363295441228,-0.8469764443923591,1.0,-0.3379526544005625,0.0
2019-08-22,-0.0,-0.5660559871024476,-0.17546533782793491,-0.8450534955298256,1.0,-0.34468708779129414,0.0
2019-08-23,-0.0,-0.5666441831138743,-0.17695533593360507,-0.8462124989002608,1.0,-0.3428253027948034,0.0
2019-08-26,-0.0,-0.5660509908380411,-0.17846793314404474,-0.8439247138717326,1.0,-0.338670491467377,0.0
2019-08-27,-0.0,-0.5676845607938985,-0.18510556847963722,-0.8571807179245561,1.0,-0.33475661827497866,0.0
2019-08-28,-0.0,-0.5603001765744556,-0.1916715715126545,-0.8631547969393761,1.0,-0.327781047675103,0.0
2019-08-29,-0.0,-0.5528522255891266,-0.1954929245976876,-0.8670530434526786,1.0,-0.3265570298020064,0.0
2019-08-30,-0.0,-0.5393505617318354,-0.19937813499164003,-0.8779149922266875,1.0,-0.3166818221818075,0.0
2019-09-03,-0.0,-0.5394864269992663,-0.20287600880410858,-0.8721936903888482,1.0,-0.3201467351430668,0.0
2019-09-04,-0.0,-0.5258554909901978,-0.2113928508540236,-0.8701649351411633,1.0,-0.32737571168632973,0.0
2019-09-05,-0.0,-0.517945273486552,-0.19349940133749963,-0.8776976316327424,1.0,-0.3311625733726601,0.0
2019-09-06,-0.0,-0.5135836296857693,-0.20139334227248878,-0.8875123885034689,1.0,-0.31242348277269283,0.0
2019-09-09,-0.0,-0.5180736940298507,-0.20236707089552236,-0.8873309235074627,1.0,-0.3073402518656716,0.0
2019-09-10,-0.0,-0.5020874084021837,-0.2501970630309754,-0.9027822380521414,1.0,-0.2643856012612034,0.0
2019-09-11,-0.0,-0.5015748950069995,-0.2673530097993467,-0.9003149790013998,1.0,-0.24722935137657487,0.0
2019-09-12,-0.0,-0.49514619712561586,-0.2697140191819958,-0.9012914322362475,1.0,-0.2490452730081917,0.0
2019-09-13,-0.0,-0.4935428388187622,-0.26916013176690085,-0.901932775558989,1.0,-0.25056117540739875,0.0
2019-09-16,-0.0,-0.4948811433571533,-0.2617471197316611,-0.9078897477030772,1.0,-0.2522094210296048,0.0
2019-09-17,-0.0,-0.4935250539578837,-0.2614478212681561,-0.9097882517645686,1.0,-0.2518812343230473,0.0
2019-09-18,-0.0,-0.49263268462054677,-0.2665655180462755,-0.9097540337875296,1.0,-0.2487964286756339,0.0
2019-09-19,-0.0,-0.4907961142390385,-0.2657603780740395,-0.9131246535779924,1.0,-0.24755681320925352,0.0
2019-09-20,-0.0,-0.4959857530727236,-0.2782238052141418,-0.9005342597728666,1.0,-0.24473768720987943,0.0
2019-09-23,-0.0,-0.49976645063350267,-0.28498861446838325,-0.8894727623051323,1.0,-0.24513925380977405,0.0
2019-09-24,-0.0,-0.4981456064013083,-0.277312151388605,-0.8957743188388868,1.0,-0.24907280320065414,0.0
2019-09-25,-0.0,-0.4978405509513249,-0.2732286681452084,-0.8953834481148594,1.0,-0.2517217228901599,0.0
2019-09-26,-0.0,-0.4984648086915446,-0.2854274917335852,-0.9352267359470949,1.0,-0.23317194142654696,0.0
2019-09-27,-0.0,-0.460636615852749,-0.30190030130366036,-0.962560782792876,1.0,-0.25807702634169627,0.0
2019-09-30,-0.0,-0.4337407141145459,-0.3339324227174694,-0.9597411933860531,1.0,-0.268032590462497,0.0
2019-10-01,-0.0,-0.4126888762053531,-0.3492444951785875,-0.9607978611553366,1.0,-0.2812941211811709,0.0
2019-10-02,-0.0,-0.43242752526780853,-0.3645827028989893,-0.9568177691702476,1.0,-0.27222659323367426,0.0
2019-10-03,-0.0,-0.48159739986156674,-0.35604441903156886,-0.9458605435011588,1.0,-0.2259472147822685,0.0
2019-10-04,-0.0,-0.5121485700436258,-0.3703344643722734,-0.9179895782840524,1.0,-0.2290656810470189,0.0
2019-10-07,-0.0,-0.5164895066775689,-0.37312619242300354,-0.9132067472214651,1.0,-0.22555343569243816,0.0
2019-10-08,-0.0,-0.5152194324136051,-0.36523609049883393,-0.9226156222552018,1.0,-0.2256716237089984,0.0
2019-10-09,-0.0,-0.5196608021245134,-0.3547394151552645,-0.9300479826176178,1.0,-0.21335667079095874,0.0
2019-10-10,-0.0,-0.5357088239792017,-0.3967273283376663,-0.8892797063771218,1.0,-0.23685578834684198,0.0
2019-10-11,-0.0,-0.5383196532325002,-0.4269421131913062,-0.8618770942850994,1.0,-0.24704110178609853,0.0
2019-10-14,-0.0,-0.5140734346579524,-0.45552917964053397,-0.88146252736073,1.0,-0.23183401670931345,0.0
2019-10-15,-0.0,-0.5191595705294335,-0.46927064050351724,-0.8770825620140688,1.0,-0.2197334320621992,0.0
2019-10-16,-0.0,-0.5306715287864273,-0.47971198121079145,-0.8686918631601719,1.0,-0.21125498315769958,0.0
2019-10-17,-0.0,-0.4975709378964631,-0.524986849026828,-0.8450660643005229,1.0,-0.226753720951821,0.0
2019-10-18,-0.0,-0.560925862974752,-0.5565066905652214,-0.7632806947062641,1.0,-0.20961710806885256,0.0
2019-10-21,-0.0,-0.5246343579573624,-0.5585956866633615,-0.7585523054040654,1.0,-0.2569100148735746,0.0
2019-10-22,-0.0,-0.5207236230716809,-0.560622018462301,-0.7588749148132086,1.0,-0.25748094913574127,0.0
2019-10-23,-0.0,-0.5205229082122611,-0.5560546451473003,-0.7604473219540907,1.0,-0.26080356866268084,0.0
2019-10-24,-0.0,-0.5135817869951661,-0.5893965382816154,-0.7532200218306565,1.0,-0.26246686418213006,0.0
2019-10-25,-0.0,-0.5201632703167198,-0.5645715688681562,-0.7263073901301252,1.0,-0.257948686471888,0.0
2019-10-28,-0.0,-0.5143292218669103,-0.5520938023450587,-0.751454240901477,1.0,-0.2276534186081925,0.0
2019-10-29,-0.0,-0.5128040385497935,-0.5696496864004895,-0.7412880526235277,1.0,-0.23576564173168124,0.0
2019-10-30,-0.0,-0.5163896795519236,-0.5707158816147889,-0.7389893796100755,1.0,-0.23450555504545034,0.0
2019-10-31,-0.0,-0.5221855518885222,-0.5623701259014791,-0.7376543209876544,1.0,-0.233651142892067,0.0
2019-11-01,-0.0,-0.5271412817056733,-0.5693542458032104,-0.733611077073888,1.0,-0.23324347506433035,0.0
2019-11-04,-0.0,-0.5267584097859327,-0.5577064220183486,-0.7460550458715597,1.0,-0.2275840978593272,0.0
2019-11-05,-0.0,-0.5558389674247081,-0.6649661954517516,-0.6733251382913337,1.0,-0.1790411800860479,0.0
2019-11-06,-0.0,-0.5522300650371421,-0.6685571617914496,-0.6734580649138489,1.0,-0.1880837160558518,0.0
2019-11-07,-0.0,-0.5867166610320558,-0.6631219842026002,-0.6502750714571104,1.0,-0.17331038510003996,0.0
2019-11-08,-0.0,-0.5942251574258947,-0.6664414068499462,-0.64564583013362,1.0,-0.16541237905083706,0.0
2019-11-11,-0.0,-0.5864824012092421,-0.6790881327698429,-0.6466360243082333,1.0,-0.17256377826449085,0.0
2019-11-12,-0.0,-0.5604040279616912,-0.6800110861330951,-0.656114310350137,1.0,-0.1829827856988883,0.0
2019-11-13,-0.0,-0.5728454172366622,-0.7615346349956473,-0.6039049869419226,1.0,-0.1707499067280189,0.0
2019-11-14,-0.0,-0.572396853527345,-0.769642135372944,-0.6055405279358268,1.0,-0.16158318564810495,0.0
2019-11-15,-0.0,-0.5713527188681014,-0.7914233063684917,-0.592247868319955,1.0,-0.1683168316831683,0.0
2019-11-18,-0.0,-0.555944706174064,-0.7820481031490206,-0.5969191668732954,1.0,-0.16451772873791223,0.0
2019-11-19,-0.0,-0.5657480927915304,-0.7867040323836213,-0.6021485287248949,1.0,-0.15917795422699674,0.0
2019-11-20,-0.0,-0.5450087456271864,-0.7707083958020989,-0.6165354822588706,1.0,-0.1912168915542229,0.0
2019-11-21,-0.0,-0.5288835488664748,-0.8125019761596104,-0.6038827584026306,1.0,-0.2165554747525848,0.0
2019-11-22,-0.0,-0.5363048850028511,-0.8395742254324272,-0.6003611480707091,1.0,-0.19172527402901857,0.0
2019-11-25,-0.0,-0.5351335932300085,-0.8339513803049032,-0.5977306582992615,1.0,-0.20265601724192575,0.0
2019-11-26,-0.0,-0.5249889149300057,-0.8376195603977955,-0.5949515424083106,1.0,-0.20960283777791855,0.0
2019-11-27,-0.0,-0.5213493148507297,-0.8584236797761741,-0.6014688582965059,1.0,-0.1981369026801895,0.0
2019-11-29,-0.0,-0.5181458053798479,-0.8900389751453581,-0.6222605584307712,1.0,-0.16423870679189825,0.0
2019-12-02,-0.0,-0.5215001928268415,-0.9054827098598792,-0.6208702918112868,1.0,-0.16592749710759738,0.0
2019-12-03,-0.0,-0.5210433669387102,-0.8919187069931188,-0.623971835493679,1.0,-0.16357817250760123,0.0
2019-12-04,-0.0,-0.5240239274458095,-0.8884993889496366,-0.6321155206792307,1.0,-0.17141570721039429,0.0
2019-12-05,-0.0,-0.5125048594013217,-0.9095179473888817,-0.6177918880393936,1.0,-0.1997861863418427,0.0
2019-12-06,-0.0,-0.520298206205033,-0.9141517726340462,-0.6260376989940424,1.0,-0.19507113324868966,0.0
2019-12-09,-0.0,-0.483535012894267,-0.9432321629306354,-0.6592276664682933,1.0,-0.22022746809495472,0.0
2019-12-10,-0.0,-0.482176623012816,-1.0831290706632117,-0.7501575740598081,1.0,-0.18614748931998037,0.0
2019-12-11,-0.0,-0.4712297065114485,-1.091763385812967,-0.7489393036221467,1.0,-0.19446684666362776,0.0
2019-12-12,-0.0,-0.46046183677066804,-1.099594570773841,-0.7599506433985546,1.0,-0.20546448087431693,0.0
2019-12-13,-0.0,-0.47151067906052646,-1.1510679060526503,-0.7515787979848152,1.0,-0.17370325693606753,0.0
2019-12-16,-0.0,-0.4731785144477929,-1.1366424392838148,-0.7469952136146072,1.0,-0.1886544938840631,0.0
2019-12-17,-0.0,-0.45062285611121145,-1.1855569597400255,-0.7860263585484745,1.0,-0.18855389059397007,0.0
2019-12-18,-0.0,-0.47603096620515123,-1.2330653565579872,-0.8115974393330356,1.0,-0.20124311448563348,0.0
2019-12-19,-0.0,-0.5118377390850454,-1.2453674359643563,-0.7755117258864322,1.0,-0.19570485813355207,0.0
2019-12-20,-0.0,-0.5071756066649271,-1.2383046930331383,-0.7821224885376673,1.0,-0.19998508964848846,0.0
2019-12-23,-0.0,-0.5127297126029746,-1.2377455548514555,-0.7802214187199463,1.0,-0.1969284675886234,0.0
2019-12-24,-0.0,-0.5110490031675052,-1.240208682690516,-0.7774920812371903,1.0,-0.1977268492640209,0.0
2019-12-26,-0.0,-0.5073764995156844,-1.2400342746442143,-0.773191267416735,1.0,-0.20490276432456597,0.0
2019-12-27,-0.0,-0.5132624510352546,-1.2459242678604736,-0.7679537399738855,1.0,-0.2035441149039358,0.0
2019-12-30,-0.0,-0.5173576002696326,-1.2672358910983785,-0.7816724712579112,1.0,-0.17863161442534548,0.0
2019-12-31,-0.0,-0.5314763647225749,-1.2562542005824808,-0.7768650586214622,1.0,-0.16925547009185274,0.0
2020-01-02,-0.0,-0.5356915828441088,-1.2590958381632578,-0.7775118722656397,1.0,-0.1669969711700258,0.0
2020-01-03,-0.0,-0.5358388657589737,-1.2669817336183937,-0.7712013802933122,1.0,-0.1767375567308053,0.0
2020-01-06,-0.0,-0.5492235790743253,-1.2850143223277553,-0.763493140358812,1.0,-0.17130257801899593,0.0
2020-01-07,-0.0,-0.547815598024803,-1.2870443665422744,-0.7605639111915262,1.0,-0.1740359606468393,0.0
2020-01-08,-0.0,-0.5539272932755698,-1.2797136937276323,-0.7570163872669051,1.0,-0.17653042004143904,0.0
2020-01-09,-0.0,-0.5638261787208382,-1.2745260618851997,-0.7523838239173859,1.0,-0.1781931933818264,0.0
2020-01-10,-0.0,-0.5735499010046199,-1.211080149593019,-0.7046637823568234,1.0,-0.17723839554154142,0.0
2020-01-13,-0.0,-0.5733450626786892,-1.2111282164064217,-0.7038340297632139,1.0,-0.17711311487427608,0.0
2020-01-14,-0.0,-0.5708665759770579,-1.2202286848781205,-0.7103569984190595,1.0,-0.17519026434795396,0.0
2020-01-15,-0.0,-0.5690609622744669,-1.094313832695462,-0.6010456533624932,1.0,-0.152747402952433,0.0
2020-01-16,-0.0,-0.5579204229648207,-1.078424727174134,-0.57872974988138,1.0,-0.17410018301362434,0.0
2020-01-17,-0.0,-0.5445634907222767,-1.080204143711765,-0.5715009970595193,1.0,-0.18356034744989352,0.0
2020-01-21,-0.0,-0.5498125063342455,-1.0770244248505119,-0.568224046484916,1.0,-0.1832032701597919,0.0
2020-01-22,-0.0,-0.5485505777417393,-1.0796337590377727,-0.5680789242516386,1.0,-0.1823434015811879,0.0
2020-01-23,-0.0,-0.5383390370345271,-1.0754582726256225,-0.5728661945583302,1.0,-0.20167383864737573,0.0
2020-01-24,-0.0,-0.5365498561029287,-1.0702556289148468,-0.5706111393262232,1.0,-0.20839681733536483,0.0
2020-01-27,-0.0,-0.524242321856945,-1.0762577288238673,-0.5642125891137615,1.0,-0.21400817650437542,0.0
2020-01-28,-0.0,-0.5509022353891732,-1.0888432534338808,-0.5435968219768381,1.0,-0.18320764880150822,0.0
2020-01-29,-0.0,-0.5580400414452354,-1.0876031952939604,-0.5277248571142084,1.0,-0.1689561816905645,0.0
2020-01-30,-0.0,-0.5640948664064845,-1.0819907268421227,-0.5325728009606725,1.0,-0.1570099069348544,0.0
2020-01-31,-0.0,-0.5692713727324358,-1.0754017305315204,-0.5358968362676645,1.0,-0.1602245013864297,0.0
2020-02-03,-0.0,-0.5686913711662565,-1.069855631694498,-0.5281085756104053,1.0,-0.15980307364779456,0.0
2020-02-04,-0.0,-0.5617742684626102,-1.0704001061641562,-0.5231570565987658,1.0,-0.1623316302833256,0.0
2020-02-05,-0.0,-0.5654769758543343,-1.0722060957910016,-0.5105554822535955,1.0,-0.15031666446760786,0.0
2020-02-06,-0.0,-0.5725263852242743,-1.0781332453825858,-0.5061345646437995,1.0,-0.1413588390501319,0.0
2020-02-07,-0.0,-0.5586766957332091,-1.100013312920189,-0.5229647873261,1.0,-0.14657525128136858,0.0
2020-02-10,-0.0,-0.5360109875385234,-1.1190205011389522,-0.5433136808254053,1.0,-0.15148063781321186,0.0
2020-02-11,-0.0,-0.5303856316264758,-1.1149202314458677,-0.5362052242549918,1.0,-0.16308237733703468,0.0
2020-02-12,-0.0,-0.5303167118156583,-1.1112002943045383,-0.5353332664459383,1.0,-0.16751948095381428,0.0
2020-02-13,-0.0,-0.5332150865098223,-1.1183695324788325,-0.5340852046450922,1.0,-0.16090492286068067,0.0
2020-02-14,-0.0,-0.5441868279569894,-1.1414314516129034,-0.5199932795698925,1.0,-0.15456989247311828,0.0
2020-02-18,-0.0,-0.5432471408927794,-1.1345876513398396,-0.5182949324211021,1.0,-0.15766173659321864,0.0
2020-02-19,-0.0,-0.5440786603577301,-1.1343333668915065,-0.5178361689989598,1.0,-0.15956911305748517,0.0
2020-02-20,-0.0,-0.54364492266308,-1.131876260928043,-0.5254539340954942,1.0,-0.16149966375252187,0.0
2020-02-21,-0.0,-0.5309444049673467,-1.14465536493757,-0.5432612594322065,1.0,-0.16489019727269652,0.0
2020-02-24,-0.0,-0.5388410629827487,-1.1577801218142842,-0.5416312225662663,1.0,-0.16438123107285038,0.0
2020-02-25,-0.0,-0.5472393860873032,-1.1266693242973889,-0.4938874493389143,1.0,-0.15424224304032955,0.0
2020-02-26,-0.0,-0.5362215216614125,-1.1027332704995287,-0.48311612337092524,1.0,-0.12795345965094737,0.0
2020-02-27,-0.0,-0.5205407876689961,-1.1029325321664163,-0.5289661028019071,1.0,-0.11318659787081185,0.0
2020-02-28,-0.0,-0.5314712071934188,-1.0433326956189017,-0.49231554110069514,1.0,-0.12145271347490592,0.0
2020-03-02,-0.0,-0.6078916955588576,-1.1151064883605746,-0.46442133069176156,1.0,-0.11457817401353806,0.0
2020-03-03,-0.0,-0.6333172535777456,-1.0449589966232513,-0.4342820389130085,1.0,-0.10339282842900788,0.0
2020-03-04,-0.0,-0.6548006379585327,-1.0541945773524721,-0.3981818181818182,1.0,-0.08261562998405103,0.0
2020-03-05,-0.0,-0.693003807027398,-0.9962553828870997,-0.36522498907820006,1.0,-0.06599887661486611,0.0
2020-03-06,-0.0,-0.7102539396388275,-0.9754141671587977,-0.36079942809187826,1.0,-0.06169769682653156,0.0
2020-03-09,-0.0,-0.7070963743414936,-0.9781220948249147,-0.355159590951348,1.0,-0.05847536411527735,0.0
2020-03-10,-0.08965877437325906,-0.5155814763231197,-0.8374825905292479,-0.38387883008356544,1.0,-0.07497678737233054,0.0
2020-03-11,-0.06329367349273539,-0.5528543644891889,-0.8352019219768905,-0.35542272051252716,1.0,-0.05328337718796476,0.0
2020-03-12,-0.08811812230115615,-0.48744950550215904,-0.7953754004736036,-0.361136648558295,1.0,-0.053823652319264524,0.0
2020-03-13,-0.1924000417580123,-0.384278108362042,-0.6741570101263179,-0.3419459233740474,1.0,-0.017068587535233323,0.0
2020-03-16,-0.2146862905136779,-0.36670967062478604,-0.6569074010689555,-0.3472789026091993,1.0,-0.04731313024933519,0.0
2020-03-17,-0.27084551811824537,-0.29721551176096633,-0.4857724094087731,-0.3535918626827718,1.0,-0.13546090273363,0.0
2020-03-18,-0.26626921238648654,-0.30641712575151564,-0.4547832867959651,-0.3506653585892889,1.0,-0.13739843533821347,0.0
2020-03-19,-0.26571678540182475,-0.29098862642169726,-0.4497937757780277,-0.35000624921884765,1.0,-0.14318210223722033,0.0
2020-03-20,-0.26604839516048395,-0.30126987301269875,-0.4459054094590541,-0.3491650834916508,1.0,-0.13738626137386262,0.0
2020-03-23,-0.26701622723093366,-0.3203449218458786,-0.4199696826619617,-0.34477274421609805,1.0,-0.13294898238115355,0.0
2020-03-24,-0.2750006202088864,-0.32622987422163785,-0.4031109677739462,-0.3395023443895904,1.0,-0.1370165471730879,0.0
2020-03-25,-0.2796187896086304,-0.31916694886556046,-0.3561511296018577,-0.33704223308016057,1.0,-0.12686855981810263,0.0
2020-03-26,-0.3105357750036431,-0.32326225287802984,-0.33086413756253946,-0.33987467819497746,1.0,-0.12415602078981881,0.0
2020-03-27,-0.31021315674996375,-0.321185170863744,-0.3243994393155783,-0.3402049398230944,1.0,-0.12074049011552032,0.0
2020-03-30,-0.3230934008422385,-0.3288381490226625,-0.31160390448139047,-0.34616976217716217,1.0,-0.12453445631800589,0.0
2020-03-31,-0.321430306563669,-0.3289850847787008,-0.31739785259680314,-0.34324442501093133,1.0,-0.11813146771607637,0.0
2020-04-01,-0.32200796580532354,-0.33252380027200307,-0.3146493102778318,-0.34320963668156207,1.0,-0.11620847095395374,0.0
2020-04-02,-0.3231872818922063,-0.33021519968980223,-0.313372431174874,-0.34398022489336955,1.0,-0.11266479255525397,0.0
2020-04-03,-0.3332518098219526,-0.32183036587751906,-0.3135883388769321,-0.37265212287223637,1.0,-0.10435824691841127,0.0
2020-04-06,-0.3386019426977564,-0.30706368818966995,-0.3113454527660199,-0.38173766240121354,1.0,-0.10797386900247119,0.0
2020-04-07,-0.3323155216284987,-0.29431721798134014,-0.30401066278928873,-0.3829637707500303,1.0,-0.10975402883799829,0.0
2020-04-08,-0.33858363265702357,-0.29242306572177457,-0.31904669449568,-0.3856664401514416,1.0,-0.0912290068925347,0.0
2020-04-09,-0.3420084249261609,-0.28363918074855954,-0.3243354476347262,-0.38483513291047305,1.0,-0.08616181668522732,0.0
2020-04-13,-0.3429345984412064,-0.28099433606041535,-0.32451469235610203,-0.38488163818560295,1.0,-0.08716173694147263,0.0
2020-04-14,-0.34112058937572703,-0.29425164792555253,-0.3125,-0.38726250484683983,1.0,-0.08828518805738658,0.0
2020-04-15,-0.3417813529753828,-0.29341926729986434,-0.3125848032564451,-0.38716320992440395,1.0,-0.08800155068811785,0.0
2020-04-16,-0.3358464206570961,-0.284878119279314,-0.30330474997591295,-0.387200115618075,1.0,-0.09748048944985066,0.0
2020-04-17,-0.330120714165241,-0.29585813073753703,-0.2930631520612968,-0.38806833240970534,1.0,-0.1023540466954196,0.0
2020-04-20,-0.3241480909025044,-0.30562465283647694,-0.2881155360204796,-0.3911898954283093,1.0,-0.10599657062815465,0.0
2020-04-21,-0.3267757449790946,-0.3076105082533775,-0.28767189501413826,-0.39091765956932595,1.0,-0.10384996495637673,0.0
2020-04-22,-0.32888974911088,-0.3059056927878451,-0.2895023346962476,-0.39239832579295,1.0,-0.10267824740522101,0.0
2020-04-23,-0.3237177164117803,-0.31064724215409145,-0.286221642386026,-0.39124447343625424,1.0,-0.10412891691430504,0.0
2020-04-24,-0.3234675880064752,-0.3102756771122762,-0.28686365942641767,-0.3914083452124961,1.0,-0.10410978762473122,0.0
2020-04-27,-0.3252044321865777,-0.30766439250979827,-0.2850679827744714,-0.3938404219286786,1.0,-0.10753858808728893,0.0
2020-04-28,-0.3211231436393149,-0.31828863531748913,-0.28272403517697503,-0.3916224531821595,1.0,-0.10889841800518447,0.0
2020-04-29,-0.3126544256576716,-0.3260985417373189,-0.2769972385058863,-0.38900731553703793,1.0,-0.11762995978876992,0.0
2020-04-30,-0.31322033898305085,-0.32338983050847464,-0.2785714285714286,-0.3913801452784504,1.0,-0.11474576271186442,0.0
2020-05-01,-0.2784531467847271,-0.3658733458894895,-0.2823912139520094,-0.3806961328669618,1.0,-0.13859061223491426,0.0
2020-05-04,-0.2848308564724286,-0.36622506843957764,-0.2764225655064529,-0.3808906922174423,1.0,-0.13590144700821274,0.0
2020-05-05,-0.28300687159171495,-0.3648790746582545,-0.2678208984422762,-0.3864720123248478,1.0,-0.14322744724035896,0.0
2020-05-06,-0.28259859654270275,-0.3649722487102374,-0.26655908457419497,-0.3865375681557006,1.0,-0.14435560771657008,0.0
2020-05-07,-0.27570196231763644,-0.3604750617042594,-0.2679553285599081,-0.38789374648713376,1.0,-0.1517069475330515,0.0
2020-05-08,-0.27504700510341124,-0.3563108929748736,-0.2705296315288257,-0.38710228798866997,1.0,-0.15283373623421972,0.0
2020-05-11,-0.2758519675812909,-0.35082023239917975,-0.2727272727272727,-0.3893906845034665,1.0,-0.15237769749047944,0.0
2020-05-12,-0.2743274254186807,-0.3516429861823153,-0.2684439236365412,-0.3906547531858796,1.0,-0.1562423709779796,0.0
2020-05-13,-0.27463219994614574,-0.3623901495679421,-0.26501187241438395,-0.391863112286113,1.0,-0.15404763653276543,0.0
2020-05-14,-0.27810940405127704,-0.3552940600841569,-0.265094431940503,-0.39526861728153434,1.0,-0.15265681573539483,0.0
2020-05-15,-0.29177984974182025,-0.35065952083792185,-0.2652032400949514,-0.39495387024936984,1.0,-0.14460514401781563,0.0
2020-05-18,-0.2938811531672877,-0.35943322220043145,-0.27029809766620905,-0.39377819180231416,1.0,-0.13407040596195333,0.0
2020-05-19,-0.2859342539410974,-0.3725284125626298,-0.24470243187095198,-0.3873884883294635,1.0,-0.15353782231455457,0.0
2020-05-20,-0.28928728445117485,-0.35831175809681987,-0.2513555761809389,-0.3882077084656343,1.0,-0.15531727810072785,0.0
2020-05-21,-0.28808181396597593,-0.350613848819897,-0.25791413438773764,-0.38922652607942204,1.0,-0.15493885919308778,0.0
2020-05-22,-0.28927595628415304,-0.3519955113192818,-0.25424473067915687,-0.3877097970335675,1.0,-0.15625,0.0
2020-05-26,-0.2888119222420059,-0.3504475718919974,-0.25285982584941097,-0.38815580867826044,1.0,-0.15880875143296178,0.0
2020-05-27,-0.2787317716602751,-0.3567014338405921,-0.2325410977307702,-0.3913139060553507,1.0,-0.1833948069078385,0.0
2020-05-28,-0.2788863109048724,-0.3577970448162169,-0.23145683233606057,-0.3904750274758823,1.0,-0.1836854316766394,0.0
2020-05-29,-0.2745782573667635,-0.3600742169380631,-0.22865652694026026,-0.3881741168428505,1.0,-0.18986352872244333,0.0
2020-06-01,-0.273914423100393,-0.3618101491371525,-0.22490175498547682,-0.388806170519173,1.0,-0.19143742829944593,0.0
2020-06-02,-0.2729934130275677,-0.36042937301780925,-0.2256647962917785,-0.389387655525738,1.0,-0.1911441815076848,0.0
2020-06-03,-0.27303995706688783,-0.36039420402985806,-0.22722837488412936,-0.38859345270039514,1.0,-0.19014977801629507,0.0
2020-06-04,-0.27195356890287026,-0.36208452215475406,-0.22396176262589315,-0.38815324212939256,1.0,-0.19247933279683957,0.0
2020-06-05,-0.2769358420577397,-0.3630817287746784,-0.2262732752519706,-0.3889498987236742,1.0,-0.18512824267271882,0.0
2020-06-08,-0.27933847957787766,-0.3718243111197968,-0.21792554230994723,-0.38846003517686145,1.0,-0.1852892319718585,0.0
2020-06-09,-0.2859342539410974,-0.3693510937309055,-0.22114139068801172,-0.39039472076255655,1.0,-0.17724550898203592,0.0
2020-06-10,-0.2799598904324007,-0.3732880062610056,-0.21610252396791232,-0.39285364899236935,1.0,-0.18352572882019172,0.0
2020-06-11,-0.28271662305265477,-0.3669446550416983,-0.22076842182494072,-0.394042407493458,1.0,-0.1811734207244002,0.0
2020-06-12,-0.2869781992374621,-0.3603235897937237,-0.22531528008602988,-0.38806334930100694,1.0,-0.18332681591553424,0.0
2020-06-15,-0.28753298797771476,-0.3573697585768742,-0.2286677744111035,-0.38869611963639916,1.0,-0.18131169973609618,0.0
2020-06-16,-0.28739955547956914,-0.3566177368536746,-0.22636348093691228,-0.3890286495860098,1.0,-0.18301052682998314,0.0
2020-06-17,-0.28669758359775444,-0.35577251647546987,-0.22572614107883818,-0.38855259946302173,1.0,-0.18406150842079572,0.0
2020-06-18,-0.2859827682995289,-0.35652046569524787,-0.22528129652681161,-0.3883478558004442,1.0,-0.18461838861633836,0.0
2020-06-19,-0.2860420836791486,-0.35671044280622954,-0.2254308450910511,-0.38812673924718055,1.0,-0.1847385636869599,0.0
2020-06-22,-0.28460467502015097,-0.35678171026599254,-0.23392198529591363,-0.38399159766493246,1.0,-0.18323929557167631,0.0
2020-06-23,-0.2831437081888764,-0.35646271790614775,-0.2335807412471312,-0.3836124810781777,1.0,-0.18475023194491919,0.0
2020-06-24,-0.283297116488024,-0.35610518348511855,-0.2334643650658007,-0.3838415899602021,1.0,-0.18490123788363408,0.0
2020-06-25,-0.2842272449602932,-0.35762981062919974,-0.23176542455711668,-0.3861209529627367,1.0,-0.18375076359193648,0.0
2020-06-26,-0.28420332690099903,-0.35569994381885245,-0.23095336964752436,-0.3863797357043406,1.0,-0.18542221353721391,0.0
2020-06-29,-0.28070731707317076,-0.3510243902439024,-0.23475609756097562,-0.383,1.0,-0.1895609756097561,0.0
2020-06-30,-0.2763788382554273,-0.36302073146880504,-0.22958634852337179,-0.38585468413847057,1.0,-0.18990807744963817,0.0
2020-07-01,-0.27511055730655526,-0.3634098072271495,-0.22670966796159203,-0.38864863544186273,1.0,-0.1893522929951868,0.0
2020-07-02,-0.2735934331712799,-0.36479124422837317,-0.22617448024821046,-0.38756015928468474,1.0,-0.1908484596780104,0.0
2020-07-06,-0.273371450911401,-0.364413820065484,-0.22689732688266626,-0.3876753164247666,1.0,-0.19107657723696428,0.0
2020-07-07,-0.26895474295757454,-0.36823219254991946,-0.22218425035395206,-0.38917639017722006,1.0,-0.19252550895864862,0.0
2020-07-08,-0.2690730707277786,-0.3670864450627227,-0.2226777956753063,-0.3902718797286084,1.0,-0.1914628788988139,0.0
2020-07-09,-0.2618762670053489,-0.36509293407908555,-0.22221136702244584,-0.39457294287179734,1.0,-0.19869086290696822,0.0
2020-07-10,-0.26337839483619535,-0.37632444282060645,-0.21539398368042867,-0.3893557422969187,1.0,-0.19132870539520153,0.0
2020-07-13,-0.259724147996789,-0.3729596925247513,-0.21523267411029215,-0.38867401298985627,1.0,-0.19596681991777956,0.0
2020-07-14,-0.25227217496962334,-0.37086269744835965,-0.21020656136087484,-0.3938031591737546,1.0,-0.20298906439854192,0.0
2020-07-15,-0.25230963726538946,-0.36917728289409707,-0.21251094038704657,-0.39327044636779146,1.0,-0.2039531265194982,0.0
2020-07-16,-0.2481764248200739,-0.3789632367243727,-0.21262886597938147,-0.388421513324256,1.0,-0.2032435323866952,0.0
2020-07-17,-0.249507502979303,-0.3795267164433203,-0.2133910547948537,-0.38660408103704064,1.0,-0.2030790184108763,0.0
2020-07-20,-0.255328488513876,-0.37896893137589627,-0.21618787494513,-0.38713846754133546,1.0,-0.20106813637028728,0.0
2020-07-21,-0.24980506822612086,-0.3807992202729045,-0.2128411306042885,-0.38774366471734895,1.0,-0.205458089668616,0.0
2020-07-22,-0.24127177488122795,-0.38635643805579245,-0.20794250213180654,-0.39149713728834207,1.0,-0.20930685832622734,0.0
2020-07-23,-0.2405084869590629,-0.38652801792367825,-0.20799746730633417,-0.39057058665952316,1.0,-0.209653459318608,0.0
2020-07-24,-0.22619568919379165,-0.39312995669731915,-0.2042037658735951,-0.3901620201430448,1.0,-0.21904344864496667,0.0
2020-07-27,-0.2269795292456734,-0.39296059197234867,-0.20492661198062462,-0.3901126986831536,1.0,-0.2191417374583161,0.0
2020-07-28,-0.23132236441194393,-0.3933942717854967,-0.2073126142595978,-0.38964046313223644,1.0,-0.21586837294332722,0.0
2020-07-29,-0.2326733881795767,-0.38966872543514885,-0.20794375411957133,-0.38993726045455657,1.0,-0.22100432097258502,0.0
2020-07-30,-0.2326523638671255,-0.3921554270093481,-0.20665836811403185,-0.3883234482926948,1.0,-0.2209611676551707,0.0
2020-07-31,-0.2386477442047925,-0.39270622145142775,-0.207601553530863,-0.38728351938249594,1.0,-0.21641955103935123,0.0
2020-08-03,-0.23114129372679304,-0.3969611100254055,-0.2104748876294704,-0.384233926128591,1.0,-0.22005081102208324,0.0
2020-08-04,-0.23209617123170523,-0.39848999438023797,-0.21132748552300434,-0.38287682947687346,1.0,-0.21855987489921078,0.0
2020-08-05,-0.23312973369166873,-0.3981676032250183,-0.2111409723918886,-0.3838260444661617,1.0,-0.21693134620083068,0.0
2020-08-06,-0.23243428124694615,-0.3994918401250855,-0.2105443174044757,-0.3839050131926121,1.0,-0.21670086973517053,0.0
2020-08-07,-0.23146588551202246,-0.3976321249847431,-0.2116440864152325,-0.38064201147320886,1.0,-0.2197241547662639,0.0
2020-08-10,-0.22550332302748496,-0.39920149962265983,-0.20700148501594565,-0.3776565961486963,1.0,-0.22511381064829464,0.0
2020-08-11,-0.22759594778881745,-0.4004967855055523,-0.20784628872004673,-0.37706993960646795,1.0,-0.22218975258133644,0.0
2020-08-12,-0.22372295636514078,-0.4005986712418778,-0.20038451242364508,-0.3800102212163248,1.0,-0.22888223698620136,0.0
2020-08-13,-0.2235420114886574,-0.40229773147697406,-0.19903125304254699,-0.37927173595560315,1.0,-0.22991918995229288,0.0
2020-08-14,-0.2221924678043674,-0.4018793972295932,-0.1976775324390778,-0.38062662804002234,1.0,-0.2320519999026219,0.0
2020-08-17,-0.2238348025130278,-0.4041542882189646,-0.1973408659231481,-0.37985194564846825,1.0,-0.22992256367798178,0.0
2020-08-18,-0.22359386413440466,-0.40309228147065984,-0.19415631848064283,-0.38164110056001943,1.0,-0.23235938641344048,0.0
2020-08-19,-0.22772132465823525,-0.40132075931476474,-0.19336208787192047,-0.38150936959329385,1.0,-0.23291176255574236,0.0
2020-08-20,-0.22682421732245098,-0.4004141795590206,-0.19308076501400903,-0.381678645389207,1.0,-0.23430381288829336,0.0
2020-08-21,-0.21803230829116388,-0.4036590112884391,-0.1804933826391592,-0.3813740755157649,1.0,-0.24929447255741535,0.0
2020-08-24,-0.21754676136501838,-0.4041787269233576,-0.17814316639505753,-0.38121761973098534,1.0,-0.25123440274365777,0.0
2020-08-25,-0.2178819866712069,-0.40436347716106436,-0.18044948192829693,-0.38030841076032496,1.0,-0.24925816023738873,0.0
2020-08-26,-0.21691757667144979,-0.40435829462266215,-0.17975533234428584,-0.3803536250212808,1.0,-0.2506749033246589,0.0
2020-08-27,-0.21324226440776842,-0.4061398604798133,-0.17984492355557716,-0.3785761162830267,1.0,-0.252837801706327,0.0
2020-08-28,-0.213441905687895,-0.40546912980068067,-0.180068060281964,-0.3785853184248906,1.0,-0.25315994166261546,0.0
2020-08-31,-0.2138031591737546,-0.40595382746051034,-0.1791251518833536,-0.37861482381530986,1.0,-0.252636695018226,0.0
2020-09-01,-0.2133449968411333,-0.4067405355493998,-0.17701802983914078,-0.379744374787384,1.0,-0.2530252223356174,0.0
2020-09-02,-0.21447669048660736,-0.4083661465169413,-0.17706966117349665,-0.38004958436634095,1.0,-0.2506441106411939,0.0
2020-09-03,-0.21504304265356744,-0.40652205632021793,-0.17635329020962018,-0.3810612324303293,1.0,-0.2528087155294003,0.0
2020-09-04,-0.20403663500678426,-0.40790366350067847,-0.1679346772630355,-0.3831411126187246,1.0,-0.2599583252568327,0.0
2020-09-08,-0.201584187195698,-0.4065596008042051,-0.16767192306760653,-0.3823607780442313,1.0,-0.2641038684204152,0.0
2020-09-09,-0.20038246471884005,-0.4044685434872068,-0.1706567258115272,-0.3818595531456513,1.0,-0.2632954903052456,0.0
2020-09-10,-0.19736842105263158,-0.41038145823273775,-0.16103331723804923,-0.37887493964268465,1.0,-0.2666827619507484,0.0
2020-09-11,-0.1943473123206405,-0.41076036366267155,-0.1599102901102081,-0.37861431982058025,1.0,-0.26794800684881953,0.0
2020-09-14,-0.19085146892246882,-0.408767743956812,-0.15901477357626587,-0.37936519412913017,1.0,-0.2720458872580917,0.0
2020-09-15,-0.19173828266050408,-0.405984449098481,-0.15863845357598516,-0.37883055294769025,1.0,-0.27206855877326014,0.0
2020-09-16,-0.193902879865044,-0.3978069646945415,-0.16079045668152792,-0.3801662850945897,1.0,-0.27726232076153756,0.0
2020-09-17,-0.19584155556625113,-0.39420994368773166,-0.1611878519516773,-0.37794195504644557,1.0,-0.2773258892044087,0.0
2020-09-18,-0.19420931127356675,-0.3942862639476722,-0.16044632550981147,-0.3765871489034244,1.0,-0.27921796844940366,0.0
2020-09-21,-0.1971258003947812,-0.39165182225217854,-0.15786433007558615,-0.3807231235857686,1.0,-0.27983727312117856,0.0
2020-09-22,-0.19419535242503136,-0.39694822100086785,-0.1566145983993829,-0.38096615562626557,1.0,-0.2818436023527143,0.0
2020-09-23,-0.1942924630624985,-0.3973824387186965,-0.15635469642555858,-0.3808479355973873,1.0,-0.28139988912723857,0.0
2020-09-24,-0.19093446251563853,-0.3941391588874988,-0.1538591088441921,-0.38133962082571454,1.0,-0.2856558560292561,0.0
2020-09-25,-0.1939181851092072,-0.39220465789791237,-0.1534692892482201,-0.38542295161095697,1.0,-0.2884276577772415,0.0
2020-09-28,-0.19258312637137415,-0.39044679671111326,-0.1504111108431992,-0.3853832613989825,1.0,-0.2923829961661804,0.0
2020-09-29,-0.19358030650416316,-0.3917943767346447,-0.14883552552190177,-0.38564015928562806,1.0,-0.2935923735972004,0.0
2020-09-30,-0.19351335698255268,-0.39248051352590557,-0.1494727189362678,-0.38492724245276194,1.0,-0.2927676826178238,0.0
2020-10-01,-0.1935266026723265,-0.3890309198784429,-0.14926921036129467,-0.3846413583522262,1.0,-0.29535478269258597,0.0
2020-10-02,-0.1972700525731925,-0.391019148217817,-0.1491342304538658,-0.3832537500602904,1.0,-0.2909371533304394,0.0
2020-10-05,-0.190128455402116,-0.3966211168148844,-0.1421685585520449,-0.38437808787024313,1.0,-0.2967488492034801,0.0
2020-10-06,-0.19003565577719958,-0.39553820950178276,-0.14129806302399536,-0.38467283415245257,1.0,-0.29765346439240625,0.0
2020-10-07,-0.18887551167830482,-0.39711052251384543,-0.1398988682879846,-0.3840597158680472,1.0,-0.2979773657596918,0.0
2020-10-08,-0.18913325954088261,-0.3955435776505125,-0.14074305789499014,-0.38392126666345827,1.0,-0.29693440492805234,0.0
2020-10-09,-0.189237948619263,-0.39396709323583184,-0.14038295006254212,-0.3816751659771,1.0,-0.3002020590782257,0.0
2020-10-12,-0.1876442862639477,-0.39356483262793385,-0.14055886879569066,-0.3814688341669873,1.0,-0.3015582916506349,0.0
2020-10-13,-0.2003333655425645,-0.38767030630978844,-0.1413904725094212,-0.38882983863175186,1.0,-0.2974441975070055,0.0
2020-10-14,-0.20169122976564388,-0.38748489973423533,-0.1445276636868809,-0.38717081420633004,1.0,-0.2951920753805267,0.0
2020-10-15,-0.20102383309588778,-0.38574843648129814,-0.14386786757781372,-0.38734213894187813,1.0,-0.2967425687586024,0.0
2020-10-16,-0.20070507557830686,-0.38614961124257496,-0.1437195151398078,-0.38716376104698896,1.0,-0.29690442845414594,0.0
2020-10-19,-0.20231339499166887,-0.38591195576054677,-0.1406631088358166,-0.38702277172731886,1.0,-0.29893023592765205,0.0
2020-10-20,-0.20250259680653188,-0.3861390922047491,-0.13981689494407806,-0.38872382056670773,1.0,-0.298451578616808,0.0
2020-10-21,-0.20198067632850242,-0.3853623188405797,-0.1410144927536232,-0.3884057971014493,1.0,-0.2986956521739131,0.0
2020-10-22,-0.2017003598773036,-0.38550346593242035,-0.14054537110837378,-0.3876772214573823,1.0,-0.29985749824891916,0.0
2020-10-23,-0.20208680530396347,-0.384875492114098,-0.14151148467502356,-0.38731492886988866,1.0,-0.2994952056614255,0.0
2020-10-26,-0.20280227080565286,-0.38639932358980555,-0.1410315255465636,-0.38852518420099047,1.0,-0.29696823287836693,0.0
2020-10-27,-0.20175756258902489,-0.38663962724222006,-0.14113613867361965,-0.38886072282175704,1.0,-0.29584027425701936,0.0
2020-10-28,-0.20144787644787646,-0.3870415057915058,-0.13704150579150579,-0.3879826254826255,1.0,-0.2996138996138996,0.0
2020-10-29,-0.1938731379144642,-0.3872176838058625,-0.13277270543008168,-0.3843584814992792,1.0,-0.3044690052859202,0.0
2020-10-30,-0.1921875750732715,-0.386801518281843,-0.13496372459520492,-0.3842550329121222,1.0,-0.3041368375534521,0.0
2020-11-02,-0.1892320253590125,-0.3854521876951155,-0.13443158349743048,-0.3848278180682964,1.0,-0.30747802699197924,0.0
2020-11-03,-0.18287076041691738,-0.3901018222083143,-0.13776087427484776,-0.386154105384782,1.0,-0.31025684230797007,0.0
2020-11-04,-0.18270504636878235,-0.3918101890882813,-0.1377333493917861,-0.3860773214500783,1.0,-0.3104179212332892,0.0
2020-11-05,-0.1594154207962372,-0.40145424875812913,-0.11701183076959995,-0.3900794317390991,1.0,-0.3317894938926351,0.0
2020-11-06,-0.1593066743383199,-0.40081990794016115,-0.11764000767165325,-0.3898638281549674,1.0,-0.3297372458764864,0.0
