Date,IWF,IWM,MTUM,SPY,VLUE,VXX,WES
2018-09-24,-0.3157136307067531,-0.7791969607650487,-0.0,-0.5951725944848366,-0.5849872273531146,0.0,1.0
2018-09-25,-0.31333599520862454,-0.7995607905769616,-0.0,-0.6110334730817861,-0.6034138550608905,0.0,1.0
2018-09-26,-0.3118700820358279,-0.8028461409676879,-0.0,-0.6169763937719739,-0.6167420056922819,0.0,1.0
2018-09-27,-0.3138087910617516,-0.7980196694988961,-0.0,-0.6168796413996119,-0.6164447715260588,0.0,1.0
2018-09-28,-0.3126149934767337,-0.7992506606897937,-0.0,-0.6168333723614224,-0.6165322985314288,0.0,1.0
2018-10-01,-0.3128261742272179,-0.7991435835675097,-0.0,-0.6168540077612739,-0.6165529238592264,0.0,1.0
2018-10-02,-0.34534337432637835,-0.7732831283681083,-0.0,-0.6695799364377504,-0.6662981898576757,0.0,1.0
2018-10-03,-0.3455041624926595,-0.7729109813810494,-0.0,-0.6695568067981622,-0.6663788041037686,0.0,1.0
2018-10-04,-0.3450895657628773,-0.791071304105388,-0.0,-0.6701749494667876,-0.67871331985781,0.0,1.0
2018-10-05,-0.3207014363408172,-0.7821084925393949,-0.0,-0.685260075303305,-0.6981592525449728,0.0,1.0
2018-10-08,-0.3168854685377999,-0.7780408817076993,-0.0,-0.689765644043598,-0.6975659017306822,0.0,1.0
2018-10-09,-0.31335121390504717,-0.7780486955310182,-0.0,-0.691351144240482,-0.7004772022710648,0.0,1.0
2018-10-10,-0.3226247197309417,-0.7818806053811658,-0.0,-0.7009529147982062,-0.6979400224215246,0.0,1.0
2018-10-11,-0.23759214593878453,-0.7694058497808879,-0.0,-0.6761558582736011,-0.7139314468186296,0.0,1.0
2018-10-12,-0.24042161619541574,-0.7585076125146394,-0.0,-0.6555797222686967,-0.6916513300987117,0.0,1.0
2018-10-15,-0.2166383021323456,-0.7781559715687256,-0.0,-0.6504488270430808,-0.6917275669903561,0.0,1.0
2018-10-16,-0.21506022086544557,-0.7805024522069863,-0.0,-0.6497514429653355,-0.6910552830881127,0.0,1.0
2018-10-17,-0.19011057518784658,-0.7370476096728681,-0.0,-0.6480296617121108,-0.7059749975391278,0.0,1.0
2018-10-18,-0.19085624199428514,-0.7395802542122376,-0.0,-0.6473544191545965,-0.7066049200249613,0.0,1.0
2018-10-19,-0.17413097252961854,-0.7267608384324957,-0.0,-0.6478974091915114,-0.7059627652649395,0.0,1.0
2018-10-22,-0.17425252952467712,-0.7198815759508085,-0.0,-0.650779191202785,-0.7084946481439308,0.0,1.0
2018-10-23,-0.17325781987436123,-0.7203072616606451,-0.0,-0.6520196595384565,-0.7093057318621229,0.0,1.0
2018-10-24,-0.1709473957994668,-0.7180896027049873,-0.0,-0.6520254893035958,-0.7100916834644645,0.0,1.0
2018-10-25,-0.13586717720168226,-0.6691984181783943,-0.0,-0.6549808549369154,-0.6784884815768,0.0,1.0
2018-10-26,-0.11472554812626341,-0.6575960192816047,-0.0,-0.6667081324832841,-0.6709065464157985,0.0,1.0
2018-10-29,-0.1003310336293042,-0.6602109952665285,-0.0,-0.6601491198217987,-0.6730810877703183,0.0,1.0
2018-10-30,-0.11011166253101735,-0.6623759305210918,-0.0,-0.661879652605459,-0.6673697270471464,0.0,1.0
2018-10-31,-0.11400701581635793,-0.6428395593574989,-0.0,-0.658563603914087,-0.6617022586005293,0.0,1.0
2018-11-01,-0.09631405822496847,-0.6571059669833071,-0.0,-0.6583356389683052,-0.6624242983184235,0.0,1.0
2018-11-02,-0.10210751374465485,-0.6285277947464875,-0.0,-0.6665241295051924,-0.6572388515577275,0.0,1.0
2018-11-05,-0.09494893734474193,-0.6556874290796454,-0.0,-0.6731376698254975,-0.6430521053761462,0.0,1.0
2018-11-06,-0.09854361490111913,-0.6581940824773878,-0.0,-0.6703663958301396,-0.6390004599110839,0.0,1.0
2018-11-07,-0.09858032073099685,-0.6582037837672094,-0.0,-0.6704381688283814,-0.639039646766627,0.0,1.0
2018-11-08,-0.1705978039853599,-0.7440355157923275,-0.0,-0.7732479327639962,-0.7009963399755998,0.0,1.0
2018-11-09,-0.18339039899378104,-0.7784571308783454,-0.0,-0.8000838515826987,-0.7319195024806094,0.0,1.0
2018-11-12,-0.18228641030102663,-0.7680180963981208,-0.0,-0.8011832260309727,-0.7285540281886201,0.0,1.0
2018-11-13,-0.16223486808070356,-0.7616830488015175,-0.0,-0.8011381272633213,-0.7238489394723229,0.0,1.0
2018-11-14,-0.16149411399178376,-0.7634204439534643,-0.0,-0.802085131356371,-0.7251700210584459,0.0,1.0
2018-11-15,-0.16033507997793714,-0.763065361279647,-0.0,-0.8029164368450082,-0.7209735245449531,0.0,1.0
2018-11-16,-0.15640038498556302,-0.7528873917228104,-0.0,-0.801354324212842,-0.7266946239516018,0.0,1.0
2018-11-19,-0.15652711899360694,-0.7527668935175639,-0.0,-0.8012304942599849,-0.7266102976558741,0.0,1.0
2018-11-20,-0.08965232642112865,-0.7500257918085216,-0.0,-0.8234808624780771,-0.7757488221740776,0.0,1.0
2018-11-21,-0.08822624217761516,-0.745169784221865,-0.0,-0.8208802106487022,-0.7653455527818623,0.0,1.0
2018-11-23,-0.08833801273710881,-0.7496404848318838,-0.0,-0.8202081764021092,-0.7657330685475587,0.0,1.0
2018-11-26,-0.08862927815272878,-0.74887800198705,-0.0,-0.8214738428860188,-0.7669670081194971,0.0,1.0
2018-11-27,-0.07814470231401015,-0.7520021810994103,-0.0,-0.8163786933851345,-0.761476331663429,0.0,1.0
2018-11-28,-0.07828902522154056,-0.7534764826175869,-0.0,-0.8155419222903886,-0.7610088616223586,0.0,1.0
2018-11-29,-0.0497626342547389,-0.7401770984141949,-0.0,-0.8115214975926737,-0.7654287734419716,0.0,1.0
2018-11-30,-0.05073075235427144,-0.744186046511628,-0.0,-0.817902588854761,-0.7625139231106761,0.0,1.0
2018-12-03,-0.04843987181649519,-0.744881092933041,-0.0,-0.8178444931691685,-0.7620846685781751,0.0,1.0
2018-12-04,-0.0574732363436728,-0.7557987922042273,-0.0,-0.8396925610760363,-0.7782734010430964,0.0,1.0
2018-12-06,-0.047915764219786085,-0.6897137716170738,-0.0,-0.8431241877978074,-0.7513911565759223,0.0,1.0
2018-12-07,-0.045136342422828185,-0.6905460364024267,-0.0,-0.84425628375225,-0.7536169077938528,0.0,1.0
2018-12-10,-0.008304933328921682,-0.7037355656288257,-0.0,-0.8568308903814976,-0.7399000761009827,0.0,1.0
2018-12-11,-0.004800052966101694,-0.7055746822033898,-0.0,-0.8558659957627118,-0.7441406249999999,0.0,1.0
2018-12-12,-0.004634994206257242,-0.7057440821056117,-0.0,-0.855619930475087,-0.7446780334381725,0.0,1.0
2018-12-13,-0.00472914875322442,-0.7026258350420002,-0.0,-0.8569680534426881,-0.7427409220186522,0.0,1.0
2018-12-14,-0.014639976097998207,-0.6788168509112638,-0.0,-0.8791621020482688,-0.7471367393685888,0.0,1.0
2018-12-17,-0.0,-0.6777340520519859,-0.0,-0.8646119249975198,-0.7646747577631535,0.0,1.0
2018-12-18,-0.0,-0.6619635122719517,-0.0,-0.8555912849455309,-0.7637157107231921,0.0,1.0
2018-12-19,-0.0,-0.666512899930805,-0.0,-0.861280437576197,-0.7672081452436654,0.0,1.0
2018-12-20,-0.0,-0.6521035598705502,-0.0,-0.8832309622878277,-0.766957268344231,0.0,1.0
2018-12-21,-0.0,-0.6496970495258166,-0.0,-0.8822115384615384,-0.7610313487881981,0.0,1.0
2018-12-24,-0.0,-0.6343195653596911,-0.0,-0.8735026510440532,-0.765071676376252,0.0,1.0
2018-12-26,-0.0,-0.6367407791534323,-0.0,-0.8525636870421989,-0.7517339729046477,0.0,1.0
2018-12-27,-0.0,-0.6047951231774761,-0.0,-0.7970085470085468,-0.7405103066867772,0.0,1.0
2018-12-28,-0.0,-0.6283253345199122,-0.0,-0.8058354257381686,-0.7441439150748498,0.0,1.0
2018-12-31,-0.0,-0.6276142648274108,-0.0,-0.8062106668361833,-0.7445807640963702,0.0,1.0
2019-01-02,-0.0,-0.6263254809829196,-0.0,-0.8033525938154803,-0.7450949266620104,0.0,1.0
2019-01-03,-0.0,-0.6276024284034201,-0.0,-0.8001652840024157,-0.7508025809732685,0.0,1.0
2019-01-04,-0.0,-0.6351432642076935,-0.0,-0.7724869400031661,-0.7584296343200887,0.0,1.0
2019-01-07,-0.0,-0.6105164903546981,-0.0,-0.7609831985065338,-0.7398879900435594,0.0,1.0
2019-01-08,-0.0,-0.6147326436495077,-0.0,-0.7598466907640534,-0.741462046615979,0.0,1.0
2019-01-09,-0.0,-0.6202191763714133,-0.0,-0.761559836398264,-0.7403915201848325,0.0,1.0
2019-01-10,-0.0,-0.6214308028741019,-0.0,-0.76135582630428,-0.7412371134020619,0.0,1.0
2019-01-11,-0.0,-0.6093857832988268,-0.0,-0.7699353786310308,-0.7576071271723446,0.0,1.0
2019-01-14,-0.0,-0.6173169428113308,-0.0,-0.7797340208130286,-0.7469110573144276,0.0,1.0
2019-01-15,-0.0,-0.6206384792699485,-0.0,-0.779121538412959,-0.7579020493226815,0.0,1.0
2019-01-16,-0.0,-0.621310386282388,-0.0,-0.7893954253535386,-0.7529184725869215,0.0,1.0
2019-01-17,-0.0,-0.6165102240763566,-0.0,-0.7897032331468664,-0.7542745172402895,0.0,1.0
2019-01-18,-0.0,-0.6120837842999937,-0.0,-0.7934997135035335,-0.7777105749029096,0.0,1.0
2019-01-22,-0.0,-0.5629797570850202,-0.0,-0.8850202429149797,-0.7908663967611336,0.0,1.0
2019-01-23,-0.0,-0.5470343662703826,-0.0,-0.8922562203599037,-0.8089391281751446,0.0,1.0
2019-01-24,-0.0,-0.5417506010786926,-0.0,-0.9017804925596206,-0.8055429202677238,0.0,1.0
2019-01-25,-0.0,-0.4669983416252073,-0.0,-0.9968159203980099,-0.8529684908789387,0.0,1.0
2019-01-28,-0.0,-0.41996338193944943,-0.0,-1.0264173151114888,-0.8230889949650165,0.0,1.0
2019-01-29,-0.0,-0.419797451813133,-0.0,-1.0232277033649135,-0.8238810846128717,0.0,1.0
2019-01-30,-0.0,-0.4159044301943296,-0.0,-1.0192051040005208,-0.8200253897985091,0.0,1.0
2019-01-31,-0.0,-0.4293010312653462,-0.0,-1.0232443935177606,-0.8213128171550171,0.0,1.0
2019-02-01,-0.0,-0.4275512554710897,-0.0,-1.0362325994668773,-0.8270971138973904,0.0,1.0
2019-02-04,-0.0,-0.43241729273757745,-0.0,-1.028008435481745,-0.8346513773560037,0.0,1.0
2019-02-05,-0.0,-0.4419234452921167,-0.0,-1.0284355493906667,-0.8322599821658575,0.0,1.0
2019-02-06,-0.0,-0.45754019134036883,-0.0,-1.0095670184436336,-0.820527994213762,0.0,1.0
2019-02-07,-0.0,-0.4628394001453392,-0.0,-1.036532998612671,-0.8037920327673911,0.0,1.0
2019-02-08,-0.0,-0.45119644220238286,-0.0,-1.0440410208755102,-0.8236035976237097,0.0,1.0
2019-02-11,-0.0,-0.4216867469879518,-0.0,-1.0404925487072256,-0.8568488831358492,0.0,1.0
2019-02-12,-0.0,-0.42793990560393536,-0.0,-1.0479957455294822,-0.8478362028850627,0.0,1.0
2019-02-13,-0.0,-0.43881380134825493,-0.0,-1.0432371401056022,-0.8387739514495401,0.0,1.0
2019-02-14,-0.0,-0.4007414334379801,-0.0,-1.0684657003540177,-0.8706165252822123,0.0,1.0
2019-02-15,-0.0,-0.4770199160727369,-0.0,-1.0229134749883435,-0.8305135549190701,0.0,1.0
2019-02-19,-0.0,-0.4645873512003724,-0.0,-1.032752543725477,-0.8277914477621866,0.0,1.0
2019-02-20,-0.0,-0.4840892342734642,-0.0,-1.0209687144101292,-0.8445769411134185,0.0,1.0
2019-02-21,-0.0,-0.4893638404073565,-0.0,-1.021908813775083,-0.8386988710595961,0.0,1.0
2019-02-22,-0.0,-0.4836504958456177,-0.0,-1.0280755829536317,-0.8385821495577593,0.0,1.0
2019-02-25,-0.0,-0.47538171789870187,-0.0,-1.040593260240802,-0.8471783143875699,0.0,1.0
2019-02-26,-0.0,-0.46856031389382613,-0.0,-1.0439987927160534,-0.8410074113820047,0.0,1.0
2019-02-27,-0.0,-0.4702311072350988,-0.0,-1.0518230302217155,-0.8322208432562975,0.0,1.0
2019-02-28,-0.0,-0.4711815561959654,-0.0,-1.0508008846592052,-0.829032906641646,0.0,1.0
2019-03-01,-0.0,-0.46852865151566014,-0.0,-1.076941152774514,-0.8114740340394105,0.0,1.0
2019-03-04,-0.0,-0.45267324075937476,-0.0,-1.0810357550144225,-0.820419936942376,0.0,1.0
2019-03-05,-0.0,-0.4475653545420987,-0.0,-1.089768113023927,-0.8184502835665627,0.0,1.0
2019-03-06,-0.0,-0.44201540006695683,-0.0,-1.0866086374288584,-0.8191831268831603,0.0,1.0
2019-03-07,-0.0,-0.41025041736227047,-0.0,-1.1125208681135226,-0.8161268781302171,0.0,1.0
2019-03-08,-0.0,-0.39715761401613614,-0.0,-1.1539006852783311,-0.824730783512811,0.0,1.0
2019-03-11,-0.0,-0.39222301741471555,-0.0,-1.150495859319088,-0.8652148723716048,0.0,1.0
2019-03-12,-0.0,-0.3294598961735483,-0.0,-1.1739608759927114,-0.9345068243545226,0.0,1.0
2019-03-13,-0.0,-0.34795089054124156,-0.0,-1.1768632197821198,-0.933598478298461,0.0,1.0
2019-03-14,-0.0,-0.3527339297433595,-0.0,-1.1689751649338538,-0.9323684846810127,0.0,1.0
2019-03-15,-0.0,-0.34854728676801605,-0.0,-1.1730096616684558,-0.9414066558160472,0.0,1.0
2019-03-18,-0.0,-0.37491684464829667,-0.0,-1.1799306746962643,-0.9464304471131963,0.0,1.0
2019-03-19,-0.0,-0.38101270276927407,-0.0,-1.1758682571519055,-0.9618916921777684,0.0,1.0
2019-03-20,-0.0,-0.3856540084388186,-0.0,-1.1621659634317862,-0.9683544303797468,0.0,1.0
2019-03-21,-0.0,-0.3854408556751812,-0.0,-1.1985433818872706,-0.9344521849271692,0.0,1.0
2019-03-22,-0.0,-0.38188516170167547,-0.0,-1.233608444617619,-0.926711770748468,0.0,1.0
2019-03-25,-0.0,-0.2956817623741537,-0.0,-1.2794401375100852,-0.9328235170309047,0.0,1.0
2019-03-26,-0.0,-0.29397011551096824,-0.0,-1.2799109823730968,-0.9585644141439118,0.0,1.0
2019-03-27,-0.0,-0.286495642048061,-0.0,-1.285966336144536,-0.9562440453085854,0.0,1.0
2019-03-28,-0.0,-0.27890409016800166,-0.0,-1.2902459771744526,-0.9751896221733891,0.0,1.0
2019-03-29,-0.0,-0.2700585002659103,-0.0,-1.292962240737458,-0.9824144655202978,0.0,1.0
2019-04-01,-0.0,-0.27366796450243785,-0.0,-1.2819811287663545,-0.9520151531095443,0.0,1.0
2019-04-02,-0.0,-0.2859442811143777,-0.0,-1.2937141257174858,-0.9202715945681087,0.0,1.0
2019-04-03,-0.0,-0.2865947611710324,-0.0,-1.3015828547415607,-0.9137484241490406,0.0,1.0
2019-04-04,-0.0,-0.2835255758510676,-0.0,-1.305227360375837,-0.9171896364337553,0.0,1.0
2019-04-05,-0.0,-0.27347125144884266,-0.0,-1.317340451687682,-0.9214990692283375,0.0,1.0
2019-04-08,-0.0,-0.27927073453472445,-0.0,-1.3167176028383742,-0.9168510907366425,0.0,1.0
2019-04-09,-0.0,-0.27231435512834057,-0.0,-1.3343192141121794,-0.9143692123516777,0.0,1.0
2019-04-10,-0.0,-0.2654518591479931,-0.0,-1.3395363562810003,-0.912829352376262,0.0,1.0
2019-04-11,-0.0,-0.23735682819383258,-0.0,-1.3853039647577092,-0.9015682819383259,0.0,1.0
2019-04-12,-0.0,-0.2360307605474813,-0.0,-1.3855651192323974,-0.9059898405531254,0.0,1.0
2019-04-15,-0.0,-0.2349366529169122,-0.0,-1.5020992928697703,-0.9459708308780201,0.0,1.0
2019-04-16,-0.0,-0.23213957083440687,-0.0,-1.5007545364201849,-0.9477713570613567,0.0,1.0
2019-04-17,-0.0,-0.19542428366498693,-0.0,-1.5498583882002428,-0.9329826755434583,0.0,1.0
2019-04-18,-0.0,-0.20496963003865268,-0.0,-1.5433830296337199,-0.9328547763666484,0.0,1.0
2019-04-22,-0.0,-0.21383717494089832,-0.0,-1.5439199172576832,-0.9361332742316784,0.0,1.0
2019-04-23,-0.0,-0.20721321187884173,-0.0,-1.5623935421758126,-0.9333111160482854,0.0,1.0
2019-04-24,-0.0,-0.17436772231699177,-0.0,-1.5738708002670028,-0.9601349847956685,0.0,1.0
2019-04-25,-0.0,-0.1637296453267901,-0.0,-1.5853223287976803,-0.9686965573648599,0.0,1.0
2019-04-26,-0.0,-0.14919819920378016,-0.0,-1.6015924396323995,-0.969899914424973,0.0,1.0
2019-04-29,-0.0,-0.15064209938581796,-0.0,-1.6037223152801043,-0.9679508654383026,0.0,1.0
2019-04-30,-0.0,-0.15743732590529247,-0.0,-1.6040482822655524,-0.9525719591457753,0.0,1.0
2019-05-01,-0.0,-0.18676839074011742,-0.0,-1.610718426268746,-0.9423688245633717,0.0,1.0
2019-05-02,-0.0,-0.18996188055908514,-0.0,-1.5933926302414232,-0.953845578892294,0.0,1.0
2019-05-03,-0.0,-0.17885234849052364,-0.0,-1.6056633455689566,-0.9610832272080305,0.0,1.0
2019-05-06,-0.0,-0.13874629997377197,-0.0,-1.6287234441155531,-0.9794297276031324,0.0,1.0
2019-05-07,-0.0,-0.1196186729212378,-0.0,-1.660248165241734,-1.003139895589014,0.0,1.0
2019-05-08,-0.0,-0.12681638044914134,-0.0,-1.6250235893564822,-1.0224948103415739,0.0,1.0
2019-05-09,-0.0,-0.12393791775235076,-0.0,-1.633586344926551,-1.0187681734073488,0.0,1.0
2019-05-10,-0.0,-0.12433109415917111,-0.0,-1.637215833617974,-1.0336635166419978,0.0,1.0
2019-05-13,-0.0,-0.11889474891080026,-0.0,-1.6615072995490332,-1.041351372009478,0.0,1.0
2019-05-14,-0.0,-0.05008930946680349,-0.0,-1.7014403526773838,-1.0488731805571392,0.0,1.0
2019-05-15,-0.0,-0.046554934823091254,-0.0,-1.7176680728157185,-1.0361798350625167,0.0,1.0
2019-05-16,-0.0,-0.05018996960486322,-0.0,-1.7156914893617023,-1.033548632218845,0.0,1.0
2019-05-17,-0.0,-0.053664078772959665,-0.0,-1.7022154894906267,-1.0312819541753455,0.0,1.0
2019-05-20,-0.0,-0.04288417865253596,-0.0,-1.7078349735049205,-1.0342922028766086,0.0,1.0
2019-05-21,-0.0,-0.05303287660891556,-0.0,-1.6910504661608727,-1.0304608764579324,0.0,1.0
2019-05-22,-0.0,-0.041309255079006776,-0.0,-1.69477050413845,-1.0261474793077503,0.0,1.0
2019-05-23,-0.0,-0.04709682265454819,-0.0,-1.7037106587546007,-1.004920003004582,0.0,1.0
2019-05-24,-0.0,-0.035834770222655375,-0.0,-1.7105480170927356,-1.0020241397406102,0.0,1.0
2019-05-28,-0.0,-0.03663099603382474,-0.0,-1.7088228691162164,-0.996220908478635,0.0,1.0
2019-05-29,-0.0,-0.04891162304446851,-0.0,-1.7152298099540753,-0.9695702497853116,0.0,1.0
2019-05-30,-0.0,-0.04576744186046512,-0.0,-1.708279069767442,-0.966846511627907,0.0,1.0
2019-05-31,-0.0,-0.05358274024667437,-0.0,-1.6990349144837351,-0.9735812497671126,0.0,1.0
2019-06-03,-0.0,-0.06703065628804368,-0.0,-1.6972368760836685,-0.9248164680709782,0.0,1.0
2019-06-04,-0.0,-0.0607100679067021,-0.0,-1.6937555358724536,-0.936152937702982,0.0,1.0
2019-06-05,-0.0,-0.05156369740539357,-0.0,-1.727110170419297,-0.8705251249863154,0.0,1.0
2019-06-06,-0.0,-0.068708793243944,-0.0,-1.6827542780946736,-0.9525150011111935,0.0,1.0
2019-06-07,-0.0,-0.0723901353606527,-0.0,-1.680511774522529,-0.9556091229371408,0.0,1.0
2019-06-10,-0.0,-0.07640199888950583,-0.0,-1.6645197112715158,-0.9607255228576717,0.0,1.0
2019-06-11,-0.0,-0.07600252722339912,-0.0,-1.6771843758129856,-0.9633180956628387,0.0,1.0
2019-06-12,-0.0,-0.07206068268015171,-0.0,-1.6768052353684837,-0.9693983788205547,0.0,1.0
2019-06-13,-0.0,-0.08113032162111916,-0.0,-1.6710169176426843,-0.9660159881018775,0.0,1.0
2019-06-14,-0.0,-0.07617738820383302,-0.0,-1.6753825583122866,-0.9625612836131333,0.0,1.0
2019-06-17,-0.0,-0.07564520913675468,-0.0,-1.6654182735093446,-0.9670350044497183,0.0,1.0
2019-06-18,-0.0,-0.0772681769307775,-0.0,-1.6617848800563568,-0.9686329761595788,0.0,1.0
2019-06-19,-0.0,-0.04995391705069124,-0.0,-1.6708202764976958,-0.9658617511520737,0.0,1.0
2019-06-20,-0.0,-0.0571302037201063,-0.0,-1.6654118689105404,-0.968076468851491,0.0,1.0
2019-06-21,-0.0,-0.06512434506678474,-0.0,-1.655043908198657,-0.9695963397535239,0.0,1.0
2019-06-24,-0.0,-0.05194709229291362,-0.0,-1.6457917682701544,-0.9969334220054681,0.0,1.0
2019-06-25,-0.0,-0.0133422281521014,-0.0,-1.6818249203172486,-1.0110443999703504,0.0,1.0
2019-06-26,-0.0,-0.010876448020262972,-0.0,-1.6443922970909226,-1.0695049726226395,0.0,1.0
2019-06-27,-0.0,-0.0042556368523219345,-0.0,-1.6426011647006122,-1.0861579811856055,0.0,1.0
2019-06-28,-0.0,-0.0,-0.0,-1.6483381206401313,-1.0820308128473906,0.0,1.0
2019-07-01,-0.0,-0.0,-0.0,-1.654756138455233,-1.0711650955698797,0.0,1.0
2019-07-02,-0.0,-0.0,-0.0,-1.647960325154747,-1.0808785144306066,0.0,1.0
2019-07-03,-0.0,-0.0,-0.0,-1.6526783049835871,-1.0775514771709938,0.0,1.0
2019-07-05,-0.0,-0.0,-0.0,-1.6585848036107278,-1.0715058375918536,0.0,1.0
2019-07-08,-0.0,-0.0,-0.0,-1.6579988061483362,-1.0727876436352781,0.0,1.0
2019-07-09,-0.0,-0.0,-0.0,-1.6585756897837436,-1.0699850857568978,0.0,1.0
2019-07-10,-0.0,-0.0,-0.0,-1.6649005634118128,-1.0663034961382036,0.0,1.0
2019-07-11,-0.0,-0.0,-0.0,-1.6742778130722373,-1.0627826151948876,0.0,1.0
2019-07-12,-0.0,-0.0,-0.0,-1.672109097702223,-1.064076218942649,0.0,1.0
2019-07-15,-0.0,-0.0,-0.0,-1.6786554621848742,-1.0562091503267974,0.0,1.0
2019-07-16,-0.0,-0.0,-0.0,-1.692799647149631,-0.9827617892454149,0.0,1.0
2019-07-17,-0.0,-0.0018742420344713534,-0.0,-1.6911543125941713,-0.9819925765315497,0.0,1.0
2019-07-18,-0.0,-0.0,-0.0,-1.6902583324146547,-0.9842722228346745,0.0,1.0
2019-07-19,-0.0,-0.002905586818198536,-0.0,-1.6954282982088342,-0.9796241126926328,0.0,1.0
2019-07-22,-0.0,-0.0,-0.0,-1.6887760732810948,-0.9900305337895008,0.0,1.0
2019-07-23,-0.0,-0.0,-0.0,-1.7030361232178475,-0.9905444337741006,0.0,1.0
2019-07-24,-0.0,-0.0,-0.0,-1.7086207532553763,-0.9801910804529862,0.0,1.0
2019-07-25,-0.0,-0.0,-0.0,-1.7545444448557994,-0.9476509570175112,0.0,1.0
2019-07-26,-0.0,-0.0,-0.0,-1.757750647428783,-0.9418054014058455,0.0,1.0
2019-07-29,-0.0,-0.0,-0.0,-1.747713386409924,-0.9553416034067764,0.0,1.0
2019-07-30,-0.0,-0.0,-0.0,-1.744293760189714,-0.9610567659700607,0.0,1.0
2019-07-31,-0.0,-0.0,-0.0,-1.7486253529499183,-0.9666369445682865,0.0,1.0
2019-08-01,-0.0,-0.0,-0.04464638482813117,-1.8377321216910312,-1.0686290003951007,0.0,1.0
2019-08-02,-0.0,-0.0,-0.04534502508196074,-1.8337480744164,-1.0708219773274874,0.0,1.0
2019-08-05,-0.0,-0.0,-0.040867093105899074,-1.8348732527837006,-1.0728105504224907,0.0,1.0
2019-08-06,-0.0,-0.0,-0.04345466527115556,-1.7666007675311086,-1.0663643059270458,0.0,1.0
2019-08-07,-0.0,-0.0,-0.023033816425120774,-1.753159420289855,-1.0885024154589373,0.0,1.0
2019-08-08,-0.0,-0.0,-0.007739576851275669,-1.7720519601742375,-1.109443061605476,0.0,1.0
2019-08-09,-0.0,-0.0,-0.0,-1.7446866168557162,-1.1266307924586738,0.0,1.0
2019-08-12,-0.0,-0.0,-0.016675715504537347,-1.7686341425579775,-1.0927635150857054,0.0,1.0
2019-08-13,-0.0,-0.0,-0.007511518953033648,-1.7717892128392767,-1.0926162543075075,0.0,1.0
2019-08-14,-0.0,-0.0,-0.008895764842390253,-1.7596209630632373,-1.099207116611874,0.0,1.0
2019-08-15,-0.0,-0.0,-0.03583753650119459,-1.7178884295953583,-1.038643862110812,0.0,1.0
2019-08-16,-0.0,-0.0,-0.0342382649579131,-1.7089937059224998,-1.0483809812694322,0.0,1.0
2019-08-19,-0.0,-0.0,-0.03649332025058495,-1.711072533776134,-1.026303871990339,0.0,1.0
2019-08-20,-0.0,-0.0,-0.03403791183992779,-1.7136678200692042,-1.0133894990221153,0.0,1.0
2019-08-21,-0.0,-0.0,-0.04867422819800195,-1.7055885224968075,-1.0014647337189213,0.0,1.0
2019-08-22,-0.0,-0.0,-0.03805488902219556,-1.7016721655668865,-1.0095230953809238,0.0,1.0
2019-08-23,-0.0,-0.0,-0.04126960306145419,-1.702671268852705,-1.0078412245816761,0.0,1.0
2019-08-26,-0.0,-0.0,-0.037404636693578255,-1.6878379379305237,-0.9782238352714614,0.0,1.0
2019-08-27,-0.0,-0.0,-0.029247756564127186,-1.6800103401159572,-0.9836035304110196,0.0,1.0
2019-08-28,-0.0,-0.0,-0.03369501033362858,-1.6823516386182462,-0.9744980808975495,0.0,1.0
2019-08-29,-0.0,-0.0,-0.027732763700648207,-1.6728417796110784,-0.9823954036535062,0.0,1.0
2019-08-30,-0.0,-0.0,-0.027838989275745553,-1.6568238577934478,-0.9880270309975024,0.0,1.0
2019-09-03,-0.0,-0.0,-0.04464879237757589,-1.6808109904719697,-0.9675382229115886,0.0,1.0
2019-09-04,-0.0,-0.0,-0.04277956333813588,-1.6851379807159481,-0.9663452658022091,0.0,1.0
2019-09-05,-0.0,-0.0,-0.010527860313268038,-1.6829169876380177,-0.9747624812002494,0.0,1.0
2019-09-06,-0.0,-0.0,-0.011979777256740915,-1.6849355216881596,-0.966588511137163,0.0,1.0
2019-09-09,-0.0,-0.0,-0.014904057419071335,-1.686062692251355,-0.9609638201259704,0.0,1.0
2019-09-10,-0.0,-0.0,-0.024542111204165606,-1.6604522448385102,-0.9562684338928742,0.0,1.0
2019-09-11,-0.0,-0.0,-0.03715946240464947,-1.6523428986560118,-0.9428986560116236,0.0,1.0
2019-09-12,-0.0,-0.0,-0.04206743856847302,-1.6510108526006317,-0.9365177307538748,0.0,1.0
2019-09-13,-0.0,-0.0,-0.035145045928185015,-1.6511636350433867,-0.9443415749918309,0.0,1.0
2019-09-16,-0.0,-0.0,-0.015889287544848796,-1.683056308120378,-0.9621805667423299,0.0,1.0
2019-09-17,-0.0,-0.0,-0.001312096803586398,-1.6930786893610816,-0.9503225571308818,0.0,1.0
2019-09-18,-0.0,-0.0,-0.0,-1.6924954462659378,-0.9504553734061931,0.0,1.0
2019-09-19,-0.0,-0.0,-0.0,-1.7076749845628565,-0.9245940939304784,0.0,1.0
2019-09-20,-0.0,-0.0,-0.02807030285423778,-1.6852712615295227,-0.9179678989033336,0.0,1.0
2019-09-23,-0.0,-0.0,-0.03319381255686988,-1.6887352138307552,-0.9177434030937215,0.0,1.0
2019-09-24,-0.0,-0.0,-0.036402725649528116,-1.6888095324855152,-0.918704223299202,0.0,1.0
2019-09-25,-0.0,-0.0,-0.026945564150052656,-1.6839525002723608,-0.9205432690561789,0.0,1.0
2019-09-26,-0.0,-0.0,-0.12176644493717664,-1.7192535107169251,-0.8544715447154472,0.0,1.0
2019-09-27,-0.0,-0.0,-0.11782905281992022,-1.7377269169120662,-0.8719946322734559,0.0,1.0
2019-09-30,-0.0,-0.0,-0.16065487982656151,-1.7152842671849888,-0.8619220274361754,0.0,1.0
2019-10-01,-0.0,-0.0,-0.17257382387065384,-1.708634305176092,-0.8614843369886598,0.0,1.0
2019-10-02,-0.0,-0.0,-0.22647677739365696,-1.7029159777543965,-0.8282729595671126,0.0,1.0
2019-10-03,-0.0,-0.0,-0.2179745889387145,-1.7152092675635278,-0.8037369207772794,0.0,1.0
2019-10-04,-0.0,-0.0,-0.24308107702692566,-1.6960174004350108,-0.8110327758193954,0.0,1.0
2019-10-07,-0.0,-0.0,-0.23592774058420915,-1.6875864906309608,-0.816658563039982,0.0,1.0
2019-10-08,-0.0,-0.0,-0.2492984452028821,-1.7196814562002276,-0.8232081911262799,0.0,1.0
2019-10-09,-0.0,-0.0,-0.23101783202159612,-1.7606935097524807,-0.8104634804760275,0.0,1.0
2019-10-10,-0.0,-0.0,-0.30135166809907027,-1.7316977888897571,-0.8735057426361434,0.0,1.0
2019-10-11,-0.0,-0.00953277627397905,-0.3766427366521517,-1.6525440351496605,-0.8842336510925424,0.0,1.0
2019-10-14,-0.0,-0.0,-0.41480138713745274,-1.6751655107187895,-0.8507645018915511,0.0,1.0
2019-10-15,-0.0,-0.0,-0.4133107415872015,-1.6737725589092913,-0.8533769406572622,0.0,1.0
2019-10-16,-0.0,-0.004820038718343802,-0.4264549010311722,-1.6665086326103276,-0.8530678361186835,0.0,1.0
2019-10-17,-0.0,-0.0,-0.4709514009814785,-1.6362593003007755,-0.850364096881431,0.0,1.0
2019-10-18,-0.0,-0.0,-0.5040634212413353,-1.6016652059596845,-0.8779778503704884,0.0,1.0
2019-10-21,-0.0,-0.0,-0.5041933304185381,-1.5698954648435948,-0.900592233395604,0.0,1.0
2019-10-22,-0.0,-0.0,-0.5075101327187476,-1.5656043868711755,-0.9005404116665342,0.0,1.0
2019-10-23,-0.0,-0.0,-0.500198696550628,-1.5673183913527262,-0.9063741853441425,0.0,1.0
2019-10-24,-0.0,-0.0,-0.3890136662986791,-1.5353077772279113,-0.8824469907495527,0.0,1.0
2019-10-25,-0.0,-0.0,-0.36331740818154673,-1.5058226336219769,-0.8633547327560466,0.0,1.0
2019-10-28,-0.0,-0.0,-0.3741542372247766,-1.5137378041942358,-0.8502859706179208,0.0,1.0
2019-10-29,-0.0,-0.0,-0.42518524119159234,-1.5074852563133223,-0.8477619839709664,0.0,1.0
2019-10-30,-0.0,-0.0,-0.42471086249905515,-1.5075591503515007,-0.84730516289969,0.0,1.0
2019-10-31,-0.0,-0.0,-0.4316865417376491,-1.497028203672156,-0.8570130607609313,0.0,1.0
2019-11-01,-0.0,-0.0,-0.44632146382203325,-1.4959760078961355,-0.853921494191785,0.0,1.0
2019-11-04,-0.0,-0.0,-0.4511774297523795,-1.4939516893557316,-0.8469151719692086,0.0,1.0
2019-11-05,-0.0,-0.0,-0.5722854741346375,-1.4160235348055323,-0.8323145105830213,0.0,1.0
2019-11-06,-0.0,-0.0,-0.6516139228003635,-1.4550985737426416,-0.844138911935522,0.0,1.0
2019-11-07,-0.0,-0.0,-0.6429193382411146,-1.467861948864086,-0.8471463627008629,0.0,1.0
2019-11-08,-0.0,-0.0,-0.6590692124105012,-1.4739856801909308,-0.8447096260938742,0.0,1.0
2019-11-11,-0.0,-0.0,-0.7032394986585512,-1.451007087654667,-0.8501181275777839,0.0,1.0
2019-11-12,-0.0,-0.0,-0.7021790792282596,-1.4708583397107988,-0.8548354613928385,0.0,1.0
2019-11-13,-0.0,-0.0,-0.8063157033582853,-1.4317912218268092,-0.8524154292960281,0.0,1.0
2019-11-14,-0.0,-0.0,-0.8065964568536207,-1.4135031431137235,-0.8618662747979426,0.0,1.0
2019-11-15,-0.0,-0.0,-0.8196198651134273,-1.4057633353770693,-0.8620886981402002,0.0,1.0
2019-11-18,-0.0,-0.0,-0.8146124266342847,-1.3844970653713824,-0.8486945962355799,0.0,1.0
2019-11-19,-0.0,-0.017841400444985517,-0.8307795642500314,-1.4430124679904286,-0.9063431426052643,0.0,1.0
2019-11-20,-0.0,-0.0,-0.8198042359294574,-1.4571766095688128,-0.9420723989536747,0.0,1.0
2019-11-21,-0.0,-0.0,-0.9092581500812869,-1.4002738085051767,-0.9687687173782835,0.0,1.0
2019-11-22,-0.0,-0.0,-0.9037728576934607,-1.4109888227484904,-0.9677101623056829,0.0,1.0
2019-11-25,-0.0,-0.0,-0.9087674169346194,-1.4148767416934618,-0.9636012861736334,0.0,1.0
2019-11-26,-0.0,-0.0,-0.9095623848099097,-1.4127555612704128,-0.9638249539239638,0.0,1.0
2019-11-27,-0.0,-0.0,-0.8846268975839213,-1.4046183450930083,-0.9870002138122728,0.0,1.0
2019-11-29,-0.0,-0.0,-0.9322728056561476,-1.4305914812898777,-0.9482238316951199,0.0,1.0
2019-12-02,-0.0,-0.0,-0.995765486532501,-1.4204391670668355,-0.9492731479460428,0.0,1.0
2019-12-03,-0.0,-0.0,-0.9775422440380522,-1.413752660614222,-0.9525216107032709,0.0,1.0
2019-12-04,-0.0,-0.027831799127014997,-0.957560828039241,-1.3927568174942737,-0.9436017113963439,0.0,1.0
2019-12-05,-0.0,-0.01990811638591118,-0.9912491796105884,-1.3857361627652591,-0.9785604900459417,0.0,1.0
2019-12-06,-0.0,-0.06374661276709165,-1.0183021633867886,-1.4125982852827506,-0.9476256052596509,0.0,1.0
2019-12-09,-0.0,-0.007683913794671275,-1.0817495680640175,-1.4677184686732745,-0.9895426025279622,0.0,1.0
2019-12-10,-0.0,-0.0,-1.3925778254868886,-1.72366201502837,-0.9953994786075755,0.0,1.0
2019-12-11,-0.0,-0.0,-1.4187647723769397,-1.7131332853766315,-1.006320008221149,0.0,1.0
2019-12-12,-0.0,-0.0,-1.4185126175669427,-1.71408747494475,-1.0069383769337514,0.0,1.0
2019-12-13,-0.0,-0.0,-1.4884358669219226,-1.70973249857712,-0.9759403942670876,0.0,1.0
2019-12-16,-0.0,-0.0,-1.5012684442143414,-1.7091379756665805,-0.9669169039606524,0.0,1.0
2019-12-17,-0.0,-0.0,-1.5917723183755064,-1.7519069914251142,-0.9170392971750223,0.0,1.0
2019-12-18,-0.0,-0.0,-1.7427031881454869,-1.883251010327795,-0.9870341266277503,0.0,1.0
2019-12-19,-0.0,-0.0,-1.7495639453103022,-1.8835874641309853,-0.9933607156923424,0.0,1.0
2019-12-20,-0.0,-0.0,-1.7588195386702847,-1.8989710538218,-0.9957598371777476,0.0,1.0
2019-12-23,-0.0,-0.005548007246376812,-1.7506227355072466,-1.9258944746376812,-0.979110054347826,0.0,1.0
2019-12-24,-0.0,-0.021651734436021135,-1.7457500574316565,-1.994314266023432,-0.9814495750057431,0.0,1.0
2019-12-26,-0.0,-0.011910897325774493,-1.7384183702685678,-1.9768653725018612,-0.9991983049876882,0.0,1.0
2019-12-27,-0.0,-0.024583572659391154,-1.7530729465824237,-1.9669730040206777,-0.9991958644457208,0.0,1.0
2019-12-30,-0.0,-0.026372101093054188,-1.7823723324272744,-1.9890116245445606,-0.9855994447978716,0.0,1.0
2019-12-31,-0.0,-0.01661264181523501,-1.788724241722621,-1.9940958555221115,-0.9890020838156982,0.0,1.0
2020-01-02,-0.0,-0.022477117367628318,-1.7908121886224078,-1.9927007299270074,-0.9870814505851003,0.0,1.0
2020-01-03,-0.0,-0.0009943846513804399,-1.802994852597099,-2.0315278427702386,-1.013921385119326,0.0,1.0
2020-01-06,-0.0,-0.04397705544933078,-1.896211759082218,-2.0323852772466537,-1.0025693116634797,0.0,1.0
2020-01-07,-0.0,-0.04846000843830993,-1.9112169248387678,-2.076487252124646,-0.99126032186125,0.0,1.0
2020-01-08,-0.0,-0.03954666023631541,-1.917832167832168,-2.0728237279961417,-0.9982517482517482,0.0,1.0
2020-01-09,-0.0,-0.050920319689997585,-1.924134172923226,-2.0695083555340275,-1.0101719544683943,0.0,1.0
2020-01-10,-0.0,-0.0639347256895817,-1.9396577969920235,-2.065517871278086,-1.0198502100712417,0.0,1.0
2020-01-13,-0.0,-0.06972665699080793,-1.9361998064828254,-2.040820029027576,-1.0006652152878568,0.0,1.0
2020-01-14,-0.0,-0.06058188067763319,-2.000736557819789,-2.0842744905475077,-0.9923889025288484,0.0,1.0
2020-01-15,-0.0,-0.07562049150262869,-1.9890573419733464,-2.062966132779068,-0.9855728084117863,0.0,1.0
2020-01-16,-0.0,-0.0691754962854707,-1.9646815247838265,-2.0664961636828645,-0.9890390938984289,0.0,1.0
2020-01-17,-0.0,-0.03467855180413945,-1.9816228096953419,-2.0771109347335006,-1.011905488735576,0.0,1.0
2020-01-21,-0.0,-0.053057719438140215,-1.976936760105502,-2.0939704348892842,-1.0098754830399312,0.0,1.0
2020-01-22,-0.0,-0.06347452424800491,-1.9585021485573972,-2.0903007980356048,-1.0263965623081646,0.0,1.0
2020-01-23,-0.0,-0.06992010899857558,-1.9658140831114137,-2.1293119464916086,-1.0280547470118289,0.0,1.0
2020-01-24,-0.0,-0.07591720376797224,-1.9702528507684678,-2.1325607337630146,-1.0185919682697075,0.0,1.0
2020-01-27,-0.0,-0.0581330697473281,-1.9709643541113238,-2.1251003892012106,-1.023660962500772,0.0,1.0
2020-01-28,-0.0,-0.09090909090909091,-1.980173101712602,-2.098090970474495,-0.9691240562273647,0.0,1.0
2020-01-29,-0.0,-0.1002197265625,-1.9790649414062498,-2.0733642578125,-0.9509277343749999,0.0,1.0
2020-01-30,-0.0,-0.07651922032466357,-1.9403777683905619,-2.074648482288335,-0.9430933558626516,0.0,1.0
2020-01-31,-0.0,-0.10835159483808132,-1.9444241538836131,-2.082298514730947,-0.9520939858777696,0.0,1.0
2020-02-03,-0.0,-0.08215782328985421,-1.869267544118515,-2.0286844124417165,-0.9220326978693265,0.0,1.0
2020-02-04,-0.0,-0.05592960075596503,-1.8600874084573589,-2.040160642570281,-0.9497991967871485,0.0,1.0
2020-02-05,-0.0,-0.06126620721878284,-1.8417240976521434,-2.014425884826539,-0.9230230113304521,0.0,1.0
2020-02-06,-0.0,-0.07073598130841122,-1.8856308411214955,-2.001460280373832,-0.8832359813084113,0.0,1.0
2020-02-07,-0.0,-0.08725421348314606,-1.8871722846441947,-1.9967228464419475,-0.8809105805243446,0.0,1.0
2020-02-10,-0.0,-0.08521464498771786,-1.885951573283425,-1.9976605450929932,-0.8798105041525326,0.0,1.0
2020-02-11,-0.0,-0.07757754800590841,-1.8981979320531757,-2.011639586410635,-0.9210635155096011,0.0,1.0
2020-02-12,-0.0,-0.07878182138867659,-1.8643659239226293,-1.9948262684461169,-0.941266388382621,0.0,1.0
2020-02-13,-0.0,-0.09541197950409329,-1.8591789858059957,-2.007185346604629,-0.9278520525354851,0.0,1.0
2020-02-14,-0.0,-0.09277557540973908,-1.8658067569966275,-2.005975977752796,-0.9522513460741968,0.0,1.0
2020-02-18,-0.0,-0.09349448986846781,-1.8740372082000236,-2.0092428012797723,-0.9480981158905083,0.0,1.0
2020-02-19,-0.0,-0.13983604609718428,-1.8790542948794107,-1.980337412379708,-0.9411310443150767,0.0,1.0
2020-02-20,-0.0,-0.14245876349827935,-1.8695858549899134,-1.9817847395277084,-0.9394209089830308,0.0,1.0
2020-02-21,-0.0,-0.16054664289958406,-1.8715983363042186,-1.9721330956625072,-0.9374925727866904,0.0,1.0
2020-02-24,-0.0,-0.1831504004746366,-1.85743102936814,-1.9699792346484721,-0.9223969148620587,0.0,1.0
2020-02-25,-0.0,-0.2759336099585062,-1.7730178311091174,-1.7100482224963554,-0.8482673544914209,0.0,1.0
2020-02-26,-0.0,-0.24904728678009766,-1.6678653856475767,-1.6541248456872955,-0.7963609038698942,0.0,1.0
2020-02-27,-0.0,-0.24114463319221907,-1.6589679009699374,-1.6719897111623172,-0.7866673811692836,0.0,1.0
2020-02-28,-0.0,-0.3460988007698761,-1.4340423431870897,-1.416868183388442,-0.7380447120367171,0.0,1.0
2020-03-02,-0.0,-0.2647499251272836,-1.4514824797843666,-1.5103823500049918,-0.7648497554157933,0.0,1.0
2020-03-03,-0.0,-0.3566792734743428,-1.2222066582621283,-1.3781575384040714,-0.7121445580613531,0.0,1.0
2020-03-04,-0.0,-0.4034572882754826,-1.2306845797606494,-1.2799303040029346,-0.6711907927919667,0.0,1.0
2020-03-05,-0.0,-0.5653508967113168,-1.0857104712740866,-1.1874860931867741,-0.6116327711272307,0.0,1.0
2020-03-06,-0.0,-0.6664480587618048,-1.0178384050367262,-1.1241255683805527,-0.5637897866386848,0.0,1.0
2020-03-09,-0.0,-0.7234428908661703,-1.0814418013437443,-1.1622026511712367,-0.572634828400218,0.0,1.0
2020-03-10,-0.9059375762009266,-1.0416361862960253,-1.0983296756888563,-1.05620580346257,-0.9939039258717386,0.0,1.0
2020-03-11,-1.0294410185000995,-1.105563291558915,-1.2216696505536768,-1.1785690604071348,-1.0956170015250977,0.0,1.0
2020-03-12,-1.0187653681894655,-1.0355894913938137,-1.190824382037013,-1.1629998705836675,-1.0626375048531125,0.0,1.0
2020-03-13,-0.9289736070381232,-0.8829912023460409,-1.0778885630498534,-1.0588269794721406,-0.9163636363636363,0.0,1.0
2020-03-16,-0.8404367344676605,-0.8981322396497257,-1.00543146926786,-0.9878623288810064,-0.810452807182841,0.0,1.0
2020-03-17,-0.7663414387543602,-0.7436428896415752,-0.846569940852333,-0.968252363379,-0.7305495172134876,0.0,1.0
2020-03-18,-0.7673096446700507,-0.7985786802030456,-0.782741116751269,-0.9872588832487309,-0.7402538071065989,0.0,1.0
2020-03-19,-0.7627944760357434,-0.7996547522339561,-0.779193744922827,-1.0003046303818035,-0.7352761982128351,0.0,1.0
2020-03-20,-0.7992716140610157,-0.9494352369893382,-0.7840705162039481,-1.0391639396178614,-0.7062704528660404,0.0,1.0
2020-03-23,-0.8631929046563193,-1.1209534368070955,-0.7417960088691795,-1.1038248337028824,-0.7134146341463415,0.0,1.0
2020-03-24,-0.881593906321055,-1.1203956343792634,-0.8124715779899955,-1.1350045475216006,-0.734993178717599,0.0,1.0
2020-03-25,-0.8733886825431505,-1.11175442429539,-0.6817238365741752,-1.1198929429757483,-0.6753878086082586,0.0,1.0
2020-03-26,-0.8840421466397336,-1.1126276136921986,-0.6703608669541955,-1.1183053993557897,-0.6740732652726975,0.0,1.0
2020-03-27,-0.8959952181709504,-1.1021029180024997,-0.6469597348258436,-1.13101124816606,-0.657881867086888,0.0,1.0
2020-03-30,-0.8919666088464874,-1.1045641803989592,-0.6406656548135299,-1.135895490026019,-0.6475498699045966,0.0,1.0
2020-03-31,-0.8815438977983148,-1.1294917097037238,-0.6394128839358522,-1.1309594998640935,-0.6548518619189997,0.0,1.0
2020-04-01,-0.8903296104603651,-1.1559248161263962,-0.6160719150095342,-1.138218469081994,-0.6476164532824844,0.0,1.0
2020-04-02,-0.9058341862845446,-1.097344179281366,-0.6041049399342779,-1.150406723051231,-0.6293702526531273,0.0,1.0
2020-04-03,-0.900064543889845,-1.1048838209982788,-0.6039156626506025,-1.1374784853700517,-0.632368760757315,0.0,1.0
2020-04-06,-0.9117456547554788,-1.0937061427183417,-0.6061211270646658,-1.1507610925186225,-0.6355392421461729,0.0,1.0
2020-04-07,-0.8867724867724868,-1.0740740740740742,-0.5765608465608465,-1.1379894179894179,-0.6156613756613757,0.0,1.0
2020-04-08,-0.9040732315025457,-1.0995016791246885,-0.5755064456721914,-1.172029032607518,-0.6653666991658542,0.0,1.0
2020-04-09,-0.9035820091570159,-1.0842445461890653,-0.5762456234850525,-1.1679504443845945,-0.6544034473471586,0.0,1.0
2020-04-13,-0.9008425145819832,-1.103802117087924,-0.5715597321235688,-1.171959386476561,-0.6525707496219486,0.0,1.0
2020-04-14,-0.9153967134877162,-1.0768479852486577,-0.6042627040511959,-1.1778838331796735,-0.6488963609740225,0.0,1.0
2020-04-15,-0.8900081234768481,-1.0982940698619008,-0.5814784727863525,-1.179203899268887,-0.6667208231789872,0.0,1.0
2020-04-16,-0.8914841849148418,-1.0966207082995405,-0.5782103271154365,-1.1822114084887807,-0.6583400919167341,0.0,1.0
2020-04-17,-0.8861546782044347,-1.1128177393185505,-0.5659275283937263,-1.1811249323958897,-0.6622498647917793,0.0,1.0
2020-04-20,-0.8831112555519445,-1.1239844003899901,-0.5616942909760589,-1.18540786480338,-0.6623334416639584,0.0,1.0
2020-04-21,-0.8871692191135884,-1.1307430055738945,-0.5598246658368959,-1.181936251961686,-0.65182098598409,0.0,1.0
2020-04-22,-0.8804306454243924,-1.1667663531074983,-0.54640856940895,-1.1971072807351422,-0.6467837529226252,0.0,1.0
2020-04-23,-0.8716113641292561,-1.1722511385816528,-0.5383322489698548,-1.1932335718932987,-0.6463348514422035,0.0,1.0
2020-04-24,-0.8779260555677094,-1.196565302997156,-0.5392146138700503,-1.202690877269744,-0.6528658936775322,0.0,1.0
2020-04-27,-0.8901279107904232,-1.205367880179294,-0.5143762982398601,-1.2005028971247405,-0.6558981086695092,0.0,1.0
2020-04-28,-0.9043326230672567,-1.1802983117521717,-0.5186035076217014,-1.2090914057804731,-0.6512593563896629,0.0,1.0
2020-04-29,-0.8977862804044822,-1.1892320306094561,-0.5124350915550697,-1.2070511068597978,-0.6594698004919376,0.0,1.0
2020-04-30,-0.8982088248143293,-1.189001747487986,-0.5082459589340323,-1.2129750982961993,-0.6524137177806902,0.0,1.0
2020-05-01,-0.9368455676772106,-1.1570637574694371,-0.5212433528863549,-1.235239296091223,-0.6317636094512362,0.0,1.0
2020-05-04,-0.9402708014850405,-1.1491592050666084,-0.5144682245031666,-1.2400633326053725,-0.6157457960253331,0.0,1.0
2020-05-05,-0.9392929348123052,-1.151467132943555,-0.5059832796022076,-1.2439210972078028,-0.6235178405551609,0.0,1.0
2020-05-06,-0.9369812145041503,-1.1525229357798163,-0.4998361730013106,-1.2435015290519877,-0.6280581039755352,0.0,1.0
2020-05-07,-0.9374828926479445,-1.159084688235616,-0.49641429900914213,-1.248590354190617,-0.6328351672414737,0.0,1.0
2020-05-08,-0.9399219480019788,-1.1577529819161216,-0.5119001813884461,-1.2535040949815863,-0.6334854064750178,0.0,1.0
2020-05-11,-0.9446731434217027,-1.1410066414182998,-0.5176464130852407,-1.2587957626653494,-0.6267083813601186,0.0,1.0
2020-05-12,-0.9420815474227937,-1.1453456423782833,-0.5100560501153973,-1.2616771073744366,-0.6359490053852072,0.0,1.0
2020-05-13,-0.9493072355399166,-1.1211787992082691,-0.5224873542995382,-1.2731471299758084,-0.6319551352540137,0.0,1.0
2020-05-14,-0.9585945232596503,-1.105410755526229,-0.5327724623336633,-1.2813152974815794,-0.620697239634884,0.0,1.0
2020-05-15,-0.9642680446374582,-1.1059864768292014,-0.5339453575944149,-1.281512836017811,-0.6115661590896597,0.0,1.0
2020-05-18,-0.967777471770862,-1.111925089507023,-0.5294409253649133,-1.2790415863398514,-0.6199944918755164,0.0,1.0
2020-05-19,-0.9731153297487105,-1.0907494787665972,-0.5469658729287831,-1.2823987709865028,-0.5934379457917262,0.0,1.0
2020-05-20,-0.9803867706845402,-1.0814745632348095,-0.5558180419734096,-1.2843643555653226,-0.5919129765959785,0.0,1.0
2020-05-21,-0.9839701361440493,-1.071695212999561,-0.5620333772507686,-1.2859025032938078,-0.586133069828722,0.0,1.0
2020-05-22,-0.9838045566840515,-1.076804831183091,-0.5593741421905023,-1.2852045017842437,-0.5848476530332144,0.0,1.0
2020-05-26,-0.9839143562997529,-1.0776283283008508,-0.5604172385396651,-1.2847104035135877,-0.5832006587976942,0.0,1.0
2020-05-27,-0.9856735097156658,-1.0758041497420134,-0.5627401471072565,-1.2849928642002415,-0.5798111757602371,0.0,1.0
2020-05-28,-1.001592793980337,-1.0640962267259844,-0.5760971055088702,-1.2909869830285055,-0.5596199264019333,0.0,1.0
2020-05-29,-1.0070321942643665,-1.059224261070212,-0.5804307218986925,-1.2954620371387762,-0.5517525546643227,0.0,1.0
2020-06-01,-1.006480667838313,-1.0625,-0.5768343585237259,-1.2946507029876977,-0.5517355008787346,0.0,1.0
2020-06-02,-1.0104092085696976,-1.0588753648730516,-0.578289364983202,-1.3025830258302582,-0.5573607974885718,0.0,1.0
2020-06-03,-1.0101338326816103,-1.0593710414716087,-0.5790604174698463,-1.3024178002974058,-0.5565897450019276,0.0,1.0
2020-06-04,-1.0129419539596873,-1.0542460623416676,-0.5862980504460844,-1.30366780482432,-0.5500605793589602,0.0,1.0
2020-06-05,-1.0053443526170798,-1.0541597796143252,-0.5813774104683196,-1.3036914600550964,-0.5651239669421487,0.0,1.0
2020-06-08,-1.0102198652082643,-1.0694950834161971,-0.5692188708430008,-1.3116782675947412,-0.5636946193790742,0.0,1.0
2020-06-09,-1.0183068900477088,-1.0741706424054143,-0.5721735271274825,-1.3188727393764563,-0.564018639742594,0.0,1.0
2020-06-10,-1.0208552887015363,-1.0730489766487326,-0.5769593432802707,-1.3202063342392811,-0.5555493926451828,0.0,1.0
2020-06-11,-1.0245242190534318,-1.0718526327470455,-0.5845308772124508,-1.3182600011096932,-0.5492981190700772,0.0,1.0
2020-06-12,-1.015255071354366,-1.0349390343922578,-0.5951118158455903,-1.3088741866695828,-0.5135874022636557,0.0,1.0
2020-06-15,-1.0223170331473581,-1.0235751011924297,-0.6055136199540532,-1.312329066841702,-0.5061262443933924,0.0,1.0
2020-06-16,-1.0222015639525346,-1.0232952370536446,-0.6037622354678186,-1.3130639251927598,-0.5059878602285777,0.0,1.0
2020-06-17,-1.0197716969796273,-1.017368507291496,-0.6042383527227047,-1.3124146594570976,-0.5079469113550713,0.0,1.0
2020-06-18,-1.0229407909110773,-1.0117435001092419,-0.6086956521739131,-1.3134695215206467,-0.5052436093511034,0.0,1.0
2020-06-19,-1.02664113785558,-1.013512035010941,-0.6109956236323851,-1.315919037199125,-0.5033916849015317,0.0,1.0
2020-06-22,-1.0269131885564247,-1.0133471910726983,-0.6140254909468847,-1.3140966030304688,-0.5017231004868442,0.0,1.0
2020-06-23,-1.0263618464231021,-1.0127980748195144,-0.6134872019251805,-1.3143185298621745,-0.5022970903522206,0.0,1.0
2020-06-24,-1.0246251504870305,-1.0122031301302397,-0.6162854328554229,-1.31427164277115,-0.5048703075407682,0.0,1.0
2020-06-25,-1.02365861654464,-1.011474155829964,-0.6121188941099334,-1.3170691727680035,-0.49956288930171566,0.0,1.0
2020-06-26,-1.0233726518130188,-1.008464394932285,-0.6108562691131498,-1.3171144604630842,-0.5010921799912625,0.0,1.0
2020-06-29,-1.021697650329826,-1.006323938287085,-0.6074251758163877,-1.3179959657635065,-0.49822820694542874,0.0,1.0
2020-06-30,-1.031311368099498,-0.9870717870390573,-0.6197359807986035,-1.3206960506218632,-0.4961269910538948,0.0,1.0
2020-07-01,-1.0273599302376282,-0.9880640941792022,-0.6137453673424896,-1.3251035535208198,-0.4959123610202747,0.0,1.0
2020-07-02,-1.02343196556046,-0.9924799738433872,-0.6114653152416762,-1.322543730586889,-0.4993733311536156,0.0,1.0
2020-07-06,-1.023700555737169,-0.9940067560204859,-0.6094039446442192,-1.3224365260978532,-0.49891031927645196,0.0,1.0
2020-07-07,-1.0156207478364991,-1.0028302400261253,-0.6011538670875742,-1.3228106460567137,-0.5003537800032657,0.0,1.0
2020-07-08,-1.0137001196042188,-1.0069587909100794,-0.5993802326845711,-1.3183646841361314,-0.4981515711645102,0.0,1.0
2020-07-09,-1.0103798706592033,-1.0097820770610293,-0.5957284930166838,-1.3170479865224716,-0.5015488288679962,0.0,1.0
2020-07-10,-1.0076149034539026,-1.0199619254827303,-0.5883056839815066,-1.3191732390535762,-0.5041066086483545,0.0,1.0
2020-07-13,-1.0094616639477976,-1.021479064709081,-0.5876019575856444,-1.3187601957585644,-0.5003806416530723,0.0,1.0
2020-07-14,-1.0010318796502473,-1.0162928365828492,-0.5779612230489328,-1.3250963992831153,-0.5106174985064901,0.0,1.0
2020-07-15,-0.9944369430191736,-1.0145287604644881,-0.567539832568188,-1.3125573859033217,-0.5120172832838239,0.0,1.0
2020-07-16,-0.9948147347952901,-1.012747110294912,-0.5670843685859349,-1.3126282813006374,-0.5140434265960895,0.0,1.0
2020-07-17,-0.9982159269070661,-1.0143266475644699,-0.5693896307509326,-1.3123209169054442,-0.5120289776720549,0.0,1.0
2020-07-20,-1.0107024501548323,-1.0146683326995163,-0.5820068452219265,-1.3143912641929698,-0.510946922366491,0.0,1.0
2020-07-21,-1.0061376351094453,-1.014991037966433,-0.5819890282982999,-1.3158437890391614,-0.5126283200260714,0.0,1.0
2020-07-22,-0.9964633549159366,-1.02916371946243,-0.5735350127863322,-1.3213450133304314,-0.520430926601012,0.0,1.0
2020-07-23,-1.0010893839533743,-1.0361130780543601,-0.5765564573233836,-1.3221308350128003,-0.5110300125279155,0.0,1.0
2020-07-24,-0.9959745416961323,-1.0406897677201763,-0.5674808246749714,-1.3185551868574226,-0.5171081977914378,0.0,1.0
2020-07-27,-0.9982594506391079,-1.0409029099809628,-0.5674734838183302,-1.320533043241773,-0.5120478651074245,0.0,1.0
2020-07-28,-0.9982595453062113,-1.0343739802023277,-0.561622974001958,-1.325301860110954,-0.5193625584684,0.0,1.0
2020-07-29,-1.0021834061135373,-1.0282751091703055,-0.5674672489082969,-1.3259279475982533,-0.5346615720524017,0.0,1.0
2020-07-30,-1.0016365719273361,-1.0244940265124651,-0.5672358300147292,-1.3264415471059954,-0.5354863346244068,0.0,1.0
2020-07-31,-0.9991810438960472,-1.0297554051102862,-0.5659532649050011,-1.3268180825507754,-0.5379995632234112,0.0,1.0
2020-08-03,-0.9908783045663098,-1.0359405724273543,-0.566965261088049,-1.3240659820843348,-0.5442429538999345,0.0,1.0
2020-08-04,-0.9895542794640414,-1.0270166803390757,-0.5663111840306262,-1.3326223680612523,-0.5535138091331692,0.0,1.0
2020-08-05,-0.9900973848342269,-1.0269723164460005,-0.5668563300142248,-1.33253091147828,-0.5545464492832914,0.0,1.0
2020-08-06,-0.9896061269146609,-1.0265864332603938,-0.5668490153172867,-1.3322757111597374,-0.5551422319474836,0.0,1.0
2020-08-07,-1.0016493485073397,-1.0310077519379846,-0.574578041673539,-1.3371268349002146,-0.5534663807795921,0.0,1.0
2020-08-10,-1.0002199857009295,-1.0335478193917396,-0.5750976186547875,-1.3374580652257604,-0.553319034262773,0.0,1.0
2020-08-11,-0.9951579179046989,-1.0383514911411906,-0.5678441729943875,-1.3372950368658523,-0.5636073511609991,0.0,1.0
2020-08-12,-0.992522542335606,-1.0390367275126458,-0.5623488014075214,-1.3382449967011218,-0.5659775676270069,0.0,1.0
2020-08-13,-0.9879140800966874,-1.0442234796462122,-0.5530956435752349,-1.3366478053068176,-0.5717738834258089,0.0,1.0
2020-08-14,-0.9840694352889474,-1.0425730608657438,-0.5502636783124587,-1.3373434410019776,-0.57910349373764,0.0,1.0
2020-08-17,-0.9876835101995931,-1.0466816957167207,-0.5516027932039369,-1.337438829933469,-0.5750261175564965,0.0,1.0
2020-08-18,-0.9864723673357162,-1.0454770415177344,-0.5449546329392355,-1.3402804509210888,-0.5818531756942534,0.0,1.0
2020-08-19,-0.988003521901827,-1.0464450803433853,-0.5441338322694255,-1.339423288575831,-0.5849108518600044,0.0,1.0
2020-08-20,-0.98707015130674,-1.046767537826685,-0.5431086657496562,-1.3392572214580467,-0.58585969738652,0.0,1.0
2020-08-21,-0.9892692053709004,-1.0449592780101256,-0.5473805855161787,-1.339588377723971,-0.5817191283292978,0.0,1.0
2020-08-24,-0.9895437785482362,-1.045236915964999,-0.5484012987727698,-1.3397721644378404,-0.5803202905728908,0.0,1.0
2020-08-25,-0.9883349840431385,-1.051777264223616,-0.5472103004291845,-1.3371299658853306,-0.5778584791460327,0.0,1.0
2020-08-26,-0.9866204162537164,-1.0525272547076312,-0.548122453474287,-1.3389494549058474,-0.5797269023235326,0.0,1.0
2020-08-27,-0.9740374037403741,-1.0612211221122112,-0.5427942794279429,-1.3346534653465347,-0.5878437843784379,0.0,1.0
2020-08-28,-0.9738332142268156,-1.0561816282777199,-0.5430707492716179,-1.3342861854763346,-0.5898521246770382,0.0,1.0
2020-08-31,-0.973891056999945,-1.0560105535095916,-0.5431209805969328,-1.3342494365964932,-0.5893475512559775,0.0,1.0
2020-09-01,-0.9736220256086168,-1.0572621860746279,-0.5419025114029785,-1.333461559597736,-0.5892180029675221,0.0,1.0
2020-09-02,-0.9686384357664634,-1.055253473938595,-0.5405063986378865,-1.3322897786565606,-0.5956500247157687,0.0,1.0
2020-09-03,-0.972086378372438,-1.0613220506621242,-0.5477773504038683,-1.328534534864553,-0.5850870926974009,0.0,1.0
2020-09-04,-0.930916030534351,-1.0693565976008723,-0.5056161395856053,-1.3319520174482007,-0.614721919302072,0.0,1.0
2020-09-08,-0.926897078063672,-1.0705952900130833,-0.5032708242477104,-1.3276275621456608,-0.6229829917139119,0.0,1.0
2020-09-09,-0.9092436974789916,-1.07926267281106,-0.4760639739766874,-1.320791542423421,-0.636161561398753,0.0,1.0
2020-09-10,-0.8990532864484718,-1.0824993237760347,-0.4612388423045713,-1.319340005409792,-0.6477143629970247,0.0,1.0
2020-09-11,-0.8997674041218152,-1.0837345161464813,-0.46102666738789416,-1.3191972737599393,-0.6455347000595013,0.0,1.0
2020-09-14,-0.9028800346470335,-1.0872672152446947,-0.4636747509744478,-1.3186985708098744,-0.6410242529233434,0.0,1.0
2020-09-15,-0.9005518883237744,-1.0881939184070988,-0.4597446163835083,-1.3181473866464668,-0.6440320311654583,0.0,1.0
2020-09-16,-0.9017716855393617,-1.0786151595600584,-0.45706236116378607,-1.3226418161131277,-0.6578533889581188,0.0,1.0
2020-09-17,-0.8934808547564812,-1.0866688360993602,-0.45135047185161087,-1.3227573489532487,-0.6693784575333551,0.0,1.0
2020-09-18,-0.8928552053382521,-1.0847393262084306,-0.4536971735474421,-1.323333152498237,-0.6703737861444149,0.0,1.0
2020-09-21,-0.8880043325209857,-1.0878418629840236,-0.4537774167343623,-1.316274031952342,-0.6697535878689412,0.0,1.0
2020-09-22,-0.8983151850046047,-1.0692886938620727,-0.47033967170485935,-1.3148057857955469,-0.6646622243891868,0.0,1.0
2020-09-23,-0.8929479893922174,-1.063754938572279,-0.4722086918872111,-1.312009525355848,-0.6711587378903502,0.0,1.0
2020-09-24,-0.8851715950787825,-1.054932009497086,-0.46206561623138354,-1.3131879991366284,-0.6806604791711633,0.0,1.0
2020-09-25,-0.8832766715233932,-1.0581727915385029,-0.45960822405698554,-1.3111003183854082,-0.6842048459338407,0.0,1.0
2020-09-28,-0.8785706586180876,-1.0559987064783873,-0.4517085264632963,-1.3109841543602458,-0.6924113398728037,0.0,1.0
2020-09-29,-0.8787160706591985,-1.0530482550624731,-0.4503446790176648,-1.3109651012494614,-0.6925355450236967,0.0,1.0
2020-09-30,-0.8817308729901803,-1.0541707132836948,-0.45662026545807705,-1.3118592856372073,-0.69110823351678,0.0,1.0
2020-10-01,-0.8798382749326146,-1.061132075471698,-0.45336927223719675,-1.3090026954177898,-0.6874932614555256,0.0,1.0
2020-10-02,-0.879687078500135,-1.0535203668734827,-0.45233342325330456,-1.3156190990018886,-0.6940383059077422,0.0,1.0
2020-10-05,-0.8679896462467644,-1.0648727351164797,-0.4393334771354616,-1.3157894736842106,-0.7046484037963763,0.0,1.0
2020-10-06,-0.8687526928048255,-1.0593494183541576,-0.4370422231796639,-1.3167277035760447,-0.7037376130978027,0.0,1.0
2020-10-07,-0.8642991659940813,-1.064460586494485,-0.4335754640839387,-1.3131019639494217,-0.7052999730965833,0.0,1.0
2020-10-08,-0.8648314425506748,-1.060433356632077,-0.4342706597128878,-1.3140491424270124,-0.7030485509973654,0.0,1.0
2020-10-09,-0.8631618596642272,-1.0604821351700386,-0.4320921222557038,-1.3159707275075334,-0.7092122255703831,0.0,1.0
2020-10-12,-0.8606839445101623,-1.0603290676416819,-0.4280030110764598,-1.3119690289278416,-0.7159371975481233,0.0,1.0
2020-10-13,-0.8525541172047054,-1.0652092173819627,-0.4258473438255358,-1.3085352097545253,-0.7192888220443681,0.0,1.0
2020-10-14,-0.8524308353478377,-1.065538544184797,-0.4247112543647596,-1.309911361804996,-0.71941982272361,0.0,1.0
2020-10-15,-0.850816852966466,-1.0624462596732587,-0.4257846087704213,-1.3102966466036114,-0.7247420464316424,0.0,1.0
2020-10-16,-0.8514058383957852,-1.0631148862964357,-0.4247621095640019,-1.3101983764313747,-0.7265738401161227,0.0,1.0
2020-10-19,-0.8526802516264316,-1.0638206355180386,-0.42690467229420936,-1.310231732888865,-0.7229958599924728,0.0,1.0
2020-10-20,-0.8443777789682327,-1.0638560025713826,-0.416671130872663,-1.3013339047517007,-0.730808378421814,0.0,1.0
2020-10-21,-0.844908896034298,-1.062433011789925,-0.4159699892818864,-1.3034833869239015,-0.732261521972133,0.0,1.0
2020-10-22,-0.8445099089448312,-1.060149973219068,-0.41317621853240494,-1.3038028923406535,-0.7345474022495984,0.0,1.0
2020-10-23,-0.8417243043268456,-1.0652511929655246,-0.41059460618733573,-1.3058281057315961,-0.7382445981448716,0.0,1.0
2020-10-26,-0.8409066552352372,-1.0646232986818132,-0.4107276819204801,-1.3039331261386775,-0.7382917157860894,0.0,1.0
2020-10-27,-0.8392465350243484,-1.0641622518328249,-0.4093219885481886,-1.3053459624337775,-0.7332370096858779,0.0,1.0
2020-10-28,-0.8397902397260274,-1.0642123287671232,-0.4091395547945206,-1.3054366438356166,-0.732502140410959,0.0,1.0
2020-10-29,-0.823122371852877,-1.0658434023526906,-0.39756214403576945,-1.300473731835844,-0.7358279661468036,0.0,1.0
2020-10-30,-0.8225935188634066,-1.0641728303091575,-0.3965838344064279,-1.3007502793593357,-0.7369765338157824,0.0,1.0
2020-11-02,-0.8120983589144404,-1.0585798502310266,-0.39216102820117904,-1.2999628233044769,-0.7481544426151149,0.0,1.0
2020-11-03,-0.8231259968102074,-1.057097288676236,-0.4008506113769272,-1.3017543859649123,-0.7334928229665073,0.0,1.0
2020-11-04,-0.8303333688358717,-1.0408456704654383,-0.40536798381084244,-1.3097773990840345,-0.7390563425284907,0.0,1.0
2020-11-05,-0.8115942028985507,-1.0530870096087486,-0.388543823326432,-1.3066305675001326,-0.7488453575410097,0.0,1.0
2020-11-06,-0.8077473371840391,-1.049070001589741,-0.3878437814636215,-1.307137936516348,-0.7473371840390016,0.0,1.0
