Date,IWF,IWM,MTUM,SPY,VLUE,VXX,YETI
2019-06-24,-0.0,-0.5837412052615479,-1.2508412358519427,-2.594065463444479,-2.2189507494646685,0.0,1.0
2019-06-25,-0.0,-0.61339889366933,-1.2466963736939152,-2.5974953902888753,-2.2253380454824834,0.0,1.0
2019-06-26,-0.0,-0.6132321373811714,-1.2239343759582948,-2.573750383318001,-2.2555197792088317,0.0,1.0
2019-06-27,-0.0,-0.6165286721864459,-1.2276908923643055,-2.5731370745170192,-2.2490800367985284,0.0,1.0
2019-06-28,-0.0,-0.6026505285736173,-1.2301210356978705,-2.579132832848169,-2.248659414738778,0.0,1.0
2019-07-01,-0.0,-0.5857558139534883,-1.2420440636474908,-2.593558751529988,-2.228580171358629,0.0,1.0
2019-07-02,-0.0,-0.5915127461456267,-1.230193863532285,-2.5838039993894064,-2.2269882460693022,0.0,1.0
2019-07-03,-0.0,-0.6107885085574573,-1.2179095354523226,-2.5786216381418097,-2.2332671149144256,0.0,1.0
2019-07-05,-0.0,-0.6102043929225138,-1.210875533862111,-2.573367907260525,-2.2321537522879806,0.0,1.0
2019-07-08,-0.0,-0.6127507054068482,-1.2088766872569205,-2.572027758712728,-2.2323648287958515,0.0,1.0
2019-07-09,-0.0,-0.5873719614737809,-1.2169393059165268,-2.5846965295826325,-2.2550833205931817,0.0,1.0
2019-07-10,-0.0,-0.5915243808644824,-1.2340409167820336,-2.6053684048607906,-2.2601907398861716,0.0,1.0
2019-07-11,-0.0,-0.5909090909090909,-1.233502538071066,-2.606060606060606,-2.260575296108291,0.0,1.0
2019-07-12,-0.0,-0.5920941321233562,-1.2339460124586634,-2.6047835114973465,-2.2597862031838805,0.0,1.0
2019-07-15,-0.0,-0.5895735328140664,-1.2579625202436953,-2.637849926737102,-2.226575152309709,0.0,1.0
2019-07-16,-0.0,-0.6082210868555504,-1.2538318625174176,-2.649094287041338,-2.2299117510450537,0.0,1.0
2019-07-17,-0.0,-0.6189775367931836,-1.2474825716498839,-2.647250193648335,-2.2322230828814873,0.0,1.0
2019-07-18,-0.0,-0.6147781728242387,-1.2482609367753905,-2.643298809707838,-2.222754676147782,0.0,1.0
2019-07-19,-0.0,-0.6189740420271941,-1.243278739184178,-2.6492583436341164,-2.2141532756489495,0.0,1.0
2019-07-22,-0.0,-0.6106941112744718,-1.2271918285227887,-2.6493848177667725,-2.250793159483092,0.0,1.0
2019-07-23,-0.0,-0.6200294550810015,-1.2210681342531586,-2.6520424773273388,-2.258197038989225,0.0,1.0
2019-07-24,-0.0,-0.6227840050878448,-1.2185388345655457,-2.751729072263296,-2.356705620478575,0.0,1.0
2019-07-25,-0.0,-0.5778802576131032,-1.2476743261509105,-2.789218414566272,-2.3362487079589727,0.0,1.0
2019-07-26,-0.0,-0.5588375416865173,-1.2481340320787677,-2.7957757662378913,-2.337541686517389,0.0,1.0
2019-07-29,-0.0,-0.5335026992696094,-1.250158780565259,-2.7940616068593203,-2.361305176246428,0.0,1.0
2019-07-30,-0.0,-0.5208929138862409,-1.2530981887511916,-2.798061646012075,-2.372020972354624,0.0,1.0
2019-07-31,-0.0,-0.47841697917497805,-1.2633846644857576,-2.8323625628341182,-2.404771403494774,0.0,1.0
2019-08-01,-0.0,-0.5034553975693066,-1.2146318214314082,-2.8440702200333625,-2.381285249026928,0.0,1.0
2019-08-02,-0.0,-0.49184760995784615,-1.2042471963731805,-2.864789628569156,-2.392587290225085,0.0,1.0
2019-08-05,-0.0,-0.4857620108176901,-1.2003658924594336,-2.872414890232262,-2.3955615653833915,0.0,1.0
2019-08-06,-0.0,-0.4903295683119294,-1.147609469286709,-2.7369642580844804,-2.361442054773325,0.0,1.0
2019-08-07,-0.0,-0.5124431774404808,-1.098851991678866,-2.7156945835580557,-2.3777640804376303,0.0,1.0
2019-08-08,-0.0,-0.5127868345823998,-1.0940276597388552,-2.7280383218728272,-2.391408483350074,0.0,1.0
2019-08-09,-0.0,-0.48322506687046235,-1.0656476881925872,-2.696217042414979,-2.397248758119985,0.0,1.0
2019-08-12,-0.0,-0.46798780487804875,-1.0733231707317072,-2.703810975609756,-2.3768292682926826,0.0,1.0
2019-08-13,-0.0,-0.45413887204366277,-1.0558671922377196,-2.7019405700424497,-2.368329290479078,0.0,1.0
2019-08-14,-0.0,-0.47642717276698293,-1.0437565898478685,-2.6646332278957674,-2.346437716523573,0.0,1.0
2019-08-15,-0.0,-0.5347835608438573,-1.0390539455434702,-2.554128038542959,-2.1718373603912693,0.0,1.0
2019-08-16,-0.0,-0.5538867316286907,-1.0317239358194739,-2.5480987618140523,-2.192834639900359,0.0,1.0
2019-08-19,-0.0,-0.5070258463778667,-1.042955951947579,-2.5604659628685837,-2.1702220604295595,0.0,1.0
2019-08-20,-0.0,-0.520633536762569,-1.0587765184539377,-2.5462801511188604,-2.139712292938099,0.0,1.0
2019-08-21,-0.0,-0.5328005811841627,-1.071703596077007,-2.5435524881946967,-2.1166727206683618,0.0,1.0
2019-08-22,-0.0,-0.5369322304455086,-1.0676244376723263,-2.551661587578,-2.099622696270498,0.0,1.0
2019-08-23,-0.0,-0.5296597848211689,-1.0673160802558885,-2.5573567897644667,-2.115222448386159,0.0,1.0
2019-08-26,-0.0,-0.5164991803862876,-1.053025443660466,-2.4946190578005845,-2.0629320789679997,0.0,1.0
2019-08-27,-0.0,-0.509131117135112,-1.039877300613497,-2.4959337994007704,-2.0888143815094877,0.0,1.0
2019-08-28,-0.0,-0.46301859799713874,-1.0851216022889842,-2.527038626609442,-2.0778254649499286,0.0,1.0
2019-08-29,-0.0,-0.456824512534819,-1.0899221484179702,-2.5278194414684667,-2.0677808727948004,0.0,1.0
2019-08-30,-0.0,-0.43830845771144283,-1.0911158493248045,-2.527789623312011,-2.050106609808102,0.0,1.0
2019-09-03,-0.0,-0.4438677568432279,-1.0947031638819766,-2.532100959829364,-2.039104159260576,0.0,1.0
2019-09-04,-0.0,-0.4532486983809999,-1.090863704443335,-2.5495328435917552,-2.038584979673347,0.0,1.0
2019-09-05,-0.0,-0.4457297914881463,-1.0892602113681806,-2.5594115966866613,-2.046415309911454,0.0,1.0
2019-09-06,-0.0,-0.4222174779390834,-1.1257472245943638,-2.5784230002846567,-1.990108169655565,0.0,1.0
2019-09-09,-0.0,-0.4034674657534247,-1.1266409817351597,-2.5902539954337898,-2.0142694063926943,0.0,1.0
2019-09-10,-0.0,-0.3570759812747569,-1.288656823910695,-2.638170687792582,-1.918113071660065,0.0,1.0
2019-09-11,-0.0,-0.3802410334127156,-1.2416829039474633,-2.6368622356931515,-1.9577830699285559,0.0,1.0
2019-09-12,-0.0,-0.3284992784992785,-1.2625541125541127,-2.6533910533910534,-1.9705627705627704,0.0,1.0
2019-09-13,-0.0,-0.32934131736526945,-1.2611644181516484,-2.652189596710194,-1.9717192121780533,0.0,1.0
2019-09-16,-0.0,-0.32664114970751784,-1.2714667436989961,-2.6516935076189787,-1.9719072723333573,0.0,1.0
2019-09-17,-0.0,-0.31230557766042105,-1.2761339795992188,-2.6616508717355134,-1.984301526441438,0.0,1.0
2019-09-18,-0.0,-0.3098581354950782,-1.2843804284887086,-2.662565141864505,-1.9812536189924723,0.0,1.0
2019-09-19,-0.0,-0.31766154737757174,-1.283975659229209,-2.6561141698058535,-1.9865256447406552,0.0,1.0
2019-09-20,-0.0,-0.3167922341350333,-1.2854969574036512,-2.655389742103738,-1.9865980875108662,0.0,1.0
2019-09-23,-0.0,-0.31641077636152953,-1.283603707995365,-2.650999420625724,-1.991236964078795,0.0,1.0
2019-09-24,-0.0,-0.31547619047619047,-1.290287456445993,-2.657520325203252,-1.9957897793263648,0.0,1.0
2019-09-25,-0.0,-0.2890160846254166,-1.2928561078104621,-2.6722938704535575,-1.9911607013476307,0.0,1.0
2019-09-26,-0.0,-0.2757896261953057,-1.3089684149521876,-2.6736453201970445,-1.985873659808751,0.0,1.0
2019-09-27,-0.0,-0.2905989110707804,-1.29989110707804,-2.6804355716878403,-1.9886751361161523,0.0,1.0
2019-09-30,-0.0,-0.2823785351704134,-1.2844815083393766,-2.6897026831036985,-1.9950688905003624,0.0,1.0
2019-10-01,-0.0,-0.29383611312545327,-1.2796954314720812,-2.689122552574329,-1.988905003625816,0.0,1.0
2019-10-02,-0.0,-0.268678264635819,-1.2760412906951566,-2.69955966216704,-1.9743015953223133,0.0,1.0
2019-10-03,-0.0,-0.3848582705418012,-1.251022604951561,-2.6673842841765336,-1.8728381772515248,0.0,1.0
2019-10-04,-0.0,-0.3787007760850819,-1.2543115837884449,-2.677493532624317,-1.8755389479735556,0.0,1.0
2019-10-07,-0.0,-0.395170535970192,-1.2270707939237606,-2.662080825451419,-1.881054743479507,0.0,1.0
2019-10-08,-0.0,-0.40227826336151307,-1.2223814300042986,-2.6587620002865737,-1.8809284997850693,0.0,1.0
2019-10-09,-0.0,-0.4037213944535538,-1.1859984315962073,-2.683182433877522,-1.8561345975618448,0.0,1.0
2019-10-10,-0.0,-0.4185633001422475,-1.1748221906116643,-2.674608819345661,-1.8443812233285917,0.0,1.0
2019-10-11,-0.0,-0.42924126172208016,-1.1820829781187838,-2.6681585677749364,-1.82487922705314,0.0,1.0
2019-10-14,-0.0,-0.40167633784655066,-1.2338276380829574,-2.7060677698975573,-1.8223368436134395,0.0,1.0
2019-10-15,-0.0,-0.3966783092166227,-1.2017962791360752,-2.6899280062727207,-1.8396892151970916,0.0,1.0
2019-10-16,-0.0,-0.4483102098897189,-1.2277481323372463,-2.6419779437922446,-1.7967982924226251,0.0,1.0
2019-10-17,-0.0,-0.42915268755799846,-1.2624741237775716,-2.640017131843815,-1.8066243129416804,0.0,1.0
2019-10-18,-0.0,-0.4737520590131061,-1.30451908615627,-2.56986320991191,-1.8136503616701283,0.0,1.0
2019-10-21,-0.0,-0.39484425349087005,-1.3078410311493018,-2.5605442176870747,-1.897529538131042,0.0,1.0
2019-10-22,-0.0,-0.37935243018163545,-1.326225859717137,-2.572905449063106,-1.9007825400244096,0.0,1.0
2019-10-23,-0.0,-0.37874326750448833,-1.3090843806104129,-2.581113105924596,-1.9123877917414718,0.0,1.0
2019-10-24,-0.0,-0.33939958443791646,-1.4503833201977503,-2.51400730816078,-1.8610016479186073,0.0,1.0
2019-10-25,-0.0,-0.33810990900623344,-1.4583363186931289,-2.5111413627570394,-1.8572042702586515,0.0,1.0
2019-10-28,-0.0,-0.3998855016459138,-1.4831830542435953,-2.4597108916559325,-1.8134392443108631,0.0,1.0
2019-10-29,-0.0,-0.39825811559778307,-1.5956236953861656,-2.396170733462895,-1.8078168862016843,0.0,1.0
2019-10-30,-0.0,-0.4028637213987624,-1.5946898834364658,-2.3916390847603974,-1.8060872067923444,0.0,1.0
2019-10-31,-0.0,-0.3823084132362483,-1.6219450652440344,-2.371854949174537,-1.8332492250018024,0.0,1.0
2019-11-01,-0.0,-0.41010261598496894,-1.651033386327504,-2.3563376210435036,-1.8090041913571324,0.0,1.0
2019-11-04,-0.0,-0.375334926497212,-1.7093924252299226,-2.3798971685132884,-1.7770294735317547,0.0,1.0
2019-11-05,-0.0,-0.43901734104046247,-1.9553468208092488,-2.2089595375722544,-1.6221098265895955,0.0,1.0
2019-11-06,-0.0,-0.41396163104529876,-1.97497994018528,-2.2086220730906705,-1.6969144357721206,0.0,1.0
2019-11-07,-0.0,-0.42626306938656133,-1.9667324705710316,-2.2193463478833073,-1.6992030416026906,0.0,1.0
2019-11-08,-0.0,-0.41184715255237525,-2.0074505753909704,-2.2491147831218647,-1.7083210386544703,0.0,1.0
2019-11-11,-0.0,-0.37047456874213375,-2.096394462130747,-2.210039238913156,-1.726660250240616,0.0,1.0
2019-11-12,-0.0,-0.36618049900051824,-2.098615532686755,-2.2107055600799583,-1.7280669282594212,0.0,1.0
2019-11-13,-0.0,-0.384963768115942,-2.25973731884058,-2.181763285024155,-1.7217693236714977,0.0,1.0
2019-11-14,-0.0,-0.37846972529843237,-2.1281461239752626,-2.092118509995686,-1.592406155616281,0.0,1.0
2019-11-15,-0.0,-0.3829262990071744,-2.1609536922965433,-2.095441698673817,-1.6075077904195956,0.0,1.0
2019-11-18,-0.0,-0.3740557815223707,-2.1752614758861126,-2.111417780360256,-1.6024840209180709,0.0,1.0
2019-11-19,-0.0,-0.5258136094674557,-2.148224852071006,-2.100443786982249,-1.6218934911242606,0.0,1.0
2019-11-20,-0.0,-0.5222279754419705,-2.1429839485169024,-2.1025223759153784,-1.6292625194171166,0.0,1.0
2019-11-21,-0.0,-0.5051866434466571,-2.25819641099417,-2.127053835087454,-1.681305368365261,0.0,1.0
2019-11-22,-0.0,-0.5059830354438049,-2.2832475007573465,-2.127688579218419,-1.656467737049379,0.0,1.0
2019-11-25,-0.0,-0.5065829297820823,-2.2841253026634383,-2.12590799031477,-1.6499697336561743,0.0,1.0
2019-11-26,-0.0,-0.4888045823104962,-2.2519526891318904,-2.054749683850331,-1.6433087852413897,0.0,1.0
2019-11-27,-0.0,-0.43517491309814366,-2.2628503808889877,-2.0636787219880186,-1.634124694919015,0.0,1.0
2019-11-29,-0.0,-0.4398738818008506,-2.320501539815222,-2.076550813902332,-1.4956005279366478,0.0,1.0
2019-12-02,-0.0,-0.4652287095574563,-2.4116772034213465,-2.074451468947564,-1.4863518036444776,0.0,1.0
2019-12-03,-0.0,-0.4517537368654728,-2.371244635193133,-2.078807162942134,-1.4978540772532187,0.0,1.0
2019-12-04,-0.0,-0.4680771531100479,-2.3610944976076556,-2.1080293062200957,-1.5388008373205744,0.0,1.0
2019-12-05,-0.0,-0.4510383507654995,-2.4204941640139457,-2.1020918599363347,-1.6055782931635592,0.0,1.0
2019-12-06,-0.0,-0.5450153374233129,-2.4531441717791416,-2.142944785276074,-1.5276073619631902,0.0,1.0
2019-12-09,-0.0,-0.4332362892438429,-2.598237469509796,-2.2330631835706978,-1.6039027460854511,0.0,1.0
2019-12-10,-0.0,-0.3890152177715585,-3.123928633898898,-2.6122966590869336,-1.620692670981284,0.0,1.0
2019-12-11,-0.0,-0.3705650459921156,-3.1421813403416556,-2.61305300043802,-1.6346035917652213,0.0,1.0
2019-12-12,-0.0,-0.34052778748689266,-3.1296749388325757,-2.6187521845508566,-1.6493358965396714,0.0,1.0
2019-12-13,-0.0,-0.3287430927111657,-3.173581264801333,-2.6174896938865015,-1.6512586615209193,0.0,1.0
2019-12-16,-0.0,-0.3299173269032036,-3.174388563554943,-2.5615742335514984,-1.5459007922838444,0.0,1.0
2019-12-17,-0.0,-0.2907662082514735,-3.3802464725843904,-2.713877478121093,-1.5452759421325237,0.0,1.0
2019-12-18,-0.0,-0.37413713759779105,-3.487712839392545,-2.7579383341003223,-1.5840773124712382,0.0,1.0
2019-12-19,-0.0,-0.38932496075353223,-3.499215070643642,-2.7544556284052084,-1.591375011543079,0.0,1.0
2019-12-20,-0.0,-0.42259024934871603,-3.529866021585411,-2.7733531819873463,-1.5782471157424636,0.0,1.0
2019-12-23,-0.0,-0.4397808524468382,-3.5229826353421863,-2.7513232426409138,-1.5717336800074289,0.0,1.0
2019-12-24,-0.0,-0.44771695841437437,-3.5039362785959063,-2.747059368343058,-1.5631193850143559,0.0,1.0
2019-12-26,-0.0,-0.45353572750833027,-3.5012958163643098,-2.748889300259163,-1.55211032950759,0.0,1.0
2019-12-27,-0.0,-0.5114085519223859,-3.4146604383758534,-2.5858785483291413,-1.4711642112827883,0.0,1.0
2019-12-30,-0.03686512541283585,-0.5060251718289743,-3.443898955636883,-2.58154065875212,-1.3578505757386414,0.0,1.0
2019-12-31,-0.013461709904609076,-0.5261656414371044,-3.4470000891503965,-2.579120977088348,-1.349380404742801,0.0,1.0
2020-01-02,-0.019937416182387126,-0.5336611533303531,-3.455520786767993,-2.5840858292355833,-1.3473401877514528,0.0,1.0
2020-01-03,-0.0,-0.5263205013428828,-3.463921217547001,-2.576633840644584,-1.3857654431512982,0.0,1.0
2020-01-06,-0.024119241192411923,-0.5384823848238482,-3.479042457091237,-2.5922312556458897,-1.3995483288166215,0.0,1.0
2020-01-07,-0.0,-0.5419548598471059,-3.5289406625409536,-2.587550054605024,-1.4424827084091736,0.0,1.0
2020-01-08,-0.0,-0.5376569037656904,-3.5355648535564854,-2.594051300709478,-1.4285974167727853,0.0,1.0
2020-01-09,-0.008259212198221092,-0.5647122889816664,-3.505627155563623,-2.572789980032674,-1.4245779633327282,0.0,1.0
2020-01-10,-0.037064019670339676,-0.5748110372461523,-3.507057645023222,-2.5588744194517803,-1.4289226846371004,0.0,1.0
2020-01-13,-0.027188689505165852,-0.5727750589088273,-3.482599238716694,-2.5497553017944536,-1.4305782127968099,0.0,1.0
2020-01-14,-0.1420899326415438,-0.53531767704351,-3.5280356817768066,-2.5457855452393954,-1.3512652466775896,0.0,1.0
2020-01-15,-0.15614163168461398,-0.5451724767293302,-3.533126482934842,-2.5417046906369776,-1.3496075926263917,0.0,1.0
2020-01-16,-0.14915717539863324,-0.5344874715261959,-3.521002277904328,-2.5362186788154895,-1.3708428246013666,0.0,1.0
2020-01-17,-0.1633658848224879,-0.5115451309665054,-3.5195765264214653,-2.554896413251803,-1.3771105229533631,0.0,1.0
2020-01-21,-0.15621854122815043,-0.5019676031847716,-3.5450718403953507,-2.5633751258350874,-1.3850096092248558,0.0,1.0
2020-01-22,-0.1610114942528736,-0.48110344827586204,-3.5954942528735634,-2.5752643678160916,-1.382528735632184,0.0,1.0
2020-01-23,-0.20150361982550585,-0.47651754223129755,-3.5765732318544643,-2.632170038982736,-1.3948394282532022,0.0,1.0
2020-01-24,-0.2013179877482829,-0.47401150918878776,-3.575737887506961,-2.631984406905513,-1.3984592537590494,0.0,1.0
2020-01-27,-0.16567937800814514,-0.45584968530174014,-3.602832284339134,-2.617456497593484,-1.4140133283968899,0.0,1.0
2020-01-28,-0.09241443108233117,-0.5282146160962072,-3.68686401480111,-2.603052728954671,-1.3400555041628122,0.0,1.0
2020-01-29,-0.061002580169554,-0.5360302248433468,-3.6897346111315885,-2.591872465904902,-1.3362513822336897,0.0,1.0
2020-01-30,-0.0,-0.3821152046286055,-3.413086020590488,-2.5038713519952354,-1.2093933463796478,0.0,1.0
2020-01-31,-0.0,-0.4003599897145796,-3.443473043627325,-2.514099597154367,-1.2132510499700009,0.0,1.0
2020-02-03,-0.0,-0.36708967140095805,-3.3880157996470293,-2.461971594251618,-1.1869905034036474,0.0,1.0
2020-02-04,-0.0,-0.34929789368104314,-3.3486292209963224,-2.457121364092277,-1.203360080240722,0.0,1.0
2020-02-05,-0.0,-0.35122838944494994,-3.311191992720655,-2.4351890148068494,-1.174290677475391,0.0,1.0
2020-02-06,-0.0,-0.3551681195516812,-3.414528850145288,-2.4262349522623494,-1.1062681610626817,0.0,1.0
2020-02-07,-0.0,-0.37465793183514384,-3.386433369267767,-2.4200182436354587,-1.111534953147027,0.0,1.0
2020-02-10,-0.0,-0.35741476332340283,-3.3846408474015224,-2.421135385633896,-1.1122972525653756,0.0,1.0
2020-02-11,-0.0,-0.3240983606557377,-3.345163934426229,-2.367049180327869,-1.160409836065574,0.0,1.0
2020-02-12,-0.0,-0.3089827287001074,-3.388893479877696,-2.4265763160069413,-1.1392446905214446,0.0,1.0
2020-02-13,-0.0,-0.30379225061830173,-3.3879637262984335,-2.4138499587798847,-1.1384171475680132,0.0,1.0
2020-02-14,-0.0,-0.2907321899736148,-3.3625494722955147,-2.4367579155672825,-1.1553430079155673,0.0,1.0
2020-02-18,-0.0,-0.3028571428571429,-3.3452587991718428,-2.4270807453416148,-1.2063768115942028,0.0,1.0
2020-02-19,-0.0,-0.3653096758146091,-3.3383633197910623,-2.380067987729044,-1.2074454854489678,0.0,1.0
2020-02-20,-0.0,-0.37114683460391124,-3.336675505469009,-2.371561153463706,-1.20707656612529,0.0,1.0
2020-02-21,-0.0,-0.37471377167157344,-3.2929342492639844,-2.32360157016683,-1.1867026496565258,0.0,1.0
2020-02-24,-0.0,-0.4033853953716575,-3.286123149889607,-2.317523918554256,-1.170251042603647,0.0,1.0
2020-02-25,-0.0,-0.5453307704629184,-3.3110683966041967,-2.0919429761332693,-1.0606279032516417,0.0,1.0
2020-02-26,-0.0,-0.48875365891234024,-3.2244646433523343,-2.0414419966106916,-0.9483130488368511,0.0,1.0
2020-02-27,-0.0,-0.4918705363926456,-3.160461935876007,-2.010864610241605,-0.9344324570733932,0.0,1.0
2020-02-28,-0.0,-0.6986340151461533,-2.8519357350130936,-1.6857527071979617,-0.8412484960011324,0.0,1.0
2020-03-02,-0.0,-0.615729537366548,-2.8551601423487543,-1.7781494661921706,-0.8683274021352312,0.0,1.0
2020-03-03,-0.0,-0.858025119700229,-2.597113316216779,-1.671084588161821,-0.8129900770244952,0.0,1.0
2020-03-04,-0.0,-0.9524752475247525,-2.6418572891771936,-1.5444861727552066,-0.6895186070331171,0.0,1.0
2020-03-05,-0.0,-1.1279342723004695,-2.3923448095983306,-1.3904538341158061,-0.6098721961398018,0.0,1.0
2020-03-06,-0.0,-1.2782586558044806,-2.249554480651731,-1.3002800407331976,-0.5364689409368635,0.0,1.0
2020-03-09,-0.0,-1.22298273155416,-2.2241758241758243,-1.2792464678178965,-0.5530298273155415,0.0,1.0
2020-03-10,-0.47368135446060344,-0.778163663989581,-1.6901454308660735,-1.042652485348383,-0.441936184067723,0.0,1.0
2020-03-11,-0.4129052434066507,-0.8298238298759512,-1.6243093922651932,-0.9522568539560096,-0.3928385280934015,0.0,1.0
2020-03-12,-0.4526378896882494,-0.7097821742605915,-1.5151878497202238,-0.9434952038369304,-0.3749000799360511,0.0,1.0
2020-03-13,-0.6394152680021657,-0.47938097816278646,-1.327242375022559,-0.8822865908680744,-0.1834506406785779,0.0,1.0
2020-03-16,-0.4910333048676345,-0.7386421861656705,-1.2561485909479078,-0.7840307429547396,-0.0,0.0,1.0
2020-03-17,-0.5367010778806741,-0.5224305450129042,-0.8282981630484287,-0.7621830879004099,-0.1457416122665857,0.0,1.0
2020-03-18,-0.524004465947153,-0.5745813174544101,-0.7064384071455154,-0.7627837737253442,-0.15385187941942688,0.0,1.0
2020-03-19,-0.5217246730215029,-0.5570457400428581,-0.6951156432424443,-0.7652035764427695,-0.15558264981896106,0.0,1.0
2020-03-20,-0.5258467023172906,-0.6265225787284611,-0.6748366013071895,-0.7647058823529411,-0.12169489007724302,0.0,1.0
2020-03-23,-0.5258396974864684,-0.6293838511158895,-0.66730926076963,-0.7602506117001557,-0.12449024987024543,0.0,1.0
2020-03-24,-0.5286306133017681,-0.634460309240216,-0.6501442627802027,-0.7482429533180438,-0.13753051712658132,0.0,1.0
2020-03-25,-0.5240552928862743,-0.6243548561735303,-0.5954812863175372,-0.7213700508896669,-0.14393474573212545,0.0,1.0
2020-03-26,-0.5024076456533725,-0.629590148869693,-0.655173681308583,-0.7415181032898364,-0.14710531152361697,0.0,1.0
2020-03-27,-0.5027422963123331,-0.6156455221187848,-0.6137692141156095,-0.7491520531139496,-0.1269394529840514,0.0,1.0
2020-03-30,-0.49247458601242855,-0.6145335680160925,-0.6178742052516254,-0.7500628614533568,-0.11710190739609898,0.0,1.0
2020-03-31,-0.4723838253250018,-0.6442577030812325,-0.612260288730877,-0.737089707677943,-0.12518853695324286,0.0,1.0
2020-04-01,-0.47160538116591927,-0.6528430493273543,-0.6110852017937219,-0.7335605381165919,-0.11834977578475336,0.0,1.0
2020-04-02,-0.48137882018479033,-0.6189410092395167,-0.6037668798862829,-0.7430703624733476,-0.10650319829424308,0.0,1.0
2020-04-03,-0.4831700801424755,-0.6411754229741763,-0.6135351736420303,-0.7123063223508459,-0.11173642030276047,0.0,1.0
2020-04-06,-0.49151394138201526,-0.6184839192754761,-0.6115667118305641,-0.7261285031733581,-0.11791342793981317,0.0,1.0
2020-04-07,-0.470559508860053,-0.5829496302497558,-0.5897516394586299,-0.7254778847495466,-0.11947118738663319,0.0,1.0
2020-04-08,-0.46511872610571364,-0.5881589561923469,-0.566693556872786,-0.7319631019606467,-0.1554838483392375,0.0,1.0
2020-04-09,-0.4623535190512947,-0.5876780576801628,-0.5606273243982878,-0.7333871307276683,-0.16451477089327066,0.0,1.0
2020-04-13,-0.46234258252359073,-0.5870838741361771,-0.5618619988073106,-0.733118181499281,-0.16346862174202828,0.0,1.0
2020-04-14,-0.46028792134831464,-0.598876404494382,-0.5517907303370787,-0.7350772471910113,-0.1652387640449438,0.0,1.0
2020-04-15,-0.5091123921372052,-0.5829066561638441,-0.5912492391421104,-0.7563822550037596,-0.14089297862436895,0.0,1.0
2020-04-16,-0.4964735069998228,-0.5945773524720893,-0.5858940279992911,-0.7368066631224526,-0.13042707779549884,0.0,1.0
2020-04-17,-0.496968622584648,-0.5979081723098741,-0.584435383797199,-0.736075163978018,-0.1300833185605389,0.0,1.0
2020-04-20,-0.5279518498849355,-0.5587537617277394,-0.6167109222871305,-0.7281288723667907,-0.10890423083731635,0.0,1.0
2020-04-21,-0.5284193400063666,-0.5616312382838751,-0.6191419375375801,-0.721890142538818,-0.10586071516995013,0.0,1.0
2020-04-22,-0.5183541182272952,-0.5741562742196858,-0.608010991333756,-0.7236313675755655,-0.09871063200169097,0.0,1.0
2020-04-23,-0.5038135742153176,-0.5888017995852519,-0.5996625777652808,-0.7207831007697445,-0.10178904080700152,0.0,1.0
2020-04-24,-0.5047083626141953,-0.5896345748418833,-0.5971187631763879,-0.7193253689388616,-0.10291637385804638,0.0,1.0
2020-04-27,-0.525884306865967,-0.6014346796706597,-0.5788190395420333,-0.7217216156047916,-0.10579879147673063,0.0,1.0
2020-04-28,-0.5285825325042396,-0.6010811192764274,-0.5748657433578293,-0.7227600339174675,-0.10578010175240249,0.0,1.0
2020-04-29,-0.5196566705520823,-0.6135424393345343,-0.5619017343082194,-0.7184486595316308,-0.11864646250573983,0.0,1.0
2020-04-30,-0.5212837242108975,-0.6087462528654558,-0.5665314759301711,-0.7231528830894022,-0.10703579615588078,0.0,1.0
2020-05-01,-0.5143950565269293,-0.596692647988203,-0.5711677550733796,-0.7195070570886876,-0.10922688013482199,0.0,1.0
2020-05-04,-0.5157931638913235,-0.5942857142857143,-0.5723049956178791,-0.7242418930762489,-0.09910604732690623,0.0,1.0
2020-05-05,-0.5084001394214012,-0.5854304635761589,-0.5758800975949808,-0.7161380271871732,-0.09968630184733357,0.0,1.0
2020-05-06,-0.5064799331103679,-0.5852494425863991,-0.573683110367893,-0.7166945373467112,-0.10169314381270902,0.0,1.0
2020-05-07,-0.5176884737374089,-0.5948206754731449,-0.5673207626084835,-0.7128716322191627,-0.09267714614338991,0.0,1.0
2020-05-08,-0.5147832143479018,-0.6036566254570781,-0.5632596204074525,-0.7111614138951767,-0.08967438620929827,0.0,1.0
2020-05-11,-0.5168046760837799,-0.5894857699533783,-0.5688887342564887,-0.7162688748173405,-0.0878157400320089,0.0,1.0
2020-05-12,-0.5009027777777778,-0.5911805555555556,-0.5375694444444445,-0.720138888888889,-0.1224652777777778,0.0,1.0
2020-05-13,-0.5001731901627987,-0.5724627641149982,-0.5394180810529962,-0.7279528922757188,-0.12379632836854866,0.0,1.0
2020-05-14,-0.4942758620689655,-0.5734827586206898,-0.5467931034482758,-0.7234137931034483,-0.11027586206896553,0.0,1.0
2020-05-15,-0.4958452573871668,-0.5816639657966417,-0.5497707133744785,-0.7229596938247768,-0.09767955039133883,0.0,1.0
2020-05-18,-0.499654552991571,-0.5858435815945833,-0.547429874257289,-0.7201879231725853,-0.10135415227304131,0.0,1.0
2020-05-19,-0.5057979017117614,-0.5711968525676421,-0.5669174489232468,-0.7229431253451132,-0.08424213141910547,0.0,1.0
2020-05-20,-0.505480113048873,-0.5605914386158406,-0.5702419521610257,-0.724788033363204,-0.08551044323430068,0.0,1.0
2020-05-21,-0.4959466886507283,-0.558429513602638,-0.5687688925528992,-0.7225199230557846,-0.08934460016488045,0.0,1.0
2020-05-22,-0.49783311549838344,-0.5708536837036527,-0.5642498452225356,-0.7227763637614363,-0.08382059572126298,0.0,1.0
2020-05-26,-0.49755913091309123,-0.5732260726072607,-0.5669348184818481,-0.7204689218921891,-0.07968921892189218,0.0,1.0
2020-05-27,-0.48974747127227697,-0.5784077616459093,-0.5503337232505333,-0.7225968485515724,-0.09939448152480562,0.0,1.0
2020-05-28,-0.48450985111577216,-0.5781728157342778,-0.5494618849499708,-0.7220369287900149,-0.10421895952962212,0.0,1.0
2020-05-29,-0.474967288754218,-0.5904896357000207,-0.5429033813098272,-0.7145169065491357,-0.12037738447765305,0.0,1.0
2020-06-01,-0.4755627452330143,-0.5953052935912438,-0.5381703035726577,-0.7136710952020375,-0.11919184965925518,0.0,1.0
2020-06-02,-0.4733947476969614,-0.5934277464595077,-0.5393922727897704,-0.7131513818231816,-0.11800494981438195,0.0,1.0
2020-06-03,-0.4739303893245288,-0.5936167285733939,-0.5366969321777411,-0.7155385885266199,-0.1194799834915394,0.0,1.0
2020-06-04,-0.4753534450139314,-0.5910701386261222,-0.5404010869939114,-0.7172439888548725,-0.11575109215369267,0.0,1.0
2020-06-05,-0.4603948497854077,-0.5942660944206009,-0.5382317596566524,-0.7103862660944206,-0.13019742489270386,0.0,1.0
2020-06-08,-0.4534414340448823,-0.5773467432950191,-0.5515873015873015,-0.7099069512862616,-0.12862616310892172,0.0,1.0
2020-06-09,-0.4581835609872993,-0.5770086611208107,-0.5520180753825614,-0.7107596453390846,-0.12543220019855533,0.0,1.0
2020-06-10,-0.4594474305864631,-0.5769454620151323,-0.5547605190181107,-0.7117669211544386,-0.12068198158101953,0.0,1.0
2020-06-11,-0.46412433246610985,-0.5664795289607011,-0.562577023141175,-0.7133712173079556,-0.11669861700670958,0.0,1.0
2020-06-12,-0.4628239529907272,-0.5457355388743589,-0.5733840562480893,-0.6954926802758058,-0.11922149383512788,0.0,1.0
2020-06-15,-0.4620412609790972,-0.5550827262204671,-0.5665214134949275,-0.6977599237420848,-0.12299993191257576,0.0,1.0
2020-06-16,-0.4656504134199871,-0.5413590118751914,-0.5646330259620947,-0.7034264520739052,-0.12753070876858688,0.0,1.0
2020-06-17,-0.46337817638266066,-0.5391357521402365,-0.5629161570865606,-0.7018276939801603,-0.129976899035195,0.0,1.0
2020-06-18,-0.46870218625684273,-0.531977831423617,-0.5690727958926932,-0.7041583081160111,-0.12617728060929584,0.0,1.0
2020-06-19,-0.47074820681918617,-0.5359486011489955,-0.567426997994357,-0.7031988306081517,-0.12207227113573783,0.0,1.0
2020-06-22,-0.4618254587389343,-0.5344435776549198,-0.5740596275819965,-0.6960621375029679,-0.12546213071939763,0.0,1.0
2020-06-23,-0.46193495879819596,-0.5367425141578216,-0.5740106480382516,-0.6952762046864933,-0.12313065888975551,0.0,1.0
2020-06-24,-0.4737719985022297,-0.5419886305613235,-0.5720461585594173,-0.7036116689927495,-0.1126391394628451,0.0,1.0
2020-06-25,-0.4685091501714596,-0.538790615556989,-0.5753573489967065,-0.6995552235765456,-0.11306148779411265,0.0,1.0
2020-06-26,-0.4678802671276993,-0.5331706159530832,-0.5751381402759417,-0.6975490694599817,-0.11620732906200211,0.0,1.0
2020-06-29,-0.4652768376878299,-0.5297820495465007,-0.5769595234872071,-0.6955800731013942,-0.11672532827940976,0.0,1.0
2020-06-30,-0.4671582222823514,-0.525130217141311,-0.5792464317121018,-0.6945139687478861,-0.1162145707907732,0.0,1.0
2020-07-01,-0.46415413216156837,-0.5260774040899104,-0.5727902653371642,-0.7021463579516647,-0.1148893020111543,0.0,1.0
2020-07-02,-0.4713561041596212,-0.5253297260737233,-0.5775448089279674,-0.7041934392965843,-0.10338180588434223,0.0,1.0
2020-07-06,-0.4784227449653072,-0.5254357759350143,-0.5758334743611441,-0.705432391267558,-0.09950922321881875,0.0,1.0
2020-07-07,-0.4579728470650872,-0.5337415147078397,-0.5706774923465993,-0.6731332357247437,-0.09200718754159457,0.0,1.0
2020-07-08,-0.4568443468423505,-0.5373660743994144,-0.5687762028348973,-0.6713582218673055,-0.09299926798429495,0.0,1.0
2020-07-09,-0.4523049291558571,-0.5359542340184927,-0.5677176877536088,-0.6721545932282312,-0.09788465376172421,0.0,1.0
2020-07-10,-0.4563995076022224,-0.5376451408989587,-0.5691519446385201,-0.671989885883488,-0.09179226137006355,0.0,1.0
2020-07-13,-0.4665934650961603,-0.5398948559259998,-0.5696745857456579,-0.6719904172489519,-0.07919078991149266,0.0,1.0
2020-07-14,-0.45731727547194845,-0.5552901363591122,-0.5667031618061775,-0.6665007796688895,-0.07196177963571215,0.0,1.0
2020-07-15,-0.4581715613074498,-0.5515845362535258,-0.5694707151153144,-0.6653393064542891,-0.07386759581881533,0.0,1.0
2020-07-16,-0.45000992522993455,-0.5625951167868724,-0.5703367961357771,-0.6519552702970953,-0.07347978561503342,0.0,1.0
2020-07-17,-0.44203065765617267,-0.5596505686500741,-0.5654524476677105,-0.6510301631778473,-0.07839129718147354,0.0,1.0
2020-07-20,-0.4524675840169357,-0.5578856840433978,-0.5672135485578196,-0.6515612595924848,-0.07862529769780366,0.0,1.0
2020-07-21,-0.4492638544251447,-0.5577502067824648,-0.5681058726220016,-0.6535318444995865,-0.07986765922249793,0.0,1.0
2020-07-22,-0.446243309323994,-0.5613559770038988,-0.5639661666556532,-0.6514901209277738,-0.08098195995506509,0.0,1.0
2020-07-23,-0.44245541159792967,-0.5560280882207497,-0.5610391322981572,-0.6477104144001583,-0.08950647809316586,0.0,1.0
2020-07-24,-0.4349958847736625,-0.5582222222222222,-0.5598024691358024,-0.6465514403292181,-0.09260905349794238,0.0,1.0
2020-07-27,-0.43662806001579363,-0.5579099763095551,-0.5581073966833376,-0.6469136614898657,-0.09081337193998419,0.0,1.0
2020-07-28,-0.43759462839839386,-0.5560200118491212,-0.5570074386149694,-0.64811401487723,-0.09268645908761768,0.0,1.0
2020-07-29,-0.44143045484508897,-0.5534278180619644,-0.5571852340145024,-0.645385629531971,-0.0985497692814766,0.0,1.0
2020-07-30,-0.43923542571390967,-0.5488222134491381,-0.558593235952099,-0.6464337412817476,-0.09682195025661271,0.0,1.0
2020-07-31,-0.44575495008730603,-0.5514446677428919,-0.559812868579712,-0.6452739432675518,-0.09224788324053636,0.0,1.0
2020-08-03,-0.45002307641590295,-0.5479330124612646,-0.557394342981473,-0.6478209270125931,-0.09345948440693612,0.0,1.0
2020-08-04,-0.45075532686852693,-0.5487499175407349,-0.5575895507619236,-0.6471403126855334,-0.09416848077049937,0.0,1.0
2020-08-05,-0.45311159506368376,-0.547647330561605,-0.5577113442882597,-0.6474295519039134,-0.09377680987263248,0.0,1.0
2020-08-06,-0.4551148913724327,-0.5504236310289125,-0.5562918273827185,-0.645040055385224,-0.08986911944087297,0.0,1.0
2020-08-07,-0.4437053542171833,-0.5449243069663805,-0.5536077069270594,-0.6295301133757127,-0.10501998820368308,0.0,1.0
2020-08-10,-0.4478238070267436,-0.5433927635028841,-0.5572889355007865,-0.6293261667540639,-0.09953460933403252,0.0,1.0
2020-08-11,-0.46451485539433424,-0.5486789721317409,-0.5686835784555655,-0.6315598986608759,-0.07682690093113546,0.0,1.0
2020-08-12,-0.4621525724423418,-0.5478349431631514,-0.5625862408831067,-0.6328930941586176,-0.07990012484394508,0.0,1.0
2020-08-13,-0.46164959285526663,-0.5470843183609141,-0.5623522458628842,-0.6325847123719465,-0.07978723404255318,0.0,1.0
2020-08-14,-0.4626473582241486,-0.5472367254457688,-0.5633927691853019,-0.6319246051292154,-0.07858010705020851,0.0,1.0
2020-08-17,-0.4575516484955637,-0.5389778345283699,-0.5631404904560783,-0.6297351275251286,-0.0847002586517369,0.0,1.0
2020-08-18,-0.45487071068466417,-0.5443812001951537,-0.5517319889412913,-0.6219873150105708,-0.07959017726459587,0.0,1.0
2020-08-19,-0.45366393335936483,-0.5477027202915528,-0.5484836652349343,-0.6199726669269817,-0.08408173890407393,0.0,1.0
2020-08-20,-0.4533255353023362,-0.5552522987945544,-0.5465769893101993,-0.6147772687396432,-0.07924749000877278,0.0,1.0
2020-08-21,-0.4383530629406818,-0.5614205317290899,-0.5213144446600685,-0.6096448670677275,-0.10362895400737433,0.0,1.0
2020-08-24,-0.4430645839397174,-0.5498851912939426,-0.5397302803919667,-0.6120112544872417,-0.08935674784127293,0.0,1.0
2020-08-25,-0.4438549383714535,-0.5561774125715764,-0.54546925042865,-0.6080359742486494,-0.08155672737860309,0.0,1.0
2020-08-26,-0.4433770014556041,-0.5562348374575449,-0.5445900048520137,-0.6078926087659713,-0.08261361798479704,0.0,1.0
2020-08-27,-0.4300571686961015,-0.5650011304544427,-0.5368043667840185,-0.6057297890894997,-0.09224508252317432,0.0,1.0
2020-08-28,-0.4290412018827777,-0.5712811915661874,-0.534334902314785,-0.6015216970791153,-0.08778773615320136,0.0,1.0
2020-08-31,-0.42822157058615024,-0.572229562079077,-0.5314665033996069,-0.6010376051300229,-0.0894209390004189,0.0,1.0
2020-09-01,-0.42744895987634446,-0.5705223159657371,-0.5321375668190894,-0.602531074901784,-0.08755715849810008,0.0,1.0
2020-09-02,-0.43157860803971504,-0.5735791882918023,-0.5328325972728152,-0.6040424228748267,-0.08158989071919023,0.0,1.0
2020-09-03,-0.43609749806551457,-0.5786690740263091,-0.5364650502966212,-0.6007866907402631,-0.07215630642249161,0.0,1.0
2020-09-04,-0.42528809424453506,-0.5822874201521524,-0.5273649407761692,-0.6019644978011749,-0.07305877443584888,0.0,1.0
2020-09-08,-0.4219241383736603,-0.5809960849752903,-0.5249021243822604,-0.5998331300943457,-0.08138116937295424,0.0,1.0
2020-09-09,-0.40824676362474027,-0.5880773533642321,-0.5028607959085823,-0.5999360715998082,-0.09729902509189707,0.0,1.0
2020-09-10,-0.39980885632366997,-0.5820962089837527,-0.4980567059573113,-0.5987575661038548,-0.10697674418604651,0.0,1.0
2020-09-11,-0.3985735664023944,-0.583436813449231,-0.49813735791384084,-0.5972553889260356,-0.10660043939249213,0.0,1.0
2020-09-14,-0.3985800248336464,-0.5806615938106912,-0.49794644847018377,-0.5971218440574357,-0.10952274825686906,0.0,1.0
2020-09-15,-0.4062400509391913,-0.5603947787328877,-0.48586437440305635,-0.6131168417701369,-0.1180515759312321,0.0,1.0
2020-09-16,-0.4078322658764299,-0.5504891183124622,-0.48424306153012775,-0.6154287353025524,-0.1284134722620527,0.0,1.0
2020-09-17,-0.40171510242972847,-0.5537875178656503,-0.48003811338732727,-0.6105129426711132,-0.13006193425440685,0.0,1.0
2020-09-18,-0.40725652450668365,-0.5530553787396564,-0.48313176320814766,-0.6138446849140675,-0.12539783577339275,0.0,1.0
2020-09-21,-0.4100856933515976,-0.5498391258641011,-0.48160300723137206,-0.6182345258195023,-0.12586410117549615,0.0,1.0
2020-09-22,-0.4223562833157777,-0.5316160745635035,-0.4965367550831498,-0.6178939640588592,-0.12349580261099939,0.0,1.0
2020-09-23,-0.42814686990700795,-0.5327709072316493,-0.4948071453679737,-0.6207778097338063,-0.11910011823730547,0.0,1.0
2020-09-24,-0.4273026420881122,-0.5334973323535989,-0.49464873326730774,-0.6222804383246542,-0.11702501517523402,0.0,1.0
2020-09-25,-0.4255231189976468,-0.5295109075876104,-0.49548432233034406,-0.6179800292565032,-0.11155631876868281,0.0,1.0
2020-09-28,-0.42319301032565537,-0.5288006354249405,-0.4926767275615569,-0.6177918983320096,-0.11466243050039714,0.0,1.0
2020-09-29,-0.42383538153758216,-0.5253564510495062,-0.4927757136959766,-0.6185259280429329,-0.11498523387634561,0.0,1.0
2020-09-30,-0.4236276470774994,-0.5260501000095247,-0.49255484649331677,-0.6182493570816268,-0.11442359589802203,0.0,1.0
2020-10-01,-0.4237729379643152,-0.5318432916375643,-0.49047558575147626,-0.6171185472093467,-0.11159438694520288,0.0,1.0
2020-10-02,-0.42773704091673814,-0.5334730025711837,-0.4901755388375711,-0.6158461098942958,-0.10700568199853983,0.0,1.0
2020-10-05,-0.41729263731735916,-0.5419479572755221,-0.4796678393711768,-0.6158917308484675,-0.11470317898006402,0.0,1.0
2020-10-06,-0.41878365536902123,-0.5388026607538803,-0.47963256255939185,-0.616629711751663,-0.11374722838137472,0.0,1.0
2020-10-07,-0.4155856482946276,-0.5431247231538315,-0.47636524710498007,-0.6143770170220844,-0.11453521483262673,0.0,1.0
2020-10-08,-0.4137429673177824,-0.5433971806056008,-0.4726278525823377,-0.6154308110500032,-0.11555724129211709,0.0,1.0
2020-10-09,-0.41955476853023016,-0.545092334935492,-0.4760624841892233,-0.6163356944093094,-0.1051100430053124,0.0,1.0
2020-10-12,-0.42111090023407355,-0.5456759663440248,-0.4764344910482698,-0.6173530714240527,-0.10254950338457645,0.0,1.0
2020-10-13,-0.4123691782337876,-0.5511746292724571,-0.4761438011825339,-0.6143801182533911,-0.10775603123913112,0.0,1.0
2020-10-14,-0.41698352344740175,-0.5540874524714829,-0.483745247148289,-0.6094106463878327,-0.10434093789607098,0.0,1.0
2020-10-15,-0.41666139540767916,-0.5527231323929407,-0.4809285849832374,-0.6085141375166044,-0.10392814219748245,0.0,1.0
2020-10-16,-0.41173308032890577,-0.5620809614168248,-0.47182163187855786,-0.6055977229601518,-0.11135357368753954,0.0,1.0
2020-10-19,-0.414830991264717,-0.5634257500949488,-0.47246486897075574,-0.6057095834915811,-0.108526395746297,0.0,1.0
2020-10-20,-0.4100937411229997,-0.5638354953760691,-0.46561247356626584,-0.5997538111921219,-0.11700280907742322,0.0,1.0
2020-10-21,-0.4068737190603815,-0.5598297335645595,-0.4718902727416049,-0.5965946712911872,-0.1178937411319565,0.0,1.0
2020-10-22,-0.40422791808016084,-0.5559743686392763,-0.46416007036059814,-0.5929450936047242,-0.12382208820203543,0.0,1.0
2020-10-23,-0.41156345145798673,-0.55008004017703,-0.46423302677422396,-0.5947142094855458,-0.11823974387143352,0.0,1.0
2020-10-26,-0.4114692865438338,-0.5498289337392888,-0.4642644150789417,-0.594588656266675,-0.11864779183276312,0.0,1.0
2020-10-27,-0.4093888174605663,-0.5500642854902945,-0.47000533099187813,-0.5939979303208003,-0.1123898523001662,0.0,1.0
2020-10-28,-0.42666750487206895,-0.5525240460174766,-0.4686301628213994,-0.5983843590871943,-0.09706418557867606,0.0,1.0
2020-10-29,-0.4138167534370421,-0.5536677370078249,-0.4602051314025626,-0.5893942700377217,-0.1004769772734358,0.0,1.0
2020-10-30,-0.41143462809402076,-0.5527464305754722,-0.46377579649604095,-0.5894070702662261,-0.10003740881601098,0.0,1.0
2020-11-02,-0.42192722161486806,-0.5572387943151648,-0.46631266593784165,-0.5904107449632985,-0.08764641574262065,0.0,1.0
2020-11-03,-0.42886153461634596,-0.5571732066983255,-0.46928892776805803,-0.5911334666333417,-0.0777618095476131,0.0,1.0
2020-11-04,-0.43172095056678017,-0.5446397901508291,-0.46863192080692,-0.5946038784623552,-0.08315897948349624,0.0,1.0
2020-11-05,-0.42971599588490195,-0.5424759173239393,-0.4633538049069427,-0.5950681173426442,-0.08688468372977523,0.0,1.0
2020-11-06,-0.45562262463670916,-0.5577911915940085,-0.469419692759733,-0.6165245440899364,-0.09443965379579061,0.0,1.0
